camp,day,district,tehsil,uc,org,desg,area,ind
NID APR 2026,1,KHYBER,JAMRUD,GHUNDI B,WHO,UCPO,,111111111111111
NID APR 2026,1,KHYBER,JAMRUD,GHUNDI A,WHO,Other (Specify),,111111111111111
NID APR 2026,1,KHYBER,BARA,NOGAZI BABA,Government,UCMO,,111111111111000
NID APR 2026,1,KHYBER,BARA,NOGAZI BABA,Government,Area Incharge (AIC),,111111111111101
NID APR 2026,1,KHYBER,BARA,NOGAZI BABA,WHO,UCPO,,111111111111111
NID APR 2026,1,KHYBER,JAMRUD,CHAPARI,Government,UCMO,,111111-11111111
NID APR 2026,1,KHYBER,BARA,JANBAZ B,WHO,UCPO,,111111111111111
NID APR 2026,1,KHYBER,JAMRUD,CHAPARI,WHO,UCPO,,111111111111-10
NID APR 2026,1,KHYBER,JAMRUD,GHUNDI B,N-STOP,District NSTOP Officer,,111111111111100
NID APR 2026,1,KHYBER,BARA,JANBAZ B,Government,UCMO,,111111111111111
NID APR 2026,1,KHYBER,JAMRUD,GHUNDI B,N-STOP,District NSTOP Officer,,111111111111-10
NID APR 2026,1,KHYBER,JAMRUD,CHAPARI,WHO,UCPO,,111111111111-01
NID APR 2026,1,KHYBER,JAMRUD,GHUNDI A,N-STOP,District NSTOP Officer,,111111111111111
NID APR 2026,1,KHYBER,JAMRUD,GHUNDI A,N-STOP,District NSTOP Officer,,111111111111111
NID APR 2026,2,KHYBER,JAMRUD,GHUNDI B,WHO,UCPO,,111111111111011
NID APR 2026,2,KHYBER,BARA,JANBAZ B,WHO,UCPO,,111111111111111
NID APR 2026,2,KHYBER,BARA,JANBAZ B,Government,UCMO,,111111111111111
NID APR 2026,2,KHYBER,BARA,SPEEN QABAR,Government,UCMO,,111111111111111
NID APR 2026,1,KHYBER,BARA,NOGAZI BABA,WHO,UCPO,,111111111111111
NID APR 2026,2,KHYBER,BARA,JANBAZ B,Government,UCMO,,111111111111111
NID APR 2026,2,KHYBER,JAMRUD,CHAPARI,WHO,UCPO,,111111111111100
NID APR 2026,2,KHYBER,BARA,JANBAZ B,UNICEF,CBO,,111111111111-00
NID APR 2026,2,KHYBER,JAMRUD,GHUNDI A,N-STOP,District NSTOP Officer,,111111111111110
NID APR 2026,2,KHYBER,JAMRUD,GHUNDI A,N-STOP,District NSTOP Officer,,111111111111100
NID APR 2026,2,KHYBER,JAMRUD,GHUNDI B,N-STOP,District NSTOP Officer,,111111111111111
NID APR 2026,2,KHYBER,JAMRUD,GHUNDI B,N-STOP,District NSTOP Officer,,111111111111111
NID APR 2026,2,KHYBER,JAMRUD,CHAPARI,Government,UCMO,,111111111111-11
NID APR 2026,1,MOHMAND,SAFI LAKARO,LAKARO,Government,UCMO,,111111111110100
NID APR 2026,3,KHYBER,JAMRUD,GHUNDI B,WHO,UCPO,,111111111111111
NID APR 2026,3,KHYBER,JAMRUD,CHAPARI,Government,UCMO,,111111111111-00
NID APR 2026,3,KHYBER,BARA,NOGAZI BABA,WHO,UCPO,,111111111111111
NID APR 2026,3,KHYBER,BARA,NOGAZI BABA,Government,UCMO,,111111111111-00
NID APR 2026,3,KHYBER,JAMRUD,GHUNDI B,WHO,UCPO,,111111111111111
NID APR 2026,1,MOHMAND,SAFI LAKARO,SAGAI,Government,UCMO,,111111111111-11
NID APR 2026,3,KHYBER,BARA,SHALOBAR,WHO,TPO/ TDO,,111111111111111
NID APR 2026,3,KHYBER,BARA,JANBAZ B,Government,UCMO,,111111111111111
NID APR 2026,3,KHYBER,BARA,JANBAZ B,WHO,UCPO,,111111111111111
NID APR 2026,3,KHYBER,BARA,SPEEN QABAR,Government,UCMO,,111111111111111
NID APR 2026,3,KHYBER,BARA,NOGAZI BABA,N-STOP,District NSTOP Officer,,111111111111101
NID APR 2026,3,KHYBER,BARA,JANBAZ B,Government,UCMO,,111111111111111
NID APR 2026,3,KHYBER,JAMRUD,CHAPARI,WHO,UCPO,,111111111111-00
NID APR 2026,3,KHYBER,JAMRUD,GHUNDI A,N-STOP,District NSTOP Officer,,111111111111111
NID APR 2026,3,KHYBER,JAMRUD,GHUNDI A,N-STOP,District NSTOP Officer,,111111111111111
NID APR 2026,1,MOHMAND,SAFI LAKARO,SAGAI,WHO,UCSP,,111111111111-11
NID APR 2026,1,MOHMAND,SAFI LAKARO,SAGAI,WHO,UCSP,,111111111111-11
NID APR 2026,2,MOHMAND,SAFI LAKARO,ALINGAR,WHO,UCPO,,111111111111-11
NID APR 2026,1,MOHMAND,AMBAR,KHARAI,Government,UCMO,,111111111111-11
NID APR 2026,2,MOHMAND,SAFI LAKARO,LAKARO,Government,Area Incharge (AIC),,111111111111111
NID APR 2026,3,KHYBER,JAMRUD,CHAPARI,WHO,UCPO,,111111111111-00
NID APR 2026,1,MOHMAND,BAIZAI,GHANAM SHAH,WHO,TPO/ TDO,,111111111101-00
NID APR 2026,4,KHYBER,JAMRUD,GHUNDI B,WHO,UCPO,,111111101100-00
NID APR 2026,4,KHYBER,BARA,JANBAZ B,WHO,UCPO,,111111111111111
NID APR 2026,4,KHYBER,BARA,NOGAZI BABA,WHO,UCPO,,111111111111111
NID APR 2026,4,KHYBER,BARA,MANDI KAS,WHO,UCPO,,111111111111101
NID APR 2026,4,KHYBER,JAMRUD,GHUNDI B,WHO,UCPO,,111111111111111
NID APR 2026,2,MOHMAND,SAFI LAKARO,SAGAI,Government,UCMO,,111111111111111
NID APR 2026,3,MOHMAND,SAFI LAKARO,ALINGAR,WHO,UCPO,,111111111111111
NID APR 2026,4,KHYBER,BARA,JANBAZ B,Government,UCMO,,111111111111111
NID APR 2026,4,KHYBER,BARA,SPEEN QABAR,Government,UCMO,,111111111111111
NID APR 2026,4,KHYBER,BARA,SPEEN QABAR,WHO,UCPO,,111111111111111
NID APR 2026,4,KHYBER,BARA,JANBAZ B,Government,UCMO,,111111111111111
NID APR 2026,4,KHYBER,BARA,NOGAZI BABA,Government,UCMO,,111111111111-00
NID APR 2026,2,MOHMAND,SAFI LAKARO,SAGAI,WHO,UCSP,,111111111111-11
NID APR 2026,2,MOHMAND,PANDIALI,ZAHOO,WHO,TPO/ TDO,,111111111111111
NID APR 2026,1,MOHMAND,BAIZAI,WARSAK,WHO,UCPO,,111111111111111
NID APR 2026,2,MOHMAND,AMBAR,KHARAI,Government,UCMO,,111111111111111
NID APR 2026,2,MOHMAND,BAIZAI,GHANAM SHAH,WHO,TPO/ TDO,,100101111111-00
NID APR 2026,4,KHYBER,JAMRUD,CHAPARI,WHO,UCPO,,111111111111-00
NID APR 2026,4,KHYBER,BARA,AKAKHEL MAIRA,WHO,TPO/ TDO,,111111111111111
NID APR 2026,4,KHYBER,JAMRUD,CHAPARI,Government,UCMO,,111111111111111
NID APR 2026,5,KHYBER,JAMRUD,GHUNDI B,WHO,UCPO,,111111111111100
NID APR 2026,5,KHYBER,JAMRUD,GHUNDI B,WHO,UCPO,,111111111111111
NID APR 2026,5,KHYBER,BARA,NOGAZI BABA,WHO,UCPO,,111111111111111
NID APR 2026,5,KHYBER,BARA,AKAKHEL MAIRA,WHO,TPO/ TDO,,111111111111111
NID APR 2026,5,KHYBER,BARA,SPEEN QABAR,Government,UCMO,,111111111111111
NID APR 2026,5,KHYBER,JAMRUD,GHUNDI B,N-STOP,District NSTOP Officer,,111111111111111
NID APR 2026,5,KHYBER,JAMRUD,GHUNDI B,N-STOP,District NSTOP Officer,,111111111111111
NID APR 2026,5,KHYBER,BARA,NOGAZI BABA,Government,UCMO,,111111111111-00
NID APR 2026,6,KHYBER,JAMRUD,GHUNDI B,WHO,UCPO,,111111111111100
NID APR 2026,6,KHYBER,JAMRUD,GHUNDI A,N-STOP,District NSTOP Officer,,111111111111111
NID APR 2026,6,KHYBER,BARA,AKAKHEL MAIRA,WHO,UCPO,,111111111111-11
NID APR 2026,7,KHYBER,BARA,NOGAZI BABA,WHO,UCPO,,111111111111111
NID APR 2026,5,KHYBER,JAMRUD,CHAPARI,WHO,UCPO,,111111111111100
NID APR 2026,1,KHYBER,JAMRUD,NEW ABADI,Government,UCMO,,111111111111111
NID APR 2026,1,PESHAWAR,SADDAR,BADABER HUREZAI,WHO,UCPO,,111111111111-11
NID APR 2026,1,PESHAWAR,CITY,ASIA DABGARI,WHO,UCPO,,1111111111-1111
NID APR 2026,1,PESHAWAR,SMT,NOTHIA JADEED,UNICEF,CBO,,111111111111111
NID APR 2026,1,CHARSADA,SHABQADAR,HASSANZAI,WHO,TTSP/TUSP,,111111111111111
NID APR 2026,1,PESHAWAR,SMT,YAKATOOT 3,WHO,UCSP,,111111111111111
NID APR 2026,1,PESHAWAR,SHAH ALAM,JOGANI,WHO,UCPO,,111111111111111
NID APR 2026,1,NOWSHERA,PABBI,BALU,Government,UCMO,,111111111111100
NID APR 2026,1,CHARSADA,CHARSADDA,TURANGZAI,Government,UCMO,,111111111111111
NID APR 2026,1,MOHMAND,AMBAR,KHARAI,Government,UCMO,,111111111111-11
NID APR 2026,1,KHYBER,JAMRUD,SUR KAMAR,WHO,UCPO,,111111111111110
NID APR 2026,1,KHYBER,BARA,JANBAZ A,WHO,UCPO,,111111111111101
NID APR 2026,1,KHYBER,JAMRUD,LOWARA MIANA,WHO,UCPO,,111111111111-00
NID APR 2026,1,KHYBER,LANDI KOTAL,SULTAN KHEL A,WHO,UCPO,,101111111111-00
NID APR 2026,1,MOHMAND,SAFI LAKARO,SAGAI,Government,UCMO,,111111111111-01
NID APR 2026,1,NOWSHERA,NOWSHERA,PIRSABAQ,WHO,UCPO,,111111111111111
NID APR 2026,1,KHYBER,JAMRUD,TIDI BAZAR,WHO,UCPO,,111111111111100
NID APR 2026,1,MOHMAND,PARANG GHAAR,NAO BUCHA,Government,UCMO,,111111111111-10
NID APR 2026,1,CHARSADA,CHARSADDA,NISATTA,WHO,TTSP/TUSP,,111111111111111
NID APR 2026,1,NOWSHERA,NOWSHERA,RASHAKAI,Government,UCMO,,111111111111100
NID APR 2026,1,PESHAWAR,CITY,MEHAL TERAI 2,WHO,UCPO,,111111111111-11
NID APR 2026,1,PESHAWAR,CITY,KHALSA 1,WHO,UCPO,,111111111111100
NID APR 2026,1,KHYBER,LANDI KOTAL,KHUGA KHEL,UNICEF,CBO,,111111111111111
NID APR 2026,1,PESHAWAR,SADDAR,SUREZAI BALA,Government,UCMO,,111111111111111
NID APR 2026,1,PESHAWAR,CITY,TEHKAL BALA,WHO,UCPO,,111111111111111
NID APR 2026,1,KHYBER,LANDI KOTAL,KHUGA KHEL,WHO,UCPO,,111111111111111
NID APR 2026,1,PESHAWAR,SHAH ALAM,DAG,WHO,UCPO,,111111111111111
NID APR 2026,1,PESHAWAR,SHAH ALAM,GULBELA,Government,Area Incharge (AIC),,111111111111100
NID APR 2026,1,NOWSHERA,PABBI,TARRU JABBA,Government,UCMO,,111111111111100
NID APR 2026,1,CHARSADA,CHARSADDA,AGRA,Government,UCMO,,111111111111-11
NID APR 2026,1,KHYBER,JAMRUD,ALI MASJID A,WHO,UCPO,,111111111111111
NID APR 2026,1,CHARSADA,TANGI,MC TANGI,Government,Area Incharge (AIC),,111111111111111
NID APR 2026,1,PESHAWAR,MATTANI,ACHINI,WHO,UCPO,,111111111111111
NID APR 2026,1,PESHAWAR,CITY,PAWAKA,WHO,UCPO,,111111111111111
NID APR 2026,1,PESHAWAR,SMT,YAKATOOT 1,WHO,Other (Specify),,111111111111100
NID APR 2026,1,CHARSADA,CHARSADDA,RAJJAR 1,UNICEF,CCO,,111111111111111
NID APR 2026,1,KHYBER,LANDI KOTAL,PIROKHEL,UNICEF,CBO,,111111111111111
NID APR 2026,1,NOWSHERA,NOWSHERA,GANDHERI,WHO,UCPO,,111111111111-11
NID APR 2026,1,PESHAWAR,SHAH ALAM,KAFOOR DHERI,WHO,UCPO,,111011111111111
NID APR 2026,1,KHYBER,JAMRUD,SUR KAMAR,WHO,UCPO,,111111111111100
NID APR 2026,1,PESHAWAR,SHAH ALAM,KAFOOR DHERI,WHO,UCPO,,111111111111110
NID APR 2026,1,PESHAWAR,SMT,HAZARKHWANI 1,WHO,UCPO,,111111111111111
NID APR 2026,1,PESHAWAR,SMT,HAZARKHWANI 1,WHO,UCPO,,111111111111111
NID APR 2026,1,KHYBER,BARA,TAUDA CHEENA,WHO,UCPO,,111111111111-11
NID APR 2026,1,PESHAWAR,SHAH ALAM,PAJAGI,WHO,Independent Monitor,,111111111111111
NID APR 2026,1,KHYBER,JAMRUD,MIA MORCHA,Government,UCMO,,111111111111-11
NID APR 2026,1,NOWSHERA,PABBI,AMANKOT,Government,UCMO,,111111111111111
NID APR 2026,1,PESHAWAR,MATTANI,PISHTAKHARA,WHO,UCPO,,111111111111100
NID APR 2026,1,CHARSADA,CHARSADDA,MC-1 CHARSADDA,WHO,TTSP/TUSP,,111111111111-11
NID APR 2026,1,PESHAWAR,SADDAR,ADEZAI,UNICEF,CBO,,111111111111100
NID APR 2026,1,PESHAWAR,CITY,ASIA DABGARI,WHO,UCPO,,111111111111111
NID APR 2026,1,CHARSADA,CHARSADDA,RAJJAR 1,Government,UCMO,,111111111111-00
NID APR 2026,1,KHYBER,JAMRUD,SHAH KAS A,WHO,District Polio Officer,,111011111111100
NID APR 2026,1,KHYBER,JAMRUD,SHAH KAS B,WHO,UCPO,,111111111111111
NID APR 2026,1,CHARSADA,TANGI,MC TANGI,Government,Area Incharge (AIC),,111111111111111
NID APR 2026,1,PESHAWAR,CITY,MEHAL TERAI 2,WHO,UCPO,,111111111111111
NID APR 2026,1,PESHAWAR,CITY,SUFAID DHERI,WHO,UCPO,,111111111111111
NID APR 2026,1,PESHAWAR,CITY,CANTT WARD 2,WHO,UCSP,,111111111111-00
NID APR 2026,1,PESHAWAR,SHAH ALAM,LALA KALAY,WHO,UCSP,,111111111111111
NID APR 2026,1,KHYBER,JAMRUD,PAINDI LALMA,WHO,UCPO,,111111111111100
NID APR 2026,1,PESHAWAR,SMT,NOTHIA JADEED,WHO,UCPO,,111111111111111
NID APR 2026,1,PESHAWAR,SHAH ALAM,SAEEDABAD,Government,UCMO,,111111111111100
NID APR 2026,1,PESHAWAR,SMT,SHEIKH JUNAID ABAD,WHO,UCPO,,111111111111111
NID APR 2026,1,PESHAWAR,SMT,NOTHIA JADEED,WHO,UCPO,,111111111111111
NID APR 2026,1,KHYBER,LANDI KOTAL,STATION,WHO,UCPO,,111111111111111
NID APR 2026,1,PESHAWAR,MATTANI,SULEMAN KHEIL,WHO,UCPO,,111111111111100
NID APR 2026,1,CHARSADA,CHARSADDA,NISATTA,WHO,TTSP/TUSP,,111111111111111
NID APR 2026,1,CHARSADA,SHABQADAR,MC-3 SHABQADAR,WHO,TTSP/TUSP,,111111111111100
NID APR 2026,1,PESHAWAR,CITY,GULBAHAR,WHO,UCSP,,111111111111111
NID APR 2026,1,KHYBER,JAMRUD,SHAH KAS A,WHO,UCPO,,111111111111111
NID APR 2026,1,PESHAWAR,CITY,KHALSA 2,WHO,UCPO,,111111111111111
NID APR 2026,1,MOHMAND,PANDIALI,PANDIALI,Government,UCMO,,111111111111-00
NID APR 2026,1,KHYBER,BARA,JANBAZ A,Government,UCMO,,111111111111111
NID APR 2026,1,NOWSHERA,NOWSHERA,AMANGARH,WHO,Independent Monitor,,1101011111-1100
NID APR 2026,1,PESHAWAR,MATTANI,PISHTAKHARA,WHO,UCPO,,111111111111100
NID APR 2026,1,KHYBER,JAMRUD,ALI MASJID B,WHO,UCPO,,111111111111-11
NID APR 2026,1,NOWSHERA,NOWSHERA,AMANGARH,Government,UCMO,,111111111111100
NID APR 2026,1,PESHAWAR,SMT,HAZARKHWANI 2,UNICEF,CCO,,111111111111111
NID APR 2026,1,KHYBER,LANDI KOTAL,MIRDAD KHEL,WHO,UCPO,,111011111111111
NID APR 2026,1,PESHAWAR,CITY,TEHKAL PAYAN,WHO,UCPO,,100101111111100
NID APR 2026,1,PESHAWAR,CITY,PALOSI,WHO,UCPO,,111111111111111
NID APR 2026,1,PESHAWAR,SMT,HAZARKHWANI 2,WHO,UCPO,,111111111111111
NID APR 2026,1,PESHAWAR,SHAH ALAM,SHAHI BALA,WHO,UCPO,,111111111111110
NID APR 2026,1,PESHAWAR,SMT,YAKATOOT 3,WHO,UCPO,,111111111111111
NID APR 2026,1,PESHAWAR,SHAH ALAM,BUDHNI,WHO,UCPO,,111111111111111
NID APR 2026,1,PESHAWAR,SHAH ALAM,KANIZA,WHO,UCPO,,111111011111100
NID APR 2026,1,PESHAWAR,SHAH ALAM,KHAZANA,WHO,UCPO,,111111111111111
NID APR 2026,1,KHYBER,JAMRUD,NEW ABADI,WHO,UCPO,,111111111111110
NID APR 2026,1,PESHAWAR,CITY,ASIA DABGARI,WHO,UCPO,,111111111111111
NID APR 2026,1,NOWSHERA,PABBI,JALOZAI,UNICEF,CBO,,111011111111111
NID APR 2026,2,PESHAWAR,SHAH ALAM,TUKHTABAD,WHO,UCPO,,111111111111111
NID APR 2026,1,CHARSADA,TANGI,SHERPAO,Government,UCMO,,111111111111111
NID APR 2026,1,PESHAWAR,SMT,DERI BAGHBANAN,N-STOP,District NSTOP Officer,,111111011111111
NID APR 2026,1,PESHAWAR,CITY,SIKANDAR TOWN,UNICEF,CBO,,111111111111100
NID APR 2026,1,PESHAWAR,SHAH ALAM,BUDHNI,WHO,UCPO,,111111-11111111
NID APR 2026,1,NOWSHERA,JEHANGIRA,JEHANGIRA,WHO,UCPO,,111111111111111
NID APR 2026,1,PESHAWAR,SHAH ALAM,DAG,WHO,UCPO,,111111111111111
NID APR 2026,1,PESHAWAR,CITY,KHALSA 1,UNICEF,CBO,,111111111111111
NID APR 2026,1,PESHAWAR,SHAH ALAM,PANAM DHERI,WHO,UCPO,,111111111111100
NID APR 2026,1,KHYBER,BARA,FORT SLOPE,WHO,UCPO,,111111111111111
NID APR 2026,1,PESHAWAR,CITY,SHAHEEN TOWN,WHO,Independent Monitor,,111011111111100
NID APR 2026,1,PESHAWAR,CITY,CANTT WARD 2,Government,UCMO,,111111111111-00
NID APR 2026,1,PESHAWAR,CITY,CANTT WARD 2,WHO,UCSP,,111111111111-11
NID APR 2026,1,PESHAWAR,SMT,YAKATOOT 1,WHO,Other (Specify),,111111111111100
NID APR 2026,1,KHYBER,LANDI KOTAL,KHUGA KHEL,WHO,UCPO,,111111111111111
NID APR 2026,1,PESHAWAR,SMT,YAKATOOT 1,UNICEF,CBO,,111111111111100
NID APR 2026,1,PESHAWAR,SMT,DEH BAHADAR,WHO,UCPO,,111111111111111
NID APR 2026,1,KHYBER,JAMRUD,LOWARA MIANA,WHO,UCPO,,111111111111-00
NID APR 2026,1,PESHAWAR,CITY,HASAN GARHI 2,WHO,UCPO,,111111111111111
NID APR 2026,1,CHARSADA,TANGI,KOZ BEHRAM DHERI,WHO,TTSP/TUSP,,111111111111100
NID APR 2026,1,PESHAWAR,SMT,AKHOON ABAD,WHO,UCPO,,111111111111-11
NID APR 2026,1,PESHAWAR,SMT,HAZARKHWANI 2,UNICEF,CCO,,111111111111111
NID APR 2026,1,CHARSADA,TANGI,MC TANGI,Government,Area Incharge (AIC),,111111111111111
NID APR 2026,1,PESHAWAR,CITY,SHAHEEN TOWN,N-STOP,Provincial Facilitator (N-STOP Officer- TSO),,111111111111111
NID APR 2026,1,CHARSADA,CHARSADDA,TURANGZAI,WHO,TTSP/TUSP,,111111111111100
NID APR 2026,1,NOWSHERA,NOWSHERA,NAWA KALY,Government,UCMO,,111111111111100
NID APR 2026,1,CHARSADA,SHABQADAR,BATTAGRAM,Government,UCMO,,111011111111-01
NID APR 2026,1,PESHAWAR,SHAH ALAM,GULBELA,WHO,UCPO,,111111111111100
NID APR 2026,1,PESHAWAR,CITY,FAQIR ABAD,WHO,UCSP,,111111111111111
NID APR 2026,1,PESHAWAR,CITY,KHALSA 2,WHO,UCPO,,111111111111100
NID APR 2026,1,PESHAWAR,MATTANI,MATTANI,WHO,UCSP,,111111111111111
NID APR 2026,1,PESHAWAR,SMT,DERI BAGHBANAN,N-STOP,District NSTOP Officer,,111111111111111
NID APR 2026,1,PESHAWAR,SHAH ALAM,LARAMA,WHO,UCPO,,111111111111100
NID APR 2026,1,PESHAWAR,CITY,HAYAT ABAD 2,N-STOP,Federal Facilitator (NSTOP),,111111-11111111
NID APR 2026,1,NOWSHERA,NOWSHERA,RASHAKAI,UNICEF,CBO,,111111111111-10
NID APR 2026,1,PESHAWAR,SHAH ALAM,SAEEDABAD,WHO,UCPO,,111111111111111
NID APR 2026,1,PESHAWAR,MATTANI,MATTANI,WHO,UCPO,,111111111111100
NID APR 2026,1,PESHAWAR,MATTANI,MATTANI,WHO,UCPO,,111111111111111
NID APR 2026,1,PESHAWAR,CITY,HAYAT ABAD 2,WHO,UCPO,,111111111111100
NID APR 2026,1,PESHAWAR,SADDAR,BADABER MARYAMZAI,Government,UCMO,,111111111111111
NID APR 2026,1,PESHAWAR,CITY,KHALSA 1,WHO,UCPO,,111111111111111
NID APR 2026,1,CHARSADA,CHARSADDA,AGRA,Government,UCMO,,111111111111-11
NID APR 2026,1,PESHAWAR,CITY,UNIVERSITY TOWN,WHO,UCPO,,111111111111111
NID APR 2026,1,PESHAWAR,CITY,UNIVERSITY TOWN,WHO,UCPO,,111111111111111
NID APR 2026,1,CHARSADA,SHABQADAR,PANJPAO,WHO,TPO/ TDO,,111111111111100
NID APR 2026,1,PESHAWAR,SMT,DEH BAHADAR,WHO,UCPO,,110111111111111
NID APR 2026,1,PESHAWAR,CITY,KAKSHAL,WHO,UCPO,,111111111111111
NID APR 2026,1,PESHAWAR,CITY,JEHANGIR PURA,Government,UCMO,,111111111111100
NID APR 2026,1,NOWSHERA,PABBI,CHOKI MAMREZ,WHO,UCPO,,111111111111111
NID APR 2026,1,NOWSHERA,NOWSHERA,NOWSHERA CITY,WHO,TTSP/TUSP,,111111111111100
NID APR 2026,1,PESHAWAR,MATTANI,ACHINI,WHO,UCPO,,111111011111101
NID APR 2026,1,NOWSHERA,JEHANGIRA,MISRI BANDA,Government,UCMO,,111111-11111111
NID APR 2026,1,PESHAWAR,SHAH ALAM,PAKHA GHULAM,Government,UCMO,,111111111111111
NID APR 2026,1,PESHAWAR,CITY,KAKSHAL,WHO,Independent Monitor,,111011111111010
NID APR 2026,1,PESHAWAR,SHAH ALAM,KANKOLA,WHO,UCPO,,111111111111111
NID APR 2026,1,CHARSADA,SHABQADAR,MC-2 SHABQADAR,Government,UCMO,,111111111111111
NID APR 2026,1,PESHAWAR,CITY,HASAN GARHI 1,UNICEF,CBO,,111111-11111100
NID APR 2026,1,PESHAWAR,SMT,SHAHEEN MUSLIM TWN2,WHO,UCPO,,111111111111111
NID APR 2026,1,PESHAWAR,MATTANI,SARBAND,WHO,UCPO,,111111111111111
NID APR 2026,1,PESHAWAR,SHAH ALAM,SHAHI BALA,WHO,UCPO,,111111111111111
NID APR 2026,1,PESHAWAR,SHAH ALAM,GARHI SHER DAD,WHO,UCPO,,111111111111111
NID APR 2026,1,KHYBER,JAMRUD,NEW ABADI,WHO,UCPO,,111111111111100
NID APR 2026,1,PESHAWAR,SHAH ALAM,SHAHI BALA,WHO,UCPO,,111111111111110
NID APR 2026,1,PESHAWAR,SHAH ALAM,CHAGARMATI,WHO,TPO/ TDO,,111111111111100
NID APR 2026,1,PESHAWAR,CITY,KARIM PURA,UNICEF,CBO,,111111111111111
NID APR 2026,1,PESHAWAR,SADDAR,SUREZAI PAYAN,WHO,UCPO,,111111111111100
NID APR 2026,1,PESHAWAR,SHAH ALAM,PAJAGI,WHO,UCPO,,111111111111100
NID APR 2026,1,PESHAWAR,SHAH ALAM,JOGANI,WHO,UCPO,,111111111111100
NID APR 2026,1,PESHAWAR,CITY,KHALSA 1,WHO,UCPO,,111111111111111
NID APR 2026,1,PESHAWAR,CITY,REGI,WHO,UCPO,,111111111111100
NID APR 2026,1,PESHAWAR,CITY,PAWAKA,UNICEF,CBO,,111111111111100
NID APR 2026,1,KHYBER,JAMRUD,SHAH KAS B,N-STOP,District NSTOP Officer,,111111111111100
NID APR 2026,1,PESHAWAR,SADDAR,MUSAZAI,UNICEF,Provincial Facilitator (Health Specialists/Officers- Communication- SBC Specialists/Officers-VMO- M and E Officer- Media Specialist- Provincial Communication Officer-Training etc),,111111111111110
NID APR 2026,1,PESHAWAR,SHAH ALAM,GARHI SHER DAD,WHO,UCPO,,111111111111111
NID APR 2026,1,KHYBER,LANDI KOTAL,KAM SHALMAN,UNICEF,CBO,,111111111111110
NID APR 2026,1,PESHAWAR,SMT,LANDI ARBAB,WHO,UCPO,,111111111111111
NID APR 2026,1,PESHAWAR,SHAH ALAM,LARAMA,WHO,UCPO,,111111111111101
NID APR 2026,1,PESHAWAR,SADDAR,MARYAM ZAI,WHO,UCSP,,111111111111100
NID APR 2026,1,PESHAWAR,MATTANI,SHEIKHAN,WHO,UCPO,,111111111111111
NID APR 2026,1,NOWSHERA,NOWSHERA,DHERI KATTI KHEL,N-STOP,District NSTOP Officer,,111111111111110
NID APR 2026,1,PESHAWAR,CITY,PAWAKA,WHO,UCPO,,111111111111111
NID APR 2026,1,KHYBER,BARA,ABDULLAH JAN,Government,UCMO,,111111111111111
NID APR 2026,1,PESHAWAR,CITY,KHALSA 1,WHO,UCPO,,111111111111100
NID APR 2026,1,PESHAWAR,CITY,PAWAKA,UNICEF,CCO,,111111111111111
NID APR 2026,1,PESHAWAR,CITY,PAWAKA,UNICEF,CCO,,111111111111100
NID APR 2026,1,PESHAWAR,SHAH ALAM,NAHAQI,UNICEF,CBO,,111111111111111
NID APR 2026,1,PESHAWAR,CITY,SIKANDAR TOWN,WHO,UCPO,,111111111111111
NID APR 2026,1,KHYBER,BARA,FORT SLOPE,WHO,UCPO,,111111111111-11
NID APR 2026,1,NOWSHERA,PABBI,TARRU JABBA,Government,UCMO,,111111111111111
NID APR 2026,1,PESHAWAR,MATTANI,SARBAND,WHO,UCPO,,111111111111111
NID APR 2026,1,CHARSADA,CHARSADDA,MC-3 CHARSADDA,N-STOP,District NSTOP Officer,,111111-11111-00
NID APR 2026,1,PESHAWAR,CITY,KHALSA 2,WHO,UCSP,,111111111111100
NID APR 2026,1,PESHAWAR,SMT,HAZARKHWANI 2,WHO,UCSP,,111111111111111
NID APR 2026,1,PESHAWAR,CITY,HASAN GARHI 1,WHO,UCPO,,111111111111111
NID APR 2026,1,PESHAWAR,SMT,DEH BAHADAR,WHO,UCPO,,111111011111111
NID APR 2026,1,PESHAWAR,CITY,LAHORI,WHO,UCPO,,111111111111100
NID APR 2026,1,PESHAWAR,SMT,NOTHIA JADEED,UNICEF,Other (Specify),,111111111111100
NID APR 2026,1,PESHAWAR,SADDAR,MARYAM ZAI,WHO,UCPO,,111111111111111
NID APR 2026,1,PESHAWAR,MATTANI,SHEIKH MOHAMMADI,WHO,UCPO,,111111111111100
NID APR 2026,1,KHYBER,BARA,ABDULLAH JAN,WHO,UCPO,,111111111111110
NID APR 2026,1,NOWSHERA,PABBI,TARRU JABBA,Government,UCMO,,111111111111111
NID APR 2026,1,NOWSHERA,NOWSHERA,AMANGARH,Government,UCMO,,111111111111100
NID APR 2026,1,PESHAWAR,SHAH ALAM,PAJAGI,WHO,UCPO,,111111111111111
NID APR 2026,1,PESHAWAR,CITY,SUFAID DHERI,WHO,UCPO,,111111111111111
NID APR 2026,1,PESHAWAR,CITY,TEHKAL PAYAN,WHO,Provincial Facilitator (M&E- Campaign- HRMP- EPI-PEI Syn- Training etc),,111111111111100
NID APR 2026,1,PESHAWAR,CITY,TEHKAL PAYAN,WHO,UCPO,,111111111111-00
NID APR 2026,1,PESHAWAR,MATTANI,BAZID KHEL,UNICEF,CBO,,111111111111100
NID APR 2026,1,PESHAWAR,SHAH ALAM,PAKHA GHULAM,WHO,UCPO,,111111111111111
NID APR 2026,1,NOWSHERA,NOWSHERA,BADRASHI,WHO,TTSP/TUSP,,111111111111100
NID APR 2026,1,PESHAWAR,SHAH ALAM,SAEEDABAD,WHO,UCPO,,111111111111111
NID APR 2026,1,PESHAWAR,MATTANI,SHEIKHAN,UNICEF,CBO,,111111111111100
NID APR 2026,1,PESHAWAR,SMT,SHAHEEN MUSLIM TWN1,WHO,UCPO,,111111111111111
NID APR 2026,1,PESHAWAR,SHAH ALAM,CHAGARMATI,WHO,UCPO,,111111111111111
NID APR 2026,1,KHYBER,BARA,MASTAK,UNICEF,CBO,,111111111111100
NID APR 2026,1,PESHAWAR,CITY,GULBAHAR,WHO,UCSP,,111111111111111
NID APR 2026,1,CHARSADA,SHABQADAR,BATTAGRAM,WHO,UCPO,,111111111111100
NID APR 2026,1,PESHAWAR,SMT,HAZARKHWANI 1,WHO,Area Coordinator / District Coordinator,,111111-11111111
NID APR 2026,1,PESHAWAR,MATTANI,BAZID KHEL,WHO,UCPO,,111111111111111
NID APR 2026,1,PESHAWAR,CITY,MEHAL TERAI 2,WHO,UCPO,,111111111111111
NID APR 2026,1,PESHAWAR,SMT,AKHOON ABAD,WHO,UCPO,,111111111111111
NID APR 2026,1,PESHAWAR,SHAH ALAM,JOGANI,WHO,UCPO,,111111111111111
NID APR 2026,1,NOWSHERA,PABBI,BALU,Government,UCMO,,111111111111111
NID APR 2026,1,PESHAWAR,SHAH ALAM,LARAMA,WHO,UCPO,,111111111111111
NID APR 2026,1,PESHAWAR,CITY,CANTT WARD 1,WHO,UCPO,,111111111111-11
NID APR 2026,2,PESHAWAR,SMT,DEH BAHADAR,WHO,District Polio Officer,,111011111111100
NID APR 2026,1,PESHAWAR,SMT,YAKATOOT 1,WHO,Other (Specify),,111111111111100
NID APR 2026,1,CHARSADA,CHARSADDA,RAJJAR 1,WHO,TTSP/TUSP,,111111111111100
NID APR 2026,1,PESHAWAR,SMT,NOTHIA JADEED,WHO,UCPO,,111111111111111
NID APR 2026,1,PESHAWAR,SHAH ALAM,KANIZA,WHO,UCPO,,111111111111100
NID APR 2026,1,PESHAWAR,SMT,HAZARKHWANI 2,WHO,UCPO,,111111111111111
NID APR 2026,1,CHARSADA,SHABQADAR,MC-3 SHABQADAR,Government,UCMO,,111111111111111
NID APR 2026,1,PESHAWAR,SHAH ALAM,SHAHI BALA,UNICEF,CBO,,111111111111111
NID APR 2026,1,NOWSHERA,PABBI,BALU,WHO,TTSP/TUSP,,111111111111111
NID APR 2026,1,CHARSADA,CHARSADDA,MC-1 CHARSADDA,Government,UCMO,,111111111111-00
NID APR 2026,1,PESHAWAR,CITY,CANTT WARD 3,Government,Area Incharge (AIC),,111111111111111
NID APR 2026,1,PESHAWAR,CITY,HAYAT ABAD 2,WHO,Independent Monitor,,111111111111100
NID APR 2026,1,MOHMAND,SAFI LAKARO,MAMAD GAT,UNICEF,CBO,,111111111111-00
NID APR 2026,1,PESHAWAR,CITY,KHALSA 2,WHO,UCSP,,111111111111100
NID APR 2026,1,PESHAWAR,CITY,REGI,WHO,UCPO,,111111111111111
NID APR 2026,1,PESHAWAR,CITY,HASAN GARHI 1,UNICEF,CBO,,111111-11111100
NID APR 2026,1,PESHAWAR,CITY,HASAN GARHI 2,WHO,UCPO,,111111111111111
NID APR 2026,1,PESHAWAR,SHAH ALAM,KHAZANA,WHO,UCPO,,111111111111111
NID APR 2026,1,PESHAWAR,SADDAR,URMAR BALA,WHO,UCPO,,111111111111111
NID APR 2026,1,KHYBER,JAMRUD,MIA MORCHA,WHO,UCPO,,111111111111-11
NID APR 2026,1,KHYBER,BARA,JANBAZ A,WHO,UCPO,,111111111111111
NID APR 2026,1,PESHAWAR,CITY,JEHANGIR PURA,WHO,UCPO,,111111111111100
NID APR 2026,1,PESHAWAR,SHAH ALAM,LALA KALAY,WHO,UCSP,,111111111111111
NID APR 2026,1,PESHAWAR,CITY,SHAHEEN TOWN,N-STOP,Provincial Facilitator (N-STOP Officer- TSO),,111011111111100
NID APR 2026,1,PESHAWAR,SADDAR,BADABER HUREZAI,WHO,UCPO,,111011111111111
NID APR 2026,1,PESHAWAR,SHAH ALAM,TUKHTABAD,WHO,UCPO,,111111111111111
NID APR 2026,1,PESHAWAR,CITY,MEHAL TERAI 2,WHO,UCPO,,111111111111111
NID APR 2026,1,PESHAWAR,CITY,LAHORI,WHO,UCPO,,111111111110100
NID APR 2026,1,PESHAWAR,SHAH ALAM,KANIZA,WHO,UCPO,,111111111111-00
NID APR 2026,1,PESHAWAR,CITY,ASIA DABGARI,WHO,UCPO,,111111111111111
NID APR 2026,1,PESHAWAR,SHAH ALAM,WADPAGA,WHO,UCPO,,111111111111100
NID APR 2026,1,KHYBER,LANDI KOTAL,SULTAN KHEL A,WHO,TPO/ TDO,,111111111111111
NID APR 2026,1,PESHAWAR,SADDAR,AZAKHEL TELABAND,WHO,UCPO,,111111111111111
NID APR 2026,1,PESHAWAR,CITY,REGI,UNICEF,CBO,,111111111111111
NID APR 2026,1,PESHAWAR,CITY,SUFAID DHERI,WHO,UCPO,,111111111111100
NID APR 2026,1,PESHAWAR,SHAH ALAM,HARYANA PAYAN,WHO,UCPO,,111111111111100
NID APR 2026,1,CHARSADA,CHARSADDA,MC-3 CHARSADDA,N-STOP,District NSTOP Officer,,111111111111111
NID APR 2026,1,PESHAWAR,SMT,HAZARKHWANI 2,WHO,UCSP,,111111111111111
NID APR 2026,1,PESHAWAR,SMT,HAZARKHWANI 2,WHO,UCPO,,111111111111111
NID APR 2026,1,PESHAWAR,CITY,TEHKAL BALA,UNICEF,CBO,,111111111111111
NID APR 2026,1,PESHAWAR,CITY,MALAKANDHER,WHO,UCPO,,111111111111111
NID APR 2026,1,KHYBER,JAMRUD,SHAH KAS B,N-STOP,District NSTOP Officer,,111111111111100
NID APR 2026,1,PESHAWAR,SMT,CANTT WARD 5,WHO,UCPO,,111111111111-11
NID APR 2026,1,PESHAWAR,SMT,DEH BAHADAR,WHO,District Polio Officer,,111111011111111
NID APR 2026,1,PESHAWAR,SADDAR,AZAKHEL TELABAND,UNICEF,CBO,,111111111111-11
NID APR 2026,1,NOWSHERA,PABBI,CHOKI MAMREZ,WHO,UCPO,,111111111111110
NID APR 2026,1,PESHAWAR,SHAH ALAM,LALA KALAY,WHO,UCPO,,111111111111111
NID APR 2026,1,PESHAWAR,SHAH ALAM,SAEEDABAD,WHO,UCPO,,111111111111111
NID APR 2026,1,PESHAWAR,SADDAR,CHAMKANI,WHO,UCPO,,111111111111111
NID APR 2026,1,NOWSHERA,NOWSHERA,NOWSHERA CITY,WHO,Area Coordinator / District Coordinator,,111111111111100
NID APR 2026,1,KHYBER,BARA,GANDAO,WHO,UCPO,,111111111111111
NID APR 2026,1,CHARSADA,CHARSADDA,MC-3 CHARSADDA,Government,UCMO,,111111111111111
NID APR 2026,1,PESHAWAR,CITY,HASAN GARHI 2,WHO,UCSP,,111111111111100
NID APR 2026,1,PESHAWAR,CITY,REGI,UNICEF,CBO,,111111111111111
NID APR 2026,1,NOWSHERA,NOWSHERA,AZAKHEL PAYAN,WHO,TTSP/TUSP,,111111111111111
NID APR 2026,1,CHARSADA,CHARSADDA,MC-3 CHARSADDA,Government,UCMO,,111111111111111
NID APR 2026,1,PESHAWAR,CITY,HAYAT ABAD 2,WHO,UCPO,,111111111111111
NID APR 2026,1,PESHAWAR,MATTANI,MASHOGAGAR,WHO,UCPO,,111111111111111
NID APR 2026,1,PESHAWAR,CITY,PALOSI,WHO,UCPO,,111111111111111
NID APR 2026,1,NOWSHERA,PABBI,AMANKOT,WHO,TTSP/TUSP,,111111111101100
NID APR 2026,1,NOWSHERA,NOWSHERA,AZAKHEL PAYAN,WHO,TTSP/TUSP,,111111111111111
NID APR 2026,1,CHARSADA,TANGI,MANDANI,WHO,TPO/ TDO,,111111111110100
NID APR 2026,1,PESHAWAR,CITY,MEHAL TERAI 1,WHO,UCPO,,111111111111111
NID APR 2026,1,PESHAWAR,MATTANI,MATTANI,UNICEF,CBO,,111111111111111
NID APR 2026,1,CHARSADA,TANGI,MC TANGI,Government,UCMO,,111111111111111
NID APR 2026,1,PESHAWAR,CITY,HAYAT ABAD 2,WHO,UCPO,,111111111111100
NID APR 2026,1,PESHAWAR,SMT,SHAHEEN MUSLIM TWN1,WHO,UCPO,,111111011111111
NID APR 2026,1,PESHAWAR,CITY,SUFAID DHERI,UNICEF,CBO,,111111111111111
NID APR 2026,1,PESHAWAR,SHAH ALAM,SHAHI BALA,WHO,Provincial Facilitator (M&E- Campaign- HRMP- EPI-PEI Syn- Training etc),,111111111111111
NID APR 2026,1,PESHAWAR,SHAH ALAM,SHAHI BALA,WHO,Provincial Facilitator (M&E- Campaign- HRMP- EPI-PEI Syn- Training etc),,111111111111111
NID APR 2026,1,PESHAWAR,SHAH ALAM,PANAM DHERI,WHO,UCPO,,111111111111111
NID APR 2026,1,PESHAWAR,SHAH ALAM,WADPAGA,WHO,UCPO,,111111111111100
NID APR 2026,1,PESHAWAR,SHAH ALAM,PAKHA GHULAM,WHO,UCPO,,111111111111100
NID APR 2026,1,PESHAWAR,SMT,YAKATOOT 1,WHO,Other (Specify),,111111111111100
NID APR 2026,1,PESHAWAR,SMT,LANDI ARBAB,WHO,UCPO,,111111111111111
NID APR 2026,1,PESHAWAR,MATTANI,BAZID KHEL,WHO,UCPO,,111111111111111
NID APR 2026,1,NOWSHERA,PABBI,SPINKHAK,Government,UCMO,,111111111111111
NID APR 2026,1,NOWSHERA,PABBI,SPINKHAK,Government,UCMO,,111111111111111
NID APR 2026,1,PESHAWAR,MATTANI,BAZID KHEL,Government,UCMO,,111111111111111
NID APR 2026,1,CHARSADA,TANGI,DHAKKI,WHO,UCSP,,111010111101100
NID APR 2026,1,PESHAWAR,CITY,MALAKANDHER,WHO,UCPO,,111111111111110
NID APR 2026,1,PESHAWAR,CITY,MEHAL TERAI 1,WHO,UCSP,,111111111111111
NID APR 2026,1,PESHAWAR,SHAH ALAM,TUKHTABAD,WHO,UCPO,,111111111111100
NID APR 2026,1,NOWSHERA,NOWSHERA,DHERI KATTI KHEL,N-STOP,District NSTOP Officer,,111111111111100
NID APR 2026,1,PESHAWAR,SMT,SHAHEEN MUSLIM TWN1,WHO,UCPO,,111111111111111
NID APR 2026,1,PESHAWAR,CITY,SHAHI BAGH,WHO,UCPO,,111111111111111
NID APR 2026,1,CHARSADA,TANGI,ABAZAI,WHO,TTSP/TUSP,,111111111111100
NID APR 2026,1,CHARSADA,TANGI,ABAZAI,WHO,TTSP/TUSP,,111111111111100
NID APR 2026,1,PESHAWAR,SHAH ALAM,CHAGARMATI,WHO,TPO/ TDO,,111111111111100
NID APR 2026,1,PESHAWAR,SMT,DERI BAGHBANAN,WHO,UCPO,,111111111111111
NID APR 2026,1,PESHAWAR,SHAH ALAM,DAG,WHO,UCPO,,111111111111111
NID APR 2026,1,PESHAWAR,CITY,PALOSI,WHO,UCPO,,111111111111111
NID APR 2026,1,PESHAWAR,SHAH ALAM,BUDHNI,WHO,UCPO,,111111111111111
NID APR 2026,1,NOWSHERA,NOWSHERA,KHESHGI PAYAN,UNICEF,CCO,,111111111111111
NID APR 2026,1,PESHAWAR,SADDAR,URMAR BALA,UNICEF,CBO,,111111111111100
NID APR 2026,1,PESHAWAR,SMT,NOTHIA QADEEM,WHO,UCPO,,111111111111111
NID APR 2026,1,PESHAWAR,MATTANI,SHEIKH MOHAMMADI,WHO,UCPO,,111111111111100
NID APR 2026,1,KHYBER,LANDI KOTAL,KAM SHALMAN,WHO,UCPO,,111111111111-01
NID APR 2026,1,KHYBER,JAMRUD,TIDI BAZAR,WHO,UCPO,,111111111111111
NID APR 2026,1,NOWSHERA,JEHANGIRA,AKORA KHATTAK,Government,UCMO,,111111111111111
NID APR 2026,1,PESHAWAR,SMT,YAKATOOT 3,UNICEF,CBO,,111111111111100
NID APR 2026,1,PESHAWAR,MATTANI,PISHTAKHARA,Government,UCMO,,111111111111111
NID APR 2026,1,PESHAWAR,CITY,MEHAL TERAI 2,N-STOP,District NSTOP Officer,,111111111111100
NID APR 2026,1,PESHAWAR,CITY,KHALSA 2,WHO,UCPO,,111111111111111
NID APR 2026,1,KHYBER,JAMRUD,TIDI BAZAR,WHO,TPO/ TDO,,111111111111111
NID APR 2026,1,PESHAWAR,CITY,CANTT WARD 1,WHO,UCSP,,111111111111111
NID APR 2026,1,PESHAWAR,SMT,HAZARKHWANI 2,WHO,UCPO,,111111111111111
NID APR 2026,1,PESHAWAR,SADDAR,CHAMKANI,WHO,UCPO,,111111111111111
NID APR 2026,1,PESHAWAR,SMT,NOTHIA QADEEM,WHO,UCPO,,111111111111111
NID APR 2026,1,NOWSHERA,PABBI,AMANKOT,Government,UCMO,,111111111111111
NID APR 2026,1,CHARSADA,CHARSADDA,RAJJAR 1,Government,UCMO,,111111111111-00
NID APR 2026,1,PESHAWAR,CITY,HASAN GARHI 2,WHO,UCPO,,111111111111111
NID APR 2026,1,PESHAWAR,SMT,HAZARKHWANI 2,WHO,UCPO,,111111111111111
NID APR 2026,1,KHYBER,BARA,TAUDA CHEENA,WHO,UCPO,,111111111111111
NID APR 2026,1,KHYBER,LANDI KOTAL,SULTAN KHEL B,WHO,UCPO,,111111111111111
NID APR 2026,1,PESHAWAR,CITY,SHAHI BAGH,Government,UCMO,,111111111111111
NID APR 2026,1,PESHAWAR,SHAH ALAM,PAJAGI,WHO,Independent Monitor,,111111111111111
NID APR 2026,1,PESHAWAR,CITY,HAYAT ABAD 2,WHO,UCPO,,111111111111111
NID APR 2026,1,PESHAWAR,CITY,ANDERSHEHER,WHO,UCPO,,111111111111100
NID APR 2026,1,CHARSADA,CHARSADDA,MC-2 CHARSADDA,WHO,TTSP/TUSP,,111111111111-11
NID APR 2026,1,PESHAWAR,SMT,SHEIKH JUNAID ABAD,WHO,UCPO,,111111111111111
NID APR 2026,1,PESHAWAR,CITY,KHALSA 2,WHO,UCPO,,111111111111100
NID APR 2026,1,PESHAWAR,CITY,SHAHI BAGH,UNICEF,CBO,,111111111111-11
NID APR 2026,1,PESHAWAR,SADDAR,AZAKHEL TELABAND,WHO,UCSP,,111111111111111
NID APR 2026,1,PESHAWAR,MATTANI,PISHTAKHARA,WHO,UCPO,,111111111111100
NID APR 2026,1,CHARSADA,CHARSADDA,RAJJAR 1,WHO,TTSP/TUSP,,111111111111100
NID APR 2026,1,MOHMAND,PANDIALI,DANISHKOOL,WHO,TPO/ TDO,,111111111111111
NID APR 2026,1,NOWSHERA,NOWSHERA,BADRASHI,Government,Area Incharge (AIC),,111111111111111
NID APR 2026,1,NOWSHERA,NOWSHERA,BADRASHI,Government,Area Incharge (AIC),,111111111111111
NID APR 2026,1,PESHAWAR,SADDAR,BADABER HUREZAI,WHO,UCPO,,111111111111111
NID APR 2026,1,PESHAWAR,CITY,CANTT WARD 3,Government,Area Incharge (AIC),,111111111111111
NID APR 2026,1,MOHMAND,HALEEMZAI,KASSI,Government,UCMO,,111111111111101
NID APR 2026,1,NOWSHERA,NOWSHERA,AMANGARH,WHO,Independent Monitor,,111111011110-00
NID APR 2026,1,KHYBER,BARA,AJAB TALAB,WHO,UCPO,,111111111111100
NID APR 2026,1,MOHMAND,HALEEMZAI,GHALLANAI,WHO,TPO/ TDO,,111011111111-11
NID APR 2026,1,PESHAWAR,CITY,UNIVERSITY TOWN,WHO,UCPO,,111111111111111
NID APR 2026,1,PESHAWAR,SADDAR,MUSAZAI,UNICEF,CBO,,111111111111100
NID APR 2026,1,PESHAWAR,CITY,TEHKAL BALA,WHO,UCPO,,111111111111111
NID APR 2026,1,PESHAWAR,CITY,KAKSHAL,WHO,UCPO,,111111111111111
NID APR 2026,1,PESHAWAR,CITY,TEHKAL BALA,WHO,UCPO,,111111111111111
NID APR 2026,1,PESHAWAR,CITY,SIKANDAR TOWN,WHO,UCPO,,111111111111111
NID APR 2026,1,PESHAWAR,CITY,MALAKANDHER,WHO,District Polio Officer,,111111111111111
NID APR 2026,1,PESHAWAR,CITY,KARIM PURA,WHO,UCPO,,111111111111-11
NID APR 2026,1,PESHAWAR,SADDAR,MUSAZAI,UNICEF,Provincial Facilitator (Health Specialists/Officers- Communication- SBC Specialists/Officers-VMO- M and E Officer- Media Specialist- Provincial Communication Officer-Training etc),,111111111111111
NID APR 2026,1,PESHAWAR,CITY,CANTT WARD 4,WHO,UCPO,,111111111111111
NID APR 2026,1,PESHAWAR,SMT,DERI BAGHBANAN,WHO,UCPO,,111111111111111
NID APR 2026,1,KHYBER,BARA,GANDAO,WHO,UCPO,,111111111111-10
NID APR 2026,1,PESHAWAR,CITY,MEHAL TERAI 2,N-STOP,District NSTOP Officer,,111111111111111
NID APR 2026,1,MOHMAND,PARANG GHAAR,ASGHAR,Government,UCMO,,111111111111-11
NID APR 2026,1,KHYBER,LANDI KOTAL,TORKHAM,WHO,UCPO,,111111111111111
NID APR 2026,1,MOHMAND,HALEEMZAI,GHALLANAI,WHO,TTSP/TUSP,,111111111111111
NID APR 2026,1,MOHMAND,PARANG GHAAR,ASGHAR,Government,UCMO,,111111111111-11
NID APR 2026,1,CHARSADA,TANGI,MC TANGI,Government,UCMO,,111111111111111
NID APR 2026,1,PESHAWAR,SMT,LANDI ARBAB,WHO,UCPO,,111111111111111
NID APR 2026,1,PESHAWAR,CITY,TEHKAL PAYAN 2 IRRIG,WHO,UCSP,,111111111111111
NID APR 2026,1,PESHAWAR,CITY,HAYAT ABAD 2,WHO,Independent Monitor,,111111111111111
NID APR 2026,1,PESHAWAR,CITY,HAYAT ABAD 2,UNICEF,CBO,,111111111111111
NID APR 2026,1,PESHAWAR,CITY,FAQIR ABAD,N-STOP,District NSTOP Officer,,111111111111111
NID APR 2026,1,PESHAWAR,SADDAR,MARYAM ZAI,WHO,UCPO,,111111111111111
NID APR 2026,1,PESHAWAR,SADDAR,SHERAKERA,UNICEF,Other (Specify),,111111111111100
NID APR 2026,1,KHYBER,LANDI KOTAL,PIROKHEL,WHO,UCPO,,111111111111-11
NID APR 2026,1,CHARSADA,CHARSADDA,MC-3 CHARSADDA,WHO,TTSP/TUSP,,111111111111111
NID APR 2026,1,PESHAWAR,SMT,DEH BAHADAR,WHO,UCPO,,111111111111100
NID APR 2026,1,NOWSHERA,JEHANGIRA,JEHANGIRA,WHO,TPO/ TDO,,111111111111111
NID APR 2026,1,MOHMAND,PANDIALI,ZAHOO,WHO,UCPO,,111111111111-00
NID APR 2026,1,PESHAWAR,CITY,FAQIR ABAD,N-STOP,District NSTOP Officer,,111111111111111
NID APR 2026,1,PESHAWAR,SMT,YAKATOOT 2,WHO,UCPO,,111111111111100
NID APR 2026,1,PESHAWAR,MATTANI,MASHOGAGAR,WHO,UCPO,,111111111111100
NID APR 2026,1,KHYBER,JAMRUD,SHAH KAS A,Government,UCMO,,111111111111011
NID APR 2026,1,NOWSHERA,JEHANGIRA,JEHANGIRA,WHO,TPO/ TDO,,111111111111111
NID APR 2026,1,PESHAWAR,SADDAR,AZAKHEL TELABAND,WHO,UCPO,,111111111111111
NID APR 2026,1,PESHAWAR,SHAH ALAM,JOGANI,WHO,UCPO,,111111111111100
NID APR 2026,1,PESHAWAR,SMT,LANDI ARBAB,WHO,UCPO,,111111111111111
NID APR 2026,1,CHARSADA,CHARSADDA,MC-3 CHARSADDA,WHO,TTSP/TUSP,,111111111111111
NID APR 2026,1,PESHAWAR,SMT,SHAHEEN MUSLIM TWN1,WHO,UCPO,,111111111111111
NID APR 2026,1,NOWSHERA,JEHANGIRA,MISRI BANDA,WHO,TTSP/TUSP,,111111111111110
NID APR 2026,1,PESHAWAR,SHAH ALAM,KANIZA,WHO,UCPO,,111111111111111
NID APR 2026,1,PESHAWAR,SMT,NOTHIA QADEEM,WHO,UCPO,,111111111111111
NID APR 2026,1,PESHAWAR,CITY,MALAKANDHER,WHO,UCPO,,111111111111100
NID APR 2026,1,PESHAWAR,CITY,TEHKAL PAYAN 2 IRRIG,WHO,UCPO,,111111111111111
NID APR 2026,1,PESHAWAR,CITY,TEHKAL PAYAN 2 IRRIG,WHO,UCPO,,111111111111111
NID APR 2026,1,PESHAWAR,CITY,TEHKAL PAYAN 2 IRRIG,WHO,UCSP,,111111111111111
NID APR 2026,1,MOHMAND,SAFI LAKARO,SANDO KHEL,WHO,UCPO,,111111111111-00
NID APR 2026,1,PESHAWAR,SADDAR,SUREZAI PAYAN,WHO,UCPO,,111111111111111
NID APR 2026,1,CHARSADA,SHABQADAR,RASHAKI,WHO,UCPO,,111111111111000
NID APR 2026,1,CHARSADA,TANGI,KOZ BEHRAM DHERI,WHO,TTSP/TUSP,,111111111110011
NID APR 2026,1,KHYBER,JAMRUD,LOWARA MIANA,WHO,Independent Monitor,,111111111111-11
NID APR 2026,1,MOHMAND,SAFI LAKARO,SANDO KHEL,WHO,UCPO,,111111111111-00
NID APR 2026,1,PESHAWAR,CITY,HAYAT ABAD 2,UNICEF,Provincial Facilitator (Health Specialists/Officers- Communication- SBC Specialists/Officers-VMO- M and E Officer- Media Specialist- Provincial Communication Officer-Training etc),,111111011111111
NID APR 2026,1,CHARSADA,TANGI,HARICHAND,Government,UCMO,,111111111111111
NID APR 2026,1,KHYBER,JAMRUD,LOWARA MIANA,WHO,Independent Monitor,,111111011111-11
NID APR 2026,1,PESHAWAR,SHAH ALAM,KANKOLA,WHO,UCPO,,111111111111111
NID APR 2026,1,PESHAWAR,CITY,TEHKAL BALA,WHO,UCPO,,111111111111111
NID APR 2026,1,PESHAWAR,SHAH ALAM,MATHRA,WHO,UCPO,,111111111111100
NID APR 2026,1,MOHMAND,PARANG GHAAR,NAO BUCHA,Government,UCMO,,111111111111-11
NID APR 2026,1,PESHAWAR,SMT,DEH BAHADAR,WHO,UCPO,,111111011111111
NID APR 2026,1,PESHAWAR,SHAH ALAM,GARHI SHER DAD,WHO,UCPO,,111111111111111
NID APR 2026,1,CHARSADA,TANGI,SHERPAO,Government,UCMO,,111111111111111
NID APR 2026,1,PESHAWAR,CITY,HASAN GARHI 2,WHO,UCPO,,111111111111101
NID APR 2026,1,CHARSADA,TANGI,HARICHAND,Government,UCMO,,111111111111111
NID APR 2026,1,PESHAWAR,SHAH ALAM,MATHRA,WHO,UCPO,,111111111111100
NID APR 2026,1,PESHAWAR,MATTANI,MASHOGAGAR,WHO,UCPO,,111111111111100
NID APR 2026,1,PESHAWAR,SADDAR,MUSAZAI,WHO,UCPO,,111111111111-11
NID APR 2026,1,PESHAWAR,SHAH ALAM,DAG,WHO,District Polio Officer,,111011111111111
NID APR 2026,1,PESHAWAR,SHAH ALAM,DAG,WHO,District Polio Officer,,111111111111111
NID APR 2026,1,PESHAWAR,SMT,SHEIKH JUNAID ABAD,Government,UCMO,,111111111111111
NID APR 2026,1,PESHAWAR,SADDAR,URMAR PAYAN,WHO,UCPO,,111111111111110
NID APR 2026,1,NOWSHERA,NOWSHERA,KHESHGI BALA,WHO,UCPO,,111111111111111
NID APR 2026,1,PESHAWAR,SADDAR,BADABER MARYAMZAI,WHO,UCPO,,111111111111100
NID APR 2026,1,NOWSHERA,NOWSHERA,KHESHGI BALA,WHO,UCPO,,111111111111111
NID APR 2026,1,PESHAWAR,CITY,TEHKAL PAYAN,WHO,UCPO,,111111011111100
NID APR 2026,1,NOWSHERA,JEHANGIRA,KHAIRABAD CAMP,WHO,TTSP/TUSP,,111111-11110000
NID APR 2026,1,PESHAWAR,MATTANI,SHEIKHAN,WHO,UCSP,,111111111111111
NID APR 2026,1,PESHAWAR,CITY,SHAHEEN TOWN,WHO,UCPO,,111111111111111
NID APR 2026,1,PESHAWAR,CITY,SHAHEEN TOWN,WHO,UCPO,,111111111111111
NID APR 2026,1,MOHMAND,SAFI LAKARO,LAKARO,Government,UCMO,,111111111111100
NID APR 2026,3,MOHMAND,SAFI LAKARO,LAKARO,Government,UCMO,,111111111111100
NID APR 2026,1,PESHAWAR,SADDAR,AZAKHEL TELABAND,WHO,UCSP,,111111111111111
NID APR 2026,1,PESHAWAR,SHAH ALAM,SAEEDABAD,WHO,UCPO,,111111111111111
NID APR 2026,1,CHARSADA,CHARSADDA,UMERZAI,WHO,TPO/ TDO,,111111011111100
NID APR 2026,1,CHARSADA,CHARSADDA,UMERZAI,WHO,TPO/ TDO,,100001011111-00
NID APR 2026,1,KHYBER,JAMRUD,NEW ABADI,WHO,UCPO,,111111111111100
NID APR 2026,1,KHYBER,JAMRUD,NEW ABADI,WHO,UCPO,,111111111111101
NID APR 2026,1,MOHMAND,PANDIALI,DANISHKOOL,Government,Area Incharge (AIC),,100111111111101
NID APR 2026,1,PESHAWAR,SMT,BHANA MARI,WHO,UCPO,,111111111111111
NID APR 2026,1,PESHAWAR,CITY,SHAHEEN TOWN,WHO,Independent Monitor,,111111111111100
NID APR 2026,1,PESHAWAR,CITY,HAYAT ABAD 2,UNICEF,Provincial Facilitator (Health Specialists/Officers- Communication- SBC Specialists/Officers-VMO- M and E Officer- Media Specialist- Provincial Communication Officer-Training etc),,111111111111111
NID APR 2026,1,PESHAWAR,MATTANI,SARBAND,WHO,UCPO,,111111111111111
NID APR 2026,1,NOWSHERA,NOWSHERA,AZAKHEL BALA,UNICEF,CBO,,111011111110-11
NID APR 2026,1,KHYBER,BARA,FORT SLOPE,WHO,UCPO,,111111111111111
NID APR 2026,1,PESHAWAR,SHAH ALAM,PANAM DHERI,WHO,UCPO,,111111111111111
NID APR 2026,1,NOWSHERA,NOWSHERA,NOWSHERA CITY,WHO,TTSP/TUSP,,111111111111101
NID APR 2026,1,PESHAWAR,SMT,BHANA MARI,WHO,UCPO,,111111111111111
NID APR 2026,1,PESHAWAR,CITY,KHALSA 1,WHO,Independent Monitor,,011111111111100
NID APR 2026,2,PESHAWAR,CITY,KHALSA 1,WHO,Independent Monitor,,111111111111100
NID APR 2026,1,PESHAWAR,CITY,CANTT WARD 3,Government,Area Incharge (AIC),,111111111111111
NID APR 2026,1,CHARSADA,SHABQADAR,BATTAGRAM,WHO,UCPO,,111111111111100
NID APR 2026,1,PESHAWAR,MATTANI,BAZID KHEL,WHO,UCPO,,111111111111111
NID APR 2026,1,PESHAWAR,SADDAR,MERA KACHORI,WHO,UCPO,,111111111111111
NID APR 2026,1,PESHAWAR,SADDAR,MERA KACHORI,WHO,UCPO,,111111111111111
NID APR 2026,1,CHARSADA,TANGI,SHERPAO,WHO,UCPO,,111111111111100
NID APR 2026,1,CHARSADA,TANGI,SHERPAO,WHO,UCPO,,111111111111100
NID APR 2026,1,PESHAWAR,SHAH ALAM,TUKHTABAD,WHO,UCPO,,111111111111100
NID APR 2026,1,MOHMAND,SAFI LAKARO,MAMAD GAT,N-STOP,District NSTOP Officer,,111111111111111
NID APR 2026,1,MOHMAND,SAFI LAKARO,MAMAD GAT,N-STOP,District NSTOP Officer,,111111111111-11
NID APR 2026,1,PESHAWAR,SHAH ALAM,KANKOLA,WHO,UCPO,,111111111111111
NID APR 2026,1,PESHAWAR,SHAH ALAM,KANKOLA,WHO,UCPO,,111111111111110
NID APR 2026,1,PESHAWAR,SMT,SHAHEEN MUSLIM TWN1,WHO,UCPO,,111111111111100
NID APR 2026,1,NOWSHERA,NOWSHERA,RASHAKAI,WHO,TTSP/TUSP,,111111111111111
NID APR 2026,1,MOHMAND,EKKAGHUND,MICHANI,WHO,District Polio Officer,,111111111111100
NID APR 2026,1,NOWSHERA,NOWSHERA,RASHAKAI,WHO,TTSP/TUSP,,111111111111111
NID APR 2026,1,PESHAWAR,CITY,KHALSA 2,WHO,Independent Monitor,,111111111111111
NID APR 2026,1,CHARSADA,CHARSADDA,TURANGZAI,WHO,TTSP/TUSP,,111111111111111
NID APR 2026,1,NOWSHERA,NOWSHERA,BARA BANDA,WHO,UCPO,,111111111111100
NID APR 2026,1,PESHAWAR,SMT,NOTHIA JADEED,UNICEF,Provincial Facilitator (Health Specialists/Officers- Communication- SBC Specialists/Officers-VMO- M and E Officer- Media Specialist- Provincial Communication Officer-Training etc),,111111111111100
NID APR 2026,1,PESHAWAR,SMT,NOTHIA JADEED,UNICEF,Provincial Facilitator (Health Specialists/Officers- Communication- SBC Specialists/Officers-VMO- M and E Officer- Media Specialist- Provincial Communication Officer-Training etc),,111111101111100
NID APR 2026,1,PESHAWAR,MATTANI,PISHTAKHARA,WHO,UCPO,,111111111111100
NID APR 2026,1,MOHMAND,PARANG GHAAR,UMAR KHEL,WHO,UCPO,,111111111110-11
NID APR 2026,1,NOWSHERA,NOWSHERA,NAWA KALY,WHO,UCPO,,111111111111100
NID APR 2026,1,NOWSHERA,NOWSHERA,NAWA KALY,WHO,UCPO,,111111111111100
NID APR 2026,1,PESHAWAR,CITY,JEHANGIR PURA,WHO,UCPO,,111111111111100
NID APR 2026,1,PESHAWAR,SHAH ALAM,PAJAGI,WHO,UCPO,,111111111111100
NID APR 2026,1,MOHMAND,EKKAGHUND,EKKAGHUND,UNICEF,CCO,,111111111110-00
NID APR 2026,1,MOHMAND,EKKAGHUND,EKKAGHUND,UNICEF,CCO,,111111111111-00
NID APR 2026,1,PESHAWAR,SHAH ALAM,LARAMA,WHO,UCPO,,111111111111111
NID APR 2026,1,PESHAWAR,SHAH ALAM,KHAZANA,WHO,UCPO,,111111111111111
NID APR 2026,1,PESHAWAR,SHAH ALAM,KHAZANA,WHO,UCPO,,111111111111111
NID APR 2026,1,PESHAWAR,SMT,CANTT WARD 5,Government,UCMO,,111111111111-11
NID APR 2026,1,PESHAWAR,CITY,KHALSA 2,WHO,Independent Monitor,,111111111111111
NID APR 2026,1,PESHAWAR,CITY,SUFAID DHERI,WHO,UCPO,,111111111111111
NID APR 2026,1,PESHAWAR,CITY,SUFAID DHERI,WHO,UCPO,,111111111111111
NID APR 2026,1,NOWSHERA,NOWSHERA,KHESHGI PAYAN,UNICEF,CBO,,111111111111111
NID APR 2026,1,PESHAWAR,SMT,WAZIR BAGH,WHO,UCSP,,111111111111111
NID APR 2026,1,NOWSHERA,NOWSHERA,PAHARI KATTI KHEL,WHO,UCSP,,111111111111100
NID APR 2026,1,NOWSHERA,NOWSHERA,PAHARI KATTI KHEL,WHO,UCSP,,111111111111100
NID APR 2026,1,KHYBER,JAMRUD,SUR KAMAR,N-STOP,District NSTOP Officer,,111111111111111
NID APR 2026,1,PESHAWAR,SMT,YAKATOOT 3,WHO,UCPO,,111111111111111
NID APR 2026,1,PESHAWAR,CITY,FAQIR ABAD,WHO,UCPO,,111111111110111
NID APR 2026,1,PESHAWAR,CITY,JEHANGIR PURA,WHO,UCPO,,111111111111100
NID APR 2026,1,NOWSHERA,JEHANGIRA,JEHANGIRA,WHO,UCPO,,111111111111111
NID APR 2026,1,PESHAWAR,CITY,HASAN GARHI 1,WHO,UCPO,,111111111111111
NID APR 2026,1,PESHAWAR,CITY,HASAN GARHI 1,WHO,UCPO,,111111111111111
NID APR 2026,1,MOHMAND,BAIZAI,LANDI SHAH,WHO,UCSP,,111111111100-00
NID APR 2026,1,MOHMAND,BAIZAI,LANDI SHAH,WHO,UCSP,,111111111111-00
NID APR 2026,1,CHARSADA,CHARSADDA,MC-4 CHARSADDA,Government,UCMO,,111111111111111
NID APR 2026,1,PESHAWAR,CITY,HAYAT ABAD 2,WHO,UCPO,,111111111111100
NID APR 2026,1,NOWSHERA,NOWSHERA,BARA BANDA,WHO,UCPO,,111111111111100
NID APR 2026,1,MOHMAND,SAFI LAKARO,SAGAI,WHO,UCSP,,111111111111-11
NID APR 2026,1,MOHMAND,SAFI LAKARO,SAGAI,WHO,UCSP,,111111111111-11
NID APR 2026,1,PESHAWAR,CITY,HASAN GARHI 1,WHO,UCPO,,111111111111111
NID APR 2026,1,PESHAWAR,SMT,AKHOON ABAD,WHO,UCPO,,111111111111100
NID APR 2026,1,PESHAWAR,SHAH ALAM,SHAHI BALA,WHO,UCPO,,111111111111111
NID APR 2026,1,KHYBER,LANDI KOTAL,KAM SHALMAN,WHO,Independent Monitor,,111011111111100
NID APR 2026,1,KHYBER,LANDI KOTAL,KAM SHALMAN,WHO,Independent Monitor,,111011111111-11
NID APR 2026,1,NOWSHERA,JEHANGIRA,MERA AKORA,WHO,UCPO,,111111111111100
NID APR 2026,1,MOHMAND,PARANG GHAAR,ASGHAR,WHO,TTSP/TUSP,,111111111111-11
NID APR 2026,1,PESHAWAR,SMT,YAKATOOT 3,UNICEF,CBO,,111111111111100
NID APR 2026,1,KHYBER,LANDI KOTAL,KAM SHALMAN,WHO,UCPO,,111111111111110
NID APR 2026,1,NOWSHERA,JEHANGIRA,NIZAMPUR,WHO,Independent Monitor,,110111011111100
NID APR 2026,1,PESHAWAR,CITY,MEHAL TERAI 1,WHO,UCSP,,111111111111111
NID APR 2026,1,PESHAWAR,SADDAR,ADEZAI,WHO,UCPO,,111111111111100
NID APR 2026,1,PESHAWAR,SHAH ALAM,HARYANA PAYAN,WHO,UCPO,,111111111111100
NID APR 2026,1,KHYBER,LANDI KOTAL,LOE SHALMAN A,WHO,UCPO,,111111111111101
NID APR 2026,11,KHYBER,LANDI KOTAL,STATION,UNICEF,CBO,,111111111111111
NID APR 2026,1,MOHMAND,SAFI LAKARO,ALINGAR,WHO,UCPO,,111111111111100
NID APR 2026,1,PESHAWAR,SMT,YAKATOOT 2,Other Partner (BMGF/CDC/RIZ/ROTARY etc),Federal/Provincial/District Facilitator,,111111111111100
NID APR 2026,1,PESHAWAR,SMT,YAKATOOT 2,Other Partner (BMGF/CDC/RIZ/ROTARY etc),Federal/Provincial/District Facilitator,,111111111111111
NID APR 2026,1,PESHAWAR,SADDAR,URMAR MIANA,WHO,UCPO,,111111111111111
NID APR 2026,1,PESHAWAR,SADDAR,URMAR MIANA,WHO,UCPO,,111111111111111
NID APR 2026,1,KHYBER,LANDI KOTAL,LOE SHALMAN B,WHO,UCPO,,111111111111-00
NID APR 2026,1,NOWSHERA,NOWSHERA,KABUL RIVER,WHO,UCPO,,111111111111100
NID APR 2026,1,MOHMAND,BAIZAI,KODA KHEL,WHO,TPO/ TDO,,100101111101-00
NID APR 2026,1,MOHMAND,AMBAR,KHARAI,Government,UCMO,,111111111111-11
NID APR 2026,1,NOWSHERA,NOWSHERA,RASHAKAI,WHO,TPO/ TDO,,111111111111100
NID APR 2026,1,NOWSHERA,NOWSHERA,AZAKHEL BALA,WHO,UCPO,,111111111111100
NID APR 2026,1,NOWSHERA,NOWSHERA,RASHAKAI,WHO,TPO/ TDO,,111111111111100
NID APR 2026,1,NOWSHERA,NOWSHERA,AZAKHEL BALA,WHO,UCPO,,111111111111111
NID APR 2026,1,PESHAWAR,CITY,FAQIR ABAD,WHO,UCPO,,111111111111111
NID APR 2026,1,PESHAWAR,MATTANI,ACHINI,WHO,UCPO,,111111111111111
NID APR 2026,1,PESHAWAR,MATTANI,ACHINI,WHO,UCPO,,111111111111100
NID APR 2026,1,KHYBER,LANDI KOTAL,LOE SHALMAN B,WHO,UCPO,,111111111111-11
NID APR 2026,1,NOWSHERA,JEHANGIRA,NIZAMPUR,WHO,Independent Monitor,,100000111111111
NID APR 2026,1,PESHAWAR,SADDAR,SUREZAI PAYAN,WHO,UCPO,,111111111111100
NID APR 2026,1,PESHAWAR,MATTANI,MASHOGAGAR,WHO,UCPO,,111111111111111
NID APR 2026,1,PESHAWAR,MATTANI,MASHOGAGAR,WHO,UCPO,,111111111111100
NID APR 2026,1,NOWSHERA,NOWSHERA,KABUL RIVER,WHO,UCPO,,111111111111101
NID APR 2026,1,NOWSHERA,NOWSHERA,KABUL RIVER,WHO,UCPO,,111111111111100
NID APR 2026,1,PESHAWAR,CITY,MEHAL TERAI 1,WHO,UCPO,,111111111111100
NID APR 2026,1,PESHAWAR,CITY,KAKSHAL,WHO,Independent Monitor,,111011111111100
NID APR 2026,1,PESHAWAR,SADDAR,SHERAKERA,WHO,UCPO,,111111111101110
NID APR 2026,1,PESHAWAR,SADDAR,SHERAKERA,WHO,UCPO,,111111111111100
NID APR 2026,1,KHYBER,TIRAH MAIDAN,PAGDARA,WHO,UCPO,,111111111111-11
NID APR 2026,1,PESHAWAR,SMT,YAKATOOT 2,UNICEF,CBO,,111111111111111
NID APR 2026,1,PESHAWAR,SADDAR,URMAR MIANA,WHO,UCPO,,111111111111111
NID APR 2026,1,PESHAWAR,SADDAR,URMAR MIANA,WHO,UCPO,,111111111111111
NID APR 2026,1,PESHAWAR,CITY,HASAN GARHI 1,Government,UCMO,,111111111111111
NID APR 2026,1,PESHAWAR,CITY,PAWAKA,WHO,UCPO,,111111111111111
NID APR 2026,1,PESHAWAR,CITY,PAWAKA,WHO,UCPO,,111111111111111
NID APR 2026,1,KHYBER,LANDI KOTAL,TIRAH BAZAR B,Government,UCMO,,111111111111111
NID APR 2026,1,KHYBER,JAMRUD,TIDI BAZAR,WHO,Independent Monitor,,111011111111100
NID APR 2026,1,KHYBER,JAMRUD,TIDI BAZAR,WHO,Independent Monitor,,111011111111100
NID APR 2026,1,PESHAWAR,CITY,SHAHEEN TOWN,WHO,UCPO,,111111111111111
NID APR 2026,1,PESHAWAR,CITY,SHAHEEN TOWN,WHO,UCPO,,111111111111111
NID APR 2026,1,MOHMAND,PARANG GHAAR,ASGHAR,Government,UCMO,,111111111111-11
NID APR 2026,1,KHYBER,LANDI KOTAL,KARAMNA,WHO,UCPO,,111111111111100
NID APR 2026,1,MOHMAND,HALEEMZAI,KAMALI,WHO,UCSP,,111111111111-11
NID APR 2026,1,KHYBER,TIRAH MAIDAN,PAGDARA,WHO,UCPO,,111111111111111
NID APR 2026,1,CHARSADA,TANGI,MANDANI,WHO,TPO/ TDO,,111111111101100
NID APR 2026,1,CHARSADA,TANGI,DHAKKI,WHO,UCSP,,111111111111100
NID APR 2026,1,PESHAWAR,SMT,YAKATOOT 1,WHO,Independent Monitor,,111111111111111
NID APR 2026,1,PESHAWAR,CITY,JEHANGIR PURA,WHO,Independent Monitor,,111111111111111
NID APR 2026,1,PESHAWAR,CITY,JEHANGIR PURA,WHO,Independent Monitor,,111111111111111
NID APR 2026,1,PESHAWAR,SMT,WAZIR BAGH,WHO,Independent Monitor,,111111111111110
NID APR 2026,1,PESHAWAR,SMT,WAZIR BAGH,WHO,Independent Monitor,,111111111111101
NID APR 2026,1,PESHAWAR,MATTANI,SARBAND,WHO,UCPO,,111111111111111
NID APR 2026,1,PESHAWAR,SMT,AKHOON ABAD,WHO,UCPO,,111111111111111
NID APR 2026,1,NOWSHERA,JEHANGIRA,MERA AKORA,WHO,Independent Monitor,,111111111111110
NID APR 2026,1,KHYBER,BARA,TAUDA CHEENA,WHO,TPO/ TDO,,111111111111111
NID APR 2026,1,PESHAWAR,CITY,MEHAL TERAI 1,Government,Other (Specify),,111111111111101
NID APR 2026,1,NOWSHERA,JEHANGIRA,MERA AKORA,WHO,Independent Monitor,,100101011110100
NID APR 2026,1,PESHAWAR,SHAH ALAM,MATHRA,WHO,UCPO,,111111111111111
NID APR 2026,1,KHYBER,LANDI KOTAL,MIRDAD KHEL,WHO,UCPO,,111111111111111
NID APR 2026,1,KHYBER,LANDI KOTAL,MIRDAD KHEL,WHO,UCPO,,111111111111111
NID APR 2026,1,PESHAWAR,SMT,YAKATOOT 1,WHO,Independent Monitor,,111111111111111
NID APR 2026,1,PESHAWAR,CITY,PALOSI,WHO,UCPO,,111111111111111
NID APR 2026,1,PESHAWAR,SADDAR,MERA SUREZAI PAYAN,WHO,UCPO,,111111111111100
NID APR 2026,1,KHYBER,LANDI KOTAL,STATION,WHO,UCPO,,111111111111111
NID APR 2026,1,PESHAWAR,SHAH ALAM,MATHRA,WHO,UCPO,,111111111111100
NID APR 2026,1,PESHAWAR,SHAH ALAM,MATHRA,WHO,UCPO,,111111111111111
NID APR 2026,1,PESHAWAR,SADDAR,MERA SUREZAI PAYAN,WHO,UCPO,4,111111111111100
NID APR 2026,1,NOWSHERA,JEHANGIRA,SHAIDU,WHO,TTSP/TUSP,,111111110001-00
NID APR 2026,1,NOWSHERA,JEHANGIRA,SHAIDU,WHO,TTSP/TUSP,,111111111111000
NID APR 2026,1,PESHAWAR,CITY,TEHKAL PAYAN,WHO,UCPO,3,100000000000000
NID APR 2026,1,PESHAWAR,SADDAR,MERA KACHORI,WHO,UCPO,,111111111111111
NID APR 2026,1,PESHAWAR,SADDAR,MERA KACHORI,WHO,UCPO,,111111111111100
NID APR 2026,1,PESHAWAR,SADDAR,SUREZAI BALA,WHO,UCPO,1,111111111111111
NID APR 2026,1,PESHAWAR,SADDAR,SUREZAI BALA,WHO,UCPO,2,111111111111111
NID APR 2026,1,PESHAWAR,CITY,HAYAT ABAD 1,WHO,UCPO,,111111111111111
NID APR 2026,1,PESHAWAR,MATTANI,SULEMAN KHEIL,WHO,UCPO,,111111111111111
NID APR 2026,1,PESHAWAR,MATTANI,SULEMAN KHEIL,WHO,UCPO,,111111111111100
NID APR 2026,1,PESHAWAR,CITY,HAYAT ABAD 1,WHO,UCPO,,111111111111100
NID APR 2026,1,PESHAWAR,CITY,HAYAT ABAD 1,WHO,UCPO,,111111111111100
NID APR 2026,1,KHYBER,LANDI KOTAL,TIRAH BAZAR A,WHO,UCPO,6,111111111111100
NID APR 2026,2,KHYBER,LANDI KOTAL,SULTAN KHEL A,Government,UCMO,,111111111111111
NID APR 2026,1,NOWSHERA,NOWSHERA,AZAKHEL BALA,WHO,Provincial Facilitator (M&E- Campaign- HRMP- EPI-PEI Syn- Training etc),,111111111111100
NID APR 2026,1,PESHAWAR,CITY,MALAKANDHER,WHO,UCSP,,111111111111111
NID APR 2026,2,KHYBER,JAMRUD,NEW ABADI,Government,UCMO,,111111111111111
NID APR 2026,1,PESHAWAR,CITY,MALAKANDHER,WHO,UCSP,,111111111111111
NID APR 2026,1,PESHAWAR,CITY,MALAKANDHER,WHO,UCSP,,111111111111100
NID APR 2026,1,PESHAWAR,SADDAR,MERA SUREZAI PAYAN,UNICEF,CBO,,111111111111111
NID APR 2026,1,PESHAWAR,SADDAR,MERA SUREZAI PAYAN,UNICEF,CBO,,111111111111100
NID APR 2026,2,CHARSADA,SHABQADAR,MC-3 SHABQADAR,Government,UCMO,5,111111111111111
NID APR 2026,1,PESHAWAR,CITY,KHALSA 2,UNICEF,CBO,,111111111111111
NID APR 2026,1,PESHAWAR,CITY,KHALSA 2,UNICEF,CBO,,111111111111111
NID APR 2026,2,PESHAWAR,CITY,PAWAKA,WHO,UCPO,2,111111111111111
NID APR 2026,2,KHYBER,JAMRUD,NEW ABADI,WHO,UCPO,,111111111111100
NID APR 2026,2,KHYBER,LANDI KOTAL,SULTAN KHEL A,WHO,UCPO,,101111111111100
NID APR 2026,2,NOWSHERA,PABBI,BALU,Government,UCMO,4,111111111110110
NID APR 2026,2,KHYBER,JAMRUD,NEW ABADI,WHO,Independent Monitor,126,111111011111111
NID APR 2026,2,CHARSADA,SHABQADAR,MC-3 SHABQADAR,Government,UCMO,6,111111111111111
NID APR 2026,2,KHYBER,BARA,JANBAZ A,WHO,UCPO,,111111111111-11
NID APR 2026,2,PESHAWAR,SHAH ALAM,LALA KALAY,WHO,UCPO,6,111111111111111
NID APR 2026,2,PESHAWAR,SADDAR,BADABER HUREZAI,WHO,UCPO,,111111111111-11
NID APR 2026,2,NOWSHERA,PABBI,TARRU JABBA,Government,UCMO,,111111111111111
NID APR 2026,2,PESHAWAR,SHAH ALAM,BUDHNI,WHO,UCPO,6,111111111111111
NID APR 2026,2,CHARSADA,SHABQADAR,HASSANZAI,WHO,TTSP/TUSP,5,111111111111100
NID APR 2026,2,PESHAWAR,SHAH ALAM,KAFOOR DHERI,WHO,UCPO,,111111111111110
NID APR 2026,2,KHYBER,JAMRUD,TIDI BAZAR,UNICEF,CCO,,111111111111-11
NID APR 2026,2,CHARSADA,CHARSADDA,NISATTA,WHO,TTSP/TUSP,5,111111111111111
NID APR 2026,2,PESHAWAR,SMT,YAKATOOT 3,WHO,UCSP,3,111111111111111
NID APR 2026,2,CHARSADA,SHABQADAR,MATA MUGHAL KHEL,WHO,TPO/ TDO,2,111111111111111
NID APR 2026,2,PESHAWAR,MATTANI,SULEMAN KHEIL,WHO,UCPO,1,111111011111100
NID APR 2026,2,NOWSHERA,NOWSHERA,RISALPUR CANTT,Government,Area Incharge (AIC),2,111111111111111
NID APR 2026,2,MOHMAND,SAFI LAKARO,SAGAI,Government,UCMO,,111111111111-01
NID APR 2026,2,KHYBER,JAMRUD,MIA MORCHA,Government,UCMO,,111111111111-11
NID APR 2026,5,KHYBER,LANDI KOTAL,KHUGA KHEL,UNICEF,CBO,1,111111111111110
NID APR 2026,1,PESHAWAR,SADDAR,SUREZAI PAYAN,WHO,UCPO,,111111111111111
NID APR 2026,2,NOWSHERA,JEHANGIRA,JEHANGIRA,WHO,UCPO,5,111111111111111
NID APR 2026,2,PESHAWAR,SHAH ALAM,CHAGARMATI,WHO,UCPO,,111111111111111
NID APR 2026,2,KHYBER,LANDI KOTAL,SULTAN KHEL B,WHO,UCPO,5,111111111111-11
NID APR 2026,2,PESHAWAR,MATTANI,ACHINI,WHO,UCPO,2,111111111111111
NID APR 2026,2,KHYBER,JAMRUD,SHAH KAS B,WHO,UCPO,5,111111111111100
NID APR 2026,2,PESHAWAR,SHAH ALAM,JOGANI,WHO,UCPO,4,111111111111111
NID APR 2026,2,NOWSHERA,NOWSHERA,CHOCKI TOWN,N-STOP,District NSTOP Officer,3,111111111111100
NID APR 2026,2,PESHAWAR,CITY,SUFAID DHERI,WHO,Independent Monitor,,111111111111111
NID APR 2026,2,CHARSADA,CHARSADDA,MC-1 CHARSADDA,WHO,TTSP/TUSP,5,111111111111-11
NID APR 2026,2,PESHAWAR,CITY,ASIA DABGARI,WHO,UCPO,2,111111111111111
NID APR 2026,2,KHYBER,JAMRUD,MIA MORCHA,WHO,UCPO,116,111111111111-11
NID APR 2026,2,PESHAWAR,SADDAR,SUREZAI BALA,Government,UCMO,,111111111111111
NID APR 2026,2,KHYBER,LANDI KOTAL,STATION,WHO,UCPO,1,111111111111111
NID APR 2026,2,PESHAWAR,MATTANI,PISHTAKHARA,WHO,UCPO,5,111111111111100
NID APR 2026,2,KHYBER,JAMRUD,ALI MASJID A,WHO,UCPO,3,111111111111111
NID APR 2026,2,PESHAWAR,SHAH ALAM,HARYANA PAYAN,WHO,UCPO,1,111111111111111
NID APR 2026,2,KHYBER,LANDI KOTAL,KHUGA KHEL,WHO,UCPO,4,111111111111111
NID APR 2026,2,KHYBER,JAMRUD,SHAH KAS A,N-STOP,District NSTOP Officer,1,111111111111100
NID APR 2026,2,KHYBER,JAMRUD,SHAH KAS A,N-STOP,District NSTOP Officer,1,111111111111100
NID APR 2026,2,PESHAWAR,SMT,AKHOON ABAD,WHO,UCPO,2,111111111111111
NID APR 2026,2,KHYBER,BARA,JANBAZ A,Government,UCMO,28,111111111111-11
NID APR 2026,2,PESHAWAR,SMT,NOTHIA JADEED,WHO,UCPO,2,111111111111111
NID APR 2026,1,PESHAWAR,CITY,KAKSHAL,UNICEF,CBO,,111111111111111
NID APR 2026,2,PESHAWAR,SMT,SHAHEEN MUSLIM TWN2,WHO,UCPO,1,111111111111111
NID APR 2026,2,PESHAWAR,CITY,PAWAKA,WHO,UCPO,1,111111111111111
NID APR 2026,2,CHARSADA,SHABQADAR,MC-2 SHABQADAR,Government,UCMO,,111111111111111
NID APR 2026,2,PESHAWAR,SADDAR,MARYAM ZAI,WHO,UCSP,5,111111111111100
NID APR 2026,2,KHYBER,JAMRUD,SHAH KAS A,UNICEF,CBO,2,111111111111111
NID APR 2026,2,KHYBER,JAMRUD,SHAH KAS A,N-STOP,District NSTOP Officer,10,111111111111111
NID APR 2026,2,CHARSADA,TANGI,HARICHAND,Government,UCMO,4,111111111111011
NID APR 2026,2,CHARSADA,CHARSADDA,UMERZAI,Government,UCMO,,111111111111111
NID APR 2026,2,PESHAWAR,SMT,SHAHEEN MUSLIM TWN2,UNICEF,CCO,1,111111111111111
NID APR 2026,2,MOHMAND,PARANG GHAAR,NAO BUCHA,Government,UCMO,3,111111111111-00
NID APR 2026,2,PESHAWAR,SHAH ALAM,SAEEDABAD,WHO,UCPO,2,111111111111111
NID APR 2026,2,PESHAWAR,CITY,ASIA DABGARI,WHO,UCPO,1,111111111111111
NID APR 2026,2,PESHAWAR,CITY,SUFAID DHERI,WHO,UCPO,,111111111111111
NID APR 2026,2,NOWSHERA,JEHANGIRA,MERA AKORA,WHO,UCPO,3,111111111111100
NID APR 2026,2,PESHAWAR,SADDAR,SHERAKERA,UNICEF,Other (Specify),1,111111111111100
NID APR 2026,2,PESHAWAR,SMT,NOTHIA JADEED,WHO,UCPO,,111111111111111
NID APR 2026,2,NOWSHERA,NOWSHERA,PIRSABAQ,WHO,UCPO,,111111111111111
NID APR 2026,2,PESHAWAR,SMT,HAZARKHWANI 1,WHO,UCPO,4,111111111111100
NID APR 2026,2,PESHAWAR,CITY,MEHAL TERAI 2,WHO,UCPO,1,111111111111111
NID APR 2026,2,CHARSADA,TANGI,ABAZAI,WHO,TTSP/TUSP,5,111111111111100
NID APR 2026,2,PESHAWAR,CITY,ASIA DABGARI,WHO,UCPO,3,111111111111111
NID APR 2026,2,PESHAWAR,SMT,SHAHEEN MUSLIM TWN1,WHO,Independent Monitor,3,111011111111100
NID APR 2026,2,PESHAWAR,CITY,MEHAL TERAI 1,WHO,UCSP,,111111111111111
NID APR 2026,2,KHYBER,LANDI KOTAL,SULTAN KHEL A,WHO,TPO/ TDO,5,111111111111111
NID APR 2026,2,PESHAWAR,SMT,BHANA MARI,WHO,UCPO,2,111111111111100
NID APR 2026,2,PESHAWAR,CITY,KAKSHAL,WHO,UCPO,4,111111111111111
NID APR 2026,2,PESHAWAR,MATTANI,SARBAND,WHO,UCPO,1,111111111111111
NID APR 2026,2,NOWSHERA,NOWSHERA,RASHAKAI,WHO,Independent Monitor,5,111101111100100
NID APR 2026,2,PESHAWAR,CITY,GULBAHAR,WHO,UCSP,1,111111111111111
NID APR 2026,2,KHYBER,JAMRUD,NEW ABADI,Government,UCMO,3,111111111111111
NID APR 2026,1,PESHAWAR,SADDAR,MUSAZAI,WHO,UCPO,,111111111111-00
NID APR 2026,1,PESHAWAR,SADDAR,MUSAZAI,WHO,UCPO,2,1111111111-1-00
NID APR 2026,2,NOWSHERA,NOWSHERA,RASHAKAI,Government,UCMO,6,111111111111100
NID APR 2026,2,PESHAWAR,SADDAR,AZAKHEL TELABAND,WHO,UCSP,6,111111111111111
NID APR 2026,2,PESHAWAR,SADDAR,MUSAZAI,WHO,UCPO,8,111111111111-00
NID APR 2026,2,PESHAWAR,SMT,AKHOON ABAD,WHO,UCPO,3,111111111111-00
NID APR 2026,2,CHARSADA,CHARSADDA,MC-4 CHARSADDA,N-STOP,Federal Facilitator (NSTOP),,111111111111111
NID APR 2026,2,MOHMAND,PANDIALI,PANDIALI,Government,UCMO,2,111111111111-00
NID APR 2026,2,PESHAWAR,CITY,KHALSA 1,UNICEF,CBO,,111111111111111
NID APR 2026,2,PESHAWAR,SADDAR,BADABER HUREZAI,WHO,UCPO,7,111111111111111
NID APR 2026,2,KHYBER,LANDI KOTAL,SULTAN KHEL B,WHO,UCPO,1,111111111111111
NID APR 2026,2,PESHAWAR,CITY,TEHKAL BALA,WHO,UCPO,3,111111111111111
NID APR 2026,2,PESHAWAR,SMT,SHAHEEN MUSLIM TWN1,WHO,Independent Monitor,9,111011011111110
NID APR 2026,2,PESHAWAR,MATTANI,SARBAND,WHO,UCPO,7,111111111111111
NID APR 2026,2,KHYBER,LANDI KOTAL,KHUGA KHEL,WHO,UCPO,2,111111111111111
NID APR 2026,2,PESHAWAR,SHAH ALAM,PAKHA GHULAM,WHO,UCPO,4,111111111111100
NID APR 2026,2,PESHAWAR,SHAH ALAM,TUKHTABAD,WHO,UCPO,3,111111111111100
NID APR 2026,2,NOWSHERA,NOWSHERA,AZAKHEL BALA,WHO,TPO/ TDO,5,111111111111100
NID APR 2026,2,PESHAWAR,SHAH ALAM,WADPAGA,WHO,UCPO,2,111111111111100
NID APR 2026,2,PESHAWAR,SMT,SHAHEEN MUSLIM TWN2,WHO,UCPO,3,111111111111111
NID APR 2026,2,PESHAWAR,SMT,SHAHEEN MUSLIM TWN2,UNICEF,CCO,3,111111111111111
NID APR 2026,2,PESHAWAR,CITY,MALAKANDHER,WHO,UCPO,13,111111111111111
NID APR 2026,2,PESHAWAR,CITY,GUNJ,WHO,UCPO,2,111110111111111
NID APR 2026,2,PESHAWAR,SMT,DEH BAHADAR,WHO,UCPO,9,111111111111111
NID APR 2026,2,PESHAWAR,SADDAR,MARYAM ZAI,WHO,UCPO,2,111111111111111
NID APR 2026,2,PESHAWAR,MATTANI,MASHOGAGAR,WHO,UCPO,,111111111111100
NID APR 2026,2,CHARSADA,CHARSADDA,RAJJAR 1,Government,UCMO,4,111111111111-01
NID APR 2026,2,PESHAWAR,CITY,KAKSHAL,UNICEF,CBO,2,111111111111111
NID APR 2026,2,PESHAWAR,SHAH ALAM,DAG,WHO,UCPO,2,111111111111111
NID APR 2026,2,PESHAWAR,MATTANI,SARBAND,WHO,UCPO,6,111111111111111
NID APR 2026,2,PESHAWAR,SMT,YAKATOOT 1,UNICEF,CBO,,111111111111100
NID APR 2026,2,PESHAWAR,SMT,NOTHIA JADEED,WHO,UCPO,5,111111111111111
NID APR 2026,2,KHYBER,BARA,JANBAZ A,WHO,UCPO,3,111111111111-11
NID APR 2026,2,PESHAWAR,SADDAR,URMAR BALA,WHO,UCPO,2,111111111111111
NID APR 2026,2,PESHAWAR,SADDAR,BADABER HUREZAI,Government,DSV / ASV,,111111111111111
NID APR 2026,2,PESHAWAR,CITY,SHAHEEN TOWN,N-STOP,Provincial Facilitator (N-STOP Officer- TSO),4,111111111111111
NID APR 2026,2,PESHAWAR,CITY,KARIM PURA,UNICEF,CBO,2,111111111111111
NID APR 2026,2,PESHAWAR,SMT,DERI BAGHBANAN,WHO,UCPO,3,111111111111111
NID APR 2026,2,PESHAWAR,SMT,HAZARKHWANI 1,WHO,UCPO,2,111111111111111
NID APR 2026,2,CHARSADA,CHARSADDA,SHEIKHO,UNICEF,CCO,,111111111111111
NID APR 2026,2,PESHAWAR,SHAH ALAM,TUKHTABAD,WHO,UCPO,7,111111111111111
NID APR 2026,2,NOWSHERA,PABBI,TARRU JABBA,Government,UCMO,5,111111111111111
NID APR 2026,2,PESHAWAR,SMT,HAZARKHWANI 2,WHO,UCPO,3,111111111111111
NID APR 2026,2,PESHAWAR,CITY,SUFAID DHERI,WHO,UCPO,2,111111111111100
NID APR 2026,2,NOWSHERA,JEHANGIRA,KHAIRABAD CAMP,WHO,TTSP/TUSP,1,111111-11111000
NID APR 2026,2,PESHAWAR,SADDAR,AZAKHEL TELABAND,WHO,UCPO,,111111111111111
NID APR 2026,2,PESHAWAR,SADDAR,MUSAZAI,UNICEF,CBO,8,111111111111111
NID APR 2026,2,PESHAWAR,CITY,SUFAID DHERI,WHO,UCPO,8,111111111111100
NID APR 2026,2,NOWSHERA,NOWSHERA,KABUL RIVER,WHO,UCPO,1,111111111111110
NID APR 2026,2,PESHAWAR,CITY,KHALSA 2,WHO,UCSP,6,111111111111100
NID APR 2026,2,PESHAWAR,SMT,HAZARKHWANI 2,WHO,UCPO,1,111111111111111
NID APR 2026,2,PESHAWAR,SMT,HAZARKHWANI 2,WHO,UCPO,2,111111111111111
NID APR 2026,2,PESHAWAR,SMT,AKHOON ABAD,WHO,UCPO,4,111111111111-00
NID APR 2026,2,PESHAWAR,SMT,SHEIKH JUNAID ABAD,WHO,UCPO,2,111111111111111
NID APR 2026,2,PESHAWAR,CITY,KHALSA 1,WHO,UCPO,1,111111111111111
NID APR 2026,2,PESHAWAR,SMT,LANDI ARBAB,UNICEF,Provincial Facilitator (Health Specialists/Officers- Communication- SBC Specialists/Officers-VMO- M and E Officer- Media Specialist- Provincial Communication Officer-Training etc),5,111111111111100
NID APR 2026,2,PESHAWAR,SMT,LANDI ARBAB,UNICEF,Provincial Facilitator (Health Specialists/Officers- Communication- SBC Specialists/Officers-VMO- M and E Officer- Media Specialist- Provincial Communication Officer-Training etc),4,111111111111100
NID APR 2026,2,PESHAWAR,CITY,MEHAL TERAI 2,WHO,UCPO,8,111111111111111
NID APR 2026,2,CHARSADA,CHARSADDA,MC-2 CHARSADDA,WHO,TTSP/TUSP,5,111111111111-11
NID APR 2026,2,CHARSADA,TANGI,SHERPAO,Government,UCMO,4,111111111111-11
NID APR 2026,2,PESHAWAR,SHAH ALAM,KHAZANA,WHO,UCPO,,111111111111111
NID APR 2026,2,PESHAWAR,SHAH ALAM,SHAHI BALA,WHO,TPO/ TDO,,111111111111100
NID APR 2026,2,PESHAWAR,MATTANI,SULEMAN KHEIL,WHO,UCPO,2,111111111111100
NID APR 2026,2,PESHAWAR,SMT,BHANA MARI,Government,UCMO,,111111111111111
NID APR 2026,2,PESHAWAR,CITY,UNIVERSITY TOWN,WHO,UCPO,,111111111111111
NID APR 2026,2,PESHAWAR,SADDAR,CHAMKANI,WHO,UCPO,4,111111111111111
NID APR 2026,2,PESHAWAR,CITY,UNIVERSITY TOWN,WHO,UCPO,,111111111111111
NID APR 2026,2,NOWSHERA,NOWSHERA,BARA BANDA,WHO,UCPO,7,111111111111111
NID APR 2026,2,PESHAWAR,CITY,FAQIR ABAD,UNICEF,CBO,1,111111111111111
NID APR 2026,2,PESHAWAR,SMT,KAKSHAL 2,WHO,UCPO,1,111111111111111
NID APR 2026,2,PESHAWAR,CITY,MEHAL TERAI 2,WHO,UCPO,4,111111111111111
NID APR 2026,2,PESHAWAR,SHAH ALAM,SHAHI BALA,WHO,UCPO,2,111111111111110
NID APR 2026,2,PESHAWAR,CITY,MALAKANDHER,WHO,UCPO,2,111111111111100
NID APR 2026,2,PESHAWAR,SHAH ALAM,KAFOOR DHERI,WHO,UCPO,4,111111111111111
NID APR 2026,2,PESHAWAR,SHAH ALAM,NAHAQI,UNICEF,CBO,4,111111111111111
NID APR 2026,2,MOHMAND,SAFI LAKARO,MASOOD,Government,UCMO,1,111111111111111
NID APR 2026,2,NOWSHERA,PABBI,CHOKI MAMREZ,WHO,UCPO,3,111111111111100
NID APR 2026,2,KHYBER,JAMRUD,LOWARA MIANA,WHO,UCPO,3,111111111111-00
NID APR 2026,2,PESHAWAR,SHAH ALAM,WADPAGA,WHO,UCDO,6,111111111111100
NID APR 2026,2,MOHMAND,HALEEMZAI,KASSI,Government,UCMO,3,111111111111100
NID APR 2026,2,PESHAWAR,CITY,KHALSA 1,WHO,UCPO,6,111111111111100
NID APR 2026,2,PESHAWAR,SMT,LANDI ARBAB,WHO,UCPO,3,111111111111111
NID APR 2026,2,PESHAWAR,CITY,HASAN GARHI 2,WHO,UCSP,,111111111111111
NID APR 2026,2,PESHAWAR,CITY,KHALSA 2,WHO,UCPO,7,111111111111100
NID APR 2026,2,CHARSADA,SHABQADAR,MC-3 SHABQADAR,WHO,TTSP/TUSP,4,111111111111111
NID APR 2026,2,PESHAWAR,SMT,YAKATOOT 3,WHO,UCPO,3,111111111111111
NID APR 2026,2,PESHAWAR,CITY,PALOSI,WHO,Independent Monitor,1,111111111111110
NID APR 2026,2,PESHAWAR,SHAH ALAM,KANIZA,WHO,UCPO,2,111111111111111
NID APR 2026,2,PESHAWAR,CITY,REGI,UNICEF,CBO,2,111111111111111
NID APR 2026,2,PESHAWAR,CITY,FAQIR ABAD,UNICEF,CBO,2,111111111111111
NID APR 2026,2,PESHAWAR,CITY,FAQIR ABAD,WHO,UCSP,2,111111111111111
NID APR 2026,2,PESHAWAR,CITY,KHALSA 2,WHO,UCPO,8,111111111111100
NID APR 2026,2,CHARSADA,CHARSADDA,TURANGZAI,WHO,TTSP/TUSP,3,111111111111100
NID APR 2026,2,PESHAWAR,CITY,PALOSI,WHO,UCPO,4,111111111111111
NID APR 2026,2,PESHAWAR,CITY,JEHANGIR PURA,Government,UCMO,2,111111111111100
NID APR 2026,2,KHYBER,JAMRUD,NEW ABADI,WHO,Independent Monitor,123,111111011111111
NID APR 2026,2,PESHAWAR,SMT,DEH BAHADAR,WHO,UCPO,,111111111111100
NID APR 2026,2,PESHAWAR,SADDAR,CHAMKANI,WHO,UCPO,7,111111111111111
NID APR 2026,2,PESHAWAR,SMT,SHEIKH JUNAID ABAD,WHO,UCPO,3,111111111111111
NID APR 2026,2,PESHAWAR,CITY,SUFAID DHERI,WHO,UCPO,14,111111111111111
NID APR 2026,2,PESHAWAR,CITY,KHALSA 1,WHO,UCPO,5,111111111111100
NID APR 2026,2,PESHAWAR,SHAH ALAM,LARAMA,WHO,UCPO,5,111111111111100
NID APR 2026,2,PESHAWAR,CITY,TEHKAL PAYAN 2 IRRIG,WHO,UCSP,1,111111111111111
NID APR 2026,2,NOWSHERA,PABBI,BALU,Government,UCMO,3,111111111111110
NID APR 2026,2,CHARSADA,TANGI,MC TANGI,Government,UCMO,7,111111111111111
NID APR 2026,2,PESHAWAR,CITY,HAYAT ABAD 1,WHO,UCPO,7,111111111111100
NID APR 2026,2,KHYBER,JAMRUD,SHAH KAS A,Government,UCMO,3,111111111111111
NID APR 2026,2,KHYBER,LANDI KOTAL,KAM SHALMAN,WHO,UCPO,1,111111111111110
NID APR 2026,2,PESHAWAR,MATTANI,PISHTAKHARA,WHO,Independent Monitor,2,111111111111111
NID APR 2026,2,PESHAWAR,CITY,TEHKAL BALA,WHO,UCPO,4,111111111111111
NID APR 2026,2,PESHAWAR,SHAH ALAM,GARHI SHER DAD,WHO,UCPO,1,111111111111111
NID APR 2026,2,PESHAWAR,CITY,PALOSI,WHO,Provincial Facilitator (M&E- Campaign- HRMP- EPI-PEI Syn- Training etc),4,111101011111100
NID APR 2026,2,PESHAWAR,SHAH ALAM,SHAHI BALA,WHO,UCPO,7,111111111111110
NID APR 2026,2,PESHAWAR,SHAH ALAM,NAHAQI,WHO,UCPO,,111111111111111
NID APR 2026,2,PESHAWAR,SMT,BHANA MARI,WHO,UCPO,4,111111111111111
NID APR 2026,2,PESHAWAR,SHAH ALAM,GULBELA,WHO,UCPO,,111111111111100
NID APR 2026,2,PESHAWAR,SHAH ALAM,GULBELA,WHO,UCPO,,111111111111100
NID APR 2026,2,CHARSADA,CHARSADDA,MC-4 CHARSADDA,N-STOP,District NSTOP Officer,2,100100011110100
NID APR 2026,2,PESHAWAR,CITY,SUFAID DHERI,WHO,Independent Monitor,3,111111111111111
NID APR 2026,2,PESHAWAR,SMT,AKHOON ABAD,N-STOP,District NSTOP Officer,1,111011111111111
NID APR 2026,2,PESHAWAR,CITY,ANDERSHEHER,Government,UCMO,,111111111111111
NID APR 2026,2,PESHAWAR,SHAH ALAM,DAG,WHO,UCPO,6,111111111111111
NID APR 2026,2,PESHAWAR,CITY,SHAHEEN TOWN,N-STOP,Provincial Facilitator (N-STOP Officer- TSO),5,111111111111100
NID APR 2026,2,PESHAWAR,SMT,BHANA MARI,Government,UCMO,4,111111111111111
NID APR 2026,2,PESHAWAR,CITY,MEHAL TERAI 1,WHO,UCSP,2,111111111111111
NID APR 2026,2,NOWSHERA,NOWSHERA,CHOCKI TOWN,N-STOP,District NSTOP Officer,1,111111111111-11
NID APR 2026,2,NOWSHERA,PABBI,AMANKOT,Government,UCMO,2,111111111111111
NID APR 2026,2,NOWSHERA,NOWSHERA,NOWSHERA CITY,WHO,TTSP/TUSP,,111111111111100
NID APR 2026,2,MOHMAND,PARANG GHAAR,UMAR KHEL,WHO,UCPO,3,111111111111-11
NID APR 2026,2,PESHAWAR,MATTANI,SHEIKHAN,WHO,UCPO,,111111111111111
NID APR 2026,2,KHYBER,JAMRUD,ALI MASJID B,WHO,UCPO,4,111111111111111
NID APR 2026,2,PESHAWAR,CITY,SUFAID DHERI,WHO,UCPO,4,111111111111111
NID APR 2026,2,PESHAWAR,SMT,YAKATOOT 3,UNICEF,CBO,5,111111111111100
NID APR 2026,2,PESHAWAR,CITY,KAKSHAL,WHO,District Polio Officer,3,111111111111111
NID APR 2026,2,PESHAWAR,SMT,NOTHIA QADEEM,WHO,UCPO,2,111111111111111
NID APR 2026,2,PESHAWAR,CITY,HASAN GARHI 2,N-STOP,District NSTOP Officer,1,111111111111111
NID APR 2026,2,PESHAWAR,CITY,GULBAHAR,WHO,UCSP,4,111111111111111
NID APR 2026,2,KHYBER,JAMRUD,LOWARA MIANA,WHO,UCPO,1,111111111111-11
NID APR 2026,2,KHYBER,BARA,ABDULLAH JAN,Government,UCMO,4,111111111111111
NID APR 2026,2,PESHAWAR,CITY,HASAN GARHI 1,WHO,UCPO,2,111111111111111
NID APR 2026,2,KHYBER,BARA,TAUDA CHEENA,WHO,UCPO,1,111111111111111
NID APR 2026,2,PESHAWAR,MATTANI,SARBAND,WHO,UCPO,2,111111111111111
NID APR 2026,2,PESHAWAR,SHAH ALAM,LALA KALAY,WHO,UCPO,8,111111111111111
NID APR 2026,2,PESHAWAR,CITY,HAYAT ABAD 2,WHO,UCPO,1,111111111111111
NID APR 2026,2,PESHAWAR,SHAH ALAM,SAEEDABAD,Government,UCMO,7,111111111111111
NID APR 2026,2,PESHAWAR,SMT,HAZARKHWANI 2,WHO,UCSP,9,111111111111111
NID APR 2026,2,PESHAWAR,SHAH ALAM,MATHRA,WHO,UCPO,9,111111111111111
NID APR 2026,2,PESHAWAR,MATTANI,MASHOGAGAR,WHO,UCPO,1,111111111111111
NID APR 2026,2,PESHAWAR,MATTANI,PISHTAKHARA,WHO,UCPO,6,111111111111100
NID APR 2026,2,PESHAWAR,SHAH ALAM,KANKOLA,WHO,UCPO,10,111111111111111
NID APR 2026,2,PESHAWAR,SADDAR,ADEZAI,UNICEF,CBO,7,111111111111100
NID APR 2026,2,PESHAWAR,CITY,HASAN GARHI 1,WHO,UCPO,,111111111111111
NID APR 2026,2,PESHAWAR,MATTANI,MATTANI,UNICEF,CBO,5,111111111111111
NID APR 2026,2,PESHAWAR,CITY,LAHORI,WHO,UCPO,1,111111111111100
NID APR 2026,2,PESHAWAR,CITY,GULBAHAR,UNICEF,CBO,2,111111111111111
NID APR 2026,2,KHYBER,LANDI KOTAL,PIROKHEL,UNICEF,CBO,4,111111-11111101
NID APR 2026,2,PESHAWAR,SHAH ALAM,WADPAGA,WHO,UCPO,5,111111111111100
NID APR 2026,2,PESHAWAR,SMT,AKHOON ABAD,N-STOP,District NSTOP Officer,3,111011111111111
NID APR 2026,2,NOWSHERA,NOWSHERA,AZAKHEL BALA,WHO,Area Coordinator / District Coordinator,,111111111111100
NID APR 2026,2,PESHAWAR,SMT,SHAHEEN MUSLIM TWN2,WHO,UCPO,3,111111111111111
NID APR 2026,2,PESHAWAR,SHAH ALAM,SHAHI BALA,UNICEF,CBO,,111111111111111
NID APR 2026,2,CHARSADA,TANGI,GANDHERI,WHO,TPO/ TDO,4,111111111101100
NID APR 2026,2,PESHAWAR,CITY,TEHKAL PAYAN 2 IRRIG,WHO,UCPO,2,111111111111111
NID APR 2026,2,PESHAWAR,MATTANI,BAZID KHEL,UNICEF,CBO,6,111111111111100
NID APR 2026,2,CHARSADA,TANGI,SHERPAO,Government,UCMO,5,111111111111111
NID APR 2026,2,KHYBER,BARA,FORT SLOPE,WHO,UCPO,,111111111111111
NID APR 2026,2,PESHAWAR,MATTANI,SARBAND,UNICEF,CBO,5,111111111111111
NID APR 2026,2,PESHAWAR,CITY,HASAN GARHI 2,N-STOP,District NSTOP Officer,2,111111111111111
NID APR 2026,2,NOWSHERA,JEHANGIRA,SHAIDU,WHO,TTSP/TUSP,5,011111111101000
NID APR 2026,2,PESHAWAR,CITY,HAYAT ABAD 2,WHO,UCPO,14,111111111111111
NID APR 2026,2,PESHAWAR,CITY,SUFAID DHERI,WHO,Independent Monitor,4,111111111111111
NID APR 2026,2,PESHAWAR,SHAH ALAM,LARAMA,WHO,UCPO,7,111111111111100
NID APR 2026,2,KHYBER,BARA,ABDULLAH JAN,WHO,UCPO,2,111111111111-01
NID APR 2026,2,PESHAWAR,CITY,SUFAID DHERI,WHO,UCPO,3,111111111111111
NID APR 2026,2,CHARSADA,CHARSADDA,MC-3 CHARSADDA,Government,UCMO,3,111111111111111
NID APR 2026,2,PESHAWAR,SADDAR,BADABER MARYAMZAI,Government,UCMO,2,111111111111111
NID APR 2026,2,PESHAWAR,CITY,TEHKAL BALA,WHO,UCPO,6,111111111111111
NID APR 2026,2,PESHAWAR,CITY,CANTT WARD 2,WHO,UCSP,2,111111111111-00
NID APR 2026,2,CHARSADA,TANGI,KOZ BEHRAM DHERI,Government,UCMO,,111111111111100
NID APR 2026,2,CHARSADA,CHARSADDA,MC-3 CHARSADDA,Government,UCMO,1,111111111111111
NID APR 2026,2,PESHAWAR,SADDAR,AZAKHEL TELABAND,WHO,UCSP,7,111111111111111
NID APR 2026,2,PESHAWAR,CITY,HAYAT ABAD 2,WHO,UCPO,8,111111111111100
NID APR 2026,2,PESHAWAR,SHAH ALAM,SHAHI BALA,WHO,TPO/ TDO,3,111111111111100
NID APR 2026,2,PESHAWAR,CITY,MEHAL TERAI 2,WHO,UCPO,9,111111111111111
NID APR 2026,2,PESHAWAR,SMT,NOTHIA QADEEM,WHO,UCPO,,111111111111111
NID APR 2026,2,PESHAWAR,SHAH ALAM,PAJAGI,WHO,UCPO,10,111111111111100
NID APR 2026,2,PESHAWAR,SADDAR,BADABER MARYAMZAI,WHO,UCPO,2,111111111111100
NID APR 2026,2,KHYBER,BARA,TAUDA CHEENA,WHO,UCPO,,111111111111-11
NID APR 2026,2,PESHAWAR,CITY,ANDERSHEHER,WHO,UCPO,,111111111111100
NID APR 2026,2,PESHAWAR,SADDAR,ADEZAI,WHO,UCPO,4,111111111111100
NID APR 2026,2,CHARSADA,SHABQADAR,MC-3 SHABQADAR,WHO,TTSP/TUSP,4,111111111111111
NID APR 2026,2,KHYBER,LANDI KOTAL,SHEIKHMAL KHEL,WHO,UCPO,3,111111111111111
NID APR 2026,2,PESHAWAR,MATTANI,BAZID KHEL,WHO,UCPO,5,111111111111111
NID APR 2026,2,PESHAWAR,MATTANI,PISHTAKHARA,Government,UCMO,2,111111111111111
NID APR 2026,2,PESHAWAR,CITY,HAYAT ABAD 1,UNICEF,Provincial Facilitator (Health Specialists/Officers- Communication- SBC Specialists/Officers-VMO- M and E Officer- Media Specialist- Provincial Communication Officer-Training etc),8,111111111111111
NID APR 2026,2,PESHAWAR,SMT,NOTHIA JADEED,WHO,UCPO,,111111111111111
NID APR 2026,2,PESHAWAR,CITY,PALOSI,WHO,UCPO,3,111111111111100
NID APR 2026,2,PESHAWAR,SHAH ALAM,PAJAGI,WHO,UCPO,,111111111111111
NID APR 2026,2,PESHAWAR,CITY,PALOSI,WHO,Provincial Facilitator (M&E- Campaign- HRMP- EPI-PEI Syn- Training etc),3,111111011111100
NID APR 2026,1,NOWSHERA,NOWSHERA,KHESHGI PAYAN,Government,Area Incharge (AIC),,1111111111-1-11
NID APR 2026,2,PESHAWAR,MATTANI,ACHINI,WHO,UCPO,3,111111111111100
NID APR 2026,2,PESHAWAR,SHAH ALAM,NAHAQI,WHO,UCPO,1,111111111111111
NID APR 2026,2,MOHMAND,PARANG GHAAR,ASGHAR,Government,UCMO,2,111111111111111
NID APR 2026,2,CHARSADA,CHARSADDA,RAJJAR 1,Government,UCMO,6,111111111111-10
NID APR 2026,2,PESHAWAR,CITY,JEHANGIR PURA,WHO,UCPO,3,111111111111100
NID APR 2026,1,PESHAWAR,CITY,GUNJ,WHO,UCPO,1,111111111111111
NID APR 2026,2,PESHAWAR,SHAH ALAM,KANKOLA,WHO,UCPO,9,111111111111111
NID APR 2026,2,MOHMAND,PARANG GHAAR,NAO BUCHA,Government,UCMO,2,111111111111-11
NID APR 2026,2,PESHAWAR,CITY,GUNJ,WHO,UCPO,2,111111111111111
NID APR 2026,2,KHYBER,LANDI KOTAL,PIROKHEL,WHO,UCPO,3,111111111111-11
NID APR 2026,2,PESHAWAR,MATTANI,MASHOGAGAR,WHO,UCPO,2,111111111111100
NID APR 2026,2,PESHAWAR,SADDAR,MARYAM ZAI,WHO,UCPO,1,111111111111111
NID APR 2026,2,PESHAWAR,SHAH ALAM,DAG,WHO,UCPO,4,111111111111111
NID APR 2026,2,PESHAWAR,CITY,MALAKANDHER,WHO,UCPO,15,111111111111111
NID APR 2026,2,PESHAWAR,CITY,HASAN GARHI 2,WHO,UCPO,3,111111111111111
NID APR 2026,2,PESHAWAR,SADDAR,AZAKHEL TELABAND,WHO,UCPO,,111111111111111
NID APR 2026,2,PESHAWAR,SMT,CANTT WARD 5,Government,UCMO,1,111111111111111
NID APR 2026,2,NOWSHERA,NOWSHERA,KABUL RIVER,WHO,UCPO,7,111111111111100
NID APR 2026,2,KHYBER,BARA,GANDAO,WHO,UCPO,1,111111111111111
NID APR 2026,2,KHYBER,LANDI KOTAL,MIRDAD KHEL,WHO,UCPO,7,111111111111100
NID APR 2026,2,PESHAWAR,CITY,MEHAL TERAI 1,WHO,UCPO,1,111111111111111
NID APR 2026,2,PESHAWAR,CITY,HASAN GARHI 2,UNICEF,CBO,5,111111111111111
NID APR 2026,2,PESHAWAR,CITY,CANTT WARD 1,WHO,UCPO,2,111111111111-11
NID APR 2026,2,PESHAWAR,CITY,HASAN GARHI 1,N-STOP,District NSTOP Officer,1,111111111111111
NID APR 2026,2,PESHAWAR,SHAH ALAM,KHAZANA,WHO,UCPO,,111111111111111
NID APR 2026,2,PESHAWAR,SMT,SHAHEEN MUSLIM TWN1,WHO,Provincial Facilitator (M&E- Campaign- HRMP- EPI-PEI Syn- Training etc),,111111111111111
NID APR 2026,2,PESHAWAR,SMT,SHAHEEN MUSLIM TWN1,WHO,Provincial Facilitator (M&E- Campaign- HRMP- EPI-PEI Syn- Training etc),2,111111111111111
NID APR 2026,2,PESHAWAR,CITY,HAYAT ABAD 1,UNICEF,CBO,3,111111111111111
NID APR 2026,2,PESHAWAR,CITY,HASAN GARHI 1,UNICEF,CBO,,111111111111100
NID APR 2026,2,NOWSHERA,NOWSHERA,NOWSHERA CITY,WHO,TTSP/TUSP,,111111111111100
NID APR 2026,2,PESHAWAR,MATTANI,PISHTAKHARA,Government,UCMO,2,1111111111-1111
NID APR 2026,2,KHYBER,BARA,MASTAK,WHO,UCPO,,111111111111-11
NID APR 2026,2,MOHMAND,PANDIALI,TAMANZAI,WHO,TPO/ TDO,3,111111111111111
NID APR 2026,2,PESHAWAR,SADDAR,URMAR MIANA,WHO,UCPO,1,111111111111111
NID APR 2026,2,PESHAWAR,SADDAR,URMAR MIANA,WHO,UCPO,2,111111111111111
NID APR 2026,2,PESHAWAR,CITY,KHALSA 2,WHO,UCSP,5,111111111111100
NID APR 2026,2,PESHAWAR,MATTANI,MATTANI,WHO,UCSP,1,111111111111111
NID APR 2026,2,CHARSADA,CHARSADDA,DHERI ZARDAD,N-STOP,District NSTOP Officer,9,111111111111111
NID APR 2026,2,PESHAWAR,CITY,HAYAT ABAD 2,UNICEF,Provincial Facilitator (Health Specialists/Officers- Communication- SBC Specialists/Officers-VMO- M and E Officer- Media Specialist- Provincial Communication Officer-Training etc),3,111111111111111
NID APR 2026,2,PESHAWAR,CITY,KHALSA 2,WHO,UCPO,4,111111111111111
NID APR 2026,2,PESHAWAR,CITY,KHALSA 2,UNICEF,CBO,1,111111111111111
NID APR 2026,2,CHARSADA,CHARSADDA,UTMANZAI,WHO,TPO/ TDO,2,111111111111-11
NID APR 2026,2,PESHAWAR,SMT,SHAHEEN MUSLIM TWN1,WHO,UCPO,,111111111111111
NID APR 2026,2,CHARSADA,TANGI,SHERPAO,Government,UCMO,2,111111111111111
NID APR 2026,2,PESHAWAR,SMT,DEH BAHADAR,WHO,Area Coordinator / District Coordinator,9,111111111111111
NID APR 2026,2,CHARSADA,CHARSADDA,MC-3 CHARSADDA,WHO,TTSP/TUSP,2,111111111111111
NID APR 2026,2,PESHAWAR,CITY,SUFAID DHERI,UNICEF,CBO,6,111111111111100
NID APR 2026,2,PESHAWAR,SHAH ALAM,SAEEDABAD,WHO,UCPO,1,111111111111111
NID APR 2026,2,PESHAWAR,SADDAR,SUREZAI PAYAN,WHO,UCPO,1,111111111111100
NID APR 2026,2,PESHAWAR,MATTANI,BAZID KHEL,WHO,UCPO,4,111111111111111
NID APR 2026,1,PESHAWAR,SHAH ALAM,LALA KALAY,WHO,Independent Monitor,2,111011111110000
NID APR 2026,2,PESHAWAR,CITY,KHALSA 1,WHO,UCPO,2,111111111111111
NID APR 2026,2,PESHAWAR,SHAH ALAM,LALA KALAY,WHO,Independent Monitor,5,111110111111000
NID APR 2026,2,PESHAWAR,SHAH ALAM,GARHI SHER DAD,WHO,UCPO,2,111111111111101
NID APR 2026,2,PESHAWAR,SHAH ALAM,DAG,WHO,UCPO,1,111111111111111
NID APR 2026,2,MOHMAND,PARANG GHAAR,ASGHAR,Government,UCMO,1,111111111111-11
NID APR 2026,2,PESHAWAR,SHAH ALAM,PAKHA GHULAM,WHO,UCPO,5,111111111111100
NID APR 2026,2,PESHAWAR,SHAH ALAM,LALA KALAY,WHO,UCSP,2,111111111111100
NID APR 2026,2,KHYBER,BARA,AJAB TALAB,WHO,UCPO,,111111111111100
NID APR 2026,2,PESHAWAR,SADDAR,ADEZAI,WHO,UCPO,3,111111111111100
NID APR 2026,2,CHARSADA,TANGI,KOZ BEHRAM DHERI,WHO,TTSP/TUSP,4,111111011110000
NID APR 2026,2,PESHAWAR,SHAH ALAM,JOGANI,WHO,UCPO,2,111111111111100
NID APR 2026,2,MOHMAND,HALEEMZAI,KASSI,WHO,TPO/ TDO,,111111111111-00
NID APR 2026,2,MOHMAND,HALEEMZAI,KASSI,WHO,TPO/ TDO,,111111111111111
NID APR 2026,2,MOHMAND,SAFI LAKARO,SAGAI,WHO,UCSP,,111111111111-11
NID APR 2026,2,PESHAWAR,SADDAR,URMAR BALA,WHO,UCPO,3,111111111111111
NID APR 2026,2,PESHAWAR,SMT,DEH BAHADAR,WHO,UCPO,2,111111111111100
NID APR 2026,2,PESHAWAR,CITY,HAYAT ABAD 2,WHO,UCPO,2,111111111111111
NID APR 2026,2,PESHAWAR,SHAH ALAM,JOGANI,WHO,UCPO,5,111111111111100
NID APR 2026,2,MOHMAND,SAFI LAKARO,SAGAI,WHO,UCSP,,111111111111-11
NID APR 2026,2,PESHAWAR,MATTANI,PISHTAKHARA,WHO,Independent Monitor,4,111111111111111
NID APR 2026,2,CHARSADA,CHARSADDA,MC-3 CHARSADDA,WHO,TTSP/TUSP,1,111111111111111
NID APR 2026,2,PESHAWAR,SADDAR,URMAR PAYAN,WHO,UCPO,2,111111111111111
NID APR 2026,2,PESHAWAR,SMT,LANDI ARBAB,WHO,UCPO,2,111111111111111
NID APR 2026,2,PESHAWAR,SMT,LANDI ARBAB,WHO,UCPO,4,111111111111111
NID APR 2026,2,PESHAWAR,SMT,CANTT WARD 5,Government,UCMO,2,111111111111111
NID APR 2026,2,PESHAWAR,SHAH ALAM,MATHRA,WHO,UCPO,10,111111111111100
NID APR 2026,2,PESHAWAR,SMT,DEH BAHADAR,WHO,UCPO,12,111111011111111
NID APR 2026,2,PESHAWAR,SMT,YAKATOOT 1,WHO,District Polio Officer,3,111111111111111
NID APR 2026,2,NOWSHERA,NOWSHERA,NOWSHERA CANTT,WHO,Independent Monitor,6,111111111111111
NID APR 2026,2,PESHAWAR,SHAH ALAM,KHAZANA,WHO,UCPO,7,111111111111111
NID APR 2026,2,PESHAWAR,CITY,SUFAID DHERI,WHO,UCPO,13,111111111111111
NID APR 2026,2,PESHAWAR,SHAH ALAM,KHAZANA,WHO,UCPO,6,111111111111111
NID APR 2026,2,PESHAWAR,SMT,DERI BAGHBANAN,WHO,Area Coordinator / District Coordinator,6,101111111111111
NID APR 2026,2,PESHAWAR,MATTANI,PISHTAKHARA,WHO,UCPO,7,111111111111100
NID APR 2026,1,PESHAWAR,CITY,HASAN GARHI 1,N-STOP,District NSTOP Officer,2,111111111111111
NID APR 2026,2,PESHAWAR,MATTANI,MATTANI,WHO,UCPO,,111111111111111
NID APR 2026,2,PESHAWAR,SMT,YAKATOOT 3,UNICEF,CBO,4,111111111111100
NID APR 2026,2,NOWSHERA,JEHANGIRA,AKORA KHATTAK,Government,UCMO,1,111111111111111
NID APR 2026,2,PESHAWAR,CITY,LAHORI,WHO,UCPO,2,111111111111100
NID APR 2026,2,KHYBER,LANDI KOTAL,KAM SHALMAN,UNICEF,CBO,2,111111111111110
NID APR 2026,2,PESHAWAR,SADDAR,MARYAM ZAI,WHO,UCSP,4,111111111111100
NID APR 2026,2,PESHAWAR,CITY,SHAHEEN TOWN,WHO,UCPO,,111111111111111
NID APR 2026,2,PESHAWAR,SADDAR,CHAMKANI,WHO,UCPO,1,111111111111111
NID APR 2026,2,CHARSADA,CHARSADDA,RAJJAR 1,WHO,TTSP/TUSP,4,111111111111100
NID APR 2026,2,MOHMAND,PARANG GHAAR,ASGHAR,WHO,TTSP/TUSP,1,111111111111-11
NID APR 2026,2,PESHAWAR,SHAH ALAM,KANKOLA,WHO,UCPO,1,111111111111101
NID APR 2026,2,PESHAWAR,SMT,CANTT WARD 5,WHO,UCPO,3,111111111111111
NID APR 2026,2,PESHAWAR,CITY,ANDERSHEHER,WHO,UCPO,,111111111111100
NID APR 2026,2,PESHAWAR,SHAH ALAM,KANKOLA,WHO,UCPO,6,111111111111100
NID APR 2026,2,CHARSADA,TANGI,MC TANGI,Government,UCMO,3,111111111111111
NID APR 2026,2,PESHAWAR,CITY,SIKANDAR TOWN,WHO,UCPO,1,111111111111111
NID APR 2026,2,MOHMAND,HALEEMZAI,GHALLANAI,WHO,TTSP/TUSP,,111111111111111
NID APR 2026,2,KHYBER,LANDI KOTAL,TORKHAM,WHO,UCPO,1,111111111111111
NID APR 2026,2,CHARSADA,TANGI,ABAZAI,WHO,TTSP/TUSP,1,111111111111000
NID APR 2026,2,PESHAWAR,SMT,DERI BAGHBANAN,WHO,UCPO,1,111111111111111
NID APR 2026,2,PESHAWAR,CITY,HASAN GARHI 1,UNICEF,CBO,,111111111111100
NID APR 2026,2,PESHAWAR,CITY,HASAN GARHI 2,WHO,UCPO,8,111111111111101
NID APR 2026,2,CHARSADA,TANGI,KOZ BEHRAM DHERI,Government,UCMO,,111111111111100
NID APR 2026,2,CHARSADA,TANGI,KOZ BEHRAM DHERI,Government,UCMO,,111111111111100
NID APR 2026,2,KHYBER,LANDI KOTAL,LOE SHALMAN A,WHO,UCPO,,111111111111101
NID APR 2026,2,PESHAWAR,CITY,REGI,WHO,UCPO,3,111111111111111
NID APR 2026,2,PESHAWAR,SMT,SHAHEEN MUSLIM TWN1,WHO,UCPO,4,111111111111111
NID APR 2026,2,PESHAWAR,CITY,KHALSA 2,WHO,UCPO,9,111111111111111
NID APR 2026,2,NOWSHERA,PABBI,CHOKI MAMREZ,WHO,UCPO,4,111111111111110
NID APR 2026,2,MOHMAND,HALEEMZAI,KASSI,UNICEF,CCO,4,111111111111-00
NID APR 2026,2,NOWSHERA,NOWSHERA,PAHARI KATTI KHEL,WHO,UCSP,6,111111111110100
NID APR 2026,2,NOWSHERA,NOWSHERA,PAHARI KATTI KHEL,WHO,UCSP,,111111111111100
NID APR 2026,2,PESHAWAR,SMT,BHANA MARI,WHO,UCPO,3,111111111111111
NID APR 2026,2,NOWSHERA,NOWSHERA,KABUL RIVER,WHO,UCPO,8,111111111111100
NID APR 2026,2,PESHAWAR,CITY,CANTT WARD 2,WHO,UCSP,3,111111111111-00
NID APR 2026,2,CHARSADA,SHABQADAR,RASHAKI,WHO,UCPO,8,110110010001000
NID APR 2026,2,PESHAWAR,SHAH ALAM,SHAHI BALA,WHO,UCPO,3,111111111111111
NID APR 2026,2,PESHAWAR,CITY,PALOSI,WHO,Independent Monitor,2,111111111111111
NID APR 2026,2,PESHAWAR,CITY,FAQIR ABAD,WHO,UCPO,3,111111111111111
NID APR 2026,2,PESHAWAR,SMT,HAZARKHWANI 2,WHO,UCSP,11,111111111111111
NID APR 2026,2,MOHMAND,PANDIALI,DANISHKOOL,WHO,UCSP,2,100011111111100
NID APR 2026,2,PESHAWAR,CITY,HASAN GARHI 2,WHO,UCPO,4,111111111111111
NID APR 2026,2,PESHAWAR,CITY,KHALSA 2,WHO,UCPO,3,111111111111111
NID APR 2026,2,NOWSHERA,NOWSHERA,AZAKHEL BALA,WHO,UCPO,4,111111111111100
NID APR 2026,2,NOWSHERA,NOWSHERA,AZAKHEL BALA,WHO,UCPO,2,111111111111111
NID APR 2026,2,CHARSADA,TANGI,KOZ BEHRAM DHERI,WHO,TTSP/TUSP,2,111111111111011
NID APR 2026,2,PESHAWAR,SMT,HAZARKHWANI 2,WHO,UCPO,,111111111111111
NID APR 2026,2,PESHAWAR,SMT,HAZARKHWANI 2,WHO,UCPO,,111111111111111
NID APR 2026,2,PESHAWAR,SHAH ALAM,PANAM DHERI,WHO,UCPO,3,111111111111111
NID APR 2026,3,PESHAWAR,SHAH ALAM,JOGANI,WHO,UCPO,3,111111111111111
NID APR 2026,2,PESHAWAR,CITY,HASAN GARHI 1,WHO,District Polio Officer,2,111111111111111
NID APR 2026,2,PESHAWAR,CITY,KHALSA 2,UNICEF,CBO,2,111111111111111
NID APR 2026,2,MOHMAND,BAIZAI,LANDI SHAH,WHO,UCSP,,111111111111-00
NID APR 2026,2,MOHMAND,SAFI LAKARO,LAKARO,Government,UCMO,1,111111111111100
NID APR 2026,2,PESHAWAR,MATTANI,SHEIKH MOHAMMADI,WHO,UCPO,3,111111111111100
NID APR 2026,2,MOHMAND,SAFI LAKARO,LAKARO,Government,UCMO,3,111111111111100
NID APR 2026,2,PESHAWAR,MATTANI,SHEIKH MOHAMMADI,WHO,UCPO,4,111111111111100
NID APR 2026,2,PESHAWAR,CITY,SHAHI BAGH,Government,UCMO,1,111111111111111
NID APR 2026,2,NOWSHERA,NOWSHERA,NAWA KALY,WHO,UCPO,6,111111111111101
NID APR 2026,2,KHYBER,LANDI KOTAL,KAM SHALMAN,Government,UCMO,156,111111111111-10
NID APR 2026,2,PESHAWAR,MATTANI,BAZID KHEL,WHO,UCPO,3,111111111111111
NID APR 2026,2,PESHAWAR,CITY,CANTT WARD 1,WHO,UCPO,3,111111111111-11
NID APR 2026,2,PESHAWAR,CITY,ASIA DABGARI,WHO,UCPO,1,111111111111111
NID APR 2026,2,PESHAWAR,CITY,HASAN GARHI 2,WHO,UCSP,1,111111111111111
NID APR 2026,2,KHYBER,BARA,FORT SLOPE,WHO,TPO/ TDO,1,111111111111111
NID APR 2026,2,NOWSHERA,NOWSHERA,RASHAKAI,WHO,TTSP/TUSP,1,111111111111111
NID APR 2026,2,KHYBER,LANDI KOTAL,SHEIKHMAL KHEL,WHO,UCPO,5,111111111111111
NID APR 2026,2,NOWSHERA,NOWSHERA,RASHAKAI,WHO,TTSP/TUSP,4,111111111111111
NID APR 2026,2,PESHAWAR,SMT,AKHOON ABAD,WHO,UCPO,1,111111111111111
NID APR 2026,2,PESHAWAR,CITY,SIKANDAR TOWN,WHO,UCPO,2,111111111111100
NID APR 2026,2,PESHAWAR,SHAH ALAM,WADPAGA,WHO,UCPO,3,111111111111100
NID APR 2026,2,PESHAWAR,SADDAR,MERA KACHORI,WHO,UCPO,2,111111111111111
NID APR 2026,2,PESHAWAR,SADDAR,MERA KACHORI,WHO,UCPO,1,111111111111111
NID APR 2026,2,PESHAWAR,CITY,SUFAID DHERI,Government,UCMO,7,111111111111111
NID APR 2026,2,KHYBER,BARA,FORT SLOPE,WHO,TPO/ TDO,1,111111111111111
NID APR 2026,2,MOHMAND,SAFI LAKARO,SANDO KHEL,WHO,TPO/ TDO,1,111111111111100
NID APR 2026,2,PESHAWAR,CITY,JEHANGIR PURA,WHO,UCPO,1,111111111111110
NID APR 2026,2,PESHAWAR,SHAH ALAM,PAJAGI,WHO,UCPO,8,111111111111100
NID APR 2026,2,NOWSHERA,NOWSHERA,PIRSABAQ,WHO,Independent Monitor,2,111101011101100
NID APR 2026,2,NOWSHERA,NOWSHERA,PIRSABAQ,WHO,Independent Monitor,1,111011111111010
NID APR 2026,2,PESHAWAR,SADDAR,MERA KACHORI,WHO,UCPO,10,111111111111111
NID APR 2026,2,PESHAWAR,SADDAR,MERA KACHORI,WHO,UCPO,9,111111111111111
NID APR 2026,2,KHYBER,JAMRUD,NEW ABADI,WHO,UCPO,4,111111111111100
NID APR 2026,2,KHYBER,JAMRUD,NEW ABADI,WHO,UCPO,1,111111111111101
NID APR 2026,2,PESHAWAR,SHAH ALAM,LARAMA,WHO,UCPO,6,111111111111111
NID APR 2026,2,NOWSHERA,JEHANGIRA,ADAMZAI,WHO,TPO/ TDO,,111111111111111
NID APR 2026,2,MOHMAND,HALEEMZAI,KAMALI,N-STOP,District NSTOP Officer,5,111111111111-11
NID APR 2026,2,MOHMAND,HALEEMZAI,KAMALI,N-STOP,District NSTOP Officer,1,111111111111-11
NID APR 2026,2,MOHMAND,HALEEMZAI,KASSI,UNICEF,CCO,5,111111111111-00
NID APR 2026,2,CHARSADA,TANGI,KOZ BEHRAM DHERI,WHO,TTSP/TUSP,1,111111111111011
NID APR 2026,2,NOWSHERA,JEHANGIRA,ADAMZAI,WHO,TPO/ TDO,,111111111111111
NID APR 2026,2,PESHAWAR,SHAH ALAM,SAEEDABAD,WHO,UCPO,,111111111111111
NID APR 2026,2,KHYBER,BARA,FORT SLOPE,WHO,UCPO,,111111111111101
NID APR 2026,2,PESHAWAR,SADDAR,SHERAKERA,WHO,UCPO,4,111111111101100
NID APR 2026,2,PESHAWAR,SADDAR,SHERAKERA,WHO,UCPO,2,111111111111100
NID APR 2026,2,NOWSHERA,NOWSHERA,PAHARI KATTI KHEL,Government,UCMO,4,111111111111101
NID APR 2026,2,CHARSADA,TANGI,SHERPAO,WHO,UCPO,6,111011111111100
NID APR 2026,2,CHARSADA,TANGI,SHERPAO,WHO,UCPO,7,111010111111100
NID APR 2026,2,MOHMAND,SAFI LAKARO,SANDO KHEL,WHO,UCPO,3,111111110011-00
NID APR 2026,2,MOHMAND,SAFI LAKARO,SANDO KHEL,WHO,UCPO,2,111111111111100
NID APR 2026,2,PESHAWAR,CITY,PALOSI,WHO,UCPO,5,111111111111111
NID APR 2026,2,CHARSADA,CHARSADDA,RAJJAR 1,WHO,TTSP/TUSP,1,111111111111100
NID APR 2026,2,PESHAWAR,CITY,PALOSI,WHO,UCPO,4,111111111111111
NID APR 2026,2,CHARSADA,TANGI,DHAKKI,WHO,UCSP,1,111111111111111
NID APR 2026,2,PESHAWAR,CITY,MALAKANDHER,WHO,UCPO,6,111111111111100
NID APR 2026,2,PESHAWAR,SMT,SHAHEEN MUSLIM TWN1,WHO,UCPO,11,111111111111111
NID APR 2026,2,PESHAWAR,SMT,SHAHEEN MUSLIM TWN1,WHO,UCPO,10,111111-11111111
NID APR 2026,2,NOWSHERA,NOWSHERA,NAWA KALY,Government,UCMO,4,111111111111111
NID APR 2026,2,NOWSHERA,NOWSHERA,KHESHGI PAYAN,WHO,Other (Specify),3,111111111111111
NID APR 2026,2,NOWSHERA,JEHANGIRA,JEHANGIRA,WHO,UCPO,4,111111111111111
NID APR 2026,2,PESHAWAR,CITY,HASAN GARHI 1,WHO,UCPO,1,111111111111111
NID APR 2026,2,PESHAWAR,CITY,MEHAL TERAI 1,WHO,UCPO,4,111111111111111
NID APR 2026,2,PESHAWAR,CITY,HASAN GARHI 2,UNICEF,CBO,9,111111111111111
NID APR 2026,2,PESHAWAR,SMT,YAKATOOT 2,WHO,UCPO,1,111111111111111
NID APR 2026,2,PESHAWAR,MATTANI,BAZID KHEL,WHO,UCPO,2,111111111111111
NID APR 2026,2,NOWSHERA,NOWSHERA,AZAKHEL PAYAN,WHO,TPO/ TDO,2,111111111111111
NID APR 2026,1,PESHAWAR,CITY,TEHKAL PAYAN,WHO,Independent Monitor,,111111111111100
NID APR 2026,2,PESHAWAR,CITY,PAWAKA,WHO,UCPO,5,111111111111111
NID APR 2026,2,PESHAWAR,CITY,TEHKAL PAYAN,WHO,Independent Monitor,,111111111111100
NID APR 2026,2,PESHAWAR,CITY,GUNJ,WHO,UCPO,1,111111111111111
NID APR 2026,1,PESHAWAR,SMT,NOTHIA QADEEM,Government,Area Incharge (AIC),,111111111111111
NID APR 2026,2,PESHAWAR,SMT,NOTHIA QADEEM,Government,Area Incharge (AIC),4,111111111111111
NID APR 2026,2,PESHAWAR,SHAH ALAM,TUKHTABAD,WHO,UCPO,2,111111111111100
NID APR 2026,2,NOWSHERA,NOWSHERA,KHESHGI PAYAN,UNICEF,CBO,1,111111111111-10
NID APR 2026,2,PESHAWAR,SMT,NOTHIA QADEEM,Government,CEO/DHO,3,111111111111111
NID APR 2026,2,CHARSADA,TANGI,DHAKKI,WHO,UCSP,5,111110111111100
NID APR 2026,2,PESHAWAR,CITY,CANTT WARD 4,WHO,UCPO,1,111111111111100
NID APR 2026,2,PESHAWAR,CITY,JEHANGIR PURA,WHO,UCPO,2,111111111111100
NID APR 2026,2,PESHAWAR,SADDAR,URMAR MIANA,WHO,UCPO,4,111111111111111
NID APR 2026,2,PESHAWAR,SADDAR,URMAR MIANA,WHO,UCPO,3,111111111111111
NID APR 2026,2,PESHAWAR,SMT,NOTHIA QADEEM,Government,UCMO,4,111111111111111
NID APR 2026,2,KHYBER,LANDI KOTAL,TIRAH BAZAR B,Government,UCMO,,111111111111-01
NID APR 2026,2,PESHAWAR,MATTANI,PISHTAKHARA,WHO,UCPO,4,111111111111100
NID APR 2026,2,PESHAWAR,CITY,TEHKAL PAYAN,WHO,UCPO,1,111111111111100
NID APR 2026,2,PESHAWAR,CITY,TEHKAL PAYAN,WHO,UCPO,2,111111111111100
NID APR 2026,2,KHYBER,LANDI KOTAL,STATION,WHO,UCPO,4,111111111111111
NID APR 2026,2,PESHAWAR,CITY,TEHKAL PAYAN,WHO,UCPO,4,111111111111100
NID APR 2026,2,PESHAWAR,CITY,REGI,WHO,UCPO,4,111111111111111
NID APR 2026,2,MOHMAND,HALEEMZAI,KAMALI,WHO,UCSP,,111111111111-11
NID APR 2026,2,MOHMAND,PARANG GHAAR,UMAR KHEL,WHO,UCPO,1,111111111111111
NID APR 2026,2,KHYBER,LANDI KOTAL,LOE SHALMAN B,WHO,UCPO,2,111111111111-00
NID APR 2026,2,NOWSHERA,JEHANGIRA,MISRI BANDA,WHO,TTSP/TUSP,5,1111111111-1-00
NID APR 2026,2,PESHAWAR,CITY,HASAN GARHI 1,WHO,UCPO,4,111111111111111
NID APR 2026,2,NOWSHERA,JEHANGIRA,MISRI BANDA,WHO,TTSP/TUSP,5,1111111111-1-00
NID APR 2026,2,NOWSHERA,NOWSHERA,NAWA KALY,Government,UCMO,3,111111111111111
NID APR 2026,2,MOHMAND,KHAWEZAI,KHADI KHEL,Government,UCMO,,111111111111100
NID APR 2026,2,NOWSHERA,NOWSHERA,NOWSHERA CANTT,WHO,Independent Monitor,3,111111011111111
NID APR 2026,2,PESHAWAR,SMT,WAZIR BAGH,WHO,UCSP,,111111111111111
NID APR 2026,2,NOWSHERA,JEHANGIRA,ADAMZAI,Government,UCMO,,111111111111111
NID APR 2026,2,PESHAWAR,MATTANI,ACHINI,WHO,UCPO,5,111111111111111
NID APR 2026,2,PESHAWAR,MATTANI,ACHINI,WHO,UCPO,7,111111111111111
NID APR 2026,2,PESHAWAR,CITY,HAYAT ABAD 2,WHO,UCPO,9,111111111111100
NID APR 2026,2,KHYBER,LANDI KOTAL,LOE SHALMAN B,WHO,Independent Monitor,169,111011111111-00
NID APR 2026,2,NOWSHERA,NOWSHERA,AZAKHEL PAYAN,WHO,TTSP/TUSP,5,111111111111111
NID APR 2026,2,KHYBER,LANDI KOTAL,LOE SHALMAN B,WHO,Independent Monitor,171,111011111111-00
NID APR 2026,2,NOWSHERA,NOWSHERA,AZAKHEL PAYAN,WHO,TTSP/TUSP,4,100101111111100
NID APR 2026,2,PESHAWAR,CITY,SHAHI BAGH,UNICEF,CBO,1,111111111111111
NID APR 2026,2,PESHAWAR,SADDAR,SUREZAI PAYAN,WHO,UCPO,3,111111111111100
NID APR 2026,2,PESHAWAR,SADDAR,SUREZAI PAYAN,WHO,UCPO,6,111111111111100
NID APR 2026,2,PESHAWAR,CITY,HASAN GARHI 1,Government,UCMO,,111111111111111
NID APR 2026,2,KHYBER,LANDI KOTAL,TIRAH BAZAR B,WHO,UCPO,3338759150,111111111111111
NID APR 2026,2,KHYBER,TIRAH MAIDAN,PAGDARA,WHO,UCPO,3,111111111111-11
NID APR 2026,2,MOHMAND,KHAWEZAI,JUMA KHEL,WHO,TPO/ TDO,2,111111111111-00
NID APR 2026,2,PESHAWAR,CITY,MEHAL TERAI 2,WHO,UCPO,1,111111111111111
NID APR 2026,2,PESHAWAR,CITY,HASAN GARHI 1,WHO,UCPO,6,111111111111111
NID APR 2026,2,PESHAWAR,SHAH ALAM,BUDHNI,WHO,Independent Monitor,1,111111111111111
NID APR 2026,2,PESHAWAR,SHAH ALAM,BUDHNI,WHO,Independent Monitor,3,111111111111111
NID APR 2026,2,NOWSHERA,NOWSHERA,GANDHERI,WHO,UCPO,,111111111111111
NID APR 2026,1,CHARSADA,CHARSADDA,SARKI TETARA,Government,UCMO,1,111111111111111
NID APR 2026,2,CHARSADA,CHARSADDA,SARKI TETARA,Government,UCMO,2,111111111111111
NID APR 2026,2,KHYBER,TIRAH MAIDAN,PAGDARA,WHO,UCPO,1,111111111111-11
NID APR 2026,1,CHARSADA,CHARSADDA,SARKI TETARA,Government,UCMO,4,111111111111110
NID APR 2026,2,CHARSADA,SHABQADAR,BATTAGRAM,WHO,UCPO,9,111111011101100
NID APR 2026,2,CHARSADA,SHABQADAR,BATTAGRAM,WHO,UCPO,7,111111111111100
NID APR 2026,2,PESHAWAR,SADDAR,BADABER HUREZAI,WHO,UCPO,5,111111111111111
NID APR 2026,2,PESHAWAR,SHAH ALAM,MATHRA,WHO,UCPO,2,111111111111111
NID APR 2026,2,PESHAWAR,SHAH ALAM,MATHRA,WHO,UCPO,1,111111111111111
NID APR 2026,2,MOHMAND,BAIZAI,KODA KHEL,WHO,TPO/ TDO,,100111111111-00
NID APR 2026,1,CHARSADA,CHARSADDA,SARKI TETARA,Government,UCMO,1,111111111111111
NID APR 2026,2,PESHAWAR,SHAH ALAM,MATHRA,WHO,UCPO,3,111111111111100
NID APR 2026,2,PESHAWAR,SHAH ALAM,MATHRA,WHO,UCPO,4,111111111111100
NID APR 2026,2,PESHAWAR,MATTANI,SULEMAN KHEIL,WHO,UCPO,,111111111111111
NID APR 2026,2,PESHAWAR,MATTANI,SULEMAN KHEIL,WHO,UCPO,,111111111111100
NID APR 2026,2,PESHAWAR,SMT,SHAHEEN MUSLIM TWN2,WHO,Independent Monitor,3,111111111111100
NID APR 2026,2,PESHAWAR,SMT,SHAHEEN MUSLIM TWN2,WHO,Independent Monitor,1,111111111111100
NID APR 2026,2,KHYBER,JAMRUD,ALI MASJID B,WHO,Independent Monitor,2,111011011111100
NID APR 2026,2,KHYBER,JAMRUD,ALI MASJID B,WHO,Independent Monitor,3,111011011111100
NID APR 2026,1,NOWSHERA,PABBI,DAG BESUD,Government,UCMO,,111111111111111
NID APR 2026,2,KHYBER,LANDI KOTAL,MIRDAD KHEL,WHO,UCPO,,111111111111-11
NID APR 2026,1,NOWSHERA,PABBI,DAG BESUD,Government,UCMO,,111111111111111
NID APR 2026,2,PESHAWAR,CITY,FAQIR ABAD,WHO,UCSP,1,111111111111111
NID APR 2026,2,PESHAWAR,CITY,MALAKANDHER,WHO,Independent Monitor,15,1111111111-1-00
NID APR 2026,2,KHYBER,LANDI KOTAL,LOE SHALMAN B,WHO,UCPO,,111111111111-10
NID APR 2026,2,MOHMAND,AMBAR,KHARAI,Government,UCMO,,111111111111-11
NID APR 2026,2,MOHMAND,SAFI LAKARO,ALINGAR,WHO,UCPO,,111111111111-00
NID APR 2026,2,NOWSHERA,JEHANGIRA,MERA AKORA,WHO,UCPO,6,111111111111100
NID APR 2026,2,PESHAWAR,SMT,YAKATOOT 1,Other Partner (BMGF/CDC/RIZ/ROTARY etc),Federal/Provincial/District Facilitator,1,1111111100-0100
NID APR 2026,2,PESHAWAR,CITY,TEHKAL PAYAN,WHO,UCPO,3,111111111110-00
NID APR 2026,2,PESHAWAR,SADDAR,SUREZAI BALA,WHO,UCPO,2,111111111111111
NID APR 2026,2,PESHAWAR,SADDAR,SUREZAI BALA,WHO,UCPO,3,111111111111111
NID APR 2026,2,PESHAWAR,CITY,MALAKANDHER,WHO,UCPO,9,111111111111100
NID APR 2026,2,PESHAWAR,SADDAR,MERA SUREZAI PAYAN,WHO,UCPO,6,111111111111100
NID APR 2026,2,PESHAWAR,SADDAR,MERA SUREZAI PAYAN,WHO,UCPO,5,111111111111100
NID APR 2026,2,KHYBER,JAMRUD,NEW ABADI,UNICEF,CBO,,111111111111111
NID APR 2026,2,PESHAWAR,CITY,HAYAT ABAD 1,WHO,UCPO,11,111111111111100
NID APR 2026,2,PESHAWAR,SADDAR,SUREZAI PAYAN,WHO,UCPO,2,111111111111100
NID APR 2026,2,PESHAWAR,SHAH ALAM,CHAGARMATI,WHO,UCPO,3,111111011111111
NID APR 2026,2,PESHAWAR,CITY,TEHKAL PAYAN,UNICEF,CCO,4,111111111111111
NID APR 2026,2,PESHAWAR,CITY,SHAHEEN TOWN,WHO,UCPO,2,111111111111111
NID APR 2026,2,PESHAWAR,CITY,MALAKANDHER,WHO,UCSP,10,111111111111111
NID APR 2026,2,PESHAWAR,CITY,MALAKANDHER,WHO,UCSP,13,111111111111111
NID APR 2026,2,PESHAWAR,CITY,MALAKANDHER,WHO,UCSP,3,111111111111111
NID APR 2026,3,KHYBER,JAMRUD,NEW ABADI,Government,UCMO,7,111111111111111
NID APR 2026,3,KHYBER,JAMRUD,NEW ABADI,WHO,UCPO,3,111111111111100
NID APR 2026,3,KHYBER,LANDI KOTAL,SULTAN KHEL A,Government,UCMO,2,111111111111111
NID APR 2026,2,PESHAWAR,SHAH ALAM,TUKHTABAD,WHO,UCPO,6,111111111111111
NID APR 2026,3,KHYBER,JAMRUD,SUR KAMAR,WHO,UCPO,3,111111111111100
NID APR 2026,3,CHARSADA,SHABQADAR,HASSANZAI,WHO,TTSP/TUSP,3,111111111111111
NID APR 2026,3,NOWSHERA,PABBI,TARRU JABBA,Government,UCMO,4,111111111111111
NID APR 2026,3,NOWSHERA,NOWSHERA,GANDHERI,WHO,UCPO,4,111111111111111
NID APR 2026,3,KHYBER,JAMRUD,ALI MASJID B,WHO,UCPO,1,111111111111111
NID APR 2026,3,KHYBER,JAMRUD,SUR KAMAR,WHO,District Polio Officer,1,111111111111100
NID APR 2026,3,MOHMAND,SAFI LAKARO,SAGAI,Government,UCMO,5,111111111111101
NID APR 2026,3,CHARSADA,SHABQADAR,MC-2 SHABQADAR,Government,UCMO,2,111111111111111
NID APR 2026,3,PESHAWAR,SHAH ALAM,GULBELA,WHO,UCPO,9,111111111111100
NID APR 2026,3,KHYBER,BARA,ABDULLAH JAN,WHO,UCPO,1,111111111111-01
NID APR 2026,3,PESHAWAR,SHAH ALAM,KAFOOR DHERI,WHO,UCPO,2,111111111111110
NID APR 2026,3,PESHAWAR,MATTANI,PISHTAKHARA,WHO,UCPO,1,111111111111100
NID APR 2026,3,PESHAWAR,MATTANI,MATTANI,UNICEF,CBO,3,111111111111111
NID APR 2026,2,PESHAWAR,SHAH ALAM,MATHRA,UNICEF,CBO,,111111111111111
NID APR 2026,3,KHYBER,LANDI KOTAL,SULTAN KHEL A,WHO,UCPO,1,111111111111100
NID APR 2026,3,CHARSADA,SHABQADAR,MC-3 SHABQADAR,WHO,TTSP/TUSP,4,111111111111111
NID APR 2026,3,PESHAWAR,SMT,HAZARKHWANI 1,WHO,UCPO,6,111111111111111
NID APR 2026,3,PESHAWAR,SMT,HAZARKHWANI 1,WHO,Independent Monitor,6,111111011111111
NID APR 2026,3,PESHAWAR,SMT,BHANA MARI,WHO,UCPO,3,111101111111100
NID APR 2026,3,KHYBER,LANDI KOTAL,SULTAN KHEL B,WHO,UCPO,202,111111111111-11
NID APR 2026,3,KHYBER,LANDI KOTAL,KHUGA KHEL,WHO,UCPO,5,111111111111111
NID APR 2026,3,PESHAWAR,MATTANI,SULEMAN KHEIL,WHO,UCPO,4,111111111111100
NID APR 2026,3,NOWSHERA,NOWSHERA,PAHARI KATTI KHEL,WHO,UCSP,1,111111111111100
NID APR 2026,3,PESHAWAR,SMT,NOTHIA JADEED,WHO,UCPO,1,111111111111111
NID APR 2026,3,KHYBER,JAMRUD,PAINDI LALMA,WHO,Independent Monitor,130,111111111111-11
NID APR 2026,3,PESHAWAR,CITY,CANTT WARD 2,Government,UCMO,2,111111111111-00
NID APR 2026,3,NOWSHERA,PABBI,BALU,Government,UCMO,1,111111111111111
NID APR 2026,3,PESHAWAR,SHAH ALAM,CHAGARMATI,WHO,UCPO,5,111111111111111
NID APR 2026,3,NOWSHERA,JEHANGIRA,MERA AKORA,N-STOP,District NSTOP Officer,1,111111111111100
NID APR 2026,3,PESHAWAR,SHAH ALAM,KANKOLA,WHO,UCPO,7,111111111111111
NID APR 2026,3,PESHAWAR,SMT,SHAHEEN MUSLIM TWN2,WHO,UCPO,1,111111111111111
NID APR 2026,3,PESHAWAR,SHAH ALAM,PAJAGI,WHO,UCPO,3,111111111111100
NID APR 2026,3,KHYBER,JAMRUD,MIA MORCHA,UNICEF,CCO,118,111111111111100
NID APR 2026,3,KHYBER,JAMRUD,SHAH KAS A,WHO,UCPO,5,111111111111111
NID APR 2026,3,PESHAWAR,SHAH ALAM,GULBELA,WHO,UCPO,10,111111111111100
NID APR 2026,3,PESHAWAR,MATTANI,SARBAND,WHO,UCPO,4,111111111111111
NID APR 2026,3,CHARSADA,SHABQADAR,MC-3 SHABQADAR,WHO,TTSP/TUSP,5,111111111111111
NID APR 2026,3,PESHAWAR,MATTANI,BAZID KHEL,UNICEF,CBO,4,111111111111100
NID APR 2026,3,KHYBER,LANDI KOTAL,SULTAN KHEL B,WHO,UCPO,6,111111111111111
NID APR 2026,3,PESHAWAR,SADDAR,SUREZAI BALA,Government,UCMO,1,111111111111111
NID APR 2026,3,PESHAWAR,MATTANI,SARBAND,WHO,UCPO,3,111111111111111
NID APR 2026,3,PESHAWAR,MATTANI,SHEIKHAN,UNICEF,CBO,4,111111111101100
NID APR 2026,3,KHYBER,BARA,JANBAZ A,Government,UCMO,31,111111111111111
NID APR 2026,3,KHYBER,LANDI KOTAL,MIRDAD KHEL,WHO,UCPO,5,111011111111111
NID APR 2026,3,PESHAWAR,SHAH ALAM,KHAZANA,WHO,UCPO,7,111111111111111
NID APR 2026,3,CHARSADA,SHABQADAR,MC-3 SHABQADAR,WHO,TPO/ TDO,2,111111111110100
NID APR 2026,3,PESHAWAR,CITY,PAWAKA,WHO,UCPO,6,111111111111111
NID APR 2026,3,PESHAWAR,SHAH ALAM,WADPAGA,N-STOP,District NSTOP Officer,7,111111111111110
NID APR 2026,3,PESHAWAR,CITY,MEHAL TERAI 2,WHO,UCPO,7,111111111111111
NID APR 2026,3,PESHAWAR,SMT,HAZARKHWANI 1,WHO,UCPO,5,111111111111111
NID APR 2026,3,PESHAWAR,SHAH ALAM,DAG,WHO,UCPO,3,111111111111111
NID APR 2026,3,PESHAWAR,SMT,NOTHIA JADEED,WHO,Independent Monitor,3,111111111111111
NID APR 2026,3,PESHAWAR,SMT,HAZARKHWANI 1,WHO,Independent Monitor,5,111111101111000
NID APR 2026,3,PESHAWAR,SMT,HAZARKHWANI 2,WHO,UCPO,1,111111111111111
NID APR 2026,3,PESHAWAR,CITY,KHALSA 1,UNICEF,CBO,1,111111111111111
NID APR 2026,3,PESHAWAR,SHAH ALAM,KANIZA,WHO,UCPO,4,111111111111111
NID APR 2026,3,PESHAWAR,CITY,ASIA DABGARI,WHO,UCPO,2,111111111111111
NID APR 2026,3,PESHAWAR,SMT,HAZARKHWANI 2,WHO,UCPO,3,111111111111111
NID APR 2026,3,PESHAWAR,CITY,TEHKAL BALA,WHO,UCPO,7,111111111111111
NID APR 2026,3,PESHAWAR,SMT,BHANA MARI,WHO,UCPO,1,111111111111111
NID APR 2026,3,KHYBER,LANDI KOTAL,SULTAN KHEL A,WHO,TPO/ TDO,202,111111111111111
NID APR 2026,3,PESHAWAR,SMT,SHAHEEN MUSLIM TWN1,WHO,UCPO,1,111111111111111
NID APR 2026,3,PESHAWAR,SMT,SHEIKH JUNAID ABAD,WHO,UCPO,1,111111111111111
NID APR 2026,3,PESHAWAR,SMT,YAKATOOT 2,WHO,UCPO,2,111111111111100
NID APR 2026,3,PESHAWAR,SADDAR,CHAMKANI,WHO,UCPO,8,111111111111111
NID APR 2026,3,PESHAWAR,SHAH ALAM,LALA KALAY,WHO,UCSP,3,111111111111111
NID APR 2026,3,PESHAWAR,MATTANI,SARBAND,WHO,Independent Monitor,6,111111111111111
NID APR 2026,3,PESHAWAR,SHAH ALAM,WADPAGA,N-STOP,District NSTOP Officer,9,111111111111111
NID APR 2026,3,PESHAWAR,CITY,KHALSA 2,WHO,UCPO,1,111111111111100
NID APR 2026,3,PESHAWAR,CITY,GULBAHAR,WHO,UCSP,3,111111111111111
NID APR 2026,3,PESHAWAR,CITY,PAWAKA,UNICEF,CBO,1,111111111111111
NID APR 2026,3,PESHAWAR,SMT,SHAHEEN MUSLIM TWN2,WHO,UCPO,3,111111111111111
NID APR 2026,3,PESHAWAR,CITY,HAYAT ABAD 2,WHO,UCPO,11,111111111111111
NID APR 2026,3,KHYBER,BARA,ABDULLAH JAN,Government,UCMO,2,111111111111111
NID APR 2026,3,PESHAWAR,SMT,NOTHIA JADEED,WHO,Independent Monitor,4,111111111111111
NID APR 2026,3,PESHAWAR,CITY,JEHANGIR PURA,Government,UCMO,3,111111111111111
NID APR 2026,3,CHARSADA,TANGI,SHERPAO,Government,UCMO,6,111111111111111
NID APR 2026,3,KHYBER,JAMRUD,LOWARA MIANA,WHO,UCPO,2,111111111111-11
NID APR 2026,3,PESHAWAR,SMT,HAZARKHWANI 2,WHO,UCPO,2,111111111111111
NID APR 2026,3,NOWSHERA,PABBI,BALU,WHO,TTSP/TUSP,5,111111111111111
NID APR 2026,3,PESHAWAR,SMT,AKHOON ABAD,WHO,UCPO,4,111111111111100
NID APR 2026,3,MOHMAND,PANDIALI,PANDIALI,Government,UCMO,4,111111111101000
NID APR 2026,3,PESHAWAR,CITY,PALOSI,WHO,UCPO,5,111111111111111
NID APR 2026,3,PESHAWAR,CITY,MALAKANDHER,N-STOP,Provincial Facilitator (N-STOP Officer- TSO),2,111111111111100
NID APR 2026,3,PESHAWAR,CITY,PAWAKA,WHO,UCPO,7,111111111111111
NID APR 2026,3,PESHAWAR,SMT,DERI BAGHBANAN,WHO,UCPO,2,111111111111111
NID APR 2026,3,PESHAWAR,CITY,HASAN GARHI 2,WHO,UCPO,1,111111111111111
NID APR 2026,3,PESHAWAR,SHAH ALAM,KANKOLA,WHO,UCPO,8,111111111111111
NID APR 2026,3,PESHAWAR,SHAH ALAM,HARYANA PAYAN,WHO,UCPO,8,111111111111100
NID APR 2026,3,PESHAWAR,CITY,HAYAT ABAD 1,WHO,UCPO,2,111111111111100
NID APR 2026,3,CHARSADA,TANGI,HARICHAND,Government,UCMO,1,111111111111111
NID APR 2026,3,PESHAWAR,SMT,NOTHIA QADEEM,WHO,UCPO,1,111111111111111
NID APR 2026,3,PESHAWAR,CITY,LAHORI,WHO,UCPO,2,111111111111100
NID APR 2026,3,PESHAWAR,CITY,MEHAL TERAI 1,WHO,UCSP,3,111111111111111
NID APR 2026,3,PESHAWAR,SMT,YAKATOOT 1,UNICEF,CBO,1,111111111111100
NID APR 2026,3,PESHAWAR,SHAH ALAM,NAHAQI,UNICEF,CBO,7,111111111111111
NID APR 2026,3,PESHAWAR,SMT,NOTHIA JADEED,WHO,UCPO,2,111111111111111
NID APR 2026,3,NOWSHERA,NOWSHERA,RASHAKAI,UNICEF,CBO,2,111111111111-11
NID APR 2026,3,KHYBER,LANDI KOTAL,KHUGA KHEL,WHO,UCPO,3,111111111111111
NID APR 2026,3,PESHAWAR,SHAH ALAM,TUKHTABAD,WHO,UCPO,1,111111111111111
NID APR 2026,3,CHARSADA,CHARSADDA,TURANGZAI,WHO,TTSP/TUSP,2,111111111111100
NID APR 2026,3,PESHAWAR,SHAH ALAM,GULBELA,WHO,UCPO,4,111111111111100
NID APR 2026,3,PESHAWAR,SADDAR,SUREZAI BALA,WHO,UCPO,4,111111111111111
NID APR 2026,3,PESHAWAR,MATTANI,PISHTAKHARA,UNICEF,Provincial Facilitator (Health Specialists/Officers- Communication- SBC Specialists/Officers-VMO- M and E Officer- Media Specialist- Provincial Communication Officer-Training etc),4,111111111111100
NID APR 2026,3,PESHAWAR,SMT,DEH BAHADAR,N-STOP,District NSTOP Officer,5,111011111111111
NID APR 2026,3,CHARSADA,CHARSADDA,SARKI TETARA,Government,UCMO,1,111111111111111
NID APR 2026,3,NOWSHERA,NOWSHERA,KHESHGI BALA,WHO,UCPO,2,111111111111111
NID APR 2026,3,PESHAWAR,SADDAR,MARYAM ZAI,WHO,UCSP,5,111111111111100
NID APR 2026,3,PESHAWAR,SHAH ALAM,DAG,WHO,UCPO,4,111111111111111
NID APR 2026,3,PESHAWAR,CITY,KHALSA 1,WHO,UCPO,6,111111111111111
NID APR 2026,3,PESHAWAR,SMT,YAKATOOT 1,UNICEF,CCO,2,111111111111111
NID APR 2026,3,NOWSHERA,NOWSHERA,NOWSHERA CITY,WHO,TTSP/TUSP,4,111111111111111
NID APR 2026,3,PESHAWAR,CITY,KHALSA 1,WHO,UCPO,4,111111111111100
NID APR 2026,3,PESHAWAR,CITY,FAQIR ABAD,UNICEF,CBO,3,111111111111111
NID APR 2026,3,PESHAWAR,SMT,HAZARKHWANI 2,WHO,UCSP,10,111111111111111
NID APR 2026,3,CHARSADA,CHARSADDA,RAJJAR 1,Government,UCMO,4,111111111111-10
NID APR 2026,3,MOHMAND,SAFI LAKARO,MASOOD,Government,UCMO,3,111111111111111
NID APR 2026,3,PESHAWAR,CITY,TEHKAL PAYAN,WHO,UCPO,4,111111111111100
NID APR 2026,3,PESHAWAR,CITY,MEHAL TERAI 2,WHO,Independent Monitor,9,111111111111111
NID APR 2026,3,PESHAWAR,SHAH ALAM,LARAMA,WHO,UCPO,6,111111111111100
NID APR 2026,3,PESHAWAR,SMT,NOTHIA QADEEM,WHO,UCPO,3,111111111111111
NID APR 2026,3,NOWSHERA,PABBI,CHOKI MAMREZ,UNICEF,CBO,1,111111111111111
NID APR 2026,3,KHYBER,JAMRUD,LOWARA MIANA,WHO,UCPO,4,111111111111-00
NID APR 2026,3,PESHAWAR,SMT,DEH BAHADAR,N-STOP,District NSTOP Officer,8,111011111111111
NID APR 2026,3,PESHAWAR,SHAH ALAM,PAKHA GHULAM,WHO,UCPO,7,111111111111111
NID APR 2026,3,PESHAWAR,CITY,KARIM PURA,UNICEF,CBO,1,111111111111111
NID APR 2026,3,PESHAWAR,SMT,YAKATOOT 3,WHO,UCPO,1,111111111111100
NID APR 2026,3,PESHAWAR,SMT,AKHOON ABAD,WHO,Provincial Facilitator (M&E- Campaign- HRMP- EPI-PEI Syn- Training etc),1,111011111111111
NID APR 2026,3,PESHAWAR,MATTANI,SHEIKHAN,WHO,UCPO,5,111111111111111
NID APR 2026,3,PESHAWAR,SHAH ALAM,KAFOOR DHERI,WHO,UCPO,1,111111111111111
NID APR 2026,3,PESHAWAR,CITY,KHALSA 2,WHO,UCSP,9,111111111111100
NID APR 2026,3,PESHAWAR,SHAH ALAM,BUDHNI,WHO,UCPO,2,111111111111111
NID APR 2026,3,PESHAWAR,CITY,HAYAT ABAD 2,WHO,UCPO,8,111111111111111
NID APR 2026,3,PESHAWAR,SADDAR,URMAR BALA,WHO,UCPO,11,1111111110-1100
NID APR 2026,3,PESHAWAR,MATTANI,PISHTAKHARA,WHO,UCPO,2,111111111111100
NID APR 2026,3,PESHAWAR,SMT,LANDI ARBAB,WHO,UCPO,5,111111111111111
NID APR 2026,3,PESHAWAR,CITY,MEHAL TERAI 2,WHO,UCPO,6,111111111111111
NID APR 2026,3,KHYBER,LANDI KOTAL,PIROKHEL,UNICEF,CBO,1,111111111111111
NID APR 2026,3,PESHAWAR,MATTANI,PISHTAKHARA,WHO,UCPO,3,111111111111100
NID APR 2026,3,NOWSHERA,NOWSHERA,BADRASHI,WHO,TTSP/TUSP,10,111111111111111
NID APR 2026,3,MOHMAND,PARANG GHAAR,NAO BUCHA,Government,UCMO,2,111111111111-11
NID APR 2026,3,KHYBER,BARA,MASTAK,Government,UCMO,8,111111111111111
NID APR 2026,3,NOWSHERA,PABBI,BALU,Government,UCMO,2,111111111111-00
NID APR 2026,3,PESHAWAR,CITY,REGI,WHO,UCPO,,111111111111111
NID APR 2026,3,PESHAWAR,CITY,MALAKANDHER,WHO,UCPO,9,111111111111111
NID APR 2026,3,KHYBER,LANDI KOTAL,SHEIKHMAL KHEL,WHO,UCPO,2,111111111111111
NID APR 2026,3,PESHAWAR,SHAH ALAM,GULBELA,WHO,TPO/ TDO,6,111111111111100
NID APR 2026,3,PESHAWAR,SMT,HAZARKHWANI 2,WHO,UCSP,9,111111111111111
NID APR 2026,3,PESHAWAR,MATTANI,MASHOGAGAR,WHO,UCPO,5,111111111111111
NID APR 2026,3,PESHAWAR,SHAH ALAM,KANKOLA,WHO,UCPO,3,111111111111110
NID APR 2026,3,CHARSADA,CHARSADDA,RAJJAR 1,WHO,TTSP/TUSP,2,111111111111100
NID APR 2026,3,PESHAWAR,CITY,HAYAT ABAD 1,UNICEF,Provincial Facilitator (Health Specialists/Officers- Communication- SBC Specialists/Officers-VMO- M and E Officer- Media Specialist- Provincial Communication Officer-Training etc),11,110111111111111
NID APR 2026,3,PESHAWAR,SADDAR,MUSAZAI,WHO,UCPO,9,111111111111111
NID APR 2026,3,PESHAWAR,SHAH ALAM,NAHAQI,WHO,UCPO,4,111111111111111
NID APR 2026,3,PESHAWAR,MATTANI,MASHOGAGAR,WHO,UCPO,1,111111111111100
NID APR 2026,3,PESHAWAR,CITY,TEHKAL BALA,WHO,UCPO,5,111111111111111
NID APR 2026,3,PESHAWAR,CITY,TEHKAL PAYAN 2 IRRIG,WHO,UCSP,3,111111111111111
NID APR 2026,3,PESHAWAR,CITY,HASAN GARHI 2,WHO,UCSP,3,111111111111111
NID APR 2026,3,PESHAWAR,CITY,SIKANDAR TOWN,WHO,UCPO,1,111111111111110
NID APR 2026,3,KHYBER,JAMRUD,SHAH KAS A,WHO,TPO/ TDO,5,111111111111100
NID APR 2026,3,PESHAWAR,SMT,NOTHIA JADEED,WHO,UCPO,6,111111111111111
NID APR 2026,3,PESHAWAR,MATTANI,SARBAND,WHO,UCPO,5,111111111111111
NID APR 2026,3,NOWSHERA,PABBI,SPINKHAK,Government,UCMO,2,111111111111111
NID APR 2026,3,PESHAWAR,SADDAR,ADEZAI,WHO,UCPO,1,111111111111100
NID APR 2026,3,PESHAWAR,SMT,SHAHEEN MUSLIM TWN1,WHO,UCPO,8,111111111111111
NID APR 2026,3,KHYBER,BARA,TAUDA CHEENA,WHO,UCPO,2,111111111111-11
NID APR 2026,3,PESHAWAR,SHAH ALAM,LARAMA,WHO,UCPO,1,111111111111111
NID APR 2026,3,PESHAWAR,SMT,HAZARKHWANI 2,WHO,UCPO,4,111111111111111
NID APR 2026,3,PESHAWAR,CITY,PALOSI,WHO,UCPO,7,111111111111111
NID APR 2026,3,PESHAWAR,CITY,KHALSA 1,WHO,UCPO,7,111111111111111
NID APR 2026,3,PESHAWAR,SHAH ALAM,WADPAGA,WHO,UCPO,4,111111111111100
NID APR 2026,3,PESHAWAR,SHAH ALAM,GARHI SHER DAD,WHO,UCPO,3,111111111111101
NID APR 2026,3,PESHAWAR,CITY,KARIM PURA,WHO,UCPO,3,111111111111111
NID APR 2026,3,PESHAWAR,CITY,REGI,UNICEF,CBO,4,111111111111111
NID APR 2026,3,CHARSADA,TANGI,ABAZAI,WHO,TTSP/TUSP,1,111111111111100
NID APR 2026,3,CHARSADA,CHARSADDA,MC-1 CHARSADDA,N-STOP,District NSTOP Officer,1,111111111111111
NID APR 2026,3,NOWSHERA,PABBI,PABBI,Government,UCMO,5,111111111111100
NID APR 2026,3,PESHAWAR,CITY,HAYAT ABAD 2,WHO,UCPO,12,111111111111111
NID APR 2026,3,CHARSADA,CHARSADDA,NISATTA,WHO,TTSP/TUSP,2,111111111111-11
NID APR 2026,2,NOWSHERA,NOWSHERA,AMANGARH,UNICEF,CCO,,111111111111100
NID APR 2026,2,PESHAWAR,CITY,HAYAT ABAD 2,WHO,UCPO,14,111111111111100
NID APR 2026,3,PESHAWAR,SADDAR,MARYAM ZAI,WHO,UCPO,1,111111111111111
NID APR 2026,3,PESHAWAR,SHAH ALAM,SAEEDABAD,WHO,UCPO,7,111111111111111
NID APR 2026,3,PESHAWAR,SHAH ALAM,HARYANA PAYAN,WHO,UCPO,7,111111111111100
NID APR 2026,3,PESHAWAR,SHAH ALAM,SAEEDABAD,WHO,UCPO,6,111111111111111
NID APR 2026,3,KHYBER,JAMRUD,SUR KAMAR,N-STOP,District NSTOP Officer,2,111111111111100
NID APR 2026,3,PESHAWAR,SMT,HAZARKHWANI 2,WHO,UCPO,5,111111111111111
NID APR 2026,3,PESHAWAR,SMT,HAZARKHWANI 2,WHO,UCPO,7,111111111111111
NID APR 2026,3,PESHAWAR,SADDAR,AZAKHEL TELABAND,WHO,UCPO,2,111111111111111
NID APR 2026,3,KHYBER,JAMRUD,SHAH KAS B,WHO,UCPO,7,111111111111100
NID APR 2026,3,NOWSHERA,NOWSHERA,KABUL RIVER,WHO,UCPO,1,111111111111100
NID APR 2026,3,KHYBER,JAMRUD,SHAH KAS A,Government,UCMO,1,111111111111111
NID APR 2026,3,PESHAWAR,CITY,HASAN GARHI 2,WHO,UCPO,5,111111111111100
NID APR 2026,3,KHYBER,BARA,JANBAZ A,WHO,UCPO,1,111111111111100
NID APR 2026,3,PESHAWAR,CITY,UNIVERSITY TOWN,WHO,UCPO,,111111111111111
NID APR 2026,3,PESHAWAR,CITY,UNIVERSITY TOWN,WHO,UCPO,,111111111111111
NID APR 2026,3,PESHAWAR,SMT,KAKSHAL 2,WHO,Independent Monitor,1,111111111111100
NID APR 2026,3,CHARSADA,TANGI,SHERPAO,Government,Other (Specify),5,111011111111111
NID APR 2026,3,KHYBER,JAMRUD,ALI MASJID A,WHO,UCPO,6,111111111111111
NID APR 2026,3,PESHAWAR,CITY,KHALSA 1,UNICEF,CBO,2,111111111111111
NID APR 2026,3,PESHAWAR,SHAH ALAM,LARAMA,WHO,UCPO,6,111111111111111
NID APR 2026,3,PESHAWAR,CITY,MEHAL TERAI 1,WHO,UCPO,1,111111111111111
NID APR 2026,3,NOWSHERA,JEHANGIRA,MERA AKORA,N-STOP,District NSTOP Officer,4,111111111111100
NID APR 2026,3,NOWSHERA,NOWSHERA,BADRASHI,WHO,Independent Monitor,2,111111110011000
NID APR 2026,3,CHARSADA,TANGI,KOZ BEHRAM DHERI,WHO,TPO/ TDO,4,111111111110100
NID APR 2026,3,PESHAWAR,CITY,REGI,WHO,UCPO,1,111111111111111
NID APR 2026,3,KHYBER,JAMRUD,SUR KAMAR,N-STOP,District NSTOP Officer,3,111111111111100
NID APR 2026,3,NOWSHERA,PABBI,TARRU JABBA,Government,UCMO,3,111111111111111
NID APR 2026,3,NOWSHERA,JEHANGIRA,SHAIDU,WHO,TTSP/TUSP,1,111111110011100
NID APR 2026,3,PESHAWAR,SHAH ALAM,SHAHI BALA,WHO,UCPO,4,111111111111111
NID APR 2026,3,PESHAWAR,CITY,GULBAHAR,UNICEF,CBO,4,111111111111111
NID APR 2026,3,PESHAWAR,CITY,SUFAID DHERI,WHO,UCPO,9,111111111111111
NID APR 2026,3,PESHAWAR,CITY,HASAN GARHI 2,UNICEF,CBO,7,111111111111111
NID APR 2026,3,PESHAWAR,CITY,KAKSHAL,WHO,UCPO,5,111111111111111
NID APR 2026,3,PESHAWAR,SHAH ALAM,LARAMA,WHO,UCPO,3,111111111111111
NID APR 2026,3,KHYBER,LANDI KOTAL,STATION,WHO,UCPO,3,111111111111111
NID APR 2026,3,PESHAWAR,CITY,CANTT WARD 3,WHO,UCSP,1,111111111111111
NID APR 2026,3,PESHAWAR,SMT,HAZARKHWANI 1,WHO,UCPO,4,111111111111111
NID APR 2026,3,PESHAWAR,CITY,CANTT WARD 2,WHO,UCSP,3,111111111111-00
NID APR 2026,3,NOWSHERA,JEHANGIRA,JEHANGIRA,WHO,UCPO,1,111111111111100
NID APR 2026,3,PESHAWAR,SHAH ALAM,JOGANI,WHO,UCPO,2,111111111111111
NID APR 2026,3,PESHAWAR,SHAH ALAM,JOGANI,WHO,UCPO,1,111111111111111
NID APR 2026,3,PESHAWAR,SHAH ALAM,WADPAGA,WHO,UCPO,3,111111111111100
NID APR 2026,3,PESHAWAR,CITY,GULBAHAR,WHO,UCSP,2,111111111111111
NID APR 2026,3,PESHAWAR,MATTANI,SULEMAN KHEIL,WHO,UCPO,3,111111111111100
NID APR 2026,3,PESHAWAR,SADDAR,URMAR BALA,UNICEF,CBO,8,111111111111100
NID APR 2026,3,PESHAWAR,SHAH ALAM,WADPAGA,WHO,UCPO,7,111111111111100
NID APR 2026,3,CHARSADA,TANGI,MC TANGI,Government,UCMO,6,111111111111111
NID APR 2026,3,PESHAWAR,SMT,YAKATOOT 3,UNICEF,CBO,2,111111111111100
NID APR 2026,3,PESHAWAR,CITY,MEHAL TERAI 2,WHO,UCPO,3,111111111111111
NID APR 2026,3,PESHAWAR,SHAH ALAM,MATHRA,WHO,UCPO,1,111111111111100
NID APR 2026,3,KHYBER,JAMRUD,PAINDI LALMA,WHO,UCPO,4,111111111111-00
NID APR 2026,3,PESHAWAR,SMT,SHEIKH JUNAID ABAD,WHO,UCPO,3,111111111111111
NID APR 2026,3,PESHAWAR,CITY,TEHKAL PAYAN,WHO,UCPO,1,111111111111-11
NID APR 2026,3,PESHAWAR,CITY,KHALSA 2,WHO,UCSP,8,111111111111111
NID APR 2026,3,PESHAWAR,CITY,CANTT WARD 1,WHO,UCSP,3,111111111111111
NID APR 2026,3,PESHAWAR,CITY,JEHANGIR PURA,WHO,UCPO,1,111111111111100
NID APR 2026,3,PESHAWAR,CITY,REGI,UNICEF,CBO,3,111111111111111
NID APR 2026,3,NOWSHERA,NOWSHERA,RASHAKAI,UNICEF,CCO,2,111111111111111
NID APR 2026,3,PESHAWAR,CITY,TEHKAL BALA,WHO,UCPO,6,111111111111111
NID APR 2026,3,CHARSADA,CHARSADDA,MC-2 CHARSADDA,WHO,TTSP/TUSP,2,111111111111-11
NID APR 2026,3,PESHAWAR,SMT,BHANA MARI,Government,UCMO,2,111111111111111
NID APR 2026,3,PESHAWAR,CITY,CANTT WARD 2,WHO,UCSP,1,111111111111-00
NID APR 2026,3,KHYBER,LANDI KOTAL,KHUGA KHEL,WHO,Other (Specify),1,111111111111100
NID APR 2026,3,PESHAWAR,SHAH ALAM,TUKHTABAD,WHO,UCPO,3,111111111111111
NID APR 2026,3,NOWSHERA,NOWSHERA,DHERI KATTI KHEL,WHO,TTSP/TUSP,1,111111111111111
NID APR 2026,3,CHARSADA,CHARSADDA,RAJJAR 1,WHO,TTSP/TUSP,3,111111111111100
NID APR 2026,3,PESHAWAR,SMT,NOTHIA QADEEM,WHO,UCPO,4,111111111111111
NID APR 2026,3,PESHAWAR,CITY,HASAN GARHI 1,WHO,UCPO,9,111111111111111
NID APR 2026,3,NOWSHERA,JEHANGIRA,MERA AKORA,N-STOP,District NSTOP Officer,5,111111111111111
NID APR 2026,3,NOWSHERA,JEHANGIRA,MERA AKORA,N-STOP,District NSTOP Officer,9,111111111111100
NID APR 2026,3,CHARSADA,CHARSADDA,SARKI TETARA,Government,UCMO,2,111111111111110
NID APR 2026,3,MOHMAND,SAFI LAKARO,MAMAD GAT,UNICEF,CBO,1,111111111111-00
NID APR 2026,3,CHARSADA,TANGI,KOZ BEHRAM DHERI,WHO,TTSP/TUSP,5,111111011111000
NID APR 2026,3,PESHAWAR,SMT,DEH BAHADAR,WHO,UCPO,12,111111111111-00
NID APR 2026,3,PESHAWAR,MATTANI,PISHTAKHARA,Government,UCMO,6,111111111111110
NID APR 2026,3,PESHAWAR,SMT,YAKATOOT 1,UNICEF,CCO,1,111111110011000
NID APR 2026,3,PESHAWAR,SMT,LANDI ARBAB,WHO,UCPO,4,111111111111111
NID APR 2026,3,PESHAWAR,SMT,DERI BAGHBANAN,Government,UCMO,1,111111111111100
NID APR 2026,3,NOWSHERA,NOWSHERA,NAWA KALY,Government,UCMO,2,111111111111111
NID APR 2026,3,PESHAWAR,SHAH ALAM,JOGANI,WHO,UCPO,3,111111111111100
NID APR 2026,3,PESHAWAR,CITY,MALAKANDHER,WHO,UCPO,3,111111111111100
NID APR 2026,3,PESHAWAR,CITY,SHAHEEN TOWN,UNICEF,CBO,6,111111111111111
NID APR 2026,3,PESHAWAR,CITY,HASAN GARHI 1,WHO,UCPO,7,111111111111111
NID APR 2026,3,NOWSHERA,PABBI,PABBI,Government,UCMO,1,111111111111110
NID APR 2026,3,PESHAWAR,SHAH ALAM,SHAHI BALA,WHO,UCPO,5,111111111111111
NID APR 2026,3,PESHAWAR,SADDAR,BADABER MARYAMZAI,Government,UCMO,4,111111111111100
NID APR 2026,3,CHARSADA,CHARSADDA,RAJJAR 1,Government,UCMO,5,111111111111-00
NID APR 2026,3,NOWSHERA,NOWSHERA,RASHAKAI,UNICEF,CCO,5,111111111111111
NID APR 2026,3,PESHAWAR,SADDAR,BADABER HUREZAI,WHO,UCPO,1730179188831,111111111111111
NID APR 2026,3,CHARSADA,TANGI,HARICHAND,Government,Area Incharge (AIC),3,111111111111111
NID APR 2026,3,PESHAWAR,CITY,KHALSA 2,WHO,UCPO,2,111111111111100
NID APR 2026,3,CHARSADA,CHARSADDA,MC-3 CHARSADDA,WHO,TTSP/TUSP,3,111111111111111
NID APR 2026,3,PESHAWAR,MATTANI,BAZID KHEL,WHO,UCPO,6,111111111111111
NID APR 2026,3,PESHAWAR,SMT,BHANA MARI,WHO,UCPO,2,111111111111100
NID APR 2026,3,PESHAWAR,SHAH ALAM,SAEEDABAD,Government,UCMO,3,111111111111100
NID APR 2026,3,PESHAWAR,CITY,HASAN GARHI 1,WHO,Provincial Facilitator (M&E- Campaign- HRMP- EPI-PEI Syn- Training etc),9,111111111111101
NID APR 2026,3,PESHAWAR,SMT,BHANA MARI,Government,UCMO,1,111111111111111
NID APR 2026,3,KHYBER,BARA,TAUDA CHEENA,WHO,UCPO,1,111111111111111
NID APR 2026,3,KHYBER,LANDI KOTAL,KAM SHALMAN,WHO,UCPO,1,111111111111101
NID APR 2026,3,PESHAWAR,SADDAR,CHAMKANI,WHO,UCPO,6,111111111111111
NID APR 2026,3,KHYBER,JAMRUD,PAINDI LALMA,WHO,UCPO,1,111111111111-11
NID APR 2026,3,PESHAWAR,MATTANI,SHEIKH MOHAMMADI,WHO,UCPO,5,111111111111100
NID APR 2026,3,PESHAWAR,SHAH ALAM,HARYANA PAYAN,WHO,UCPO,9,111111111111110
NID APR 2026,3,PESHAWAR,MATTANI,SARBAND,WHO,Independent Monitor,7,111111111111111
NID APR 2026,3,KHYBER,JAMRUD,PAINDI LALMA,WHO,Independent Monitor,128,111111111100-11
NID APR 2026,3,PESHAWAR,MATTANI,SHEIKH MOHAMMADI,WHO,UCPO,6,111111111111100
NID APR 2026,3,CHARSADA,TANGI,SHERPAO,Government,UCMO,7,111111111111111
NID APR 2026,3,PESHAWAR,MATTANI,SARBAND,UNICEF,CBO,7,111111111111111
NID APR 2026,3,PESHAWAR,SHAH ALAM,GULBELA,WHO,TPO/ TDO,8,111111111111100
NID APR 2026,3,PESHAWAR,SHAH ALAM,WADPAGA,WHO,UCPO,5,111111111111100
NID APR 2026,3,MOHMAND,SAFI LAKARO,SAGAI,WHO,UCSP,,111111111111-11
NID APR 2026,3,MOHMAND,SAFI LAKARO,SAGAI,WHO,UCSP,,111111111111-11
NID APR 2026,3,CHARSADA,CHARSADDA,MC-1 CHARSADDA,N-STOP,District NSTOP Officer,1,1111111111-1111
NID APR 2026,3,PESHAWAR,SMT,AKHOON ABAD,WHO,Provincial Facilitator (M&E- Campaign- HRMP- EPI-PEI Syn- Training etc),4,111011111111111
NID APR 2026,3,PESHAWAR,SHAH ALAM,SHAHI BALA,UNICEF,CBO,2,111111111111111
NID APR 2026,3,PESHAWAR,SADDAR,ADEZAI,UNICEF,CBO,5,111111111111100
NID APR 2026,3,NOWSHERA,JEHANGIRA,SHAIDU,WHO,TTSP/TUSP,2,111111110001-00
NID APR 2026,3,NOWSHERA,JEHANGIRA,KHAIRABAD CAMP,WHO,TTSP/TUSP,1,111111011111000
NID APR 2026,3,PESHAWAR,MATTANI,BAZID KHEL,WHO,UCPO,2,111111111111111
NID APR 2026,3,CHARSADA,CHARSADDA,MC-1 CHARSADDA,WHO,TTSP/TUSP,3,111111111111-11
NID APR 2026,3,PESHAWAR,SHAH ALAM,KANIZA,WHO,UCPO,2,111111111111-01
NID APR 2026,3,KHYBER,BARA,GANDAO,WHO,UCPO,2,111111111111111
NID APR 2026,3,PESHAWAR,CITY,HASAN GARHI 2,UNICEF,CBO,8,111111111111111
NID APR 2026,3,PESHAWAR,CITY,SIKANDAR TOWN,WHO,UCPO,2,111111111111111
NID APR 2026,3,PESHAWAR,SHAH ALAM,PAJAGI,WHO,UCPO,10,111111111111111
NID APR 2026,3,PESHAWAR,CITY,ANDERSHEHER,N-STOP,District NSTOP Officer,2,111111111111111
NID APR 2026,3,PESHAWAR,MATTANI,SHEIKHAN,WHO,UCSP,3,111111111111111
NID APR 2026,3,NOWSHERA,PABBI,CHOKI MAMREZ,WHO,UCPO,5,100101111111110
NID APR 2026,3,MOHMAND,PANDIALI,DANISHKOOL,WHO,UCSP,3,100101111111111
NID APR 2026,3,PESHAWAR,SHAH ALAM,PANAM DHERI,WHO,UCPO,5,111111111111111
NID APR 2026,3,NOWSHERA,NOWSHERA,KABUL RIVER,WHO,UCPO,3,111111111111100
NID APR 2026,3,NOWSHERA,NOWSHERA,PIRSABAQ,WHO,UCPO,2,111111111111111
NID APR 2026,3,PESHAWAR,SHAH ALAM,DAG,WHO,UCPO,2,111111111111111
NID APR 2026,3,PESHAWAR,MATTANI,ACHINI,WHO,UCPO,2,111111111111100
NID APR 2026,3,CHARSADA,SHABQADAR,RASHAKI,WHO,UCPO,4,100101111111100
NID APR 2026,3,PESHAWAR,SADDAR,AZAKHEL TELABAND,WHO,UCSP,5,111111111111111
NID APR 2026,3,PESHAWAR,SADDAR,AZAKHEL TELABAND,WHO,UCSP,4,111111111111111
NID APR 2026,3,PESHAWAR,CITY,MEHAL TERAI 1,WHO,UCPO,4,111111111111100
NID APR 2026,3,PESHAWAR,SADDAR,MERA SUREZAI PAYAN,UNICEF,Provincial Facilitator (Health Specialists/Officers- Communication- SBC Specialists/Officers-VMO- M and E Officer- Media Specialist- Provincial Communication Officer-Training etc),8,111111111111100
NID APR 2026,3,PESHAWAR,CITY,HAYAT ABAD 2,WHO,UCPO,6,111111111111111
NID APR 2026,3,PESHAWAR,CITY,HASAN GARHI 1,UNICEF,CBO,,111111111111100
NID APR 2026,3,PESHAWAR,CITY,MEHAL TERAI 1,WHO,UCSP,2,111111111111111
NID APR 2026,3,MOHMAND,SAFI LAKARO,SANDO KHEL,WHO,UCPO,2,111111111111-00
NID APR 2026,3,PESHAWAR,SHAH ALAM,PANAM DHERI,WHO,UCPO,2,111111111111100
NID APR 2026,3,PESHAWAR,SMT,SHAHEEN MUSLIM TWN1,WHO,UCPO,2,111111111111111
NID APR 2026,3,PESHAWAR,SMT,DEH BAHADAR,WHO,UCPO,11,111111111111111
NID APR 2026,3,PESHAWAR,SHAH ALAM,KANKOLA,WHO,UCPO,4,111111111111101
NID APR 2026,3,PESHAWAR,SHAH ALAM,TUKHTABAD,WHO,UCPO,5,111111111111100
NID APR 2026,3,PESHAWAR,CITY,MEHAL TERAI 2,WHO,Independent Monitor,6,111111111111111
NID APR 2026,3,PESHAWAR,SADDAR,CHAMKANI,WHO,UCPO,7,111111111111111
NID APR 2026,3,PESHAWAR,CITY,HAYAT ABAD 1,UNICEF,Provincial Facilitator (Health Specialists/Officers- Communication- SBC Specialists/Officers-VMO- M and E Officer- Media Specialist- Provincial Communication Officer-Training etc),4,111111111111111
NID APR 2026,3,NOWSHERA,NOWSHERA,KHESHGI BALA,WHO,UCPO,5,111111111111111
NID APR 2026,3,NOWSHERA,NOWSHERA,KHESHGI BALA,WHO,UCPO,3,111111111111111
NID APR 2026,3,NOWSHERA,NOWSHERA,AZAKHEL BALA,WHO,UCPO,3,111111111111100
NID APR 2026,3,PESHAWAR,SHAH ALAM,KHAZANA,WHO,UCPO,6,111111111111111
NID APR 2026,3,PESHAWAR,CITY,HASAN GARHI 1,WHO,UCPO,8,111111111111111
NID APR 2026,3,PESHAWAR,SADDAR,AZAKHEL TELABAND,WHO,UCPO,3,111111111111111
NID APR 2026,3,PESHAWAR,SHAH ALAM,LALA KALAY,WHO,UCPO,2,111111111111111
NID APR 2026,3,PESHAWAR,SMT,LANDI ARBAB,WHO,UCPO,6,111111111111111
NID APR 2026,3,CHARSADA,SHABQADAR,BATTAGRAM,UNICEF,CCO,8,111111111111111
NID APR 2026,3,KHYBER,LANDI KOTAL,LOE SHALMAN B,WHO,UCPO,1,111111111111-00
NID APR 2026,3,PESHAWAR,SMT,SHAHEEN MUSLIM TWN2,WHO,Provincial Facilitator (M&E- Campaign- HRMP- EPI-PEI Syn- Training etc),3,111111111111111
NID APR 2026,3,PESHAWAR,SMT,SHAHEEN MUSLIM TWN2,WHO,Provincial Facilitator (M&E- Campaign- HRMP- EPI-PEI Syn- Training etc),1,111111111111111
NID APR 2026,3,PESHAWAR,CITY,SUFAID DHERI,WHO,UCPO,2,111111111111111
NID APR 2026,3,PESHAWAR,CITY,SUFAID DHERI,WHO,UCPO,1,111111111111111
NID APR 2026,3,MOHMAND,HALEEMZAI,GHALLANAI,WHO,TTSP/TUSP,2,111111111111111
NID APR 2026,3,PESHAWAR,CITY,TEHKAL PAYAN,WHO,UCPO,2,111111111111-00
NID APR 2026,3,PESHAWAR,CITY,SUFAID DHERI,Government,UCMO,1,111111111111111
NID APR 2026,3,PESHAWAR,SADDAR,ADEZAI,WHO,UCPO,3,111111111111100
NID APR 2026,3,PESHAWAR,SHAH ALAM,KHAZANA,WHO,UCPO,10,111111111111111
NID APR 2026,3,PESHAWAR,SADDAR,URMAR BALA,WHO,UCPO,14,111111111111100
NID APR 2026,3,PESHAWAR,SHAH ALAM,KHAZANA,WHO,UCPO,9,111111111111111
NID APR 2026,3,CHARSADA,SHABQADAR,RASHAKI,WHO,UCPO,5,111111111111100
NID APR 2026,3,PESHAWAR,SHAH ALAM,TUKHTABAD,WHO,UCPO,4,111111111111100
NID APR 2026,3,PESHAWAR,SADDAR,BADABER MARYAMZAI,WHO,UCPO,3,111111111111100
NID APR 2026,2,KHYBER,LANDI KOTAL,KARAMNA,WHO,UCPO,3,111111111111-00
NID APR 2026,3,KHYBER,LANDI KOTAL,KARAMNA,WHO,UCPO,3,111111111111100
NID APR 2026,3,PESHAWAR,SMT,NOTHIA QADEEM,Government,UCMO,2,111111111111111
NID APR 2026,3,PESHAWAR,CITY,KHALSA 2,UNICEF,CBO,4,111111111111111
NID APR 2026,3,PESHAWAR,SADDAR,SHERAKERA,WHO,District Polio Officer,2,111111111111111
NID APR 2026,3,PESHAWAR,CITY,HASAN GARHI 1,WHO,Provincial Facilitator (M&E- Campaign- HRMP- EPI-PEI Syn- Training etc),8,111111111111111
NID APR 2026,3,PESHAWAR,SADDAR,SUREZAI PAYAN,WHO,UCPO,1,111111111111100
NID APR 2026,3,PESHAWAR,SHAH ALAM,PAJAGI,WHO,Area Coordinator / District Coordinator,3,111111111111111
NID APR 2026,3,CHARSADA,CHARSADDA,MC-3 CHARSADDA,WHO,TTSP/TUSP,4,111111111111111
NID APR 2026,2,PESHAWAR,CITY,MEHAL TERAI 1,Government,Other (Specify),,111111111111110
NID APR 2026,3,NOWSHERA,NOWSHERA,KABUL RIVER,WHO,UCPO,6,111111111101100
NID APR 2026,3,KHYBER,BARA,AJAB TALAB,WHO,UCPO,2,111111111111100
NID APR 2026,3,MOHMAND,PARANG GHAAR,NAO BUCHA,Government,UCMO,3,111111111111-00
NID APR 2026,3,PESHAWAR,CITY,ANDERSHEHER,N-STOP,District NSTOP Officer,1,111111111111100
NID APR 2026,3,PESHAWAR,SHAH ALAM,BUDHNI,WHO,UCPO,5,111111111111111
NID APR 2026,3,PESHAWAR,CITY,UNIVERSITY TOWN,WHO,UCPO,3,111111111111100
NID APR 2026,3,MOHMAND,EKKAGHUND,MICHANI,WHO,UCSP,2,111111111111111
NID APR 2026,3,KHYBER,JAMRUD,MIA MORCHA,WHO,UCPO,117,111111111111-11
NID APR 2026,3,PESHAWAR,SMT,DERI BAGHBANAN,WHO,UCPO,4,111111111111111
NID APR 2026,3,PESHAWAR,MATTANI,BAZID KHEL,WHO,UCPO,5,111111111111111
NID APR 2026,3,PESHAWAR,CITY,SHAHI BAGH,Government,UCMO,1,111111-11111111
NID APR 2026,3,NOWSHERA,NOWSHERA,BARA BANDA,WHO,UCPO,6,111111111111100
NID APR 2026,1,PESHAWAR,SHAH ALAM,JOGANI,UNICEF,CBO,5,111111111111100
NID APR 2026,3,PESHAWAR,CITY,CANTT WARD 4,WHO,Independent Monitor,1,111011111100000
NID APR 2026,3,PESHAWAR,CITY,FAQIR ABAD,WHO,UCSP,1,111111111111111
NID APR 2026,3,PESHAWAR,CITY,KHALSA 1,WHO,UCPO,3,111111111111100
NID APR 2026,3,PESHAWAR,CITY,CANTT WARD 4,WHO,Independent Monitor,2,111011111111000
NID APR 2026,3,PESHAWAR,SHAH ALAM,MATHRA,WHO,UCPO,2,111111111111100
NID APR 2026,3,NOWSHERA,NOWSHERA,PAHARI KATTI KHEL,WHO,UCSP,2,111111111111111
NID APR 2026,3,PESHAWAR,MATTANI,MASHOGAGAR,WHO,UCPO,9,111111111111111
NID APR 2026,3,PESHAWAR,SMT,YAKATOOT 3,UNICEF,CBO,5,111111111111100
NID APR 2026,3,PESHAWAR,CITY,MEHAL TERAI 2,WHO,UCPO,9,111111111111111
NID APR 2026,3,NOWSHERA,PABBI,AMANKOT,Government,UCMO,3,111111111111111
NID APR 2026,2,PESHAWAR,SHAH ALAM,JOGANI,UNICEF,CBO,2,111111111111100
NID APR 2026,3,NOWSHERA,PABBI,AMANKOT,Government,UCMO,4,111111111111111
NID APR 2026,3,PESHAWAR,CITY,SUFAID DHERI,UNICEF,CBO,9,111111111111100
NID APR 2026,3,PESHAWAR,SHAH ALAM,JOGANI,UNICEF,CBO,5,111111111111100
NID APR 2026,3,PESHAWAR,CITY,SUFAID DHERI,WHO,UCPO,6,111111111111100
NID APR 2026,3,CHARSADA,TANGI,KOZ BEHRAM DHERI,Government,UCMO,5,111111111111100
NID APR 2026,3,NOWSHERA,NOWSHERA,PIRPAI,WHO,Independent Monitor,4,111111111111111
NID APR 2026,3,NOWSHERA,NOWSHERA,PIRPAI,WHO,Independent Monitor,2,111110111111111
NID APR 2026,2,KHYBER,LANDI KOTAL,TIRAH BAZAR A,WHO,UCPO,3,111111111111111
NID APR 2026,3,CHARSADA,TANGI,KOZ BEHRAM DHERI,Government,UCMO,3,111111111111100
NID APR 2026,3,PESHAWAR,SMT,AKHOON ABAD,WHO,UCPO,1,111111111111111
NID APR 2026,3,NOWSHERA,NOWSHERA,NAWA KALY,WHO,UCPO,5,111111111111101
NID APR 2026,3,NOWSHERA,NOWSHERA,NAWA KALY,WHO,UCPO,4,111111111111101
NID APR 2026,3,NOWSHERA,JEHANGIRA,MISRI BANDA,WHO,TTSP/TUSP,4,111111111101100
NID APR 2026,3,NOWSHERA,NOWSHERA,AZAKHEL PAYAN,WHO,TTSP/TUSP,6,111111111111111
NID APR 2026,3,PESHAWAR,MATTANI,MASHOGAGAR,WHO,UCPO,8,1111111111-1100
NID APR 2026,3,NOWSHERA,JEHANGIRA,MISRI BANDA,WHO,TTSP/TUSP,3,111111111111-00
NID APR 2026,3,CHARSADA,CHARSADDA,MC-3 CHARSADDA,Government,UCMO,3,111111111111111
NID APR 2026,3,PESHAWAR,SHAH ALAM,SAEEDABAD,WHO,UCPO,4,111111111111111
NID APR 2026,3,PESHAWAR,SHAH ALAM,SAEEDABAD,WHO,UCPO,5,111111111111111
NID APR 2026,3,CHARSADA,CHARSADDA,MC-3 CHARSADDA,Government,UCMO,4,111111111111111
NID APR 2026,3,NOWSHERA,NOWSHERA,BARA BANDA,WHO,UCPO,11,111111111111111
NID APR 2026,3,PESHAWAR,CITY,TEHKAL BALA,WHO,UCPO,8,111111111111111
NID APR 2026,3,PESHAWAR,CITY,CANTT WARD 1,WHO,UCPO,1,111111111111-11
NID APR 2026,3,NOWSHERA,NOWSHERA,BARA BANDA,WHO,UCPO,8,111111111111100
NID APR 2026,3,NOWSHERA,PABBI,TURKMEN CAMP,Government,UCMO,1,111111111111111
NID APR 2026,3,KHYBER,BARA,GANDAO,WHO,UCPO,2,111111111111-11
NID APR 2026,3,PESHAWAR,CITY,JEHANGIR PURA,WHO,UCPO,2,111111111111100
NID APR 2026,3,PESHAWAR,CITY,JEHANGIR PURA,WHO,UCPO,1,111111111111100
NID APR 2026,3,PESHAWAR,SMT,WAZIR BAGH,WHO,UCSP,1,111111111111111
NID APR 2026,3,PESHAWAR,CITY,KHALSA 2,WHO,UCPO,6,111111111111111
NID APR 2026,3,PESHAWAR,CITY,CANTT WARD 3,WHO,UCSP,2,111111111111111
NID APR 2026,3,NOWSHERA,NOWSHERA,RASHAKAI,WHO,TTSP/TUSP,6,111111111111100
NID APR 2026,3,PESHAWAR,CITY,FAQIR ABAD,WHO,UCPO,1,111111111111111
NID APR 2026,3,PESHAWAR,CITY,FAQIR ABAD,WHO,UCPO,2,111111111111111
NID APR 2026,3,PESHAWAR,CITY,SHAHEEN TOWN,WHO,UCPO,5,111111111111100
NID APR 2026,3,PESHAWAR,SADDAR,SUREZAI BALA,WHO,UCPO,3,111111111111111
NID APR 2026,3,MOHMAND,PANDIALI,PANDIALI,UNICEF,CCO,1,111111111111-00
NID APR 2026,3,PESHAWAR,SMT,SHAHEEN MUSLIM TWN1,WHO,UCPO,9,111111111111111
NID APR 2026,3,MOHMAND,PANDIALI,PANDIALI,UNICEF,CCO,2,111111111111-00
NID APR 2026,3,PESHAWAR,CITY,ASIA DABGARI,WHO,UCPO,1,111111111111111
NID APR 2026,3,PESHAWAR,SMT,AKHOON ABAD,WHO,UCPO,4,111111111111111
NID APR 2026,3,KHYBER,LANDI KOTAL,LOE SHALMAN B,WHO,UCPO,173,111111111111-11
NID APR 2026,3,NOWSHERA,NOWSHERA,AZAKHEL BALA,UNICEF,CBO,2,111011111111111
NID APR 2026,3,CHARSADA,CHARSADDA,GHONDA KARKANA,Government,UCMO,,111111111111111
NID APR 2026,3,PESHAWAR,CITY,HASAN GARHI 2,WHO,District Polio Officer,5,111111111111111
NID APR 2026,3,MOHMAND,PANDIALI,PANDIALI,WHO,TPO/ TDO,4,111111110001-00
NID APR 2026,3,CHARSADA,TANGI,KOZ BEHRAM DHERI,WHO,TTSP/TUSP,4,111111011110000
NID APR 2026,3,PESHAWAR,SADDAR,MERA KACHORI,WHO,UCPO,2,111111111111111
NID APR 2026,3,NOWSHERA,JEHANGIRA,KAHI,WHO,TPO/ TDO,5,111111111111-11
NID APR 2026,3,PESHAWAR,CITY,SUFAID DHERI,WHO,UCPO,5,111111111111100
NID APR 2026,3,PESHAWAR,SADDAR,BADABER HUREZAI,WHO,UCPO,5,111111111111111
NID APR 2026,3,PESHAWAR,SADDAR,BADABER HUREZAI,WHO,UCPO,4,111111111111111
NID APR 2026,3,NOWSHERA,JEHANGIRA,NIZAMPUR,WHO,TPO/ TDO,4,111111111111-11
NID APR 2026,3,PESHAWAR,SMT,NOTHIA QADEEM,WHO,UCPO,2,111111111111111
NID APR 2026,3,PESHAWAR,SADDAR,SUREZAI PAYAN,WHO,UCPO,4,111110111111100
NID APR 2026,3,PESHAWAR,SADDAR,SUREZAI PAYAN,WHO,UCPO,3,111111111111100
NID APR 2026,3,KHYBER,LANDI KOTAL,KAM SHALMAN,WHO,UCPO,155,111111111111-11
NID APR 2026,3,NOWSHERA,PABBI,JALOZAI,UNICEF,CBO,6,111011111111100
NID APR 2026,3,PESHAWAR,SADDAR,AZAKHEL TELABAND,WHO,District Polio Officer,6,111111111111111
NID APR 2026,3,PESHAWAR,CITY,KHALSA 2,WHO,UCPO,5,111111111111111
NID APR 2026,3,MOHMAND,PARANG GHAAR,ASGHAR,WHO,TTSP/TUSP,2,111111111111-11
NID APR 2026,3,PESHAWAR,CITY,ASIA DABGARI,WHO,UCPO,1,111111111111111
NID APR 2026,3,KHYBER,JAMRUD,NEW ABADI,WHO,UCPO,8,111111111111101
NID APR 2026,3,MOHMAND,AMBAR,KHARAI,Government,UCMO,1,111111111111-11
NID APR 2026,3,PESHAWAR,CITY,ANDERSHEHER,WHO,UCPO,2,111111111111100
NID APR 2026,3,MOHMAND,HALEEMZAI,GHALLANAI,N-STOP,District NSTOP Officer,4,111111111111111
NID APR 2026,3,MOHMAND,HALEEMZAI,GHALLANAI,N-STOP,District NSTOP Officer,5,111111111111111
NID APR 2026,3,CHARSADA,TANGI,DHAKKI,WHO,UCSP,6,111111111101100
NID APR 2026,3,CHARSADA,TANGI,DHAKKI,WHO,UCSP,8,111111111111100
NID APR 2026,3,PESHAWAR,CITY,MEHAL TERAI 2,WHO,UCPO,4,111111111111111
NID APR 2026,3,PESHAWAR,CITY,SUFAID DHERI,WHO,UCPO,3,111111111111100
NID APR 2026,3,PESHAWAR,SMT,DEH BAHADAR,WHO,UCPO,5,111111111111111
NID APR 2026,3,CHARSADA,SHABQADAR,MC-3 SHABQADAR,Government,UCMO,4,111111111111111
NID APR 2026,2,PESHAWAR,MATTANI,SHEIKH MOHAMMADI,WHO,UCPO,5,111111111111100
NID APR 2026,2,PESHAWAR,MATTANI,SHEIKH MOHAMMADI,WHO,UCPO,6,111111111111111
NID APR 2026,3,CHARSADA,TANGI,MC TANGI,Government,UCMO,10,111111111111111
NID APR 2026,3,PESHAWAR,CITY,MALAKANDHER,WHO,UCPO,5,111111111111100
NID APR 2026,3,PESHAWAR,MATTANI,SHEIKH MOHAMMADI,WHO,UCPO,2,111111111111111
NID APR 2026,3,PESHAWAR,SHAH ALAM,PAJAGI,WHO,District Polio Officer,4,111111111111111
NID APR 2026,3,PESHAWAR,SHAH ALAM,PAJAGI,WHO,District Polio Officer,10,111111111111111
NID APR 2026,3,PESHAWAR,MATTANI,SHEIKH MOHAMMADI,WHO,UCPO,4,111111111111111
NID APR 2026,3,PESHAWAR,CITY,GULBAHAR,WHO,UCSP,3,111111111111111
NID APR 2026,2,PESHAWAR,CITY,KAKSHAL,WHO,UCPO,3,111111111111100
NID APR 2026,3,NOWSHERA,JEHANGIRA,MERA AKORA,WHO,UCPO,4,111111111111100
NID APR 2026,2,PESHAWAR,CITY,KAKSHAL,WHO,UCPO,5,111111111111100
NID APR 2026,3,PESHAWAR,CITY,HAYAT ABAD 2,WHO,UCPO,13,111111111111100
NID APR 2026,3,PESHAWAR,SHAH ALAM,PAKHA GHULAM,WHO,UCPO,9,111111111111111
NID APR 2026,3,KHYBER,JAMRUD,MIA MORCHA,WHO,UCPO,1,111111111111-11
NID APR 2026,3,PESHAWAR,CITY,HASAN GARHI 2,WHO,UCSP,4,111111111111111
NID APR 2026,3,NOWSHERA,NOWSHERA,AZAKHEL BALA,WHO,UCPO,6,111111111111111
NID APR 2026,3,PESHAWAR,SADDAR,SHERAKERA,WHO,UCPO,2,111111111111100
NID APR 2026,3,PESHAWAR,SADDAR,SHERAKERA,WHO,UCPO,3,111111111101100
NID APR 2026,3,CHARSADA,SHABQADAR,BATTAGRAM,WHO,UCPO,3,111111111111100
NID APR 2026,3,KHYBER,LANDI KOTAL,TIRAH BAZAR A,WHO,UCPO,7,111111111111-11
NID APR 2026,1,KHYBER,LANDI KOTAL,TIRAH BAZAR A,WHO,UCPO,6,111111111111-11
NID APR 2026,3,MOHMAND,HALEEMZAI,KAMALI,WHO,TPO/ TDO,3,111011111111-00
NID APR 2026,3,NOWSHERA,NOWSHERA,NOWSHERA CITY,WHO,TTSP/TUSP,3,111111111111100
NID APR 2026,3,PESHAWAR,SMT,KAKSHAL 2,Other Partner (BMGF/CDC/RIZ/ROTARY etc),Federal/Provincial/District Facilitator,2,111111111111111
NID APR 2026,3,PESHAWAR,CITY,MALAKANDHER,WHO,UCPO,14,111111111111111
NID APR 2026,3,CHARSADA,SHABQADAR,BATTAGRAM,WHO,UCPO,4,111111111111111
NID APR 2026,3,KHYBER,LANDI KOTAL,TIRAH BAZAR A,Government,UCMO,211,111111111111-10
NID APR 2026,3,PESHAWAR,MATTANI,MASHOGAGAR,WHO,UCPO,3,111111111111100
NID APR 2026,3,PESHAWAR,SHAH ALAM,PAKHA GHULAM,Government,UCMO,,111111111111111
NID APR 2026,3,NOWSHERA,NOWSHERA,AMANGARH,WHO,TPO/ TDO,1,111111111111111
NID APR 2026,3,PESHAWAR,SMT,KAKSHAL 2,WHO,Independent Monitor,2,111111111111100
NID APR 2026,3,KHYBER,LANDI KOTAL,STATION,UNICEF,CBO,1,111111111111111
NID APR 2026,3,PESHAWAR,SADDAR,MERA KACHORI,WHO,UCPO,9,111111111111111
NID APR 2026,3,PESHAWAR,SADDAR,MERA KACHORI,WHO,UCPO,8,111111111111100
NID APR 2026,3,PESHAWAR,SADDAR,MERA KACHORI,WHO,UCPO,10,111111111111111
NID APR 2026,3,MOHMAND,HALEEMZAI,KAMALI,WHO,TPO/ TDO,1,111111111111-10
NID APR 2026,3,PESHAWAR,CITY,PALOSI,WHO,UCPO,2,111111111111111
NID APR 2026,3,PESHAWAR,CITY,MALAKANDHER,WHO,UCSP,3,111111111111111
NID APR 2026,3,PESHAWAR,CITY,PALOSI,WHO,UCPO,3,111111111111111
NID APR 2026,3,PESHAWAR,CITY,MEHAL TERAI 1,WHO,Independent Monitor,5,111111111111111
NID APR 2026,3,KHYBER,LANDI KOTAL,STATION,WHO,UCPO,2,111111111111111
NID APR 2026,3,KHYBER,LANDI KOTAL,MIRDAD KHEL,WHO,UCPO,2,111111111111111
NID APR 2026,3,PESHAWAR,SADDAR,BADABER HUREZAI,WHO,UCPO,4,111111111111111
NID APR 2026,3,PESHAWAR,MATTANI,BAZID KHEL,WHO,UCPO,1,111111111111111
NID APR 2026,3,MOHMAND,HALEEMZAI,KAMALI,WHO,UCSP,1,111111111111111
NID APR 2026,3,KHYBER,JAMRUD,SHAH KAS B,Government,Area Incharge (AIC),12,111111111111111
NID APR 2026,3,PESHAWAR,SHAH ALAM,SHAHI BALA,WHO,UCPO,1,111111111111111
NID APR 2026,3,PESHAWAR,SHAH ALAM,SHAHI BALA,WHO,UCPO,7,111111111111100
NID APR 2026,3,PESHAWAR,MATTANI,ACHINI,WHO,UCPO,6,111111111111111
NID APR 2026,3,PESHAWAR,MATTANI,ACHINI,WHO,UCPO,7,111111111111111
NID APR 2026,3,MOHMAND,PARANG GHAAR,UMAR KHEL,WHO,UCPO,1,111111111111111
NID APR 2026,3,MOHMAND,PARANG GHAAR,UMAR KHEL,WHO,UCPO,5,111111111111-10
NID APR 2026,3,PESHAWAR,CITY,HASAN GARHI 2,WHO,UCPO,6,111111111111111
NID APR 2026,4,PESHAWAR,CITY,MALAKANDHER,WHO,UCPO,10,111111111101100
NID APR 2026,3,PESHAWAR,MATTANI,SHEIKH MOHAMMADI,WHO,UCPO,5,111111111111100
NID APR 2026,3,KHYBER,BARA,FORT SLOPE,WHO,UCPO,4,111111111111111
NID APR 2026,3,MOHMAND,KHAWEZAI,KHADI KHEL,WHO,TPO/ TDO,3,111111111111100
NID APR 2026,3,PESHAWAR,MATTANI,SHEIKH MOHAMMADI,WHO,UCPO,6,111111111111100
NID APR 2026,3,PESHAWAR,SADDAR,URMAR MIANA,WHO,UCPO,6,111111111111111
NID APR 2026,3,PESHAWAR,SADDAR,URMAR MIANA,WHO,UCPO,5,111111111111111
NID APR 2026,3,PESHAWAR,SHAH ALAM,HARYANA PAYAN,WHO,UCPO,1,111111111111100
NID APR 2026,3,PESHAWAR,SHAH ALAM,HARYANA PAYAN,WHO,UCPO,2,111111111111100
NID APR 2026,3,PESHAWAR,CITY,SHAHEEN TOWN,WHO,UCPO,2,111111111111111
NID APR 2026,3,NOWSHERA,NOWSHERA,AMANGARH,WHO,TPO/ TDO,3,111111111111100
NID APR 2026,3,KHYBER,LANDI KOTAL,STATION,WHO,Independent Monitor,1,111011111111100
NID APR 2026,3,KHYBER,LANDI KOTAL,STATION,WHO,Independent Monitor,3,111011111111100
NID APR 2026,3,PESHAWAR,CITY,CANTT WARD 4,WHO,UCPO,1,111111111111100
NID APR 2026,3,PESHAWAR,MATTANI,PISHTAKHARA,UNICEF,Provincial Facilitator (Health Specialists/Officers- Communication- SBC Specialists/Officers-VMO- M and E Officer- Media Specialist- Provincial Communication Officer-Training etc),3,111111111111100
NID APR 2026,3,KHYBER,LANDI KOTAL,LOE SHALMAN A,WHO,UCPO,1,111111111111-11
NID APR 2026,3,PESHAWAR,CITY,CANTT WARD 3,WHO,Independent Monitor,1,111111111111111
NID APR 2026,3,PESHAWAR,CITY,CANTT WARD 3,WHO,Independent Monitor,2,111111111111111
NID APR 2026,3,NOWSHERA,NOWSHERA,BADRASHI,WHO,Independent Monitor,3,100000101111000
NID APR 2026,3,KHYBER,LANDI KOTAL,TIRAH BAZAR B,Government,UCMO,,111111111111-00
NID APR 2026,3,CHARSADA,CHARSADDA,SHEIKHO,WHO,Area Coordinator / District Coordinator,1,111010000001000
NID APR 2026,3,KHYBER,LANDI KOTAL,KARAMNA,WHO,UCPO,2,111111111111111
NID APR 2026,3,PESHAWAR,SMT,NOTHIA QADEEM,WHO,Independent Monitor,2,111111111111100
NID APR 2026,3,PESHAWAR,SMT,NOTHIA QADEEM,WHO,Independent Monitor,3,111111111111100
NID APR 2026,3,MOHMAND,KHAWEZAI,KHADI KHEL,Government,UCMO,2,111111110101-00
NID APR 2026,3,PESHAWAR,SHAH ALAM,PANAM DHERI,WHO,UCPO,1,111111111111100
NID APR 2026,3,NOWSHERA,NOWSHERA,NAWA KALY,Government,UCMO,1,111011111111111
NID APR 2026,3,KHYBER,LANDI KOTAL,SHEIKHMAL KHEL,WHO,Independent Monitor,185,111011111111-00
NID APR 2026,3,KHYBER,LANDI KOTAL,SHEIKHMAL KHEL,WHO,Independent Monitor,187,111011111111-00
NID APR 2026,3,PESHAWAR,MATTANI,MATTANI,WHO,UCPO,,111111111111111
NID APR 2026,3,PESHAWAR,MATTANI,SULEMAN KHEIL,WHO,UCPO,1,111111111111111
NID APR 2026,3,PESHAWAR,MATTANI,SULEMAN KHEIL,WHO,UCPO,5,111111111111100
NID APR 2026,3,KHYBER,LANDI KOTAL,TIRAH BAZAR B,WHO,UCPO,3313356090,111111111111111
NID APR 2026,3,PESHAWAR,MATTANI,MATTANI,WHO,UCSP,5,111111111111111
NID APR 2026,3,KHYBER,LANDI KOTAL,STATION,N-STOP,District NSTOP Officer,2,111111111111111
NID APR 2026,3,PESHAWAR,CITY,ASIA DABGARI,WHO,UCPO,3,111111111111111
NID APR 2026,3,PESHAWAR,CITY,SUFAID DHERI,WHO,UCPO,15,111111111111111
NID APR 2026,3,MOHMAND,PARANG GHAAR,ASGHAR,Government,UCMO,3,111111111111-11
NID APR 2026,3,PESHAWAR,SHAH ALAM,MATHRA,WHO,UCPO,8,111111111111111
NID APR 2026,3,PESHAWAR,SHAH ALAM,KANIZA,WHO,UCPO,3,111111111111111
NID APR 2026,3,PESHAWAR,SHAH ALAM,MATHRA,WHO,UCPO,5,111111111111100
NID APR 2026,3,PESHAWAR,SHAH ALAM,MATHRA,WHO,UCPO,6,111111111111100
NID APR 2026,2,PESHAWAR,SMT,SHAHEEN MUSLIM TWN1,WHO,UCPO,8,111111111111100
NID APR 2026,3,MOHMAND,BAIZAI,WARSAK,WHO,TPO/ TDO,,111111111111-00
NID APR 2026,3,KHYBER,BARA,FORT SLOPE,WHO,UCPO,,111111111111111
NID APR 2026,3,NOWSHERA,NOWSHERA,AZAKHEL PAYAN,WHO,Independent Monitor,6,100101011100100
NID APR 2026,3,KHYBER,BARA,GANDAO,WHO,TPO/ TDO,1,111111111111111
NID APR 2026,3,NOWSHERA,NOWSHERA,AZAKHEL PAYAN,WHO,Independent Monitor,4,1001010111-1-00
NID APR 2026,3,PESHAWAR,CITY,TEHKAL PAYAN 2 IRRIG,WHO,TPO/ TDO,2,111111111111111
NID APR 2026,3,PESHAWAR,CITY,HAYAT ABAD 1,WHO,UCPO,9,111111111111111
NID APR 2026,2,PESHAWAR,CITY,HAYAT ABAD 1,WHO,UCPO,,111111111111111
NID APR 2026,1,PESHAWAR,CITY,HAYAT ABAD 1,WHO,UCPO,,111111111111111
NID APR 2026,3,PESHAWAR,CITY,GUNJ,WHO,UCPO,1,111111111111111
NID APR 2026,3,PESHAWAR,CITY,GUNJ,WHO,UCPO,2,111111111111111
NID APR 2026,3,PESHAWAR,CITY,PAWAKA,WHO,UCPO,6,111111111111111
NID APR 2026,2,PESHAWAR,CITY,PAWAKA,WHO,UCPO,7,111111111111111
NID APR 2026,4,CHARSADA,SHABQADAR,MC-2 SHABQADAR,Government,UCMO,1,111111111111111
NID APR 2026,4,KHYBER,BARA,SRA CHEENA,Government,UCMO,1,111111111111111
NID APR 2026,4,KHYBER,JAMRUD,NEW ABADI,WHO,UCPO,1,111111111111100
NID APR 2026,4,KHYBER,JAMRUD,NEW ABADI,WHO,UCPO,1,111111111111100
NID APR 2026,4,NOWSHERA,NOWSHERA,RISALPUR CANTT,Government,Area Incharge (AIC),2,111111111111111
NID APR 2026,4,CHARSADA,SHABQADAR,MC-2 SHABQADAR,Government,UCMO,3,111111111111111
NID APR 2026,4,KHYBER,JAMRUD,ALI MASJID A,WHO,UCPO,1,111111111111-11
NID APR 2026,4,PESHAWAR,CITY,ASIA DABGARI,WHO,UCPO,2,1111111111-1111
NID APR 2026,3,NOWSHERA,NOWSHERA,PAHARI KATTI KHEL,WHO,UCSP,4,111111111111100
NID APR 2026,4,PESHAWAR,SHAH ALAM,SAEEDABAD,WHO,UCPO,7,111111111111111
NID APR 2026,4,NOWSHERA,PABBI,TARRU JABBA,Government,UCMO,2,111111111111111
NID APR 2026,4,PESHAWAR,CITY,MALAKANDHER,WHO,UCPO,15,111111111111111
NID APR 2026,4,KHYBER,JAMRUD,LOWARA MIANA,WHO,UCPO,3,111111111111-11
NID APR 2026,1,KHYBER,BARA,SRA CHEENA,Government,UCMO,5,111111111111000
NID APR 2026,4,KHYBER,LANDI KOTAL,SULTAN KHEL A,Government,UCMO,1,111111111111111
NID APR 2026,4,PESHAWAR,SADDAR,SUREZAI BALA,Government,UCMO,1,111111111111111
NID APR 2026,4,KHYBER,BARA,TAUDA CHEENA,WHO,UCPO,1,111111111111-11
NID APR 2026,4,KHYBER,JAMRUD,NEW ABADI,Government,UCMO,126,111111111111111
NID APR 2026,4,KHYBER,LANDI KOTAL,SULTAN KHEL B,WHO,UCPO,1,111111111111111
NID APR 2026,4,NOWSHERA,NOWSHERA,BARA BANDA,WHO,UCPO,2,111111111111111
NID APR 2026,4,PESHAWAR,SADDAR,URMAR PAYAN,UNICEF,CBO,,111111111111111
NID APR 2026,4,KHYBER,LANDI KOTAL,KHUGA KHEL,WHO,UCPO,4,111111111111111
NID APR 2026,4,PESHAWAR,SHAH ALAM,JOGANI,WHO,UCPO,4,111111111111100
NID APR 2026,4,PESHAWAR,CITY,MEHAL TERAI 1,WHO,UCSP,3,111111111111111
NID APR 2026,4,MOHMAND,PARANG GHAAR,NAO BUCHA,Government,UCMO,1,111111111111-00
NID APR 2026,4,KHYBER,LANDI KOTAL,SULTAN KHEL A,WHO,TPO/ TDO,197,111111111111111
NID APR 2026,4,PESHAWAR,SADDAR,URMAR PAYAN,WHO,UCPO,3,111111111111100
NID APR 2026,4,PESHAWAR,SHAH ALAM,KANKOLA,WHO,UCPO,7,111111111111101
NID APR 2026,4,NOWSHERA,NOWSHERA,DHERI KATTI KHEL,WHO,TTSP/TUSP,4,111111111111111
NID APR 2026,4,NOWSHERA,JEHANGIRA,MERA AKORA,WHO,UCPO,8,111111111111-00
NID APR 2026,3,PESHAWAR,SHAH ALAM,MATHRA,UNICEF,CBO,3,111111111111111
NID APR 2026,4,PESHAWAR,CITY,TEHKAL BALA,WHO,UCPO,2,111111111111111
NID APR 2026,4,KHYBER,JAMRUD,SUR KAMAR,WHO,UCPO,5,111111111111100
NID APR 2026,4,PESHAWAR,CITY,TEHKAL BALA,Government,UCMO,2,111111111111111
NID APR 2026,4,PESHAWAR,CITY,CANTT WARD 2,Government,UCMO,1,111111111111-00
NID APR 2026,6,PESHAWAR,SADDAR,CHAMKANI,WHO,UCPO,1,111111111111111
NID APR 2026,4,PESHAWAR,SMT,SHEIKH JUNAID ABAD,WHO,UCPO,2,111111111111111
NID APR 2026,4,PESHAWAR,SMT,NOTHIA JADEED,WHO,UCPO,3,111111111111111
NID APR 2026,4,PESHAWAR,SMT,NOTHIA QADEEM,WHO,UCPO,2,111111111111111
NID APR 2026,4,PESHAWAR,SADDAR,AZAKHEL TELABAND,WHO,UCSP,4,111111111111111
NID APR 2026,4,PESHAWAR,SMT,BHANA MARI,WHO,UCPO,1,111111111111100
NID APR 2026,4,KHYBER,LANDI KOTAL,SULTAN KHEL A,WHO,UCPO,2,101111111111100
NID APR 2026,4,PESHAWAR,CITY,PALOSI,WHO,UCPO,2,111111111111101
NID APR 2026,4,PESHAWAR,SHAH ALAM,CHAGARMATI,WHO,UCPO,7,111111111111111
NID APR 2026,4,PESHAWAR,SMT,YAKATOOT 1,UNICEF,CBO,3,111111111111111
NID APR 2026,4,PESHAWAR,SMT,YAKATOOT 2,WHO,Independent Monitor,2,111111111111111
NID APR 2026,4,PESHAWAR,SHAH ALAM,BUDHNI,WHO,UCPO,5,111111111111111
NID APR 2026,3,PESHAWAR,SADDAR,MERA SUREZAI PAYAN,WHO,UCPO,3,111111111111111
NID APR 2026,4,PESHAWAR,SADDAR,CHAMKANI,WHO,UCPO,6,111111111111111
NID APR 2026,3,PESHAWAR,SADDAR,MERA SUREZAI PAYAN,WHO,UCPO,2,111111111111100
NID APR 2026,4,PESHAWAR,SHAH ALAM,GULBELA,WHO,UCPO,8,111111111111100
NID APR 2026,4,PESHAWAR,SHAH ALAM,TUKHTABAD,WHO,UCPO,5,111111111111111
NID APR 2026,4,PESHAWAR,SADDAR,MARYAM ZAI,WHO,UCSP,5,111111111111100
NID APR 2026,4,PESHAWAR,SADDAR,MERA SUREZAI PAYAN,WHO,UCPO,6,111111111111100
NID APR 2026,4,NOWSHERA,NOWSHERA,NOWSHERA CITY,WHO,TTSP/TUSP,1,111111011111100
NID APR 2026,4,KHYBER,JAMRUD,SHAH KAS A,WHO,UCPO,3,111111111111111
NID APR 2026,4,PESHAWAR,SHAH ALAM,DAG,WHO,UCPO,6,111111111111111
NID APR 2026,4,PESHAWAR,SMT,DEH BAHADAR,WHO,District Polio Officer,6,111111111111111
NID APR 2026,4,KHYBER,LANDI KOTAL,KHUGA KHEL,UNICEF,CBO,4,111111111111110
NID APR 2026,4,MOHMAND,HALEEMZAI,KASSI,Government,UCMO,1,111111111111101
NID APR 2026,4,PESHAWAR,CITY,LAHORI,WHO,UCPO,1,111111111111100
NID APR 2026,4,PESHAWAR,MATTANI,MATTANI,WHO,UCSP,2,111111111111111
NID APR 2026,4,PESHAWAR,SHAH ALAM,BUDHNI,WHO,UCPO,4,111111111111111
NID APR 2026,4,PESHAWAR,CITY,KHALSA 1,UNICEF,CBO,5,111111111111111
NID APR 2026,3,CHARSADA,CHARSADDA,RAJJAR 1,Government,UCMO,5,111111111111-00
NID APR 2026,4,PESHAWAR,MATTANI,PISHTAKHARA,N-STOP,District NSTOP Officer,1,111111111111111
NID APR 2026,4,MOHMAND,SAFI LAKARO,LAKARO,Government,UCMO,1,111111111111100
NID APR 2026,4,NOWSHERA,PABBI,TARRU JABBA,Government,UCMO,1,111111111111100
NID APR 2026,4,PESHAWAR,CITY,PAWAKA,UNICEF,CBO,6,111111111111110
NID APR 2026,4,PESHAWAR,CITY,PAWAKA,WHO,UCPO,5,111111111111111
NID APR 2026,4,KHYBER,BARA,FORT SLOPE,WHO,UCPO,4,111110111111111
NID APR 2026,4,NOWSHERA,NOWSHERA,KABUL RIVER,WHO,UCPO,2,111111111111100
NID APR 2026,4,MOHMAND,SAFI LAKARO,LAKARO,Government,UCMO,2,111111111111100
NID APR 2026,4,PESHAWAR,SMT,BHANA MARI,Government,UCMO,3,111111111111111
NID APR 2026,4,PESHAWAR,SMT,BHANA MARI,WHO,UCPO,3,111111111111111
NID APR 2026,4,KHYBER,JAMRUD,ALI MASJID A,UNICEF,CCO,88,111111111111111
NID APR 2026,4,PESHAWAR,SMT,YAKATOOT 1,N-STOP,District NSTOP Officer,3,111111111111111
NID APR 2026,4,PESHAWAR,MATTANI,SARBAND,WHO,UCPO,1,111111111111100
NID APR 2026,4,PESHAWAR,CITY,MEHAL TERAI 2,WHO,UCPO,6,111111111111111
NID APR 2026,4,PESHAWAR,MATTANI,SHEIKHAN,WHO,UCSP,7,111111111111111
NID APR 2026,4,KHYBER,JAMRUD,SUR KAMAR,WHO,Independent Monitor,145,111111011111111
NID APR 2026,4,PESHAWAR,SHAH ALAM,KAFOOR DHERI,WHO,UCPO,4,111111111111111
NID APR 2026,4,PESHAWAR,SHAH ALAM,LALA KALAY,WHO,UCSP,6,111111111111111
NID APR 2026,4,PESHAWAR,SADDAR,MERA SUREZAI PAYAN,WHO,Independent Monitor,2,111111111111111
NID APR 2026,4,PESHAWAR,MATTANI,BAZID KHEL,UNICEF,CBO,1,111111111111100
NID APR 2026,4,PESHAWAR,MATTANI,SHEIKH MOHAMMADI,WHO,UCPO,2,111111111111100
NID APR 2026,4,PESHAWAR,SMT,HAZARKHWANI 2,WHO,Provincial Facilitator (M&E- Campaign- HRMP- EPI-PEI Syn- Training etc),9,111111111111111
NID APR 2026,4,PESHAWAR,CITY,HAYAT ABAD 2,WHO,UCPO,3,111111111111100
NID APR 2026,3,PESHAWAR,SADDAR,SUREZAI PAYAN,WHO,UCPO,2,111111111111100
NID APR 2026,4,PESHAWAR,CITY,GULBAHAR,WHO,UCSP,1,111111111111111
NID APR 2026,2,KHYBER,BARA,GANDAO,Government,Area Incharge (AIC),25,111111111111111
NID APR 2026,4,NOWSHERA,JEHANGIRA,JEHANGIRA,WHO,UCPO,7,111111111111111
NID APR 2026,4,PESHAWAR,SHAH ALAM,CHAGARMATI,WHO,UCPO,2,111111111111111
NID APR 2026,4,KHYBER,LANDI KOTAL,MIRDAD KHEL,WHO,UCPO,6,111111111111111
NID APR 2026,4,PESHAWAR,CITY,KHALSA 1,WHO,UCPO,3,111111111111111
NID APR 2026,4,PESHAWAR,SHAH ALAM,PAJAGI,WHO,TPO/ TDO,9,111111111111100
NID APR 2026,4,KHYBER,JAMRUD,SUR KAMAR,WHO,TPO/ TDO,2,111111111111111
NID APR 2026,3,PESHAWAR,CITY,JEHANGIR PURA,WHO,UCPO,2,111111111111100
NID APR 2026,4,PESHAWAR,SMT,HAZARKHWANI 1,WHO,UCPO,1,111111111111100
NID APR 2026,4,CHARSADA,SHABQADAR,MC-3 SHABQADAR,Government,UCMO,4,111111111111111
NID APR 2026,4,PESHAWAR,SMT,NOTHIA JADEED,WHO,UCPO,4,111111111111111
NID APR 2026,4,PESHAWAR,SMT,HAZARKHWANI 1,UNICEF,CCO,1,111111111111111
NID APR 2026,4,PESHAWAR,SHAH ALAM,WADPAGA,WHO,UCPO,9,111111111111100
NID APR 2026,4,PESHAWAR,SHAH ALAM,NAHAQI,UNICEF,CBO,5,111111111111111
NID APR 2026,4,PESHAWAR,MATTANI,BAZID KHEL,WHO,UCPO,7,111111111111111
NID APR 2026,4,PESHAWAR,CITY,ASIA DABGARI,WHO,UCPO,3,111111111111111
NID APR 2026,4,PESHAWAR,SHAH ALAM,JOGANI,UNICEF,CBO,2,111111111111100
NID APR 2026,4,PESHAWAR,SMT,DEH BAHADAR,WHO,UCPO,6,111111111111100
NID APR 2026,4,PESHAWAR,CITY,KHALSA 1,WHO,UCPO,7,111111111111100
NID APR 2026,4,PESHAWAR,CITY,TEHKAL PAYAN,WHO,UCPO,1,111111111111111
NID APR 2026,4,PESHAWAR,CITY,UNIVERSITY TOWN,WHO,UCPO,4,111111111111100
NID APR 2026,4,PESHAWAR,CITY,UNIVERSITY TOWN,WHO,UCPO,3,111111111111100
NID APR 2026,4,NOWSHERA,PABBI,CHOKI MAMREZ,WHO,UCPO,1,111111111111111
NID APR 2026,4,PESHAWAR,CITY,HASAN GARHI 1,UNICEF,CBO,3,111111111111100
NID APR 2026,4,PESHAWAR,SHAH ALAM,DAG,WHO,UCPO,6,111111111111111
NID APR 2026,4,KHYBER,LANDI KOTAL,KHUGA KHEL,WHO,UCPO,2,111111111111111
NID APR 2026,4,PESHAWAR,SHAH ALAM,GULBELA,WHO,UCPO,6,111111111111100
NID APR 2026,4,PESHAWAR,SMT,YAKATOOT 1,N-STOP,District NSTOP Officer,2,111111111111111
NID APR 2026,4,PESHAWAR,SADDAR,MUSAZAI,WHO,UCPO,6,111111111111111
NID APR 2026,4,PESHAWAR,SADDAR,AZAKHEL TELABAND,WHO,UCPO,1,111111111111111
NID APR 2026,4,PESHAWAR,SHAH ALAM,SHAHI BALA,WHO,UCPO,2,111111111111111
NID APR 2026,4,PESHAWAR,SHAH ALAM,PANAM DHERI,WHO,UCPO,6,111111111111111
NID APR 2026,4,NOWSHERA,PABBI,PABBI,Government,UCMO,1,111111111111100
NID APR 2026,4,CHARSADA,SHABQADAR,RASHAKI,WHO,UCPO,6,111111111111000
NID APR 2026,4,PESHAWAR,MATTANI,MASHOGAGAR,WHO,UCPO,11,111111111111100
NID APR 2026,4,PESHAWAR,SMT,SHAHEEN MUSLIM TWN1,N-STOP,District NSTOP Officer,1,111111111111111
NID APR 2026,4,KHYBER,LANDI KOTAL,SHEIKHMAL KHEL,WHO,UCPO,3,111111111111111
NID APR 2026,4,PESHAWAR,MATTANI,SARBAND,UNICEF,CBO,3,111111111111111
NID APR 2026,4,PESHAWAR,SADDAR,BADABER HUREZAI,WHO,UCPO,1,111111111111111
NID APR 2026,4,PESHAWAR,CITY,GULBAHAR,UNICEF,CBO,2,111111111111111
NID APR 2026,4,PESHAWAR,SADDAR,SUREZAI PAYAN,WHO,Independent Monitor,1,111011111111100
NID APR 2026,4,PESHAWAR,CITY,KAKSHAL,UNICEF,CBO,3,111111111111111
NID APR 2026,4,PESHAWAR,SMT,AKHOON ABAD,WHO,UCPO,1,111111111111111
NID APR 2026,4,PESHAWAR,SMT,YAKATOOT 2,WHO,Independent Monitor,3,111111111111111
NID APR 2026,4,PESHAWAR,SMT,HAZARKHWANI 1,UNICEF,CCO,2,111111111111111
NID APR 2026,4,PESHAWAR,MATTANI,BAZID KHEL,UNICEF,CBO,2,111111111111100
NID APR 2026,4,PESHAWAR,CITY,SUFAID DHERI,N-STOP,Provincial Facilitator (N-STOP Officer- TSO),9,111111111111111
NID APR 2026,4,PESHAWAR,SADDAR,SUREZAI BALA,WHO,UCPO,2,111111111111111
NID APR 2026,4,PESHAWAR,CITY,HAYAT ABAD 2,WHO,UCPO,9,111111111111111
NID APR 2026,4,PESHAWAR,CITY,HASAN GARHI 2,WHO,UCSP,4,111111111111111
NID APR 2026,4,PESHAWAR,SMT,YAKATOOT 3,UNICEF,CBO,4,111111111111100
NID APR 2026,4,PESHAWAR,CITY,MEHAL TERAI 1,WHO,UCSP,2,111111111111111
NID APR 2026,4,KHYBER,JAMRUD,SHAH KAS A,Government,UCMO,2,111111111111111
NID APR 2026,4,KHYBER,BARA,JANBAZ A,WHO,UCPO,2,111111111111111
NID APR 2026,4,PESHAWAR,SADDAR,BADABER HUREZAI,WHO,UCPO,5,111111111111111
NID APR 2026,4,PESHAWAR,MATTANI,SARBAND,WHO,UCPO,4,111111111111111
NID APR 2026,4,PESHAWAR,CITY,TEHKAL PAYAN 2 IRRIG,WHO,UCSP,1,111111111111111
NID APR 2026,4,PESHAWAR,CITY,SUFAID DHERI,UNICEF,CBO,15,111111111111100
NID APR 2026,4,PESHAWAR,MATTANI,MASHOGAGAR,WHO,UCPO,1,111111111111111
NID APR 2026,4,PESHAWAR,SHAH ALAM,HARYANA PAYAN,WHO,UCPO,3,111111111111111
NID APR 2026,4,KHYBER,LANDI KOTAL,TIRAH BAZAR A,Government,UCMO,209,111111111111110
NID APR 2026,4,PESHAWAR,SHAH ALAM,PAKHA GHULAM,WHO,UCPO,6,111111111111111
NID APR 2026,4,PESHAWAR,SHAH ALAM,KAFOOR DHERI,WHO,UCPO,2,111111111111111
NID APR 2026,4,NOWSHERA,JEHANGIRA,MERA AKORA,WHO,UCPO,1,100101111111-00
NID APR 2026,4,PESHAWAR,SHAH ALAM,SHAHI BALA,UNICEF,CBO,6,111111111111111
NID APR 2026,4,PESHAWAR,CITY,HASAN GARHI 2,WHO,Provincial Facilitator (M&E- Campaign- HRMP- EPI-PEI Syn- Training etc),1,111111111111101
NID APR 2026,4,PESHAWAR,SMT,HAZARKHWANI 2,WHO,Provincial Facilitator (M&E- Campaign- HRMP- EPI-PEI Syn- Training etc),10,111011111111111
NID APR 2026,4,PESHAWAR,SMT,NOTHIA JADEED,WHO,UCPO,5,111111111111111
NID APR 2026,4,PESHAWAR,SHAH ALAM,KANIZA,WHO,UCPO,5,111111111111011
NID APR 2026,4,PESHAWAR,SHAH ALAM,PAJAGI,WHO,TPO/ TDO,10,111111111111100
NID APR 2026,4,PESHAWAR,CITY,HAYAT ABAD 2,WHO,UCPO,8,111111111111111
NID APR 2026,4,CHARSADA,CHARSADDA,MC-4 CHARSADDA,N-STOP,District NSTOP Officer,3,111111111111-11
NID APR 2026,4,KHYBER,JAMRUD,SUR KAMAR,WHO,Independent Monitor,148,111111011111111
NID APR 2026,4,PESHAWAR,SHAH ALAM,TUKHTABAD,WHO,UCPO,4,111111111111111
NID APR 2026,4,PESHAWAR,CITY,MEHAL TERAI 2,WHO,UCPO,2,111111111111111
NID APR 2026,4,PESHAWAR,SHAH ALAM,WADPAGA,WHO,UCPO,3,111111111111100
NID APR 2026,4,PESHAWAR,SMT,DERI BAGHBANAN,WHO,UCPO,3,111111111111111
NID APR 2026,1,KHYBER,TIRAH MAIDAN,SERAY,WHO,UCPO,4,111111111111-01
NID APR 2026,4,PESHAWAR,SADDAR,ADEZAI,WHO,UCPO,4,111111111111111
NID APR 2026,4,PESHAWAR,MATTANI,PISHTAKHARA,N-STOP,District NSTOP Officer,5,111111111111111
NID APR 2026,4,PESHAWAR,SADDAR,BADABER MARYAMZAI,UNICEF,CBO,4,111111111111111
NID APR 2026,3,PESHAWAR,SMT,YAKATOOT 3,WHO,UCSP,5,111111111111100
NID APR 2026,4,PESHAWAR,MATTANI,MATTANI,UNICEF,CBO,6,111111111111111
NID APR 2026,4,PESHAWAR,SMT,YAKATOOT 3,WHO,UCSP,4,111111111111100
NID APR 2026,4,PESHAWAR,SMT,DEH BAHADAR,UNICEF,Provincial Facilitator (Health Specialists/Officers- Communication- SBC Specialists/Officers-VMO- M and E Officer- Media Specialist- Provincial Communication Officer-Training etc),10,111111111111100
NID APR 2026,4,PESHAWAR,CITY,CANTT WARD 2,WHO,UCSP,3,111111111111-00
NID APR 2026,4,PESHAWAR,SMT,SHAHEEN MUSLIM TWN1,WHO,UCPO,7,111111111111111
NID APR 2026,4,PESHAWAR,SADDAR,ADEZAI,WHO,UCPO,7,111111111111100
NID APR 2026,4,PESHAWAR,SHAH ALAM,LALA KALAY,WHO,UCSP,8,111111111111111
NID APR 2026,4,PESHAWAR,SMT,AKHOON ABAD,WHO,UCPO,2,111111111111-00
NID APR 2026,4,PESHAWAR,SADDAR,BADABER MARYAMZAI,WHO,UCPO,2,111111111111100
NID APR 2026,4,PESHAWAR,SADDAR,URMAR BALA,WHO,UCPO,3,111111111111100
NID APR 2026,4,PESHAWAR,MATTANI,PISHTAKHARA,WHO,UCPO,3,111111111111100
NID APR 2026,4,PESHAWAR,CITY,MALAKANDHER,WHO,UCPO,17,111111111111111
NID APR 2026,4,CHARSADA,CHARSADDA,RAJJAR 1,WHO,TTSP/TUSP,6,111111111111100
NID APR 2026,4,PESHAWAR,SHAH ALAM,PAJAGI,WHO,UCPO,8,111111111111111
NID APR 2026,4,NOWSHERA,NOWSHERA,NOWSHERA CITY,WHO,TTSP/TUSP,2,111111111111100
NID APR 2026,4,PESHAWAR,SADDAR,BADABER MARYAMZAI,Government,UCMO,3,111111111111111
NID APR 2026,4,PESHAWAR,CITY,FAQIR ABAD,WHO,UCSP,3,111111111111111
NID APR 2026,4,PESHAWAR,SMT,YAKATOOT 3,WHO,UCPO,2,111111111111100
NID APR 2026,4,PESHAWAR,SHAH ALAM,KHAZANA,WHO,UCPO,4,111111111111111
NID APR 2026,4,PESHAWAR,SHAH ALAM,SHAHI BALA,WHO,UCPO,4,111111111111111
NID APR 2026,4,PESHAWAR,SHAH ALAM,WADPAGA,WHO,UCPO,4,111111111111100
NID APR 2026,4,PESHAWAR,SHAH ALAM,KANKOLA,WHO,UCPO,1,111111111111111
NID APR 2026,4,PESHAWAR,SMT,YAKATOOT 2,WHO,UCPO,3,111111111111100
NID APR 2026,4,KHYBER,BARA,ABDULLAH JAN,Government,UCMO,5,111111111111111
NID APR 2026,4,PESHAWAR,CITY,HASAN GARHI 2,WHO,UCPO,6,111111111111100
NID APR 2026,4,PESHAWAR,MATTANI,PISHTAKHARA,N-STOP,District NSTOP Officer,4,111111111111111
NID APR 2026,4,PESHAWAR,CITY,ANDERSHEHER,Government,UCMO,2,111111111111100
NID APR 2026,3,PESHAWAR,CITY,KHALSA 2,WHO,UCSP,2,111111111111100
NID APR 2026,4,PESHAWAR,CITY,SIKANDAR TOWN,WHO,UCPO,1,111111111111111
NID APR 2026,4,PESHAWAR,SMT,CANTT WARD 5,WHO,UCPO,4,111111111111111
NID APR 2026,4,KHYBER,BARA,MASTAK,WHO,UCPO,2,111111111111111
NID APR 2026,4,PESHAWAR,CITY,CANTT WARD 1,WHO,UCPO,3,111111111111-11
NID APR 2026,4,PESHAWAR,SHAH ALAM,GARHI SHER DAD,WHO,UCPO,1,111111111111110
NID APR 2026,4,PESHAWAR,SHAH ALAM,LARAMA,WHO,UCPO,7,111111111111100
NID APR 2026,4,PESHAWAR,MATTANI,SARBAND,WHO,UCPO,5,111111111111111
NID APR 2026,4,PESHAWAR,CITY,HAYAT ABAD 2,WHO,UCPO,10,111111111111111
NID APR 2026,4,PESHAWAR,MATTANI,BAZID KHEL,WHO,UCPO,6,111111111111111
NID APR 2026,4,PESHAWAR,SHAH ALAM,TUKHTABAD,WHO,UCPO,1,111111111111101
NID APR 2026,4,PESHAWAR,CITY,UNIVERSITY TOWN,WHO,UCPO,6,111111111111100
NID APR 2026,4,CHARSADA,CHARSADDA,NISATTA,WHO,TTSP/TUSP,1,111111111111111
NID APR 2026,4,PESHAWAR,CITY,SUFAID DHERI,WHO,UCPO,9,111111111111111
NID APR 2026,4,PESHAWAR,SMT,HAZARKHWANI 2,WHO,UCPO,5,111111111111111
NID APR 2026,4,PESHAWAR,SHAH ALAM,LALA KALAY,WHO,UCPO,5,111111111111111
NID APR 2026,4,PESHAWAR,SMT,DEH BAHADAR,WHO,UCPO,11,111111111111111
NID APR 2026,4,PESHAWAR,SADDAR,SHERAKERA,UNICEF,Other (Specify),1,111111111111100
NID APR 2026,4,MOHMAND,PARANG GHAAR,NAO BUCHA,Government,UCMO,2,111111111111-10
NID APR 2026,4,KHYBER,BARA,GANDAO,WHO,UCPO,4,111111111111111
NID APR 2026,4,PESHAWAR,SMT,NOTHIA QADEEM,WHO,UCPO,4,111111111111111
NID APR 2026,4,PESHAWAR,SADDAR,CHAMKANI,WHO,UCPO,5,111111111111111
NID APR 2026,4,PESHAWAR,CITY,TEHKAL PAYAN 2 IRRIG,WHO,UCSP,1,111111111111111
NID APR 2026,4,PESHAWAR,SADDAR,MUSAZAI,WHO,Independent Monitor,9,111111111111111
NID APR 2026,4,CHARSADA,CHARSADDA,MC-3 CHARSADDA,Government,UCMO,1,111111111111111
NID APR 2026,4,MOHMAND,HALEEMZAI,KASSI,WHO,TPO/ TDO,4,111111111111-01
NID APR 2026,5,PESHAWAR,CITY,MALAKANDHER,WHO,UCPO,3,111111111111100
NID APR 2026,4,PESHAWAR,CITY,PALOSI,WHO,UCPO,3,111111111111100
NID APR 2026,4,PESHAWAR,SMT,DERI BAGHBANAN,Government,UCMO,2,111111111111100
NID APR 2026,4,KHYBER,JAMRUD,TIDI BAZAR,N-STOP,District NSTOP Officer,1,111111111111100
NID APR 2026,4,PESHAWAR,CITY,MEHAL TERAI 1,WHO,UCPO,1,111111111111111
NID APR 2026,4,KHYBER,LANDI KOTAL,KAM SHALMAN,WHO,UCPO,1,111111111111110
NID APR 2026,4,PESHAWAR,CITY,HAYAT ABAD 2,WHO,UCPO,4,111111111111100
NID APR 2026,4,PESHAWAR,MATTANI,SARBAND,WHO,District Polio Officer,3,111111111111111
NID APR 2026,4,PESHAWAR,SHAH ALAM,HARYANA PAYAN,WHO,UCPO,7,111111111111100
NID APR 2026,4,PESHAWAR,SADDAR,BADABER HUREZAI,WHO,UCPO,2,111111111111111
NID APR 2026,4,PESHAWAR,SHAH ALAM,KANKOLA,Government,UCMO,6,111111111111100
NID APR 2026,4,PESHAWAR,CITY,HASAN GARHI 1,UNICEF,CBO,2,111111111111100
NID APR 2026,2,NOWSHERA,PABBI,TURKMEN CAMP,Government,UCMO,1,111111111111111
NID APR 2026,4,PESHAWAR,SMT,NOTHIA QADEEM,WHO,UCPO,1,111111111111111
NID APR 2026,4,PESHAWAR,CITY,HASAN GARHI 1,WHO,UCPO,1,111111111111111
NID APR 2026,4,PESHAWAR,CITY,LAHORI,WHO,UCPO,2,111111111111100
NID APR 2026,4,KHYBER,BARA,ABDULLAH JAN,WHO,TPO/ TDO,1,111111111111111
NID APR 2026,4,PESHAWAR,CITY,SHAHI BAGH,WHO,UCPO,4,111111111111101
NID APR 2026,4,PESHAWAR,MATTANI,MASHOGAGAR,WHO,UCPO,4,111111111111100
NID APR 2026,4,KHYBER,JAMRUD,LOWARA MIANA,WHO,UCPO,4,111111111111-00
NID APR 2026,4,PESHAWAR,CITY,CANTT WARD 2,WHO,UCSP,2,111111111111-00
NID APR 2026,4,KHYBER,JAMRUD,NEW ABADI,WHO,UCPO,7,111111111111111
NID APR 2026,4,KHYBER,JAMRUD,NEW ABADI,WHO,UCPO,6,111111111111101
NID APR 2026,4,NOWSHERA,NOWSHERA,PIRPAI,N-STOP,District NSTOP Officer,1,111111111111100
NID APR 2026,4,CHARSADA,TANGI,ABAZAI,WHO,TTSP/TUSP,6,111111111111100
NID APR 2026,4,KHYBER,JAMRUD,TIDI BAZAR,N-STOP,District NSTOP Officer,2,111111111111100
NID APR 2026,4,PESHAWAR,SHAH ALAM,MATHRA,WHO,UCPO,7,111111111111100
NID APR 2026,4,PESHAWAR,SMT,HAZARKHWANI 2,WHO,UCPO,3,111111111111111
NID APR 2026,4,PESHAWAR,SHAH ALAM,NAHAQI,WHO,UCPO,1,111111111111111
NID APR 2026,3,PESHAWAR,SMT,CANTT WARD 5,Government,UCMO,4,111111111111111
NID APR 2026,4,PESHAWAR,CITY,GULBAHAR,WHO,UCSP,4,111111111111111
NID APR 2026,4,PESHAWAR,CITY,ANDERSHEHER,WHO,UCPO,2,111111111111100
NID APR 2026,4,PESHAWAR,CITY,ANDERSHEHER,WHO,UCPO,1,111111111111100
NID APR 2026,4,PESHAWAR,SADDAR,MUSAZAI,WHO,Independent Monitor,4,111011111111111
NID APR 2026,4,PESHAWAR,SHAH ALAM,KANIZA,WHO,UCPO,7,111111111111-00
NID APR 2026,4,PESHAWAR,SADDAR,ADEZAI,WHO,UCPO,7,111111111111100
NID APR 2026,4,PESHAWAR,SHAH ALAM,JOGANI,WHO,UCPO,5,111111111111111
NID APR 2026,4,MOHMAND,SAFI LAKARO,MAMAD GAT,UNICEF,CBO,2,111111111111-10
NID APR 2026,4,PESHAWAR,CITY,TEHKAL BALA,WHO,UCPO,7,111111111111111
NID APR 2026,4,PESHAWAR,SHAH ALAM,JOGANI,WHO,UCPO,1,111111111111111
NID APR 2026,4,PESHAWAR,SMT,SHAHEEN MUSLIM TWN1,WHO,UCPO,11,111111111111111
NID APR 2026,2,NOWSHERA,PABBI,SPINKHAK,Government,UCMO,4,111111111111111
NID APR 2026,4,KHYBER,LANDI KOTAL,SULTAN KHEL A,WHO,Independent Monitor,196,101011111111-00
NID APR 2026,4,PESHAWAR,SMT,HAZARKHWANI 1,WHO,UCPO,5,111111111111111
NID APR 2026,4,PESHAWAR,CITY,HASAN GARHI 2,WHO,UCPO,7,111111111111100
NID APR 2026,4,KHYBER,LANDI KOTAL,SULTAN KHEL A,WHO,Independent Monitor,194,111011111111100
NID APR 2026,4,PESHAWAR,SADDAR,MUSAZAI,WHO,UCPO,7,111111111111111
NID APR 2026,4,PESHAWAR,SHAH ALAM,KANKOLA,WHO,UCPO,2,111111111111111
NID APR 2026,4,PESHAWAR,SADDAR,URMAR MIANA,WHO,UCPO,1,111111111111111
NID APR 2026,4,PESHAWAR,SMT,HAZARKHWANI 2,WHO,UCPO,6,111111111111111
NID APR 2026,4,PESHAWAR,SMT,HAZARKHWANI 2,WHO,UCPO,2,111111111111111
NID APR 2026,4,CHARSADA,CHARSADDA,MC-4 CHARSADDA,N-STOP,District NSTOP Officer,4,111111111111111
NID APR 2026,4,PESHAWAR,MATTANI,BAZID KHEL,WHO,UCPO,7,111111111111111
NID APR 2026,4,NOWSHERA,JEHANGIRA,SHAIDU,WHO,TTSP/TUSP,4,111111111111111
NID APR 2026,4,PESHAWAR,CITY,KHALSA 1,WHO,UCPO,2,111111111111111
NID APR 2026,4,PESHAWAR,MATTANI,SULEMAN KHEIL,WHO,UCPO,1,111111111111111
NID APR 2026,4,PESHAWAR,MATTANI,SHEIKH MOHAMMADI,WHO,UCPO,1,111111111111100
NID APR 2026,4,PESHAWAR,CITY,KHALSA 2,WHO,UCPO,4,111111111111100
NID APR 2026,4,PESHAWAR,SADDAR,BADABER MARYAMZAI,WHO,UCPO,3,111111111111100
NID APR 2026,4,PESHAWAR,CITY,KHALSA 2,WHO,UCPO,3,111111111111100
NID APR 2026,4,PESHAWAR,CITY,KHALSA 2,WHO,UCSP,1,111111111111100
NID APR 2026,4,PESHAWAR,CITY,TEHKAL PAYAN 2 IRRIG,WHO,UCPO,2,111111111111111
NID APR 2026,4,KHYBER,JAMRUD,PAINDI LALMA,WHO,UCPO,3,111111111111-11
NID APR 2026,4,PESHAWAR,MATTANI,SARBAND,WHO,District Polio Officer,6,111111111111111
NID APR 2026,4,PESHAWAR,CITY,HAYAT ABAD 2,WHO,UCPO,16,111111111111100
NID APR 2026,4,PESHAWAR,CITY,KHALSA 2,UNICEF,CBO,6,111111111111111
NID APR 2026,4,NOWSHERA,PABBI,CHOKI MAMREZ,WHO,UCPO,2,111111111111111
NID APR 2026,4,PESHAWAR,SADDAR,URMAR PAYAN,WHO,UCPO,4,111111111111110
NID APR 2026,4,PESHAWAR,SHAH ALAM,MATHRA,WHO,UCPO,8,111111111111100
NID APR 2026,4,PESHAWAR,CITY,TEHKAL PAYAN 2 IRRIG,WHO,UCSP,1,111111111111111
NID APR 2026,4,PESHAWAR,CITY,TEHKAL BALA,WHO,UCPO,1,111111111111111
NID APR 2026,4,NOWSHERA,NOWSHERA,KABUL RIVER,WHO,UCPO,3,111111111111100
NID APR 2026,4,PESHAWAR,CITY,TEHKAL PAYAN,UNICEF,CBO,3,111111111111111
NID APR 2026,4,PESHAWAR,CITY,TEHKAL PAYAN,WHO,UCPO,4,111111111111-00
NID APR 2026,4,PESHAWAR,SADDAR,MARYAM ZAI,WHO,UCPO,4,111111111111111
NID APR 2026,4,PESHAWAR,SHAH ALAM,SHAHI BALA,WHO,UCPO,3,111111111111111
NID APR 2026,4,PESHAWAR,SMT,HAZARKHWANI 2,WHO,UCSP,10,111111111111111
NID APR 2026,4,PESHAWAR,CITY,HAYAT ABAD 1,UNICEF,Provincial Facilitator (Health Specialists/Officers- Communication- SBC Specialists/Officers-VMO- M and E Officer- Media Specialist- Provincial Communication Officer-Training etc),13,111111111111111
NID APR 2026,4,NOWSHERA,JEHANGIRA,AKORA KHATTAK,WHO,TPO/ TDO,3,111111111111111
NID APR 2026,4,KHYBER,JAMRUD,MIA MORCHA,Government,UCMO,2,111111111111-00
NID APR 2026,4,PESHAWAR,SMT,DERI BAGHBANAN,WHO,UCPO,1,111111111111111
NID APR 2026,4,KHYBER,BARA,TAUDA CHEENA,WHO,UCPO,2,111111111111-11
NID APR 2026,4,PESHAWAR,MATTANI,PISHTAKHARA,WHO,UCPO,3,111111111111100
NID APR 2026,4,PESHAWAR,CITY,HASAN GARHI 2,WHO,Provincial Facilitator (M&E- Campaign- HRMP- EPI-PEI Syn- Training etc),5,111111111111-00
NID APR 2026,4,CHARSADA,CHARSADDA,NISATTA,WHO,TTSP/TUSP,3,111111111111111
NID APR 2026,4,PESHAWAR,CITY,SIKANDAR TOWN,WHO,UCPO,3,111111111111111
NID APR 2026,2,CHARSADA,SHABQADAR,BATTAGRAM,WHO,UCPO,4,111011111111110
NID APR 2026,4,PESHAWAR,SHAH ALAM,SAEEDABAD,WHO,UCPO,5,111111111111111
NID APR 2026,4,PESHAWAR,SMT,SHAHEEN MUSLIM TWN2,WHO,UCPO,1,111111111111111
NID APR 2026,4,NOWSHERA,NOWSHERA,KHESHGI BALA,WHO,UCPO,8,111111111111111
NID APR 2026,4,PESHAWAR,SHAH ALAM,SAEEDABAD,WHO,UCPO,4,111111111111111
NID APR 2026,4,PESHAWAR,CITY,FAQIR ABAD,WHO,UCPO,1,111111111111111
NID APR 2026,4,NOWSHERA,JEHANGIRA,MISRI BANDA,WHO,TTSP/TUSP,1,1111111111-1-00
NID APR 2026,4,PESHAWAR,SADDAR,MUSAZAI,WHO,UCPO,4,111111111111-11
NID APR 2026,4,PESHAWAR,MATTANI,MASHOGAGAR,WHO,District Polio Officer,5,111111111111111
NID APR 2026,4,PESHAWAR,CITY,ASIA DABGARI,WHO,UCPO,1,111111111111111
NID APR 2026,4,NOWSHERA,JEHANGIRA,MISRI BANDA,WHO,TTSP/TUSP,3,111111111111-00
NID APR 2026,4,PESHAWAR,SADDAR,MUSAZAI,WHO,UCPO,9,111111111111-00
NID APR 2026,4,PESHAWAR,SADDAR,MERA KACHORI,WHO,UCPO,4,111111111111111
NID APR 2026,4,PESHAWAR,SADDAR,MERA KACHORI,WHO,UCPO,5,111111111111111
NID APR 2026,4,PESHAWAR,SADDAR,MERA KACHORI,WHO,UCPO,6,111111111111111
NID APR 2026,4,PESHAWAR,SMT,SHAHEEN MUSLIM TWN1,WHO,UCPO,8,111111111111111
NID APR 2026,4,NOWSHERA,NOWSHERA,GANDHERI,WHO,UCPO,6,111111111111111
NID APR 2026,4,PESHAWAR,SADDAR,MERA SUREZAI PAYAN,WHO,Independent Monitor,6,011111111111111
NID APR 2026,4,PESHAWAR,SHAH ALAM,SHAHI BALA,WHO,UCPO,1,111111111111111
NID APR 2026,4,PESHAWAR,CITY,JEHANGIR PURA,UNICEF,CBO,,111011111111100
NID APR 2026,2,PESHAWAR,CITY,JEHANGIR PURA,UNICEF,CBO,,111011111111100
NID APR 2026,4,PESHAWAR,SMT,SHEIKH JUNAID ABAD,WHO,UCPO,3,111111111111111
NID APR 2026,4,PESHAWAR,CITY,TEHKAL BALA,WHO,UCPO,8,111111111111111
NID APR 2026,4,PESHAWAR,SHAH ALAM,KANKOLA,WHO,UCPO,8,111111111111111
NID APR 2026,1,KHYBER,BARA,SRA CHEENA,WHO,UCSP,8,111111111111100
NID APR 2026,4,PESHAWAR,CITY,GULBAHAR,N-STOP,District NSTOP Officer,1,111111111111111
NID APR 2026,4,MOHMAND,SAFI LAKARO,SANDO KHEL,WHO,UCPO,2,111111111111100
NID APR 2026,4,MOHMAND,SAFI LAKARO,SANDO KHEL,WHO,UCPO,4,111111111111100
NID APR 2026,1,KHYBER,BARA,SRA CHEENA,WHO,UCPO,,111111111111111
NID APR 2026,4,KHYBER,BARA,FORT SLOPE,WHO,UCPO,4,111111111111111
NID APR 2026,4,PESHAWAR,CITY,JEHANGIR PURA,WHO,UCPO,2,111111111111100
NID APR 2026,4,PESHAWAR,CITY,HASAN GARHI 2,WHO,UCSP,5,111111111111111
NID APR 2026,4,CHARSADA,SHABQADAR,MC-2 SHABQADAR,Government,UCMO,4,111111111111111
NID APR 2026,4,PESHAWAR,MATTANI,PISHTAKHARA,Government,UCMO,5,111111111111100
NID APR 2026,4,PESHAWAR,MATTANI,PISHTAKHARA,WHO,UCPO,4,111111111111100
NID APR 2026,1,KHYBER,BARA,SRA CHEENA,UNICEF,Other (Specify),8,111111111111100
NID APR 2026,4,PESHAWAR,SMT,HAZARKHWANI 2,WHO,UCSP,11,111111111111111
NID APR 2026,2,CHARSADA,TANGI,KOZ BEHRAM DHERI,WHO,TTSP/TUSP,1,111111111111100
NID APR 2026,4,PESHAWAR,SADDAR,CHAMKANI,WHO,Independent Monitor,2,111011111111110
NID APR 2026,4,PESHAWAR,CITY,SUFAID DHERI,N-STOP,Provincial Facilitator (N-STOP Officer- TSO),6,111111111111111
NID APR 2026,4,MOHMAND,HALEEMZAI,KASSI,N-STOP,District NSTOP Officer,5,111111111111111
NID APR 2026,4,MOHMAND,HALEEMZAI,KASSI,N-STOP,District NSTOP Officer,3,111111111111-11
NID APR 2026,4,PESHAWAR,SMT,DEH BAHADAR,WHO,UCPO,7,111111111111111
NID APR 2026,4,NOWSHERA,NOWSHERA,AZAKHEL BALA,WHO,UCPO,4,111111111111111
NID APR 2026,4,PESHAWAR,CITY,REGI,WHO,UCPO,3,111111111111100
NID APR 2026,4,PESHAWAR,SMT,BHANA MARI,WHO,UCPO,4,111111111111111
NID APR 2026,4,NOWSHERA,NOWSHERA,AZAKHEL BALA,WHO,UCPO,5,111111111111111
NID APR 2026,4,KHYBER,JAMRUD,TIDI BAZAR,N-STOP,District NSTOP Officer,150,111111111111111
NID APR 2026,4,PESHAWAR,CITY,SUFAID DHERI,WHO,UCPO,2,111111111111111
NID APR 2026,4,PESHAWAR,CITY,SUFAID DHERI,WHO,UCPO,1,111111111111111
NID APR 2026,4,PESHAWAR,CITY,HASAN GARHI 1,WHO,UCPO,4,111111111111111
NID APR 2026,4,PESHAWAR,CITY,HAYAT ABAD 2,WHO,UCPO,5,111111111111100
NID APR 2026,4,PESHAWAR,CITY,HAYAT ABAD 2,UNICEF,Provincial Facilitator (Health Specialists/Officers- Communication- SBC Specialists/Officers-VMO- M and E Officer- Media Specialist- Provincial Communication Officer-Training etc),7,111111111111111
NID APR 2026,4,PESHAWAR,SMT,NOTHIA QADEEM,WHO,UCPO,3,111111111111111
NID APR 2026,2,CHARSADA,TANGI,KOZ BEHRAM DHERI,WHO,TTSP/TUSP,2,111111111111000
NID APR 2026,4,PESHAWAR,MATTANI,PISHTAKHARA,Government,UCMO,4,111111111111111
NID APR 2026,4,KHYBER,LANDI KOTAL,PIROKHEL,WHO,UCPO,2,111111111111111
NID APR 2026,4,PESHAWAR,SMT,LANDI ARBAB,WHO,UCPO,7,111111111111111
NID APR 2026,3,CHARSADA,TANGI,SHERPAO,WHO,UCPO,2,111011111111100
NID APR 2026,3,CHARSADA,TANGI,SHERPAO,WHO,UCPO,5,111011111111100
NID APR 2026,4,PESHAWAR,MATTANI,MASHOGAGAR,WHO,UCPO,9,111111111111100
NID APR 2026,2,CHARSADA,TANGI,HARICHAND,Government,UCMO,3,111111111111111
NID APR 2026,4,PESHAWAR,MATTANI,PISHTAKHARA,WHO,UCPO,1,111111111111100
NID APR 2026,4,KHYBER,BARA,GANDAO,WHO,UCPO,3,111111111111111
NID APR 2026,4,PESHAWAR,CITY,FAQIR ABAD,WHO,UCPO,2,111111111111111
NID APR 2026,4,KHYBER,LANDI KOTAL,KAM SHALMAN,UNICEF,CBO,3,111111111111-00
NID APR 2026,4,PESHAWAR,CITY,HASAN GARHI 2,UNICEF,CBO,8,111111111111111
NID APR 2026,4,MOHMAND,PARANG GHAAR,ASGHAR,Government,UCMO,1,111111111111-11
NID APR 2026,4,PESHAWAR,MATTANI,SULEMAN KHEIL,WHO,UCPO,2,111111111111111
NID APR 2026,4,PESHAWAR,CITY,GUNJ,WHO,UCPO,2,111111111111111
NID APR 2026,3,NOWSHERA,NOWSHERA,AZAKHEL PAYAN,WHO,TTSP/TUSP,2,111111111111111
NID APR 2026,4,PESHAWAR,CITY,HASAN GARHI 1,WHO,UCPO,5,111111111111111
NID APR 2026,4,PESHAWAR,SADDAR,SHERAKERA,WHO,UCPO,4,111111111111100
NID APR 2026,4,PESHAWAR,SADDAR,SHERAKERA,WHO,UCPO,2,111111111111100
NID APR 2026,1,MOHMAND,SAFI LAKARO,SANDO KHEL,WHO,TPO/ TDO,7,111110110000100
NID APR 2026,3,MOHMAND,SAFI LAKARO,LAKARO,WHO,TPO/ TDO,2,111110-11111111
NID APR 2026,4,PESHAWAR,SADDAR,CHAMKANI,WHO,Independent Monitor,6,111111111111110
NID APR 2026,4,PESHAWAR,CITY,HASAN GARHI 2,UNICEF,CBO,9,111111111111111
NID APR 2026,4,PESHAWAR,CITY,HASAN GARHI 2,UNICEF,CBO,9,111111111111111
NID APR 2026,2,NOWSHERA,PABBI,JALOZAI,UNICEF,CBO,1,111011111111111
NID APR 2026,4,PESHAWAR,CITY,MEHAL TERAI 1,WHO,UCPO,5,111111111111100
NID APR 2026,4,MOHMAND,PARANG GHAAR,UMAR KHEL,WHO,UCPO,4,111111111111-11
NID APR 2026,4,MOHMAND,SAFI LAKARO,SAGAI,WHO,UCSP,,111111111111-11
NID APR 2026,4,PESHAWAR,SMT,BHANA MARI,WHO,UCPO,2,111111111111100
NID APR 2026,4,PESHAWAR,CITY,SUFAID DHERI,WHO,UCPO,8,111111111111100
NID APR 2026,4,PESHAWAR,SADDAR,URMAR BALA,WHO,UCPO,1,111111111111100
NID APR 2026,4,PESHAWAR,SADDAR,URMAR BALA,WHO,UCPO,2,111111111111100
NID APR 2026,4,PESHAWAR,CITY,CANTT WARD 3,WHO,UCSP,2,111111111111111
NID APR 2026,4,MOHMAND,KHAWEZAI,KHADI KHEL,Government,UCMO,2,111111111101100
NID APR 2026,4,PESHAWAR,CITY,KHALSA 1,WHO,UCPO,6,111111111111100
NID APR 2026,4,PESHAWAR,CITY,KHALSA 2,UNICEF,CBO,5,111111111111111
NID APR 2026,4,PESHAWAR,CITY,PAWAKA,WHO,UCPO,3,111111111111111
NID APR 2026,4,PESHAWAR,CITY,PAWAKA,WHO,UCPO,2,111111111111111
NID APR 2026,4,PESHAWAR,MATTANI,ACHINI,WHO,UCPO,4,111111111111100
NID APR 2026,4,MOHMAND,PANDIALI,PANDIALI,WHO,District Polio Officer,2,111111111111100
NID APR 2026,4,PESHAWAR,SHAH ALAM,PANAM DHERI,WHO,UCPO,3,111111111111111
NID APR 2026,4,PESHAWAR,MATTANI,ACHINI,WHO,UCPO,5,111101111111100
NID APR 2026,4,PESHAWAR,CITY,KAKSHAL,WHO,UCPO,4,111111111111100
NID APR 2026,4,KHYBER,LANDI KOTAL,KARAMNA,WHO,UCPO,2,111111111111-00
NID APR 2026,4,PESHAWAR,SADDAR,MERA KACHORI,WHO,UCPO,11,111111111111111
NID APR 2026,4,PESHAWAR,SADDAR,MERA KACHORI,WHO,UCPO,8,111111111111100
NID APR 2026,4,PESHAWAR,SHAH ALAM,HARYANA PAYAN,WHO,UCPO,4,111111111111111
NID APR 2026,4,PESHAWAR,CITY,KHALSA 2,WHO,UCPO,8,111111111111111
NID APR 2026,4,PESHAWAR,CITY,KAKSHAL,WHO,UCPO,5,111111111111100
NID APR 2026,4,PESHAWAR,SMT,SHAHEEN MUSLIM TWN2,WHO,UCPO,2,111111111111111
NID APR 2026,4,MOHMAND,HALEEMZAI,GHALLANAI,UNICEF,CCO,1,111111111111100
NID APR 2026,4,MOHMAND,HALEEMZAI,GHALLANAI,UNICEF,CCO,5,111111111111-00
NID APR 2026,4,PESHAWAR,CITY,JEHANGIR PURA,WHO,UCPO,2,111111111111100
NID APR 2026,4,KHYBER,LANDI KOTAL,LOE SHALMAN B,WHO,UCPO,3,111111111111-00
NID APR 2026,2,KHYBER,TIRAH MAIDAN,SERAY,WHO,UCPO,5,111111111111-11
NID APR 2026,4,PESHAWAR,CITY,SHAHEEN TOWN,WHO,UCPO,3,111111111111111
NID APR 2026,4,PESHAWAR,CITY,SHAHEEN TOWN,WHO,UCPO,1,111111111111111
NID APR 2026,4,KHYBER,LANDI KOTAL,KAM SHALMAN,WHO,UCPO,155,111111111111-10
NID APR 2026,4,PESHAWAR,CITY,TEHKAL BALA,WHO,Independent Monitor,1,111111111111-00
NID APR 2026,4,PESHAWAR,CITY,HASAN GARHI 2,WHO,UCPO,2,111111111111111
NID APR 2026,4,PESHAWAR,SMT,YAKATOOT 3,UNICEF,CBO,5,111111111111100
NID APR 2026,4,PESHAWAR,SMT,SHAHEEN MUSLIM TWN1,WHO,UCPO,2,111111111111111
NID APR 2026,4,PESHAWAR,CITY,TEHKAL BALA,WHO,Independent Monitor,2,111111111111100
NID APR 2026,4,PESHAWAR,SMT,SHAHEEN MUSLIM TWN1,WHO,UCPO,3,111111111111100
NID APR 2026,3,NOWSHERA,NOWSHERA,AZAKHEL PAYAN,WHO,TTSP/TUSP,3,111111111111110
NID APR 2026,4,NOWSHERA,NOWSHERA,NAWA KALY,WHO,UCPO,1,111111111111110
NID APR 2026,4,NOWSHERA,NOWSHERA,NAWA KALY,WHO,UCPO,2,111111111111110
NID APR 2026,4,PESHAWAR,SMT,HAZARKHWANI 1,WHO,UCPO,6,111111111111111
NID APR 2026,4,PESHAWAR,SMT,DEH BAHADAR,WHO,UCPO,10,111111111111111
NID APR 2026,4,KHYBER,LANDI KOTAL,STATION,WHO,UCPO,4,111111111111111
NID APR 2026,4,PESHAWAR,SHAH ALAM,TUKHTABAD,WHO,UCPO,2,111111111111100
NID APR 2026,4,PESHAWAR,SMT,YAKATOOT 3,WHO,UCPO,1,111111111111100
NID APR 2026,4,PESHAWAR,SHAH ALAM,SAEEDABAD,WHO,UCPO,6,111111111111111
NID APR 2026,4,PESHAWAR,SMT,YAKATOOT 2,UNICEF,CBO,2,111111111111111
NID APR 2026,3,PESHAWAR,SMT,YAKATOOT 2,UNICEF,CBO,1,111111111111111
NID APR 2026,4,PESHAWAR,CITY,CANTT WARD 4,WHO,UCPO,2,111111111111110
NID APR 2026,4,PESHAWAR,CITY,KHALSA 2,WHO,UCPO,9,111111111111111
NID APR 2026,4,CHARSADA,CHARSADDA,SARKI TETARA,Government,UCMO,4,111111111111100
NID APR 2026,4,PESHAWAR,CITY,TEHKAL PAYAN,WHO,UCPO,2,111111111111100
NID APR 2026,4,PESHAWAR,CITY,SUFAID DHERI,WHO,UCPO,12,111111111111111
NID APR 2026,4,PESHAWAR,SHAH ALAM,PANAM DHERI,WHO,UCPO,5,111111111111100
NID APR 2026,4,PESHAWAR,CITY,TEHKAL PAYAN 2 IRRIG,WHO,Independent Monitor,2,111111111111011
NID APR 2026,4,PESHAWAR,SMT,KAKSHAL 2,WHO,UCPO,1,111111111111111
NID APR 2026,4,KHYBER,LANDI KOTAL,STATION,UNICEF,CBO,2,111111111111111
NID APR 2026,4,PESHAWAR,CITY,HASAN GARHI 1,Government,UCMO,1,111111111111111
NID APR 2026,4,PESHAWAR,CITY,TEHKAL PAYAN,WHO,UCPO,3,111111111111-00
NID APR 2026,4,PESHAWAR,SMT,YAKATOOT 3,Other Partner (BMGF/CDC/RIZ/ROTARY etc),Federal/Provincial/District Facilitator,5,111111111111100
NID APR 2026,4,PESHAWAR,SMT,YAKATOOT 3,Other Partner (BMGF/CDC/RIZ/ROTARY etc),Federal/Provincial/District Facilitator,4,111111111111100
NID APR 2026,4,PESHAWAR,CITY,TEHKAL PAYAN 2 IRRIG,WHO,Independent Monitor,1,111111111111111
NID APR 2026,4,PESHAWAR,CITY,PALOSI,WHO,UCPO,6,111111111111111
NID APR 2026,4,PESHAWAR,CITY,PALOSI,WHO,UCPO,7,111111111111111
NID APR 2026,5,CHARSADA,CHARSADDA,SARKI TETARA,Government,UCMO,1,111111111111111
NID APR 2026,4,KHYBER,BARA,FORT SLOPE,WHO,Independent Monitor,4,111011011111100
NID APR 2026,4,PESHAWAR,CITY,REGI,WHO,UCPO,2,111111111111111
NID APR 2026,4,KHYBER,BARA,FORT SLOPE,WHO,Independent Monitor,1,100001011111111
NID APR 2026,4,PESHAWAR,MATTANI,SULEMAN KHEIL,WHO,UCPO,5,111111111111100
NID APR 2026,4,PESHAWAR,MATTANI,SULEMAN KHEIL,WHO,UCPO,3,111111111111111
NID APR 2026,4,PESHAWAR,SADDAR,MERA KACHORI,WHO,Independent Monitor,4,111111111111111
NID APR 2026,4,PESHAWAR,SADDAR,MERA KACHORI,WHO,Independent Monitor,6,111111111111111
NID APR 2026,4,PESHAWAR,SADDAR,SUREZAI PAYAN,WHO,Independent Monitor,7,111011111111100
NID APR 2026,4,CHARSADA,CHARSADDA,RAJJAR 1,Government,UCMO,6,111111111111-00
NID APR 2026,4,PESHAWAR,SHAH ALAM,MATHRA,WHO,UCPO,5,111111111111111
NID APR 2026,4,KHYBER,LANDI KOTAL,TIRAH BAZAR B,WHO,UCPO,3,111111111111111
NID APR 2026,4,PESHAWAR,CITY,FAQIR ABAD,UNICEF,CBO,2,111111111111111
NID APR 2026,4,PESHAWAR,MATTANI,ACHINI,WHO,UCPO,7,111111111111111
NID APR 2026,4,PESHAWAR,SMT,YAKATOOT 3,WHO,Independent Monitor,4,111111111111100
NID APR 2026,4,PESHAWAR,SMT,YAKATOOT 3,WHO,Independent Monitor,2,111111111111100
NID APR 2026,4,PESHAWAR,CITY,HASAN GARHI 2,WHO,UCPO,1,111111111111110
NID APR 2026,4,PESHAWAR,SHAH ALAM,KHAZANA,WHO,UCPO,3,111111111111111
NID APR 2026,5,PESHAWAR,SHAH ALAM,MATHRA,WHO,UCPO,9,111111111111100
NID APR 2026,4,PESHAWAR,SHAH ALAM,MATHRA,WHO,UCPO,1,111111111111100
NID APR 2026,4,KHYBER,LANDI KOTAL,MIRDAD KHEL,WHO,UCPO,4,111111111111-11
NID APR 2026,4,PESHAWAR,SADDAR,SUREZAI PAYAN,WHO,UCPO,3,111111111111100
NID APR 2026,4,PESHAWAR,SADDAR,SUREZAI PAYAN,WHO,UCPO,6,111111111111100
NID APR 2026,4,PESHAWAR,CITY,MALAKANDHER,WHO,UCPO,8,111111111111100
NID APR 2026,4,PESHAWAR,CITY,MALAKANDHER,WHO,UCPO,8,111111111111100
NID APR 2026,3,PESHAWAR,CITY,MALAKANDHER,WHO,UCPO,11,111111111111100
NID APR 2026,4,PESHAWAR,SHAH ALAM,MATHRA,WHO,UCPO,6,111111111111111
NID APR 2026,4,KHYBER,LANDI KOTAL,LOE SHALMAN A,WHO,UCPO,1,111111111111111
NID APR 2026,4,PESHAWAR,CITY,HAYAT ABAD 1,WHO,UCPO,4,111111111111100
NID APR 2026,4,PESHAWAR,CITY,HAYAT ABAD 1,WHO,UCPO,5,111111111111100
NID APR 2026,4,PESHAWAR,CITY,SHAHEEN TOWN,WHO,UCPO,4,111111111111100
NID APR 2026,4,PESHAWAR,SMT,WAZIR BAGH,WHO,UCSP,3,111111111111111
NID APR 2026,4,PESHAWAR,CITY,MALAKANDHER,WHO,UCSP,13,111111111111111
NID APR 2026,4,PESHAWAR,CITY,MALAKANDHER,WHO,UCSP,14,111111111111111
NID APR 2026,4,PESHAWAR,SMT,AKHOON ABAD,WHO,UCPO,3,111111111111111
NID APR 2026,4,PESHAWAR,SMT,AKHOON ABAD,WHO,UCPO,4,111111111111111
NID APR 2026,2,KHYBER,BARA,SRA CHEENA,Government,UCMO,2,111111111111111
NID APR 2026,2,KHYBER,BARA,SRA CHEENA,Government,UCMO,1,111111111111110
NID APR 2026,5,KHYBER,LANDI KOTAL,TIRAH BAZAR A,Government,UCMO,211,1111111111-1110
NID APR 2026,5,PESHAWAR,CITY,PAWAKA,WHO,UCPO,2,111111111111111
NID APR 2026,5,KHYBER,JAMRUD,LOWARA MIANA,WHO,UCPO,1,111111111111-11
NID APR 2026,5,KHYBER,JAMRUD,NEW ABADI,WHO,UCPO,7,111111111111100
NID APR 2026,5,KHYBER,LANDI KOTAL,SULTAN KHEL A,WHO,UCPO,1,111111111111100
NID APR 2026,5,KHYBER,JAMRUD,NEW ABADI,Government,UCMO,119,111111111111111
NID APR 2026,5,KHYBER,LANDI KOTAL,LOE SHALMAN B,WHO,UCPO,173,111111111111-11
NID APR 2026,5,PESHAWAR,SADDAR,ADEZAI,UNICEF,CBO,3,111111111111111
NID APR 2026,5,PESHAWAR,SADDAR,SUREZAI BALA,Government,UCMO,2,111111111111111
NID APR 2026,5,PESHAWAR,SADDAR,MARYAM ZAI,WHO,UCSP,5,111111111111100
NID APR 2026,4,PESHAWAR,SMT,DEH BAHADAR,UNICEF,Provincial Facilitator (Health Specialists/Officers- Communication- SBC Specialists/Officers-VMO- M and E Officer- Media Specialist- Provincial Communication Officer-Training etc),11,111111111111100
NID APR 2026,5,PESHAWAR,SMT,NOTHIA JADEED,WHO,District Polio Officer,1,111111111111111
NID APR 2026,5,KHYBER,JAMRUD,ALI MASJID B,WHO,UCPO,1,111111111111111
NID APR 2026,5,PESHAWAR,MATTANI,PISHTAKHARA,UNICEF,Provincial Facilitator (Health Specialists/Officers- Communication- SBC Specialists/Officers-VMO- M and E Officer- Media Specialist- Provincial Communication Officer-Training etc),1,111111111111111
NID APR 2026,5,PESHAWAR,SHAH ALAM,GULBELA,WHO,UCPO,7,111111111111100
NID APR 2026,5,PESHAWAR,CITY,ASIA DABGARI,WHO,UCPO,2,111111111111111
NID APR 2026,5,PESHAWAR,CITY,PAWAKA,WHO,UCPO,1,111111111111111
NID APR 2026,5,PESHAWAR,CITY,ASIA DABGARI,WHO,UCPO,1,1111111111-1111
NID APR 2026,5,PESHAWAR,SHAH ALAM,JOGANI,WHO,UCPO,3,111111111111111
NID APR 2026,5,PESHAWAR,SHAH ALAM,KAFOOR DHERI,WHO,UCPO,1,111111111111110
NID APR 2026,5,KHYBER,LANDI KOTAL,KHUGA KHEL,WHO,UCPO,5,111111111111111
NID APR 2026,5,KHYBER,JAMRUD,TIDI BAZAR,WHO,UCPO,2,111111111111100
NID APR 2026,4,PESHAWAR,MATTANI,SARBAND,WHO,UCPO,2,111111111111100
NID APR 2026,5,PESHAWAR,CITY,MEHAL TERAI 1,WHO,UCSP,3,111111111111111
NID APR 2026,5,PESHAWAR,MATTANI,PISHTAKHARA,WHO,UCPO,6,111111111111100
NID APR 2026,5,PESHAWAR,SHAH ALAM,SAEEDABAD,WHO,UCPO,2,111111111111111
NID APR 2026,5,KHYBER,LANDI KOTAL,SULTAN KHEL A,Government,UCMO,3,111111111111111
NID APR 2026,5,PESHAWAR,CITY,SHAHEEN TOWN,N-STOP,District NSTOP Officer,6,111111111111111
NID APR 2026,5,KHYBER,JAMRUD,SHAH KAS A,WHO,UCPO,3,111111111111111
NID APR 2026,5,PESHAWAR,SMT,BHANA MARI,WHO,Independent Monitor,1,1111111111-1111
NID APR 2026,5,PESHAWAR,SMT,NOTHIA JADEED,WHO,UCPO,1,111111111111111
NID APR 2026,5,KHYBER,LANDI KOTAL,KHUGA KHEL,WHO,UCPO,2,111111111111111
NID APR 2026,5,PESHAWAR,SADDAR,MARYAM ZAI,WHO,UCPO,3,111111111111111
NID APR 2026,5,PESHAWAR,SADDAR,URMAR BALA,WHO,UCPO,11,111110110111100
NID APR 2026,5,PESHAWAR,SHAH ALAM,SAEEDABAD,WHO,UCPO,5,111111111111111
NID APR 2026,5,PESHAWAR,CITY,ASIA DABGARI,WHO,UCPO,3,111111111111111
NID APR 2026,5,PESHAWAR,CITY,MEHAL TERAI 2,WHO,UCPO,5,111111111111111
NID APR 2026,5,PESHAWAR,SMT,NOTHIA JADEED,WHO,UCPO,1,111111111111111
NID APR 2026,5,PESHAWAR,CITY,CANTT WARD 2,WHO,UCSP,2,111111111111-00
NID APR 2026,5,PESHAWAR,SHAH ALAM,KHAZANA,WHO,UCPO,8,111111111111111
NID APR 2026,5,PESHAWAR,CITY,ASIA DABGARI,WHO,Independent Monitor,1,111011111111111
NID APR 2026,5,PESHAWAR,CITY,SIKANDAR TOWN,WHO,UCPO,4,111111111111110
NID APR 2026,5,PESHAWAR,SHAH ALAM,WADPAGA,WHO,UCPO,6,111111111111100
NID APR 2026,5,KHYBER,JAMRUD,MIA MORCHA,WHO,Independent Monitor,117,111111111111-11
NID APR 2026,5,PESHAWAR,SMT,NOTHIA JADEED,WHO,UCPO,2,111111111111111
NID APR 2026,5,KHYBER,LANDI KOTAL,SULTAN KHEL A,WHO,TPO/ TDO,199,111111111111111
NID APR 2026,5,PESHAWAR,SMT,BHANA MARI,WHO,Independent Monitor,2,111011011111111
NID APR 2026,5,PESHAWAR,SHAH ALAM,WADPAGA,WHO,UCPO,1,111111111111100
NID APR 2026,5,PESHAWAR,SADDAR,CHAMKANI,WHO,UCPO,7,111111111111111
NID APR 2026,5,PESHAWAR,CITY,GULBAHAR,WHO,UCSP,1,111111111111111
NID APR 2026,5,PESHAWAR,MATTANI,ACHINI,WHO,UCPO,1,111111111111100
NID APR 2026,5,PESHAWAR,CITY,KHALSA 2,WHO,UCPO,1,111111111111100
NID APR 2026,4,PESHAWAR,SMT,HAZARKHWANI 1,WHO,UCPO,4,111111111111100
NID APR 2026,5,PESHAWAR,SMT,BHANA MARI,Government,UCMO,2,111111111111111
NID APR 2026,5,KHYBER,LANDI KOTAL,KHUGA KHEL,UNICEF,CBO,1,111111111111111
NID APR 2026,5,PESHAWAR,SHAH ALAM,TUKHTABAD,WHO,UCPO,6,111111111111111
NID APR 2026,5,PESHAWAR,SMT,BHANA MARI,WHO,UCPO,2,111111111111100
NID APR 2026,5,PESHAWAR,SHAH ALAM,KANKOLA,WHO,UCPO,5,111111111111111
NID APR 2026,5,PESHAWAR,SMT,NOTHIA QADEEM,N-STOP,District NSTOP Officer,1,111111111111111
NID APR 2026,5,PESHAWAR,CITY,KHALSA 1,UNICEF,CBO,7,111111111111111
NID APR 2026,5,PESHAWAR,CITY,SUFAID DHERI,WHO,UCPO,11,111111111111111
NID APR 2026,5,PESHAWAR,SADDAR,CHAMKANI,WHO,UCPO,8,111111111111111
NID APR 2026,5,PESHAWAR,CITY,PALOSI,WHO,UCPO,1,111111111111111
NID APR 2026,5,PESHAWAR,SHAH ALAM,NAHAQI,UNICEF,CBO,1,111111111111111
NID APR 2026,5,PESHAWAR,SHAH ALAM,LARAMA,WHO,UCPO,1,111111111111111
NID APR 2026,2,KHYBER,TIRAH MAIDAN,SERAY,WHO,UCPO,6,111111111111-01
NID APR 2026,5,PESHAWAR,SHAH ALAM,NAHAQI,WHO,UCPO,4,111111111111111
NID APR 2026,5,PESHAWAR,SMT,NOTHIA QADEEM,N-STOP,District NSTOP Officer,4,111111111111111
NID APR 2026,5,PESHAWAR,MATTANI,SARBAND,WHO,UCPO,3,111111111111111
NID APR 2026,5,PESHAWAR,SADDAR,MUSAZAI,WHO,UCPO,8,111111111111111
NID APR 2026,5,PESHAWAR,SMT,SHAHEEN MUSLIM TWN2,WHO,UCPO,3,111111111111111
NID APR 2026,4,NOWSHERA,PABBI,SPINKHAK,Government,UCMO,2,111111111111111
NID APR 2026,4,NOWSHERA,PABBI,SPINKHAK,Government,UCMO,1,111111111111111
NID APR 2026,4,PESHAWAR,CITY,CANTT WARD 1,WHO,UCSP,2,111111111111111
NID APR 2026,4,PESHAWAR,MATTANI,MATTANI,WHO,UCPO,4,111111111111111
NID APR 2026,5,PESHAWAR,MATTANI,MATTANI,WHO,UCPO,5,111111111111100
NID APR 2026,4,PESHAWAR,MATTANI,MATTANI,WHO,UCPO,3,111111111111111
NID APR 2026,5,PESHAWAR,MATTANI,SARBAND,UNICEF,CBO,5,111111111111111
NID APR 2026,5,PESHAWAR,SHAH ALAM,PANAM DHERI,WHO,Independent Monitor,2,111111111111111
NID APR 2026,5,PESHAWAR,SMT,BHANA MARI,WHO,UCPO,3,111111111111100
NID APR 2026,5,PESHAWAR,SHAH ALAM,PAKHA GHULAM,WHO,UCPO,2,111111111111111
NID APR 2026,5,KHYBER,JAMRUD,MIA MORCHA,WHO,Independent Monitor,118,111111111111-11
NID APR 2026,5,PESHAWAR,CITY,CANTT WARD 2,Government,UCMO,1,111111111111100
NID APR 2026,5,PESHAWAR,CITY,MALAKANDHER,WHO,UCPO,7,111111111111100
NID APR 2026,5,PESHAWAR,SMT,AKHOON ABAD,WHO,UCPO,2,111111111111111
NID APR 2026,4,KHYBER,JAMRUD,PAINDI LALMA,WHO,UCPO,4,111111111111100
NID APR 2026,5,PESHAWAR,SHAH ALAM,LARAMA,WHO,UCPO,2,111111111111100
NID APR 2026,5,PESHAWAR,CITY,MEHAL TERAI 2,WHO,UCPO,7,111111111111111
NID APR 2026,5,PESHAWAR,SMT,YAKATOOT 3,UNICEF,CBO,3,111111111111100
NID APR 2026,5,PESHAWAR,SMT,HAZARKHWANI 2,WHO,UCPO,8,111111111111111
NID APR 2026,5,PESHAWAR,SMT,HAZARKHWANI 2,WHO,UCPO,9,111111111111111
NID APR 2026,5,PESHAWAR,SADDAR,AZAKHEL TELABAND,WHO,UCSP,4,111111111111111
NID APR 2026,5,PESHAWAR,CITY,ASIA DABGARI,WHO,Independent Monitor,2,111101111111111
NID APR 2026,5,PESHAWAR,CITY,MALAKANDHER,N-STOP,Provincial Facilitator (N-STOP Officer- TSO),7,111111111111111
NID APR 2026,5,PESHAWAR,SMT,HAZARKHWANI 2,WHO,UCSP,10,111111111111111
NID APR 2026,5,KHYBER,JAMRUD,LOWARA MIANA,WHO,UCPO,5,111111111111-00
NID APR 2026,5,PESHAWAR,SHAH ALAM,NAHAQI,WHO,UCPO,5,111111111111111
NID APR 2026,5,PESHAWAR,SHAH ALAM,DAG,WHO,UCPO,2,111111111111111
NID APR 2026,5,PESHAWAR,SMT,NOTHIA JADEED,Government,UCMO,1,111111111111111
NID APR 2026,5,PESHAWAR,SHAH ALAM,CHAGARMATI,WHO,UCPO,4,111111111111111
NID APR 2026,5,PESHAWAR,CITY,ASIA DABGARI,WHO,UCPO,1,111111111111111
NID APR 2026,5,PESHAWAR,SHAH ALAM,SHAHI BALA,WHO,UCPO,5,111111111111111
NID APR 2026,5,PESHAWAR,SHAH ALAM,CHAGARMATI,WHO,UCPO,3,111111111111111
NID APR 2026,5,PESHAWAR,CITY,LAHORI,WHO,UCPO,1,111111111110100
NID APR 2026,5,PESHAWAR,SMT,SHEIKH JUNAID ABAD,WHO,UCPO,1,111111111111111
NID APR 2026,5,PESHAWAR,CITY,KHALSA 2,WHO,UCSP,6,111111111111100
NID APR 2026,5,PESHAWAR,CITY,HASAN GARHI 1,UNICEF,CBO,4,111111111111100
NID APR 2026,5,PESHAWAR,SMT,HAZARKHWANI 2,WHO,UCPO,2,111111111111111
NID APR 2026,5,PESHAWAR,CITY,HAYAT ABAD 1,UNICEF,Provincial Facilitator (Health Specialists/Officers- Communication- SBC Specialists/Officers-VMO- M and E Officer- Media Specialist- Provincial Communication Officer-Training etc),9,111111111111111
NID APR 2026,5,PESHAWAR,SHAH ALAM,KANIZA,WHO,UCPO,1,111111111111111
NID APR 2026,5,PESHAWAR,CITY,HASAN GARHI 2,WHO,UCPO,3,111111111111100
NID APR 2026,5,PESHAWAR,SHAH ALAM,KAFOOR DHERI,WHO,UCPO,4,111111111111111
NID APR 2026,5,KHYBER,BARA,FORT SLOPE,WHO,UCPO,4,111111111111-11
NID APR 2026,5,PESHAWAR,SMT,YAKATOOT 3,WHO,UCPO,5,111111111111100
NID APR 2026,5,PESHAWAR,SMT,NOTHIA QADEEM,WHO,UCPO,3,111111111111111
NID APR 2026,5,PESHAWAR,CITY,SIKANDAR TOWN,WHO,UCPO,3,111111111111111
NID APR 2026,5,PESHAWAR,SHAH ALAM,WADPAGA,WHO,UCPO,2,111111111111100
NID APR 2026,5,PESHAWAR,SHAH ALAM,KANIZA,WHO,UCPO,7,111111111111-00
NID APR 2026,5,KHYBER,JAMRUD,SHAH KAS A,Government,UCMO,5,111111111111111
NID APR 2026,5,PESHAWAR,SMT,YAKATOOT 2,WHO,District Polio Officer,1,111111111111111
NID APR 2026,5,PESHAWAR,CITY,MEHAL TERAI 1,WHO,UCSP,2,111111111111111
NID APR 2026,5,KHYBER,LANDI KOTAL,MIRDAD KHEL,WHO,UCPO,7,111111111111110
NID APR 2026,5,PESHAWAR,MATTANI,BAZID KHEL,WHO,UCPO,2,111111111111111
NID APR 2026,5,PESHAWAR,SMT,NOTHIA QADEEM,WHO,UCPO,4,111111111111111
NID APR 2026,5,PESHAWAR,CITY,CANTT WARD 1,WHO,UCSP,1,111111111111111
NID APR 2026,5,KHYBER,LANDI KOTAL,PIROKHEL,UNICEF,CBO,2,111111111111110
NID APR 2026,5,KHYBER,LANDI KOTAL,SHEIKHMAL KHEL,WHO,UCPO,4,111111111111111
NID APR 2026,5,PESHAWAR,SHAH ALAM,WADPAGA,WHO,UCPO,4,111111111111100
NID APR 2026,5,PESHAWAR,SADDAR,MARYAM ZAI,UNICEF,CBO,226,111111111111100
NID APR 2026,5,PESHAWAR,SHAH ALAM,JOGANI,WHO,UCPO,2,111111111111100
NID APR 2026,5,PESHAWAR,CITY,HAYAT ABAD 2,WHO,UCPO,11,111111111111111
NID APR 2026,5,PESHAWAR,SHAH ALAM,GULBELA,WHO,UCPO,5,111111111111100
NID APR 2026,5,PESHAWAR,CITY,GUNJ,WHO,UCPO,2,111111111111111
NID APR 2026,5,PESHAWAR,MATTANI,BAZID KHEL,WHO,UCPO,5,111111111111111
NID APR 2026,5,PESHAWAR,MATTANI,SARBAND,UNICEF,CBO,4,111111111111111
NID APR 2026,5,PESHAWAR,CITY,HAYAT ABAD 2,WHO,UCPO,2,111111111111100
NID APR 2026,5,PESHAWAR,CITY,KHALSA 1,WHO,UCPO,2,111111111111100
NID APR 2026,5,PESHAWAR,CITY,HAYAT ABAD 2,WHO,UCPO,17,111111111111111
NID APR 2026,5,PESHAWAR,CITY,TEHKAL BALA,WHO,UCPO,2,111111111111111
NID APR 2026,5,PESHAWAR,CITY,KHALSA 2,WHO,UCPO,7,111111111111111
NID APR 2026,5,PESHAWAR,CITY,ANDERSHEHER,WHO,UCPO,1,111111111111100
NID APR 2026,5,PESHAWAR,SADDAR,MARYAM ZAI,WHO,UCPO,4,111111111111111
NID APR 2026,5,PESHAWAR,MATTANI,PISHTAKHARA,Government,UCMO,1,111111111111111
NID APR 2026,5,PESHAWAR,SMT,NOTHIA QADEEM,WHO,UCPO,1,111111111111111
NID APR 2026,5,PESHAWAR,CITY,SHAHI BAGH,Government,UCMO,3,111111111111111
NID APR 2026,5,PESHAWAR,CITY,PALOSI,WHO,UCPO,2,111111111111111
NID APR 2026,5,PESHAWAR,CITY,HASAN GARHI 1,WHO,UCPO,5,111111111111111
NID APR 2026,5,PESHAWAR,SMT,HAZARKHWANI 1,WHO,UCPO,5,111111111111111
NID APR 2026,5,PESHAWAR,SMT,AKHOON ABAD,WHO,UCPO,4,111111111111100
NID APR 2026,5,PESHAWAR,SHAH ALAM,SHAHI BALA,WHO,UCPO,4,111111111111111
NID APR 2026,5,PESHAWAR,SADDAR,URMAR BALA,WHO,UCPO,12,111111110111100
NID APR 2026,5,PESHAWAR,SMT,LANDI ARBAB,WHO,UCPO,72,111111111111111
NID APR 2026,5,PESHAWAR,MATTANI,BAZID KHEL,UNICEF,CBO,5,111111111111100
NID APR 2026,5,PESHAWAR,SMT,LANDI ARBAB,WHO,Independent Monitor,7,111111111111100
NID APR 2026,5,KHYBER,LANDI KOTAL,KAM SHALMAN,WHO,UCPO,1,111111111111111
NID APR 2026,5,KHYBER,JAMRUD,ALI MASJID A,WHO,UCPO,4,111111111111111
NID APR 2026,5,PESHAWAR,SMT,DEH BAHADAR,WHO,UCPO,4,111111111111111
NID APR 2026,5,PESHAWAR,SHAH ALAM,TUKHTABAD,WHO,UCPO,7,111111111111111
NID APR 2026,5,PESHAWAR,CITY,KHALSA 2,WHO,Area Coordinator / District Coordinator,9,111111111111111
NID APR 2026,5,PESHAWAR,SHAH ALAM,SHAHI BALA,WHO,District Polio Officer,5,111111111111111
NID APR 2026,5,PESHAWAR,SHAH ALAM,SHAHI BALA,WHO,District Polio Officer,4,111111111111111
NID APR 2026,5,PESHAWAR,CITY,MEHAL TERAI 2,WHO,UCPO,9,111111111111111
NID APR 2026,5,KHYBER,JAMRUD,SHAH KAS B,N-STOP,District NSTOP Officer,3,111111111111100
NID APR 2026,5,PESHAWAR,CITY,TEHKAL PAYAN,WHO,Provincial Facilitator (M&E- Campaign- HRMP- EPI-PEI Syn- Training etc),1,111111111111111
NID APR 2026,5,PESHAWAR,CITY,REGI,WHO,UCPO,4,111111111111100
NID APR 2026,5,PESHAWAR,CITY,FAQIR ABAD,WHO,UCSP,1,111111111111111
NID APR 2026,5,PESHAWAR,SMT,SHEIKH JUNAID ABAD,WHO,UCPO,3,111111111111111
NID APR 2026,5,PESHAWAR,SHAH ALAM,LALA KALAY,WHO,UCSP,7,111111111111111
NID APR 2026,5,PESHAWAR,SMT,HAZARKHWANI 1,WHO,UCPO,1,111111111111100
NID APR 2026,5,PESHAWAR,CITY,TEHKAL PAYAN,WHO,UCPO,1,111111111111-11
NID APR 2026,5,PESHAWAR,CITY,MEHAL TERAI 1,WHO,UCPO,1,111111111111111
NID APR 2026,5,KHYBER,BARA,JANBAZ A,WHO,UCPO,9,111111111101100
NID APR 2026,5,PESHAWAR,SMT,HAZARKHWANI 2,WHO,UCSP,11,111111111111111
NID APR 2026,5,PESHAWAR,CITY,GUNJ,WHO,Independent Monitor,1,111011111111101
NID APR 2026,5,PESHAWAR,SHAH ALAM,JOGANI,WHO,UCPO,4,111111111111111
NID APR 2026,5,PESHAWAR,SADDAR,MERA KACHORI,WHO,UCPO,13,111111111111111
NID APR 2026,5,PESHAWAR,SADDAR,MERA KACHORI,WHO,UCPO,12,111111111111111
NID APR 2026,5,KHYBER,BARA,TAUDA CHEENA,WHO,UCPO,1,111111111111-11
NID APR 2026,5,PESHAWAR,SMT,DEH BAHADAR,WHO,UCPO,9,111111111111111
NID APR 2026,5,PESHAWAR,SADDAR,BADABER MARYAMZAI,Government,UCMO,1,111111111111100
NID APR 2026,5,PESHAWAR,SMT,HAZARKHWANI 2,WHO,UCPO,1,111111111111111
NID APR 2026,5,PESHAWAR,MATTANI,MASHOGAGAR,WHO,UCPO,7,111111111111100
NID APR 2026,5,PESHAWAR,CITY,KHALSA 2,WHO,UCSP,5,111111111111100
NID APR 2026,5,KHYBER,LANDI KOTAL,PIROKHEL,WHO,UCPO,1,111111111111-11
NID APR 2026,5,PESHAWAR,SMT,NOTHIA JADEED,WHO,UCPO,6,111111111111111
NID APR 2026,5,PESHAWAR,SHAH ALAM,JOGANI,UNICEF,CBO,5,111111111111100
NID APR 2026,5,PESHAWAR,SMT,DERI BAGHBANAN,Government,UCMO,3,111111111111100
NID APR 2026,5,PESHAWAR,SHAH ALAM,GARHI SHER DAD,WHO,UCPO,4,111111111111110
NID APR 2026,5,PESHAWAR,CITY,TEHKAL PAYAN,WHO,UCPO,4,111111111111100
NID APR 2026,5,PESHAWAR,MATTANI,PISHTAKHARA,WHO,UCPO,5,111111111111100
NID APR 2026,5,PESHAWAR,SADDAR,AZAKHEL TELABAND,WHO,UCPO,5,111111111111111
NID APR 2026,5,KHYBER,LANDI KOTAL,LOE SHALMAN A,WHO,UCPO,2,111111111111110
NID APR 2026,5,PESHAWAR,CITY,GULBAHAR,WHO,UCSP,4,111111-11111111
NID APR 2026,5,PESHAWAR,SADDAR,BADABER HUREZAI,WHO,UCPO,3,111111111111111
NID APR 2026,5,PESHAWAR,CITY,HAYAT ABAD 2,WHO,UCPO,12,111111111111111
NID APR 2026,5,KHYBER,JAMRUD,NEW ABADI,WHO,TPO/ TDO,3,111111111111111
NID APR 2026,5,PESHAWAR,SMT,YAKATOOT 3,WHO,UCSP,2,111111111111100
NID APR 2026,5,PESHAWAR,SHAH ALAM,LALA KALAY,WHO,TPO/ TDO,7,111111111111100
NID APR 2026,5,PESHAWAR,MATTANI,MASHOGAGAR,WHO,UCPO,4,111111111111111
NID APR 2026,5,PESHAWAR,SHAH ALAM,LALA KALAY,WHO,TPO/ TDO,6,111111111111100
NID APR 2026,5,PESHAWAR,SHAH ALAM,SAEEDABAD,WHO,UCPO,3,111111111111111
NID APR 2026,5,KHYBER,BARA,GANDAO,WHO,UCPO,4,111111111111111
NID APR 2026,5,PESHAWAR,MATTANI,MATTANI,WHO,UCSP,4,111111111111111
NID APR 2026,5,KHYBER,LANDI KOTAL,SHEIKHMAL KHEL,WHO,UCPO,5,111111111111111
NID APR 2026,5,PESHAWAR,CITY,KHALSA 2,WHO,UCPO,2,111111111111100
NID APR 2026,5,PESHAWAR,SMT,SHAHEEN MUSLIM TWN1,WHO,UCPO,10,111111111111111
NID APR 2026,5,PESHAWAR,CITY,HAYAT ABAD 2,WHO,UCPO,18,111111111111111
NID APR 2026,5,PESHAWAR,SMT,DERI BAGHBANAN,WHO,UCPO,4,111111111111111
NID APR 2026,5,PESHAWAR,CITY,CANTT WARD 2,WHO,UCSP,1,111111111111-00
NID APR 2026,5,PESHAWAR,SADDAR,CHAMKANI,WHO,UCPO,1,111111111111111
NID APR 2026,5,KHYBER,BARA,GANDAO,WHO,UCPO,3,111111111111101
NID APR 2026,5,PESHAWAR,CITY,FAQIR ABAD,UNICEF,CBO,3,111111111111111
NID APR 2026,5,PESHAWAR,SADDAR,AZAKHEL TELABAND,WHO,UCSP,7,111111111111111
NID APR 2026,5,PESHAWAR,SMT,NOTHIA QADEEM,WHO,UCPO,1,111111111111111
NID APR 2026,5,PESHAWAR,SMT,AKHOON ABAD,WHO,UCPO,1,111111111111111
NID APR 2026,4,PESHAWAR,CITY,JEHANGIR PURA,WHO,UCPO,2,111111111111100
NID APR 2026,5,PESHAWAR,CITY,JEHANGIR PURA,WHO,UCPO,3,111111111111100
NID APR 2026,5,PESHAWAR,MATTANI,MASHOGAGAR,WHO,UCPO,1,111111111111100
NID APR 2026,5,PESHAWAR,CITY,TEHKAL BALA,WHO,UCPO,8,111111111111111
NID APR 2026,5,PESHAWAR,SMT,HAZARKHWANI 1,WHO,UCPO,6,111111111111100
NID APR 2026,5,PESHAWAR,SHAH ALAM,LALA KALAY,WHO,TPO/ TDO,5,111111111111100
NID APR 2026,5,PESHAWAR,SMT,CANTT WARD 5,WHO,UCPO,2,111111111111111
NID APR 2026,5,PESHAWAR,SHAH ALAM,KANKOLA,WHO,UCPO,6,111111111111111
NID APR 2026,5,PESHAWAR,SMT,HAZARKHWANI 2,WHO,UCPO,6,111111111111111
NID APR 2026,5,PESHAWAR,SMT,LANDI ARBAB,WHO,UCPO,1,111111111111111
NID APR 2026,5,PESHAWAR,MATTANI,ACHINI,WHO,UCPO,7,111111111111100
NID APR 2026,5,PESHAWAR,CITY,KARIM PURA,WHO,UCPO,1,111111111111-11
NID APR 2026,5,PESHAWAR,MATTANI,MASHOGAGAR,WHO,UCPO,3,111111111111100
NID APR 2026,2,KHYBER,BARA,SRA CHEENA,UNICEF,Other (Specify),7,111111111111000
NID APR 2026,5,KHYBER,JAMRUD,MIA MORCHA,Government,UCMO,1,111111111111-11
NID APR 2026,5,PESHAWAR,SHAH ALAM,DAG,WHO,UCPO,1,111111111111111
NID APR 2026,4,PESHAWAR,SHAH ALAM,DAG,WHO,UCPO,5,111111111111111
NID APR 2026,5,PESHAWAR,CITY,SUFAID DHERI,UNICEF,CBO,14,111111111111100
NID APR 2026,5,KHYBER,JAMRUD,MIA MORCHA,WHO,UCPO,2,111111111111-11
NID APR 2026,5,PESHAWAR,SHAH ALAM,DAG,WHO,UCPO,6,111111111111111
NID APR 2026,5,PESHAWAR,CITY,HAYAT ABAD 1,UNICEF,Provincial Facilitator (Health Specialists/Officers- Communication- SBC Specialists/Officers-VMO- M and E Officer- Media Specialist- Provincial Communication Officer-Training etc),7,111111111111111
NID APR 2026,5,PESHAWAR,MATTANI,PISHTAKHARA,WHO,UCPO,7,111111111111100
NID APR 2026,5,PESHAWAR,CITY,KHALSA 2,UNICEF,CBO,3,111111111111111
NID APR 2026,3,KHYBER,BARA,SRA CHEENA,WHO,UCPO,7,111111111111111
NID APR 2026,5,PESHAWAR,CITY,GUNJ,WHO,Independent Monitor,2,111011111111101
NID APR 2026,5,PESHAWAR,SHAH ALAM,PANAM DHERI,WHO,UCPO,2,111111111111111
NID APR 2026,5,PESHAWAR,CITY,SUFAID DHERI,WHO,UCPO,9,111111111111111
NID APR 2026,5,PESHAWAR,SHAH ALAM,SAEEDABAD,WHO,UCPO,1,111111111111111
NID APR 2026,5,PESHAWAR,SADDAR,BADABER MARYAMZAI,WHO,UCPO,3,111111111111100
NID APR 2026,5,PESHAWAR,MATTANI,MATTANI,WHO,UCSP,3,111111111111111
NID APR 2026,5,PESHAWAR,SMT,YAKATOOT 2,WHO,UCPO,1,111111111111111
NID APR 2026,5,PESHAWAR,MATTANI,BAZID KHEL,WHO,UCPO,3,111111111111111
NID APR 2026,5,KHYBER,LANDI KOTAL,KAM SHALMAN,WHO,UCPO,155,111111111111110
NID APR 2026,5,PESHAWAR,SMT,SHAHEEN MUSLIM TWN1,WHO,UCPO,5,111111111111111
NID APR 2026,5,KHYBER,LANDI KOTAL,KAM SHALMAN,UNICEF,CBO,1,111111111111-00
NID APR 2026,5,PESHAWAR,SMT,YAKATOOT 3,UNICEF,CBO,1,111111111111100
NID APR 2026,5,PESHAWAR,SMT,DERI BAGHBANAN,WHO,UCPO,2,111111111111111
NID APR 2026,5,PESHAWAR,SADDAR,URMAR BALA,WHO,UCPO,3,111111111111100
NID APR 2026,5,PESHAWAR,SADDAR,URMAR BALA,WHO,UCPO,4,111111111111100
NID APR 2026,5,PESHAWAR,CITY,HAYAT ABAD 2,WHO,UCPO,1,111111111111100
NID APR 2026,5,PESHAWAR,MATTANI,SHEIKH MOHAMMADI,WHO,UCPO,4,111111111111100
NID APR 2026,5,PESHAWAR,CITY,KHALSA 2,WHO,UCPO,8,111111111111111
NID APR 2026,5,PESHAWAR,SMT,LANDI ARBAB,WHO,Independent Monitor,1,111101111111100
NID APR 2026,5,PESHAWAR,SHAH ALAM,DAG,WHO,UCPO,4,111111111111111
NID APR 2026,5,PESHAWAR,CITY,TEHKAL PAYAN,WHO,Provincial Facilitator (M&E- Campaign- HRMP- EPI-PEI Syn- Training etc),2,111111111111111
NID APR 2026,5,PESHAWAR,SMT,BHANA MARI,WHO,UCPO,1,111111111111111
NID APR 2026,5,PESHAWAR,CITY,CANTT WARD 1,WHO,UCPO,2,111111111111-11
NID APR 2026,5,PESHAWAR,SHAH ALAM,SHAHI BALA,WHO,UCPO,3,111111111111111
NID APR 2026,5,KHYBER,JAMRUD,NEW ABADI,WHO,UCPO,2,111111111111100
NID APR 2026,5,PESHAWAR,CITY,SHAHEEN TOWN,N-STOP,District NSTOP Officer,3,111111111111111
NID APR 2026,5,PESHAWAR,SHAH ALAM,SHAHI BALA,WHO,UCPO,6,111111111111111
NID APR 2026,5,PESHAWAR,CITY,HASAN GARHI 1,WHO,UCPO,8,111111111111111
NID APR 2026,5,PESHAWAR,SHAH ALAM,MATHRA,WHO,UCPO,5,111111111111100
NID APR 2026,5,PESHAWAR,SHAH ALAM,MATHRA,WHO,UCPO,6,111111111111100
NID APR 2026,5,PESHAWAR,SADDAR,MUSAZAI,WHO,UCPO,6,111111111111-00
NID APR 2026,5,PESHAWAR,SHAH ALAM,LARAMA,WHO,UCPO,4,111111111111100
NID APR 2026,5,PESHAWAR,SADDAR,MUSAZAI,WHO,UCPO,3,111111111111-00
NID APR 2026,5,PESHAWAR,CITY,JEHANGIR PURA,WHO,UCPO,2,111111111111100
NID APR 2026,5,PESHAWAR,CITY,UNIVERSITY TOWN,WHO,UCPO,2,111111111111100
NID APR 2026,5,PESHAWAR,CITY,MALAKANDHER,WHO,UCPO,13,111111111111100
NID APR 2026,5,PESHAWAR,SHAH ALAM,KANKOLA,WHO,UCPO,10,111111111111111
NID APR 2026,5,PESHAWAR,MATTANI,SHEIKH MOHAMMADI,WHO,UCPO,5,111111111111100
NID APR 2026,5,PESHAWAR,SHAH ALAM,KANKOLA,WHO,UCPO,9,111111111111111
NID APR 2026,5,PESHAWAR,SMT,SHAHEEN MUSLIM TWN1,WHO,UCPO,11,111111111111111
NID APR 2026,5,PESHAWAR,MATTANI,PISHTAKHARA,WHO,UCPO,4,111111111111100
NID APR 2026,5,PESHAWAR,MATTANI,MATTANI,WHO,UCPO,6,111111111111111
NID APR 2026,5,PESHAWAR,SMT,WAZIR BAGH,WHO,UCSP,1,111111111111111
NID APR 2026,5,PESHAWAR,CITY,TEHKAL PAYAN 2 IRRIG,WHO,UCSP,3,111111111111111
NID APR 2026,5,PESHAWAR,SMT,YAKATOOT 3,WHO,UCPO,4,111111111111100
NID APR 2026,4,PESHAWAR,CITY,KAKSHAL,WHO,UCPO,1,111111111111111
NID APR 2026,5,PESHAWAR,SHAH ALAM,HARYANA PAYAN,WHO,UCPO,8,111111111111100
NID APR 2026,5,PESHAWAR,SHAH ALAM,HARYANA PAYAN,WHO,UCPO,6,111111111111111
NID APR 2026,5,PESHAWAR,SMT,LANDI ARBAB,WHO,UCPO,4,111111111111111
NID APR 2026,5,PESHAWAR,SMT,LANDI ARBAB,WHO,UCPO,5,111111111111111
NID APR 2026,4,PESHAWAR,SMT,LANDI ARBAB,WHO,UCPO,2,111111111111111
NID APR 2026,4,PESHAWAR,SMT,LANDI ARBAB,WHO,UCPO,1,111111111111111
NID APR 2026,5,PESHAWAR,SHAH ALAM,KHAZANA,WHO,UCPO,4,111111111111100
NID APR 2026,5,PESHAWAR,SHAH ALAM,CHAGARMATI,WHO,UCPO,1,111111111111111
NID APR 2026,5,PESHAWAR,CITY,TEHKAL BALA,WHO,UCPO,4,111111111111111
NID APR 2026,5,PESHAWAR,SHAH ALAM,KHAZANA,WHO,UCPO,3,111111111111111
NID APR 2026,5,KHYBER,LANDI KOTAL,KHUGA KHEL,WHO,Independent Monitor,161,111011-11111-00
NID APR 2026,5,KHYBER,LANDI KOTAL,KHUGA KHEL,WHO,Independent Monitor,161,111011111111-00
NID APR 2026,5,PESHAWAR,CITY,SUFAID DHERI,WHO,UCPO,7,111111111111100
NID APR 2026,5,PESHAWAR,CITY,SUFAID DHERI,WHO,UCPO,4,111111111111100
NID APR 2026,5,PESHAWAR,CITY,SHAHEEN TOWN,WHO,UCPO,3,111111111111111
NID APR 2026,5,PESHAWAR,CITY,TEHKAL PAYAN,WHO,UCPO,3,111111111111100
NID APR 2026,5,PESHAWAR,SHAH ALAM,MATHRA,WHO,Independent Monitor,7,111111111111111
NID APR 2026,5,PESHAWAR,SHAH ALAM,MATHRA,WHO,Independent Monitor,8,111111111111111
NID APR 2026,5,PESHAWAR,CITY,MEHAL TERAI 1,WHO,District Polio Officer,5,111111111111111
NID APR 2026,5,PESHAWAR,CITY,TEHKAL PAYAN 2 IRRIG,WHO,UCSP,3,111111111111111
NID APR 2026,5,PESHAWAR,MATTANI,ACHINI,WHO,UCPO,5,111111111111111
NID APR 2026,5,PESHAWAR,SADDAR,BADABER HUREZAI,WHO,UCPO,6,111111111111111
NID APR 2026,5,PESHAWAR,SMT,SHAHEEN MUSLIM TWN1,WHO,UCPO,6,111111111111100
NID APR 2026,5,PESHAWAR,SADDAR,BADABER HUREZAI,WHO,UCPO,7,111111111111111
NID APR 2026,5,PESHAWAR,CITY,SHAHI BAGH,WHO,UCPO,1,111111111111100
NID APR 2026,5,PESHAWAR,SMT,DEH BAHADAR,WHO,UCPO,10,111111111111111
NID APR 2026,5,PESHAWAR,CITY,SUFAID DHERI,WHO,UCPO,7,111111111111111
NID APR 2026,5,PESHAWAR,CITY,SUFAID DHERI,WHO,UCPO,4,111111111111111
NID APR 2026,5,PESHAWAR,MATTANI,SULEMAN KHEIL,WHO,UCPO,5,111111111111100
NID APR 2026,5,PESHAWAR,MATTANI,SULEMAN KHEIL,WHO,UCPO,3,111111111111111
NID APR 2026,5,PESHAWAR,SADDAR,URMAR MIANA,WHO,UCPO,4,111111111111111
NID APR 2026,5,PESHAWAR,SHAH ALAM,PANAM DHERI,WHO,Independent Monitor,3,111111111111111
NID APR 2026,5,PESHAWAR,SHAH ALAM,KANIZA,WHO,UCPO,2,111111111111111
NID APR 2026,5,PESHAWAR,CITY,KAKSHAL,WHO,UCPO,5,111111111111100
NID APR 2026,5,PESHAWAR,CITY,KAKSHAL,WHO,UCPO,4,111111111111100
NID APR 2026,5,PESHAWAR,CITY,FAQIR ABAD,WHO,District Polio Officer,1,111110111111111
NID APR 2026,5,PESHAWAR,CITY,FAQIR ABAD,WHO,UCPO,2,111111111111111
NID APR 2026,5,PESHAWAR,CITY,UNIVERSITY TOWN,WHO,UCPO,5,111111111111111
NID APR 2026,5,PESHAWAR,CITY,UNIVERSITY TOWN,WHO,UCPO,4,111111111111100
NID APR 2026,5,PESHAWAR,CITY,PAWAKA,WHO,UCPO,6,111111111111111
NID APR 2026,5,PESHAWAR,CITY,PAWAKA,WHO,UCPO,7,111111111111111
NID APR 2026,5,PESHAWAR,CITY,MEHAL TERAI 2,WHO,UCPO,4,111111111111111
NID APR 2026,5,PESHAWAR,CITY,HASAN GARHI 2,UNICEF,CBO,2,111111111111111
NID APR 2026,5,PESHAWAR,SHAH ALAM,LALA KALAY,WHO,UCSP,5,111111111111111
NID APR 2026,5,PESHAWAR,CITY,TEHKAL PAYAN 2 IRRIG,WHO,UCPO,2,111111111111111
NID APR 2026,5,PESHAWAR,CITY,TEHKAL PAYAN 2 IRRIG,WHO,UCPO,4,111111111111111
NID APR 2026,5,PESHAWAR,CITY,SHAHEEN TOWN,WHO,UCPO,4,111111111111111
NID APR 2026,5,KHYBER,LANDI KOTAL,KARAMNA,Government,Area Incharge (AIC),3,111111111111-00
NID APR 2026,5,PESHAWAR,SHAH ALAM,HARYANA PAYAN,WHO,UCPO,4,111111111111110
NID APR 2026,5,PESHAWAR,CITY,JEHANGIR PURA,UNICEF,CBO,2,111011111111100
NID APR 2026,5,PESHAWAR,SHAH ALAM,HARYANA PAYAN,WHO,UCPO,3,111111111111100
NID APR 2026,5,PESHAWAR,SMT,WAZIR BAGH,Other Partner (BMGF/CDC/RIZ/ROTARY etc),Federal/Provincial/District Facilitator,1,111011111111111
NID APR 2026,5,PESHAWAR,SMT,WAZIR BAGH,Other Partner (BMGF/CDC/RIZ/ROTARY etc),Federal/Provincial/District Facilitator,2,111111111111100
NID APR 2026,5,PESHAWAR,CITY,MALAKANDHER,WHO,UCPO,14,111111111111110
NID APR 2026,5,PESHAWAR,CITY,KHALSA 1,WHO,UCPO,5,111111111111111
NID APR 2026,5,PESHAWAR,CITY,KHALSA 1,WHO,UCPO,6,111111111111111
NID APR 2026,5,PESHAWAR,CITY,KHALSA 1,WHO,UCPO,7,111111111111111
NID APR 2026,5,PESHAWAR,SMT,KAKSHAL 2,WHO,UCPO,1,111111111111111
NID APR 2026,5,PESHAWAR,SMT,KAKSHAL 2,WHO,UCPO,2,111111111111111
NID APR 2026,5,PESHAWAR,SHAH ALAM,DAG,WHO,Independent Monitor,2,111111111111100
NID APR 2026,5,PESHAWAR,SHAH ALAM,DAG,WHO,Independent Monitor,1,111111111111100
NID APR 2026,5,PESHAWAR,CITY,TEHKAL BALA,WHO,UCPO,1,111111111111111
NID APR 2026,5,PESHAWAR,CITY,GULBAHAR,WHO,Independent Monitor,3,111111111111100
NID APR 2026,5,PESHAWAR,CITY,GULBAHAR,WHO,Independent Monitor,2,111111111111100
NID APR 2026,5,KHYBER,JAMRUD,ALI MASJID A,WHO,Independent Monitor,2,111011011111100
NID APR 2026,5,KHYBER,JAMRUD,ALI MASJID A,WHO,Independent Monitor,1,111011011111100
NID APR 2026,3,KHYBER,JAMRUD,GHUNDI A,WHO,District Polio Officer,,111111111111110
NID APR 2026,4,KHYBER,JAMRUD,SUR KAMAR,N-STOP,District NSTOP Officer,1,111111111111111
NID APR 2026,5,PESHAWAR,CITY,ANDERSHEHER,WHO,Independent Monitor,1,111111111111100
NID APR 2026,5,PESHAWAR,CITY,ANDERSHEHER,WHO,Independent Monitor,2,111111111111100
NID APR 2026,5,PESHAWAR,CITY,GULBAHAR,WHO,TPO/ TDO,1,111111111111111
NID APR 2026,5,PESHAWAR,CITY,GULBAHAR,WHO,TPO/ TDO,1,111111111111111
NID APR 2026,5,PESHAWAR,SHAH ALAM,PANAM DHERI,WHO,UCPO,3,111111111111111
NID APR 2026,5,PESHAWAR,MATTANI,PISHTAKHARA,UNICEF,Provincial Facilitator (Health Specialists/Officers- Communication- SBC Specialists/Officers-VMO- M and E Officer- Media Specialist- Provincial Communication Officer-Training etc),2,111111111111100
NID APR 2026,5,KHYBER,LANDI KOTAL,LOE SHALMAN B,WHO,UCPO,2,111111111111-00
NID APR 2026,5,PESHAWAR,MATTANI,SHEIKHAN,WHO,UCSP,7,111111111111111
NID APR 2026,5,PESHAWAR,SHAH ALAM,MATHRA,WHO,UCPO,9,111111111111111
NID APR 2026,5,PESHAWAR,MATTANI,SULEMAN KHEIL,WHO,UCPO,1,111111111111111
NID APR 2026,5,PESHAWAR,MATTANI,SULEMAN KHEIL,WHO,UCPO,2,111111111111111
NID APR 2026,4,KHYBER,LANDI KOTAL,TIRAH BAZAR B,Government,UCMO,,111111111111-11
NID APR 2026,5,KHYBER,LANDI KOTAL,TIRAH BAZAR B,Government,UCMO,,111111111111-10
NID APR 2026,5,PESHAWAR,SHAH ALAM,MATHRA,WHO,UCPO,3,111111111111100
NID APR 2026,5,PESHAWAR,SHAH ALAM,MATHRA,WHO,UCPO,4,111111111111100
NID APR 2026,5,PESHAWAR,SHAH ALAM,JOGANI,WHO,UCPO,1,111111111111100
NID APR 2026,5,KHYBER,LANDI KOTAL,STATION,WHO,UCPO,2,111111111111111
NID APR 2026,5,PESHAWAR,CITY,PALOSI,WHO,UCPO,4,111111111111111
NID APR 2026,5,PESHAWAR,CITY,PALOSI,WHO,UCPO,3,111111111111111
NID APR 2026,5,PESHAWAR,SADDAR,MERA SUREZAI PAYAN,WHO,UCPO,4,111111111111100
NID APR 2026,5,PESHAWAR,SMT,YAKATOOT 2,UNICEF,CBO,3,111111111111111
NID APR 2026,5,KHYBER,LANDI KOTAL,SULTAN KHEL B,WHO,UCPO,5,111111011111100
NID APR 2026,5,KHYBER,LANDI KOTAL,MIRDAD KHEL,WHO,UCPO,3,111111111111111
NID APR 2026,5,PESHAWAR,CITY,JEHANGIR PURA,WHO,UCPO,1,111111111111110
NID APR 2026,5,PESHAWAR,CITY,JEHANGIR PURA,WHO,UCPO,2,111111111111100
NID APR 2026,5,PESHAWAR,CITY,HAYAT ABAD 1,WHO,UCPO,8,111111111111111
NID APR 2026,5,PESHAWAR,CITY,HAYAT ABAD 1,WHO,UCPO,10,111111111111111
NID APR 2026,5,PESHAWAR,SADDAR,SUREZAI BALA,WHO,UCPO,3,111111111111110
NID APR 2026,5,PESHAWAR,SADDAR,SUREZAI BALA,WHO,UCPO,5,111111111111100
NID APR 2026,5,PESHAWAR,CITY,HAYAT ABAD 1,WHO,UCPO,1,111111111111100
NID APR 2026,5,PESHAWAR,CITY,HAYAT ABAD 1,WHO,UCPO,3,111111111111100
NID APR 2026,5,PESHAWAR,SADDAR,SHERAKERA,WHO,UCPO,3,111111111101110
NID APR 2026,5,PESHAWAR,SADDAR,SHERAKERA,WHO,UCPO,1,111111111111101
NID APR 2026,4,KHYBER,LANDI KOTAL,TIRAH BAZAR A,WHO,UCPO,8,111111111111-11
NID APR 2026,5,KHYBER,LANDI KOTAL,TIRAH BAZAR A,WHO,UCPO,1,111111111111-11
NID APR 2026,1,KHYBER,TIRAH MAIDAN,SERAY,WHO,UCPO,3,111111111111-00
NID APR 2026,6,KHYBER,JAMRUD,NEW ABADI,Government,UCMO,120,111111111111111
NID APR 2026,6,PESHAWAR,SADDAR,MARYAM ZAI,WHO,UCSP,5,111111111111100
NID APR 2026,6,KHYBER,JAMRUD,NEW ABADI,WHO,UCPO,5,111111111111100
NID APR 2026,5,PESHAWAR,CITY,MALAKANDHER,WHO,UCSP,4,111111111111111
NID APR 2026,5,PESHAWAR,CITY,MALAKANDHER,WHO,UCSP,2,111111111111111
NID APR 2026,6,PESHAWAR,SHAH ALAM,SAEEDABAD,WHO,UCPO,2,111111111111111
NID APR 2026,6,PESHAWAR,SHAH ALAM,KAFOOR DHERI,WHO,UCPO,3,111111111111110
NID APR 2026,6,KHYBER,LANDI KOTAL,SULTAN KHEL A,Government,UCMO,1,111111111111111
NID APR 2026,1,PESHAWAR,SMT,HAZARKHWANI 1,WHO,UCPO,2,111111111111100
NID APR 2026,6,PESHAWAR,MATTANI,SARBAND,WHO,UCPO,1,111111111111111
NID APR 2026,6,PESHAWAR,SHAH ALAM,GULBELA,WHO,UCPO,9,111111111111100
NID APR 2026,6,PESHAWAR,SMT,NOTHIA JADEED,WHO,UCPO,3,111111111111111
NID APR 2026,1,PESHAWAR,SHAH ALAM,KAFOOR DHERI,WHO,UCPO,1,111111111111111
NID APR 2026,6,PESHAWAR,SMT,NOTHIA JADEED,WHO,UCPO,1,111111111111111
NID APR 2026,6,KHYBER,JAMRUD,ALI MASJID A,WHO,UCPO,2,111111111111111
NID APR 2026,6,PESHAWAR,SADDAR,URMAR MIANA,WHO,Independent Monitor,5,1111111011-0110
NID APR 2026,6,PESHAWAR,CITY,CANTT WARD 2,WHO,Independent Monitor,1,111111111111111
NID APR 2026,2,PESHAWAR,CITY,ASIA DABGARI,WHO,UCPO,2,111111111111111
NID APR 2026,1,PESHAWAR,SHAH ALAM,WADPAGA,WHO,UCPO,2,111111111111100
NID APR 2026,6,PESHAWAR,SADDAR,URMAR PAYAN,WHO,Independent Monitor,2,111111111110100
NID APR 2026,1,PESHAWAR,MATTANI,PISHTAKHARA,WHO,UCPO,1,111111111111100
NID APR 2026,5,PESHAWAR,MATTANI,MASHOGAGAR,WHO,UCPO,8,111111111111100
NID APR 2026,6,PESHAWAR,CITY,MEHAL TERAI 2,WHO,UCPO,3,111111111111-11
NID APR 2026,2,PESHAWAR,SHAH ALAM,LALA KALAY,WHO,UCSP,4,111111111111111
NID APR 2026,1,PESHAWAR,MATTANI,ACHINI,WHO,UCPO,1,111111111111111
NID APR 2026,6,PESHAWAR,SHAH ALAM,GULBELA,WHO,UCPO,7,111111111111100
NID APR 2026,2,PESHAWAR,SHAH ALAM,DAG,WHO,UCPO,3,111111111111111
NID APR 2026,3,PESHAWAR,SMT,AKHOON ABAD,WHO,UCPO,4,111111111111100
NID APR 2026,6,PESHAWAR,CITY,KHALSA 2,WHO,UCPO,4,111111111111111
NID APR 2026,1,PESHAWAR,SMT,YAKATOOT 3,WHO,UCSP,1,111111111111111
NID APR 2026,2,PESHAWAR,CITY,SHAHI BAGH,WHO,UCPO,2,111111111111111
NID APR 2026,2,PESHAWAR,SADDAR,URMAR BALA,WHO,UCPO,2,111111111111100
NID APR 2026,6,PESHAWAR,MATTANI,BAZID KHEL,WHO,UCPO,5,111111111111111
NID APR 2026,6,PESHAWAR,SMT,HAZARKHWANI 2,N-STOP,District NSTOP Officer,11,111011011111111
NID APR 2026,1,PESHAWAR,SMT,SHEIKH JUNAID ABAD,WHO,UCPO,1,111111111111111
NID APR 2026,4,PESHAWAR,SHAH ALAM,KHAZANA,WHO,UCPO,1,111111111111111
NID APR 2026,2,PESHAWAR,SMT,NOTHIA JADEED,WHO,UCPO,5,111111111111111
NID APR 2026,3,PESHAWAR,SADDAR,MUSAZAI,WHO,UCPO,6,111111111111111
NID APR 2026,5,PESHAWAR,CITY,CANTT WARD 4,WHO,UCPO,1,111111111111100
NID APR 2026,2,PESHAWAR,CITY,PAWAKA,WHO,UCPO,6,111111111111111
NID APR 2026,6,PESHAWAR,SHAH ALAM,GARHI SHER DAD,WHO,UCPO,1,111111111111111
NID APR 2026,6,PESHAWAR,CITY,TEHKAL BALA,WHO,UCPO,8,111111111111111
NID APR 2026,4,PESHAWAR,CITY,KHALSA 2,WHO,UCPO,6,111111111111100
NID APR 2026,6,PESHAWAR,SMT,BHANA MARI,WHO,UCPO,3,111111111111111
NID APR 2026,6,PESHAWAR,SHAH ALAM,SAEEDABAD,Government,UCMO,7,111111111111111
NID APR 2026,1,PESHAWAR,CITY,KHALSA 2,WHO,UCSP,2,111111111111100
NID APR 2026,6,KHYBER,JAMRUD,PAINDI LALMA,WHO,UCPO,4,111111111111-00
NID APR 2026,4,PESHAWAR,MATTANI,SARBAND,WHO,UCPO,3,111111111111111
NID APR 2026,6,PESHAWAR,SADDAR,URMAR MIANA,WHO,Independent Monitor,6,111111111111111
NID APR 2026,4,PESHAWAR,CITY,KHALSA 1,WHO,UCPO,3,111111111111111
NID APR 2026,4,PESHAWAR,CITY,KHALSA 1,WHO,UCPO,4,111111111111111
NID APR 2026,2,PESHAWAR,SHAH ALAM,KANIZA,WHO,UCPO,6,111111111110111
NID APR 2026,6,PESHAWAR,SMT,BHANA MARI,Government,UCMO,3,111111111111111
NID APR 2026,2,KHYBER,TIRAH MAIDAN,SERAY,WHO,UCPO,2,111111111111-00
NID APR 2026,6,PESHAWAR,CITY,SIKANDAR TOWN,WHO,UCPO,1,111111111111110
NID APR 2026,2,PESHAWAR,CITY,CANTT WARD 2,WHO,UCSP,3,111111111111-00
NID APR 2026,3,PESHAWAR,SMT,BHANA MARI,WHO,UCPO,1,111111111111100
NID APR 2026,6,KHYBER,LANDI KOTAL,SHEIKHMAL KHEL,WHO,UCPO,2,111111111111111
NID APR 2026,6,PESHAWAR,CITY,FAQIR ABAD,WHO,UCSP,2,111111111111111
NID APR 2026,2,PESHAWAR,SMT,HAZARKHWANI 1,WHO,UCPO,3,111111111111111
NID APR 2026,1,PESHAWAR,SHAH ALAM,PAJAGI,WHO,UCPO,5,111111111111100
NID APR 2026,1,PESHAWAR,SMT,HAZARKHWANI 2,WHO,UCSP,10,111111111111111
NID APR 2026,2,PESHAWAR,SHAH ALAM,DAG,WHO,UCPO,5,111111111111111
NID APR 2026,6,PESHAWAR,CITY,HAYAT ABAD 2,WHO,UCPO,10,1111111111-0-11
NID APR 2026,2,PESHAWAR,SHAH ALAM,SAEEDABAD,WHO,UCPO,4,111111111111111
NID APR 2026,3,PESHAWAR,SMT,HAZARKHWANI 1,WHO,UCPO,4,111111111111100
NID APR 2026,6,PESHAWAR,CITY,PALOSI,WHO,UCPO,5,111111111111111
NID APR 2026,6,PESHAWAR,CITY,PALOSI,WHO,UCPO,4,111111111111111
NID APR 2026,3,PESHAWAR,SADDAR,MARYAM ZAI,WHO,UCPO,2,111111111111111
NID APR 2026,4,PESHAWAR,SMT,NOTHIA QADEEM,WHO,UCPO,4,111111111111111
NID APR 2026,6,PESHAWAR,SMT,HAZARKHWANI 2,N-STOP,District NSTOP Officer,10,111011111111111
NID APR 2026,2,PESHAWAR,SMT,SHEIKH JUNAID ABAD,WHO,UCPO,2,111111111111111
NID APR 2026,4,PESHAWAR,CITY,HAYAT ABAD 2,WHO,UCPO,10,1111111111-0-11
NID APR 2026,5,PESHAWAR,CITY,KHALSA 2,WHO,UCSP,2,111111111111100
NID APR 2026,6,PESHAWAR,SHAH ALAM,JOGANI,WHO,Area Coordinator / District Coordinator,2,111111111111111
NID APR 2026,6,PESHAWAR,CITY,REGI,WHO,UCPO,4,111111111111100
NID APR 2026,5,PESHAWAR,SADDAR,URMAR PAYAN,WHO,UCPO,3,111111111111100
NID APR 2026,6,PESHAWAR,SADDAR,URMAR PAYAN,WHO,Independent Monitor,4,111111111110100
NID APR 2026,6,PESHAWAR,CITY,FAQIR ABAD,WHO,UCSP,1,111111111111111
NID APR 2026,2,PESHAWAR,CITY,HAYAT ABAD 2,WHO,UCPO,17,111111111111100
NID APR 2026,1,PESHAWAR,SHAH ALAM,SHAHI BALA,WHO,UCPO,1,111111111111111
NID APR 2026,5,PESHAWAR,SHAH ALAM,LARAMA,WHO,UCPO,5,111111111111100
NID APR 2026,2,PESHAWAR,SHAH ALAM,DAG,WHO,UCPO,4,111111111111111
NID APR 2026,1,PESHAWAR,CITY,MEHAL TERAI 1,WHO,UCSP,3,111111111111111
NID APR 2026,2,PESHAWAR,CITY,SIKANDAR TOWN,WHO,UCPO,2,111111111111111
NID APR 2026,2,PESHAWAR,CITY,HAYAT ABAD 2,WHO,UCPO,18,111111111111100
NID APR 2026,4,PESHAWAR,CITY,MEHAL TERAI 1,WHO,UCPO,1,111111111111111
NID APR 2026,5,PESHAWAR,CITY,HAYAT ABAD 2,WHO,UCPO,15,1111111111-0-11
NID APR 2026,1,PESHAWAR,SADDAR,AZAKHEL TELABAND,WHO,UCSP,4,111111111111111
NID APR 2026,4,PESHAWAR,CITY,KHALSA 2,WHO,UCPO,7,111111111111100
NID APR 2026,5,PESHAWAR,SADDAR,CHAMKANI,WHO,UCPO,6,111111111111111
NID APR 2026,6,PESHAWAR,CITY,UNIVERSITY TOWN,WHO,UCPO,1,111111111111100
NID APR 2026,6,PESHAWAR,CITY,UNIVERSITY TOWN,WHO,UCPO,2,111111111111100
NID APR 2026,6,KHYBER,BARA,JANBAZ A,WHO,UCPO,10,111111111111100
NID APR 2026,6,PESHAWAR,CITY,HASAN GARHI 2,N-STOP,District NSTOP Officer,1,111111111111111
NID APR 2026,6,PESHAWAR,CITY,HASAN GARHI 2,N-STOP,District NSTOP Officer,2,111111111111111
NID APR 2026,5,PESHAWAR,SMT,NOTHIA QADEEM,WHO,UCPO,3,111111111111111
NID APR 2026,3,PESHAWAR,SMT,DERI BAGHBANAN,WHO,UCPO,3,111111111111111
NID APR 2026,2,PESHAWAR,CITY,MALAKANDHER,WHO,UCPO,14,111111111111110
NID APR 2026,6,PESHAWAR,CITY,HASAN GARHI 1,N-STOP,District NSTOP Officer,6,111111111111111
NID APR 2026,2,PESHAWAR,CITY,JEHANGIR PURA,WHO,UCPO,2,111111111111100
NID APR 2026,5,PESHAWAR,CITY,KHALSA 1,WHO,UCPO,1,111111111111100
NID APR 2026,1,PESHAWAR,SHAH ALAM,WADPAGA,WHO,UCPO,1,111111111111100
NID APR 2026,6,PESHAWAR,CITY,KARIM PURA,WHO,UCPO,1,111111111111-11
NID APR 2026,3,KHYBER,BARA,SRA CHEENA,Government,UCMO,2,111111111111-11
NID APR 2026,3,KHYBER,BARA,SRA CHEENA,Government,UCMO,1,111111111111-11
NID APR 2026,4,PESHAWAR,MATTANI,MATTANI,WHO,UCSP,1,111111111111111
NID APR 2026,6,PESHAWAR,SHAH ALAM,KANIZA,WHO,UCPO,1,111111111111-00
NID APR 2026,4,PESHAWAR,SMT,LANDI ARBAB,WHO,UCPO,4,111111111111111
NID APR 2026,6,PESHAWAR,CITY,TEHKAL PAYAN 2 IRRIG,WHO,UCSP,1,111111111111111
NID APR 2026,3,PESHAWAR,CITY,ASIA DABGARI,WHO,UCPO,3,111111111111111
NID APR 2026,4,PESHAWAR,SMT,LANDI ARBAB,WHO,UCPO,6,111111111111111
NID APR 2026,6,PESHAWAR,CITY,HASAN GARHI 2,N-STOP,District NSTOP Officer,4,111111111111111
NID APR 2026,3,PESHAWAR,SHAH ALAM,WADPAGA,WHO,UCPO,6,111111111111100
NID APR 2026,6,PESHAWAR,CITY,CANTT WARD 2,WHO,Independent Monitor,3,111111111111111
NID APR 2026,3,KHYBER,BARA,SRA CHEENA,UNICEF,Other (Specify),8,111111111111100
NID APR 2026,2,PESHAWAR,SMT,SHAHEEN MUSLIM TWN1,WHO,UCPO,7,111111111111111
NID APR 2026,6,PESHAWAR,CITY,CANTT WARD 1,WHO,UCPO,1,111111111111-11
NID APR 2026,6,PESHAWAR,CITY,TEHKAL PAYAN 2 IRRIG,WHO,UCSP,1,111111111111111
NID APR 2026,6,PESHAWAR,CITY,LAHORI,WHO,UCPO,2,111111111101100
NID APR 2026,1,PESHAWAR,SMT,DERI BAGHBANAN,WHO,UCPO,1,111111111111111
NID APR 2026,5,PESHAWAR,SADDAR,URMAR BALA,WHO,UCPO,3,111111111111-00
NID APR 2026,4,PESHAWAR,CITY,MEHAL TERAI 1,WHO,UCPO,5,111111111111100
NID APR 2026,3,PESHAWAR,CITY,KHALSA 1,WHO,UCPO,2,111111111111100
NID APR 2026,1,PESHAWAR,SADDAR,MERA KACHORI,WHO,UCPO,5,111111111111111
NID APR 2026,5,PESHAWAR,SADDAR,MERA KACHORI,WHO,UCPO,3,111111111111111
NID APR 2026,4,PESHAWAR,SADDAR,MERA KACHORI,WHO,UCPO,6,111111111111111
NID APR 2026,6,PESHAWAR,SMT,HAZARKHWANI 2,WHO,UCPO,7,111111111111111
NID APR 2026,2,PESHAWAR,SADDAR,URMAR MIANA,WHO,UCPO,6,111111111111111
NID APR 2026,1,PESHAWAR,MATTANI,PISHTAKHARA,WHO,UCPO,6,111111111111100
NID APR 2026,4,PESHAWAR,CITY,HASAN GARHI 1,WHO,UCPO,9,111111111111111
NID APR 2026,2,PESHAWAR,CITY,SUFAID DHERI,WHO,UCPO,3,111111111111111
NID APR 2026,4,PESHAWAR,CITY,SUFAID DHERI,WHO,UCPO,1,111111111111111
NID APR 2026,4,PESHAWAR,SMT,SHAHEEN MUSLIM TWN2,N-STOP,District NSTOP Officer,3,111111111111100
NID APR 2026,4,PESHAWAR,SMT,SHAHEEN MUSLIM TWN2,N-STOP,District NSTOP Officer,1,111111111111110
NID APR 2026,4,PESHAWAR,SADDAR,CHAMKANI,WHO,UCPO,5,111111111111111
NID APR 2026,2,PESHAWAR,CITY,MEHAL TERAI 1,WHO,UCSP,2,111111111111111
NID APR 2026,4,PESHAWAR,SMT,SHAHEEN MUSLIM TWN2,N-STOP,District NSTOP Officer,2,111111111111100
NID APR 2026,6,PESHAWAR,CITY,CANTT WARD 4,WHO,UCPO,1,111111111011100
NID APR 2026,1,PESHAWAR,SMT,CANTT WARD 5,WHO,UCPO,1,111111111111111
NID APR 2026,6,PESHAWAR,CITY,LAHORI,WHO,Independent Monitor,2,111111111111111
NID APR 2026,6,PESHAWAR,SHAH ALAM,HARYANA PAYAN,WHO,TPO/ TDO,2,111111111111100
NID APR 2026,5,PESHAWAR,CITY,SHAHI BAGH,N-STOP,District NSTOP Officer,4,111111111111100
NID APR 2026,4,PESHAWAR,CITY,HASAN GARHI 2,WHO,UCPO,6,111111111111111
NID APR 2026,6,PESHAWAR,SHAH ALAM,KANIZA,WHO,TPO/ TDO,4,111111111111100
NID APR 2026,6,PESHAWAR,SHAH ALAM,TUKHTABAD,WHO,Independent Monitor,5,111011111111100
NID APR 2026,6,PESHAWAR,SHAH ALAM,TUKHTABAD,WHO,Independent Monitor,3,111011111111101
NID APR 2026,2,PESHAWAR,CITY,JEHANGIR PURA,WHO,UCPO,1,111111111111110
NID APR 2026,6,PESHAWAR,SHAH ALAM,KANKOLA,WHO,District Polio Officer,7,111111111111111
NID APR 2026,6,PESHAWAR,MATTANI,SHEIKH MOHAMMADI,WHO,UCPO,5,111111111111100
NID APR 2026,6,PESHAWAR,MATTANI,SHEIKH MOHAMMADI,WHO,UCPO,6,111111111111100
NID APR 2026,2,PESHAWAR,SADDAR,MERA KACHORI,WHO,UCPO,10,111111111111111
NID APR 2026,3,PESHAWAR,SADDAR,MERA KACHORI,WHO,UCPO,13,111111111111101
NID APR 2026,2,PESHAWAR,SHAH ALAM,MATHRA,WHO,UCPO,9,111111111111100
NID APR 2026,5,KHYBER,BARA,SRA CHEENA,WHO,UCPO,8,111111111111111
NID APR 2026,5,PESHAWAR,MATTANI,ACHINI,WHO,UCPO,2,111111111111111
NID APR 2026,6,PESHAWAR,CITY,LAHORI,WHO,Independent Monitor,1,111111111100111
NID APR 2026,6,PESHAWAR,CITY,LAHORI,WHO,UCPO,1,111111111110100
NID APR 2026,2,PESHAWAR,SMT,SHAHEEN MUSLIM TWN2,WHO,UCPO,3,111111111111111
NID APR 2026,6,PESHAWAR,SHAH ALAM,TUKHTABAD,WHO,UCPO,4,111111111111100
NID APR 2026,2,PESHAWAR,MATTANI,ACHINI,WHO,UCPO,4,111111111111111
NID APR 2026,6,PESHAWAR,CITY,PALOSI,WHO,UCPO,1,111111111111111
NID APR 2026,6,PESHAWAR,CITY,PALOSI,WHO,UCPO,2,111111111111111
NID APR 2026,2,PESHAWAR,SMT,SHAHEEN MUSLIM TWN1,WHO,UCPO,10,111111111111100
NID APR 2026,5,PESHAWAR,SMT,SHAHEEN MUSLIM TWN1,WHO,UCPO,6,111111111111111
NID APR 2026,6,PESHAWAR,SHAH ALAM,TUKHTABAD,WHO,UCPO,3,111111111111111
NID APR 2026,5,PESHAWAR,SHAH ALAM,TUKHTABAD,WHO,UCPO,2,111111111111111
NID APR 2026,6,PESHAWAR,SHAH ALAM,JOGANI,WHO,UCPO,1,111111111111111
NID APR 2026,6,PESHAWAR,SHAH ALAM,CHAGARMATI,WHO,UCPO,3,111111111111111
NID APR 2026,6,PESHAWAR,SHAH ALAM,JOGANI,WHO,UCPO,5,111111111111111
NID APR 2026,6,PESHAWAR,SHAH ALAM,CHAGARMATI,WHO,UCPO,1,111111111111111
NID APR 2026,1,PESHAWAR,SHAH ALAM,JOGANI,WHO,UCPO,2,111111111111100
NID APR 2026,3,PESHAWAR,SHAH ALAM,JOGANI,WHO,UCPO,5,111111111111100
NID APR 2026,2,PESHAWAR,SHAH ALAM,MATHRA,WHO,UCPO,10,111111111111100
NID APR 2026,2,PESHAWAR,CITY,SUFAID DHERI,WHO,UCPO,11,111111111111111
NID APR 2026,6,PESHAWAR,SMT,AKHOON ABAD,WHO,UCPO,3,111111111111111
NID APR 2026,6,PESHAWAR,SMT,AKHOON ABAD,WHO,UCPO,2,111111111111111
NID APR 2026,6,PESHAWAR,CITY,FAQIR ABAD,WHO,Independent Monitor,1,111111111111100
NID APR 2026,6,PESHAWAR,CITY,FAQIR ABAD,WHO,Independent Monitor,2,111111111111100
NID APR 2026,3,KHYBER,TIRAH MAIDAN,NAKAY,WHO,UCPO,2,111111111111-11
NID APR 2026,1,PESHAWAR,CITY,FAQIR ABAD,WHO,UCPO,3,111111111111111
NID APR 2026,1,KHYBER,TIRAH MAIDAN,NAKAY,WHO,UCPO,9,111111111111-10
NID APR 2026,1,KHYBER,TIRAH MAIDAN,NAKAY,WHO,UCPO,10,111111111111-11
NID APR 2026,3,KHYBER,TIRAH MAIDAN,NAKAY,WHO,UCPO,7,111111111111-11
NID APR 2026,2,KHYBER,TIRAH MAIDAN,NAKAY,WHO,UCPO,5,111111111111-11
NID APR 2026,6,PESHAWAR,SMT,HAZARKHWANI 2,WHO,Independent Monitor,1,111111111111111
NID APR 2026,6,PESHAWAR,SMT,HAZARKHWANI 2,WHO,Independent Monitor,1,111111111111111
NID APR 2026,6,PESHAWAR,CITY,KARIM PURA,WHO,Independent Monitor,1,011111111101-00
NID APR 2026,6,PESHAWAR,CITY,KARIM PURA,WHO,Independent Monitor,2,1111111111-1-00
NID APR 2026,6,PESHAWAR,SHAH ALAM,GULBELA,WHO,Independent Monitor,7,111111111111100
NID APR 2026,6,PESHAWAR,SHAH ALAM,GULBELA,WHO,Independent Monitor,5,111111111111100
NID APR 2026,6,PESHAWAR,SHAH ALAM,MATHRA,WHO,UCPO,4,111111111111111
NID APR 2026,6,PESHAWAR,SHAH ALAM,MATHRA,WHO,UCPO,3,111111111111111
NID APR 2026,6,PESHAWAR,CITY,KAKSHAL,WHO,UCPO,3,111111111111100
NID APR 2026,2,PESHAWAR,CITY,KAKSHAL,WHO,UCPO,4,111111111111100
NID APR 2026,2,PESHAWAR,CITY,SHAHEEN TOWN,WHO,UCPO,3,111111111111101
NID APR 2026,6,PESHAWAR,SHAH ALAM,MATHRA,WHO,UCPO,5,111111111111100
NID APR 2026,4,PESHAWAR,CITY,HAYAT ABAD 1,WHO,UCPO,1,111111111111100
NID APR 2026,4,PESHAWAR,CITY,HAYAT ABAD 1,WHO,UCPO,6,111111111111100
NID APR 2026,2,PESHAWAR,SHAH ALAM,GULBELA,WHO,UCPO,6,111111111111100
NID APR 2026,4,PESHAWAR,SHAH ALAM,JOGANI,WHO,UCPO,4,111111111111111
NID APR 2026,7,KHYBER,JAMRUD,NEW ABADI,Government,UCMO,125,111111111111111
NID APR 2026,7,PESHAWAR,SHAH ALAM,GULBELA,WHO,UCPO,5,111111111111100
NID APR 2026,6,PESHAWAR,SADDAR,MARYAM ZAI,WHO,UCSP,5,111111111111100
NID APR 2026,7,PESHAWAR,SMT,HAZARKHWANI 1,WHO,UCPO,1,111111111111100
NID APR 2026,7,PESHAWAR,SHAH ALAM,CHAGARMATI,WHO,UCPO,2,111111111111111
NID APR 2026,7,KHYBER,JAMRUD,ALI MASJID A,WHO,UCPO,4,111111111111111
NID APR 2026,3,PESHAWAR,SADDAR,BADABER HUREZAI,WHO,UCPO,3,111111111111111
NID APR 2026,1,PESHAWAR,SMT,BHANA MARI,WHO,UCPO,3,111111111111100
NID APR 2026,7,PESHAWAR,SMT,NOTHIA JADEED,WHO,UCPO,2,111111111111111
NID APR 2026,7,PESHAWAR,MATTANI,PISHTAKHARA,Government,UCMO,7,111111111111100
NID APR 2026,7,PESHAWAR,SHAH ALAM,CHAGARMATI,WHO,UCPO,5,111111111111111
NID APR 2026,2,PESHAWAR,SADDAR,URMAR BALA,WHO,UCPO,10,111111111111100
NID APR 2026,5,PESHAWAR,SHAH ALAM,WADPAGA,WHO,UCPO,6,111111111111100
NID APR 2026,7,PESHAWAR,SHAH ALAM,GARHI SHER DAD,WHO,UCPO,4,111111111111101
NID APR 2026,4,PESHAWAR,MATTANI,SARBAND,WHO,UCPO,1,111111111111111
NID APR 2026,4,PESHAWAR,CITY,KHALSA 1,WHO,UCPO,1,111111111111111
NID APR 2026,5,PESHAWAR,SHAH ALAM,DAG,WHO,UCPO,2,111111111111111
NID APR 2026,7,PESHAWAR,CITY,CANTT WARD 1,WHO,UCSP,2,111111111111111
NID APR 2026,7,PESHAWAR,SHAH ALAM,SAEEDABAD,Government,UCMO,2,111111111111100
NID APR 2026,4,PESHAWAR,SHAH ALAM,KANKOLA,WHO,UCPO,1,111111111111111
NID APR 2026,5,PESHAWAR,SADDAR,BADABER HUREZAI,WHO,UCPO,7,111111111111111
NID APR 2026,3,PESHAWAR,SHAH ALAM,SAEEDABAD,WHO,UCPO,6,111111111111111
NID APR 2026,1,PESHAWAR,SADDAR,MARYAM ZAI,WHO,UCPO,2,111111111111111
NID APR 2026,7,PESHAWAR,SHAH ALAM,CHAGARMATI,WHO,UCPO,6,111111111111111
NID APR 2026,1,PESHAWAR,SHAH ALAM,WADPAGA,WHO,UCPO,9,111111111111100
NID APR 2026,6,PESHAWAR,CITY,MALAKANDHER,WHO,UCSP,16,111111111111111
NID APR 2026,2,PESHAWAR,SHAH ALAM,DAG,WHO,UCPO,4,111111111111111
NID APR 2026,4,PESHAWAR,CITY,ASIA DABGARI,WHO,UCPO,1,111111111111111
NID APR 2026,7,PESHAWAR,CITY,SUFAID DHERI,WHO,UCPO,12,111111111111111
NID APR 2026,3,PESHAWAR,SMT,AKHOON ABAD,WHO,UCPO,2,111111111111100
NID APR 2026,7,PESHAWAR,SADDAR,BADABER HUREZAI,WHO,UCPO,4,111111111111111
NID APR 2026,7,PESHAWAR,CITY,SIKANDAR TOWN,WHO,UCPO,1,111111111111111
NID APR 2026,7,PESHAWAR,SHAH ALAM,CHAGARMATI,WHO,UCPO,5,111111111111111
NID APR 2026,7,PESHAWAR,SHAH ALAM,CHAGARMATI,WHO,UCPO,1,111111111111111
NID APR 2026,5,PESHAWAR,MATTANI,BAZID KHEL,WHO,UCPO,4,111111111111111
NID APR 2026,7,PESHAWAR,CITY,LAHORI,WHO,UCPO,2,111111111110100
NID APR 2026,4,PESHAWAR,MATTANI,ACHINI,WHO,UCPO,2,111111111111100
NID APR 2026,4,PESHAWAR,SMT,NOTHIA QADEEM,WHO,UCPO,4,111111111111111
NID APR 2026,7,PESHAWAR,MATTANI,MASHOGAGAR,WHO,UCPO,10,111111111111100
NID APR 2026,3,PESHAWAR,SADDAR,CHAMKANI,WHO,UCPO,3,111111111111111
NID APR 2026,7,PESHAWAR,SMT,YAKATOOT 3,WHO,UCSP,2,111111111111100
NID APR 2026,7,PESHAWAR,CITY,SIKANDAR TOWN,WHO,UCPO,4,111111111111110
NID APR 2026,4,PESHAWAR,SMT,NOTHIA JADEED,WHO,UCPO,4,111111111111111
NID APR 2026,7,PESHAWAR,CITY,MEHAL TERAI 2,WHO,UCPO,6,111111111111111
NID APR 2026,7,PESHAWAR,SMT,NOTHIA QADEEM,WHO,UCPO,3,111111111111111
NID APR 2026,4,PESHAWAR,SHAH ALAM,SHAHI BALA,WHO,UCPO,3,111111111111111
NID APR 2026,4,PESHAWAR,MATTANI,PISHTAKHARA,WHO,UCPO,4,111111111111100
NID APR 2026,7,PESHAWAR,SHAH ALAM,GARHI SHER DAD,WHO,UCPO,3,111111111111110
NID APR 2026,5,PESHAWAR,CITY,HAYAT ABAD 2,WHO,UCPO,8,111111111111100
NID APR 2026,7,PESHAWAR,SMT,DERI BAGHBANAN,WHO,UCPO,2,111111111111111
NID APR 2026,5,PESHAWAR,SMT,BHANA MARI,WHO,UCPO,4,111111111111100
NID APR 2026,5,PESHAWAR,SHAH ALAM,WADPAGA,WHO,UCPO,7,111111111111100
NID APR 2026,4,PESHAWAR,CITY,MEHAL TERAI 1,WHO,UCSP,3,111111111111111
NID APR 2026,3,PESHAWAR,SHAH ALAM,KHAZANA,WHO,UCPO,4,111111111111111
NID APR 2026,4,PESHAWAR,SADDAR,AZAKHEL TELABAND,WHO,UCSP,5,111111111111111
NID APR 2026,7,PESHAWAR,SHAH ALAM,KAFOOR DHERI,WHO,UCPO,4,111111111111110
NID APR 2026,4,PESHAWAR,SMT,SHEIKH JUNAID ABAD,WHO,UCPO,2,111111111111111
NID APR 2026,7,PESHAWAR,SMT,HAZARKHWANI 2,WHO,UCPO,7,111111111111111
NID APR 2026,1,PESHAWAR,SMT,HAZARKHWANI 2,WHO,UCSP,11,111011111111111
NID APR 2026,4,PESHAWAR,SMT,HAZARKHWANI 2,WHO,UCSP,9,111111111111111
NID APR 2026,3,PESHAWAR,SADDAR,MERA KACHORI,WHO,UCPO,4,111111111111111
NID APR 2026,2,PESHAWAR,SHAH ALAM,HARYANA PAYAN,WHO,UCPO,2,111111111111100
NID APR 2026,5,PESHAWAR,SMT,YAKATOOT 3,WHO,UCPO,1,111111111111100
NID APR 2026,5,PESHAWAR,SMT,HAZARKHWANI 2,WHO,UCPO,2,111111111111111
NID APR 2026,5,PESHAWAR,SMT,NOTHIA JADEED,WHO,UCPO,3,111111111111111
NID APR 2026,4,PESHAWAR,SHAH ALAM,KANIZA,WHO,UCPO,1,111111111111100
NID APR 2026,5,PESHAWAR,SHAH ALAM,LARAMA,WHO,UCPO,7,111111111111100
NID APR 2026,4,PESHAWAR,SHAH ALAM,DAG,WHO,UCPO,2,111111111111111
NID APR 2026,7,PESHAWAR,SHAH ALAM,KAFOOR DHERI,WHO,UCPO,3,111111111111111
NID APR 2026,4,PESHAWAR,SMT,SHEIKH JUNAID ABAD,WHO,UCPO,1,111111111111111
NID APR 2026,7,PESHAWAR,SMT,HAZARKHWANI 1,N-STOP,District NSTOP Officer,1,111111011111111
NID APR 2026,2,PESHAWAR,CITY,KHALSA 2,WHO,UCSP,6,111111111111100
NID APR 2026,7,PESHAWAR,SHAH ALAM,KHAZANA,WHO,TPO/ TDO,10,111111111111100
NID APR 2026,4,PESHAWAR,MATTANI,SHEIKH MOHAMMADI,WHO,UCPO,3,111111111111100
NID APR 2026,7,PESHAWAR,SADDAR,BADABER MARYAMZAI,WHO,UCPO,1,111111111111100
NID APR 2026,3,PESHAWAR,SHAH ALAM,SAEEDABAD,WHO,UCPO,7,111111111111111
NID APR 2026,7,KHYBER,LANDI KOTAL,SULTAN KHEL A,WHO,TPO/ TDO,200,111111111111111
NID APR 2026,5,PESHAWAR,CITY,CANTT WARD 1,WHO,UCPO,3,111111111111-11
NID APR 2026,7,PESHAWAR,SADDAR,ADEZAI,WHO,UCPO,2,111111111111111
NID APR 2026,2,PESHAWAR,SMT,SHAHEEN MUSLIM TWN1,WHO,UCPO,7,111111111111111
NID APR 2026,5,PESHAWAR,SADDAR,AZAKHEL TELABAND,WHO,UCSP,3,111111111111111
NID APR 2026,7,PESHAWAR,MATTANI,SARBAND,WHO,Area Coordinator / District Coordinator,3,111111111111111
NID APR 2026,7,PESHAWAR,CITY,SUFAID DHERI,WHO,UCPO,4,111111111111100
NID APR 2026,5,PESHAWAR,CITY,GUNJ,WHO,UCPO,1,111111111111111
NID APR 2026,4,PESHAWAR,SADDAR,MERA SUREZAI PAYAN,WHO,District Polio Officer,6,111111111111111
NID APR 2026,2,PESHAWAR,CITY,HAYAT ABAD 2,WHO,UCPO,13,1111111111-0-11
NID APR 2026,7,PESHAWAR,SHAH ALAM,JOGANI,WHO,UCPO,2,111111111111100
NID APR 2026,7,KHYBER,JAMRUD,PAINDI LALMA,WHO,UCPO,4,111111111111100
NID APR 2026,3,PESHAWAR,SHAH ALAM,WADPAGA,WHO,UCPO,5,111111111111100
NID APR 2026,7,PESHAWAR,SMT,HAZARKHWANI 1,N-STOP,District NSTOP Officer,2,111111111111111
NID APR 2026,4,PESHAWAR,MATTANI,SARBAND,WHO,UCPO,4,111111111111111
NID APR 2026,2,PESHAWAR,MATTANI,PISHTAKHARA,WHO,UCPO,3,111111111111100
NID APR 2026,3,PESHAWAR,SADDAR,URMAR MIANA,WHO,UCPO,3,111111111111111
NID APR 2026,1,PESHAWAR,SADDAR,URMAR MIANA,WHO,UCPO,6,111111111111111
NID APR 2026,3,PESHAWAR,CITY,HASAN GARHI 2,WHO,UCPO,4,111111111111111
NID APR 2026,3,PESHAWAR,SMT,CANTT WARD 5,WHO,UCPO,4,111111111111111
NID APR 2026,2,PESHAWAR,CITY,SUFAID DHERI,WHO,UCPO,7,111111111111111
NID APR 2026,2,PESHAWAR,CITY,SUFAID DHERI,WHO,UCPO,2,111111111111111
NID APR 2026,5,PESHAWAR,SMT,BHANA MARI,WHO,UCPO,2,111111111111100
NID APR 2026,3,PESHAWAR,CITY,KHALSA 2,WHO,UCPO,6,111111111111100
NID APR 2026,3,PESHAWAR,CITY,KHALSA 2,WHO,UCPO,7,111111111111100
NID APR 2026,5,PESHAWAR,CITY,KHALSA 1,WHO,UCPO,6,111111111111100
NID APR 2026,7,KHYBER,BARA,JANBAZ A,WHO,UCPO,1,111111111111100
NID APR 2026,7,PESHAWAR,CITY,FAQIR ABAD,WHO,UCSP,3,111111111111111
NID APR 2026,4,PESHAWAR,SHAH ALAM,PAJAGI,WHO,District Polio Officer,6,111111111111111
NID APR 2026,7,KHYBER,BARA,JANBAZ A,WHO,UCPO,4,111111111111100
NID APR 2026,3,PESHAWAR,SMT,CANTT WARD 5,Government,UCMO,4,111111111111111
NID APR 2026,2,PESHAWAR,CITY,MEHAL TERAI 1,WHO,UCPO,5,111111111111100
NID APR 2026,3,PESHAWAR,CITY,HASAN GARHI 1,WHO,UCPO,7,111111111111111
NID APR 2026,3,PESHAWAR,CITY,HAYAT ABAD 2,WHO,UCPO,14,1111111111-0-11
NID APR 2026,1,PESHAWAR,CITY,JEHANGIR PURA,WHO,UCPO,3,111111111111100
NID APR 2026,7,PESHAWAR,CITY,PAWAKA,WHO,UCPO,6,111111111111111
NID APR 2026,5,PESHAWAR,CITY,HASAN GARHI 2,WHO,UCPO,2,111111111111111
NID APR 2026,4,PESHAWAR,SHAH ALAM,SAEEDABAD,WHO,UCPO,5,111111111111111
NID APR 2026,3,PESHAWAR,SADDAR,CHAMKANI,WHO,UCPO,7,111111111111111
NID APR 2026,7,PESHAWAR,CITY,HASAN GARHI 2,WHO,UCSP,1,111111111111111
NID APR 2026,6,PESHAWAR,CITY,JEHANGIR PURA,WHO,UCPO,3,111111111111100
NID APR 2026,3,PESHAWAR,CITY,JEHANGIR PURA,WHO,UCPO,2,111111111111100
NID APR 2026,5,PESHAWAR,SMT,HAZARKHWANI 2,WHO,UCSP,11,111111111111111
NID APR 2026,2,PESHAWAR,CITY,CANTT WARD 2,WHO,UCSP,2,111111111111-00
NID APR 2026,2,PESHAWAR,SMT,NOTHIA QADEEM,WHO,UCPO,1,111111111111111
NID APR 2026,5,PESHAWAR,SHAH ALAM,LALA KALAY,WHO,UCSP,1,111111111111111
NID APR 2026,3,PESHAWAR,CITY,KHALSA 2,WHO,UCSP,7,111111111111100
NID APR 2026,5,PESHAWAR,MATTANI,PISHTAKHARA,WHO,UCPO,5,111111111111100
NID APR 2026,3,PESHAWAR,SMT,AKHOON ABAD,WHO,UCPO,4,111111111111100
NID APR 2026,5,PESHAWAR,MATTANI,SHEIKH MOHAMMADI,WHO,UCPO,4,111111111111100
NID APR 2026,5,PESHAWAR,SMT,LANDI ARBAB,WHO,UCPO,2,111111111111111
NID APR 2026,5,PESHAWAR,SMT,SHAHEEN MUSLIM TWN2,WHO,UCPO,3,111111111111111
NID APR 2026,3,PESHAWAR,CITY,TEHKAL PAYAN 2 IRRIG,WHO,UCPO,4,111111111111111
NID APR 2026,2,PESHAWAR,MATTANI,PISHTAKHARA,WHO,UCPO,2,111111111111100
NID APR 2026,5,PESHAWAR,CITY,ASIA DABGARI,WHO,UCPO,3,111111111111111
NID APR 2026,7,PESHAWAR,CITY,KHALSA 2,WHO,UCPO,6,111111111111111
NID APR 2026,7,PESHAWAR,SMT,AKHOON ABAD,WHO,UCPO,1,111111111111111
NID APR 2026,4,PESHAWAR,CITY,SUFAID DHERI,WHO,UCPO,13,111111111111111
NID APR 2026,3,PESHAWAR,CITY,HASAN GARHI 1,WHO,UCPO,9,111111111111100
NID APR 2026,5,PESHAWAR,SMT,LANDI ARBAB,WHO,UCPO,5,111111111111111
NID APR 2026,4,PESHAWAR,SMT,LANDI ARBAB,WHO,UCPO,1,111111111111111
NID APR 2026,5,PESHAWAR,CITY,JEHANGIR PURA,WHO,UCPO,2,111111111111100
NID APR 2026,7,KHYBER,LANDI KOTAL,SHEIKHMAL KHEL,WHO,UCPO,4,111111111111111
NID APR 2026,5,PESHAWAR,SMT,SHAHEEN MUSLIM TWN1,WHO,UCPO,5,111111111111111
NID APR 2026,7,PESHAWAR,CITY,CANTT WARD 4,WHO,UCPO,2,111111111111100
NID APR 2026,5,PESHAWAR,SHAH ALAM,TUKHTABAD,WHO,UCPO,4,111111111111100
NID APR 2026,7,PESHAWAR,SADDAR,SHERAKERA,WHO,UCPO,2,111111111101100
NID APR 2026,7,PESHAWAR,SADDAR,SHERAKERA,WHO,UCPO,4,111111110101100
NID APR 2026,7,PESHAWAR,SHAH ALAM,TUKHTABAD,WHO,UCPO,1,111111111111100
NID APR 2026,3,PESHAWAR,MATTANI,BAZID KHEL,WHO,UCPO,1,111111111111111
NID APR 2026,5,PESHAWAR,CITY,SHAHI BAGH,WHO,UCPO,4,111111111111100
NID APR 2026,7,PESHAWAR,CITY,TEHKAL PAYAN 2 IRRIG,WHO,UCSP,3,111111111111111
NID APR 2026,5,PESHAWAR,MATTANI,ACHINI,WHO,UCPO,3,111111111111110
NID APR 2026,5,PESHAWAR,CITY,MALAKANDHER,WHO,UCPO,16,111111111111111
NID APR 2026,7,KHYBER,BARA,FORT SLOPE,WHO,UCPO,3,111011111111100
NID APR 2026,2,PESHAWAR,SHAH ALAM,MATHRA,WHO,UCPO,8,111111111111100
NID APR 2026,2,PESHAWAR,SMT,SHAHEEN MUSLIM TWN2,WHO,UCPO,1,111111111111111
NID APR 2026,1,PESHAWAR,SHAH ALAM,KANKOLA,WHO,UCPO,9,111111111111111
NID APR 2026,7,PESHAWAR,SMT,YAKATOOT 2,WHO,UCPO,1,111111111111111
NID APR 2026,4,PESHAWAR,SHAH ALAM,MATHRA,WHO,UCPO,7,111111111111100
NID APR 2026,5,PESHAWAR,CITY,PALOSI,WHO,UCPO,5,111111111111111
NID APR 2026,4,PESHAWAR,CITY,PALOSI,WHO,UCPO,4,111111111111111
NID APR 2026,7,PESHAWAR,CITY,MALAKANDHER,WHO,UCPO,2,111111111111100
NID APR 2026,2,PESHAWAR,MATTANI,MASHOGAGAR,WHO,UCPO,1,111111111111111
NID APR 2026,1,PESHAWAR,SMT,KAKSHAL 2,WHO,UCPO,2,111111111111111
NID APR 2026,7,PESHAWAR,CITY,SHAHEEN TOWN,WHO,UCPO,2,111111111111100
NID APR 2026,4,PESHAWAR,CITY,FAQIR ABAD,WHO,UCPO,1,111111111111111
NID APR 2026,3,KHYBER,LANDI KOTAL,TIRAH BAZAR A,WHO,UCPO,5,111111011111-11
NID APR 2026,2,PESHAWAR,SHAH ALAM,MATHRA,WHO,UCPO,1,111111111111100
NID APR 2026,6,PESHAWAR,CITY,MALAKANDHER,WHO,UCSP,13,111111111111111
NID APR 2026,5,KHYBER,LANDI KOTAL,TIRAH BAZAR A,WHO,UCPO,3,111111111111111
NID APR 2026,5,PESHAWAR,SADDAR,MERA KACHORI,WHO,UCPO,7,111111111111111
NID APR 2026,4,KHYBER,LANDI KOTAL,TIRAH BAZAR A,WHO,UCPO,9,111111111111100
NID APR 2026,8,PESHAWAR,SADDAR,MARYAM ZAI,WHO,UCSP,5,111111111111100
NID APR 2026,4,PESHAWAR,CITY,FAQIR ABAD,N-STOP,District NSTOP Officer,1,111111111111111
NID APR 2026,2,PESHAWAR,CITY,FAQIR ABAD,N-STOP,District NSTOP Officer,1,111111111111111
NID APR 2026,8,PESHAWAR,CITY,SUFAID DHERI,WHO,UCPO,14,111111111111111
NID APR 2026,4,PESHAWAR,CITY,HAYAT ABAD 1,WHO,UCPO,9,111111111111100
NID APR 2026,1,PESHAWAR,CITY,HAYAT ABAD 1,WHO,UCPO,10,111111111111100
NID APR 2026,4,PESHAWAR,CITY,HAYAT ABAD 1,WHO,UCPO,11,111111111111111
NID APR 2026,4,PESHAWAR,CITY,HAYAT ABAD 1,WHO,UCPO,10,111111111111111
NID APR 2026,8,PESHAWAR,SHAH ALAM,SAEEDABAD,WHO,TPO/ TDO,7,111111111111100
NID APR 2026,8,PESHAWAR,SHAH ALAM,SAEEDABAD,WHO,TPO/ TDO,6,111111111111100
NID APR 2026,5,PESHAWAR,SHAH ALAM,TUKHTABAD,WHO,UCPO,5,111111111111100
NID APR 2026,1,PESHAWAR,SMT,SHAHEEN MUSLIM TWN2,WHO,UCPO,2,111111111111111
NID APR 2026,6,PESHAWAR,CITY,MEHAL TERAI 1,Government,Other (Specify),2,111111111111100
NID APR 2026,5,PESHAWAR,MATTANI,ACHINI,WHO,UCPO,2,111111111111111
NID APR 2026,7,PESHAWAR,CITY,TEHKAL PAYAN,WHO,UCPO,3,111111111111100
NID APR 2026,7,PESHAWAR,CITY,TEHKAL PAYAN,WHO,UCPO,2,111111111111100
NID APR 2026,1,PESHAWAR,HASSAN KHEL,MANDAI,WHO,TSA,,111111111111-11
NID APR 2026,1,PESHAWAR,HASSAN KHEL,BARKI,WHO,TSA,1,111111111111-11
NID APR 2026,1,PESHAWAR,HASSAN KHEL,MANDAI,WHO,TSA,,111111111111-11
NID APR 2026,1,PESHAWAR,HASSAN KHEL,BORA,WHO,UCPO,1,111111111111-00
NID APR 2026,1,PESHAWAR,HASSAN KHEL,MANDAI,WHO,UCPO,1,111111111111-11
NID APR 2026,1,PESHAWAR,HASSAN KHEL,MANDAI,WHO,UCPO,2,111111111111-11
NID APR 2026,1,PESHAWAR,SMT,NOTHIA JADEED,WHO,UCPO,2,111111-11111111
SNID May 2026,1,KHYBER,BARA,MANDI KAS,Government,UCMO,44,111111-11111111
SNID May 2026,1,KHYBER,JAMRUD,GHUNDI B,WHO,UCPO,109,111111-11110100
SNID May 2026,1,KHYBER,BARA,MANDI KAS,WHO,UCPO,44,111111-11111101
SNID May 2026,1,KHYBER,JAMRUD,GHUNDI A,N-STOP,District NSTOP Officer,2,111111-11111100
SNID May 2026,1,KHYBER,BARA,JANBAZ B,WHO,UCPO,5,111111-11111111
SNID May 2026,1,KHYBER,BARA,SPEEN QABAR,Government,UCMO,3,111111-11111-11
SNID May 2026,1,KHYBER,JAMRUD,GHUNDI A,N-STOP,District NSTOP Officer,2,111111-11111100
SNID May 2026,1,KHYBER,BARA,JANBAZ B,Government,UCMO,,111111-11111111
SNID May 2026,1,KHYBER,BARA,MILWARD A,WHO,UCPO,4,111111-11111-11
SNID May 2026,1,KHYBER,JAMRUD,CHAPARI,WHO,UCPO,4,111111-11111-01
SNID May 2026,1,KHYBER,JAMRUD,GHUNDI B,WHO,UCPO,103,111111-11111111
SNID May 2026,1,KHYBER,JAMRUD,GHUNDI B,N-STOP,District NSTOP Officer,9,111111-11111111
SNID May 2026,1,KHYBER,BARA,JANBAZ B,Government,UCMO,,111111-11111111
SNID May 2026,1,KHYBER,JAMRUD,CHAPARI,Government,UCMO,1,111111-11111-11
SNID May 2026,1,KHYBER,BARA,NOGAZI BABA,Government,UCMO,67,111111011111-00
SNID May 2026,1,KHYBER,BARA,MILWARD A,Government,UCMO,5,111111-11111-11
SNID May 2026,1,KHYBER,JAMRUD,CHAPARI,WHO,UCPO,2,111111-11111-00
SNID May 2026,2,KHYBER,JAMRUD,GHUNDI B,WHO,UCPO,108,111111111111100
SNID May 2026,2,KHYBER,BARA,MANDI KAS,WHO,UCPO,42,111111-10011000
SNID May 2026,2,KHYBER,JAMRUD,GHUNDI B,WHO,UCPO,105,111111-11111111
SNID May 2026,2,KHYBER,BARA,MILWARD A,WHO,UCPO,3,111111-111-1-11
SNID May 2026,2,KHYBER,BARA,NOGAZI BABA,WHO,UCPO,3,111111-111-1-00
SNID May 2026,1,MOHMAND,SAFI LAKARO,SAGAI,Government,UCMO,4,111111-11111-11
SNID May 2026,2,KHYBER,BARA,MANDI KAS,WHO,UCPO,4,111111-11111111
SNID May 2026,2,KHYBER,BARA,MANDI KAS,UNICEF,CBO,44,111111-11111111
SNID May 2026,2,KHYBER,BARA,NOGAZI BABA,Government,UCMO,65,111111011111100
SNID May 2026,2,KHYBER,JAMRUD,CHAPARI,Government,UCMO,4,111111-11111-11
SNID May 2026,2,KHYBER,BARA,MILWARD A,Government,UCMO,5,111111-11111-11
SNID May 2026,2,KHYBER,JAMRUD,GHUNDI B,N-STOP,District NSTOP Officer,5,111111-11111101
SNID May 2026,2,KHYBER,BARA,JANBAZ B,Government,UCMO,,111111-11111111
SNID May 2026,2,KHYBER,JAMRUD,GHUNDI B,N-STOP,District NSTOP Officer,5,111111-11111100
SNID May 2026,2,KHYBER,BARA,SPEEN QABAR,Government,UCMO,1,111111-11111111
SNID May 2026,2,KHYBER,BARA,SPEEN QABAR,WHO,UCPO,1,111111-11111111
SNID May 2026,1,MOHMAND,SAFI LAKARO,SANDO KHEL,WHO,UCPO,3,111111-10100000
SNID May 2026,2,KHYBER,BARA,SPEEN QABAR,WHO,UCPO,1,111111-11111111
SNID May 2026,2,KHYBER,BARA,JANBAZ B,Government,UCMO,11,111111011111111
SNID May 2026,2,KHYBER,BARA,NOGAZI BABA,WHO,UCPO,65,111111-11111111
SNID May 2026,2,KHYBER,BARA,NOGAZI BABA,WHO,UCPO,1,111111-11111111
SNID May 2026,2,KHYBER,JAMRUD,CHAPARI,WHO,UCPO,2,111111-11111-10
SNID May 2026,1,MOHMAND,SAFI LAKARO,LAKARO,Government,UCMO,1,111111-11111100
SNID May 2026,1,MOHMAND,SAFI LAKARO,SAGAI,WHO,UCSP,4,111111-11111-11
SNID May 2026,1,MOHMAND,SAFI LAKARO,SAGAI,WHO,UCSP,4,111111-11111-11
SNID May 2026,1,MOHMAND,SAFI LAKARO,ALINGAR,WHO,UCPO,3,111111-11111-00
SNID May 2026,2,KHYBER,JAMRUD,CHAPARI,WHO,UCPO,3,111111-11111-00
SNID May 2026,1,MOHMAND,BAIZAI,GHANAM SHAH,Government,UCMO,4,111111-11111111
SNID May 2026,3,KHYBER,JAMRUD,GHUNDI B,WHO,UCPO,6,111111111111111
SNID May 2026,2,MOHMAND,SAFI LAKARO,SAGAI,Government,UCMO,4,111111-11111-10
SNID May 2026,3,KHYBER,JAMRUD,CHAPARI,Government,UCMO,4,111111-11111111
SNID May 2026,2,KHYBER,JAMRUD,GHUNDI B,WHO,UCPO,106,111111-11111111
SNID May 2026,2,MOHMAND,SAFI LAKARO,LAKARO,Government,UCMO,3,111111-11111100
SNID May 2026,2,KHYBER,BARA,NOGAZI BABA,Government,UCMO,66,111111011111100
SNID May 2026,3,KHYBER,BARA,MILWARD A,Government,UCMO,2,111111-11111-11
SNID May 2026,2,MOHMAND,SAFI LAKARO,SAGAI,WHO,UCSP,4,111111-11111-11
SNID May 2026,3,KHYBER,BARA,NOGAZI BABA,WHO,UCPO,66,111111-11111100
SNID May 2026,3,KHYBER,BARA,SPEEN QABAR,Government,UCMO,2,111111111111111
SNID May 2026,3,KHYBER,BARA,NOGAZI BABA,WHO,UCPO,3,111111-11111-11
SNID May 2026,2,KHYBER,JAMRUD,GHUNDI A,N-STOP,District NSTOP Officer,1,111111-11111111
SNID May 2026,3,KHYBER,BARA,MILWARD A,WHO,UCPO,3,111111-11111-11
SNID May 2026,3,KHYBER,BARA,JANBAZ B,Government,UCMO,7,111111011111111
SNID May 2026,3,KHYBER,BARA,NOGAZI BABA,N-STOP,District NSTOP Officer,2,111111-11111100
SNID May 2026,3,KHYBER,BARA,NOGAZI BABA,N-STOP,District NSTOP Officer,2,111111-11111101
SNID May 2026,2,MOHMAND,SAFI LAKARO,ALINGAR,WHO,UCPO,3,111111-11011-00
SNID May 2026,2,MOHMAND,PANDIALI,ZAHOO,WHO,TPO/ TDO,2,100101-11111-00
SNID May 2026,2,MOHMAND,PANDIALI,ZAHOO,WHO,TPO/ TDO,4,100000-10001-00
SNID May 2026,2,KHYBER,JAMRUD,GHUNDI B,N-STOP,District NSTOP Officer,2,111111-11111111
SNID May 2026,3,KHYBER,JAMRUD,CHAPARI,WHO,UCPO,4,111111-11111100
SNID May 2026,2,MOHMAND,SAFI LAKARO,SANDO KHEL,WHO,UCPO,7,111111-11100-00
SNID May 2026,3,KHYBER,BARA,MANDI KAS,UNICEF,CCO,43,111111-11111101
SNID May 2026,4,KHYBER,JAMRUD,GHUNDI B,WHO,UCPO,110,111111111111100
SNID May 2026,1,KHYBER,BARA,AKAKHEL MAIRA,UNICEF,CBO,2,111111-111-1000
SNID May 2026,4,KHYBER,JAMRUD,CHAPARI,Government,UCMO,2,111111-11111-11
SNID May 2026,4,KHYBER,BARA,NOGAZI BABA,Government,UCMO,67,111111011111-00
SNID May 2026,3,MOHMAND,SAFI LAKARO,LAKARO,Government,UCMO,2,111111-11111100
SNID May 2026,3,MOHMAND,SAFI LAKARO,LAKARO,Government,UCMO,1,111111-11111100
SNID May 2026,3,MOHMAND,PANDIALI,ZAHOO,WHO,TPO/ TDO,6,111111-11111-11
SNID May 2026,4,KHYBER,BARA,JANBAZ B,Government,UCMO,4,111111-11111111
SNID May 2026,4,KHYBER,BARA,SPEEN QABAR,Government,UCMO,3,111111111111111
SNID May 2026,4,KHYBER,BARA,JANBAZ B,Government,UCMO,4,111111-11111111
SNID May 2026,4,KHYBER,BARA,AKAKHEL MAIRA,WHO,TPO/ TDO,6,111111-11111111
SNID May 2026,4,KHYBER,BARA,SPEEN QABAR,UNICEF,CBO,2,111111-11111-11
SNID May 2026,4,KHYBER,BARA,MILWARD A,Government,UCMO,7,111111-11111-11
SNID May 2026,2,MOHMAND,PANDIALI,ZAHOO,WHO,UCPO,3,111111-11111-00
SNID May 2026,3,MOHMAND,SAFI LAKARO,SAGAI,WHO,UCSP,4,111111-11111-11
SNID May 2026,4,KHYBER,JAMRUD,CHAPARI,WHO,UCPO,3,111111-11111-00
SNID May 2026,1,MOHMAND,BAIZAI,GHANAM SHAH,WHO,TPO/ TDO,4,111110-11111-00
SNID May 2026,5,KHYBER,JAMRUD,GHUNDI B,WHO,UCPO,105,111111-11111100
SNID May 2026,5,KHYBER,JAMRUD,CHAPARI,Government,UCMO,3,111111-11111100
SNID May 2026,5,KHYBER,BARA,MANDI KAS,WHO,UCPO,1,111111-11111111
SNID May 2026,5,KHYBER,JAMRUD,GHUNDI B,WHO,UCPO,104,111111-11111100
SNID May 2026,5,KHYBER,BARA,SPEEN QABAR,Government,UCMO,2,111111-11111111
SNID May 2026,5,KHYBER,BARA,MANDI KAS,UNICEF,CBO,41,111111-11111100
SNID May 2026,5,KHYBER,BARA,MILWARD A,Government,UCMO,6,111111-11111-11
SNID May 2026,5,KHYBER,JAMRUD,GHUNDI B,N-STOP,District NSTOP Officer,5,111111-11111100
SNID May 2026,5,KHYBER,JAMRUD,GHUNDI B,N-STOP,District NSTOP Officer,5,111111-11111100
SNID May 2026,4,KHYBER,JAMRUD,CHAPARI,WHO,UCPO,3,111111-11111100
SNID May 2026,5,KHYBER,BARA,NOGAZI BABA,Government,UCMO,67,111111011111100
SNID May 2026,5,KHYBER,JAMRUD,CHAPARI,WHO,UCPO,2,111111-11111-01
SNID May 2026,6,KHYBER,BARA,MILWARD A,Government,UCMO,182,111111-11111-11
SNID May 2026,6,KHYBER,BARA,SPEEN QABAR,WHO,UCPO,1,111111-11111111
SNID May 2026,5,KHYBER,BARA,AKAKHEL MAIRA,WHO,UCPO,4,111111-11111-11
SNID May 2026,4,KHYBER,JAMRUD,GHUNDI A,N-STOP,District NSTOP Officer,2,111111-11111111
SNID May 2026,7,KHYBER,JAMRUD,GHUNDI B,WHO,UCPO,9,111111-11111100
SNID May 2026,7,KHYBER,BARA,AKAKHEL MAIRA,WHO,UCPO,7,111111-11111-11
SNID May 2026,1,KHYBER,JAMRUD,NEW ABADI,Government,UCMO,120,111111-11111111
SNID May 2026,1,NOWSHERA,PABBI,BALU,Government,UCMO,5,111111-11110100
SNID May 2026,1,NOWSHERA,NOWSHERA,KHESHGI BALA,N-STOP,District NSTOP Officer,7,111111-11111111
SNID May 2026,1,KHYBER,BARA,TAUDA CHEENA,WHO,UCPO,1,111111-11111111
SNID May 2026,1,KHYBER,JAMRUD,NEW ABADI,WHO,UCPO,7,111111111111100
SNID May 2026,1,MOHMAND,SAFI LAKARO,SAGAI,Government,UCMO,5,111111-11111-11
SNID May 2026,1,PESHAWAR,CITY,PAWAKA,WHO,UCPO,7,111111-11111111
SNID May 2026,1,KHYBER,LANDI KOTAL,SULTAN KHEL B,WHO,UCPO,202,111111-11111111
SNID May 2026,1,PESHAWAR,SHAH ALAM,KHAZANA,WHO,UCPO,2,111111-11111111
SNID May 2026,1,KHYBER,LANDI KOTAL,SULTAN KHEL A,WHO,UCPO,6,101111011111000
SNID May 2026,1,KHYBER,BARA,TAUDA CHEENA,WHO,UCPO,2,111111-11111-11
SNID May 2026,1,MOHMAND,PARANG GHAAR,ASGHAR,Government,UCMO,1,111111-11111-11
SNID May 2026,1,PESHAWAR,SHAH ALAM,JOGANI,WHO,UCPO,4,111111-11111100
SNID May 2026,1,KHYBER,BARA,GANDAO,UNICEF,CBO,24,111111-11111-11
SNID May 2026,1,PESHAWAR,CITY,ASIA DABGARI,WHO,UCPO,3,111111-111-1-11
SNID May 2026,1,PESHAWAR,SHAH ALAM,JOGANI,WHO,UCPO,2,111111111111100
SNID May 2026,1,NOWSHERA,PABBI,TARRU JABBA,Government,UCMO,1,111111111111111
SNID May 2026,1,KHYBER,BARA,JANBAZ A,WHO,UCPO,1,111111-11111100
SNID May 2026,1,PESHAWAR,SHAH ALAM,KANKOLA,WHO,UCPO,1,111111-11111111
SNID May 2026,1,PESHAWAR,SHAH ALAM,BUDHNI,WHO,UCPO,1,111111-11111111
SNID May 2026,1,KHYBER,JAMRUD,ALI MASJID A,WHO,UCPO,1,111111-11111111
SNID May 2026,1,MOHMAND,PARANG GHAAR,NAO BUCHA,Government,UCMO,1,111111-11111-00
SNID May 2026,1,NOWSHERA,JEHANGIRA,SHAIDU,WHO,TTSP/TUSP,1,111111-10011100
SNID May 2026,1,PESHAWAR,MATTANI,ACHINI,WHO,UCPO,1,111111-11111100
SNID May 2026,1,NOWSHERA,JEHANGIRA,KHAIRABAD,Government,Area Incharge (AIC),1,111111011111111
SNID May 2026,1,PESHAWAR,SMT,HAZARKHWANI 1,WHO,UCPO,4,111111-11111100
SNID May 2026,1,PESHAWAR,SADDAR,URMAR BALA,WHO,UCPO,17,111111-11111111
SNID May 2026,1,KHYBER,JAMRUD,SHAH KAS B,WHO,UCPO,4,111111-11111111
SNID May 2026,1,NOWSHERA,PABBI,TARRU JABBA,Government,UCMO,3,111111-11111111
SNID May 2026,1,NOWSHERA,PABBI,AMANKOT,Government,UCMO,2,111111111111111
SNID May 2026,1,PESHAWAR,CITY,MEHAL TERAI 2,WHO,UCPO,4,111111-11111111
SNID May 2026,1,MOHMAND,SAFI LAKARO,SANDO KHEL,WHO,UCPO,4,111111-11111100
SNID May 2026,1,PESHAWAR,SMT,BHANA MARI,WHO,UCPO,1,111111-11111100
SNID May 2026,1,NOWSHERA,PABBI,CHOKI MAMREZ,WHO,UCPO,1,111111-11111111
SNID May 2026,1,PESHAWAR,CITY,TEHKAL BALA,WHO,UCPO,5,111111-11111111
SNID May 2026,1,PESHAWAR,CITY,TEHKAL BALA,Government,UCMO,5,111111-11111111
SNID May 2026,1,NOWSHERA,PABBI,TURKMEN CAMP,Government,UCMO,1,111111-11111111
SNID May 2026,1,PESHAWAR,SHAH ALAM,SAEEDABAD,WHO,UCPO,3,111111-11111111
SNID May 2026,1,PESHAWAR,SHAH ALAM,GULBELA,WHO,UCPO,1,111111111111100
SNID May 2026,1,KHYBER,JAMRUD,SHAH KAS A,N-STOP,District NSTOP Officer,2,111111-11111100
SNID May 2026,1,KHYBER,JAMRUD,SHAH KAS A,N-STOP,District NSTOP Officer,2,111111-11111100
SNID May 2026,1,PESHAWAR,CITY,KHALSA 2,WHO,UCPO,6,111111-11111111
SNID May 2026,1,KHYBER,LANDI KOTAL,KHUGA KHEL,WHO,UCPO,4,111111-11111111
SNID May 2026,1,PESHAWAR,SADDAR,MARYAM ZAI,WHO,UCPO,2,111111-11111100
SNID May 2026,1,KHYBER,BARA,FORT SLOPE,WHO,UCPO,1,111111-11111-11
SNID May 2026,1,PESHAWAR,SADDAR,MARYAM ZAI,WHO,UCSP,5,111111-11111100
SNID May 2026,1,PESHAWAR,SHAH ALAM,HARYANA PAYAN,WHO,UCPO,5,111111-11111100
SNID May 2026,1,PESHAWAR,SADDAR,CHAMKANI,WHO,UCPO,4,111111-11111111
SNID May 2026,1,PESHAWAR,SHAH ALAM,HARYANA PAYAN,WHO,UCPO,6,111111-11111100
SNID May 2026,1,PESHAWAR,SHAH ALAM,TUKHTABAD,Government,UCMO,1,111111-11111110
SNID May 2026,1,KHYBER,BARA,MASTAK,Government,UCMO,7,111111111111111
SNID May 2026,1,PESHAWAR,CITY,CANTT WARD 2,Government,UCMO,1,111111-11111-00
SNID May 2026,1,KHYBER,LANDI KOTAL,SULTAN KHEL A,Government,UCMO,5,111111-11111111
SNID May 2026,1,KHYBER,BARA,AJAB TALAB,WHO,UCPO,5,111111-11111-11
SNID May 2026,1,NOWSHERA,NOWSHERA,PIRSABAQ,WHO,UCPO,2,111111-11111111
SNID May 2026,1,PESHAWAR,CITY,SHAHEEN TOWN,WHO,Independent Monitor,1,111111-11111100
SNID May 2026,1,KHYBER,JAMRUD,MIA MORCHA,Government,UCMO,1,111111-11111-11
SNID May 2026,1,KHYBER,BARA,ABDULLAH JAN,WHO,UCPO,2,111111-11111110
SNID May 2026,1,NOWSHERA,NOWSHERA,ZARA MAINA,WHO,Other (Specify),4,111111-11111111
SNID May 2026,1,PESHAWAR,SHAH ALAM,SAEEDABAD,WHO,UCPO,1,111111-11111111
SNID May 2026,1,PESHAWAR,CITY,MALAKANDHER,N-STOP,Provincial Facilitator (N-STOP Officer- TSO),3,111111-11111111
SNID May 2026,1,PESHAWAR,CITY,TEHKAL BALA,WHO,UCPO,8,111111-11111111
SNID May 2026,1,KHYBER,LANDI KOTAL,KAM SHALMAN,UNICEF,CBO,2,111111-11111110
SNID May 2026,1,PESHAWAR,SHAH ALAM,JOGANI,WHO,UCPO,3,111111-11111111
SNID May 2026,1,PESHAWAR,SHAH ALAM,KANIZA,WHO,UCPO,6,111111-11111-00
SNID May 2026,1,PESHAWAR,SMT,SHAHEEN MUSLIM TWN2,WHO,Provincial Facilitator (M&E- Campaign- HRMP- EPI-PEI Syn- Training etc),1,111111-11111111
SNID May 2026,1,PESHAWAR,SMT,SHAHEEN MUSLIM TWN2,WHO,UCPO,1,111111-11111111
SNID May 2026,1,NOWSHERA,NOWSHERA,NOWSHERA CANTT,Government,Area Incharge (AIC),5,111111-111-1-11
SNID May 2026,1,PESHAWAR,SHAH ALAM,KANIZA,WHO,UCPO,4,111111-11111111
SNID May 2026,1,PESHAWAR,MATTANI,SULEMAN KHEIL,WHO,UCPO,3,111111-11111100
SNID May 2026,1,NOWSHERA,NOWSHERA,BADRASHI,WHO,TTSP/TUSP,9,111111111111111
SNID May 2026,2,KHYBER,JAMRUD,SHAH KAS A,WHO,UCPO,3,111111-11111111
SNID May 2026,1,PESHAWAR,SHAH ALAM,LALA KALAY,WHO,UCPO,7,111111-11111111
SNID May 2026,1,PESHAWAR,CITY,PAWAKA,WHO,UCPO,1,111111-11111111
SNID May 2026,1,KHYBER,BARA,ABDULLAH JAN,WHO,TPO/ TDO,3,111111-11111111
SNID May 2026,1,PESHAWAR,SHAH ALAM,GULBELA,WHO,UCPO,2,111111-11111100
SNID May 2026,1,PESHAWAR,SHAH ALAM,GARHI SHER DAD,WHO,UCPO,2,111111-11111110
SNID May 2026,1,PESHAWAR,CITY,HAYAT ABAD 1,WHO,Independent Monitor,4,111111-11111111
SNID May 2026,1,PESHAWAR,SMT,LANDI ARBAB,WHO,UCPO,1,111111-11111111
SNID May 2026,1,PESHAWAR,CITY,GULBAHAR,WHO,UCSP,4,111111-11111111
SNID May 2026,1,NOWSHERA,NOWSHERA,KHESHGI BALA,N-STOP,District NSTOP Officer,8,111111-11111100
SNID May 2026,1,PESHAWAR,SHAH ALAM,PAKHA GHULAM,WHO,UCPO,9,111111-11111111
SNID May 2026,1,PESHAWAR,CITY,HASAN GARHI 2,WHO,UCPO,5,111111-11111100
SNID May 2026,1,PESHAWAR,SHAH ALAM,CHAGARMATI,WHO,UCPO,6,111111-11111111
SNID May 2026,1,PESHAWAR,CITY,HAYAT ABAD 2,WHO,UCPO,9,111111-11111100
SNID May 2026,1,PESHAWAR,SADDAR,ADEZAI,UNICEF,CCO,5,111111-11111111
SNID May 2026,1,PESHAWAR,CITY,PALOSI,WHO,UCPO,1,111111-11111111
SNID May 2026,1,PESHAWAR,SADDAR,ADEZAI,WHO,UCPO,5,111111111111100
SNID May 2026,1,KHYBER,BARA,GANDAO,WHO,UCPO,1,111111-11111111
SNID May 2026,1,PESHAWAR,CITY,TEHKAL BALA,WHO,UCPO,7,111111-11111111
SNID May 2026,1,KHYBER,JAMRUD,SHAH KAS A,WHO,UCPO,2,111111-11111100
SNID May 2026,1,PESHAWAR,SADDAR,AZAKHEL TELABAND,WHO,UCPO,1,111111-11111111
SNID May 2026,1,PESHAWAR,CITY,TEHKAL PAYAN 2 IRRIG,WHO,UCSP,3,111111-11111111
SNID May 2026,1,PESHAWAR,SMT,SHEIKH JUNAID ABAD,WHO,UCPO,1,111111-11111111
SNID May 2026,1,PESHAWAR,MATTANI,SHEIKHAN,WHO,UCPO,1,111111-11111111
SNID May 2026,1,KHYBER,LANDI KOTAL,SULTAN KHEL A,WHO,TPO/ TDO,194,111111-11111111
SNID May 2026,1,NOWSHERA,JEHANGIRA,MERA AKORA,WHO,UCPO,6,111111-11111100
SNID May 2026,1,PESHAWAR,SADDAR,BADABER HUREZAI,WHO,UCPO,2,111111-11111-11
SNID May 2026,1,PESHAWAR,CITY,ASIA DABGARI,WHO,UCPO,2,111111-11111111
SNID May 2026,1,PESHAWAR,CITY,TEHKAL PAYAN,WHO,UCPO,3,111111-11111-00
SNID May 2026,1,NOWSHERA,PABBI,AMANKOT,Government,UCMO,1,111111111111111
SNID May 2026,1,PESHAWAR,CITY,KARIM PURA,UNICEF,CBO,4,111111-11111111
SNID May 2026,1,KHYBER,BARA,ABDULLAH JAN,Government,UCMO,4,111111111111111
SNID May 2026,1,PESHAWAR,CITY,HASAN GARHI 1,WHO,UCPO,1,111111011111111
SNID May 2026,1,PESHAWAR,MATTANI,SARBAND,WHO,UCPO,4,111111-11111111
SNID May 2026,1,PESHAWAR,SMT,HAZARKHWANI 1,WHO,TPO/ TDO,1,111111-11111111
SNID May 2026,1,NOWSHERA,NOWSHERA,BARA BANDA,WHO,UCPO,7,111111-11111100
SNID May 2026,1,PESHAWAR,SHAH ALAM,PANAM DHERI,WHO,UCPO,3,111111-11111111
SNID May 2026,1,PESHAWAR,SADDAR,CHAMKANI,WHO,UCPO,4,111111-11111111
SNID May 2026,1,NOWSHERA,NOWSHERA,ZARA MAINA,WHO,Other (Specify),4,111111-11111111
SNID May 2026,1,KHYBER,JAMRUD,LOWARA MIANA,WHO,Independent Monitor,112,111111-11111-11
SNID May 2026,1,KHYBER,JAMRUD,LOWARA MIANA,WHO,Independent Monitor,111,111111-11111-11
SNID May 2026,1,PESHAWAR,CITY,SIKANDAR TOWN,WHO,UCPO,2,111111-11111111
SNID May 2026,1,PESHAWAR,SADDAR,URMAR BALA,WHO,UCPO,11,111111-11111111
SNID May 2026,1,PESHAWAR,CITY,HASAN GARHI 2,WHO,UCSP,9,111111-11111111
SNID May 2026,1,PESHAWAR,CITY,KHALSA 1,WHO,UCPO,6,111111-11111100
SNID May 2026,1,PESHAWAR,CITY,MALAKANDHER,N-STOP,Provincial Facilitator (N-STOP Officer- TSO),2,111111-11111100
SNID May 2026,1,PESHAWAR,CITY,KHALSA 1,WHO,UCPO,1,111111-11111111
SNID May 2026,1,KHYBER,JAMRUD,LOWARA MIANA,WHO,UCPO,1,111111-11111-11
SNID May 2026,1,PESHAWAR,CITY,CANTT WARD 2,WHO,UCSP,3,111111-11111-00
SNID May 2026,1,PESHAWAR,SMT,HAZARKHWANI 1,Government,UCMO,2,111111-11111100
SNID May 2026,1,PESHAWAR,SMT,LANDI ARBAB,WHO,District Polio Officer,4,111111-11111111
SNID May 2026,1,NOWSHERA,NOWSHERA,KABUL RIVER,WHO,UCPO,4,111111-11111100
SNID May 2026,1,NOWSHERA,NOWSHERA,PAHARI KATTI KHEL,Government,UCMO,2,111111-11111111
SNID May 2026,1,PESHAWAR,SHAH ALAM,KANKOLA,WHO,UCPO,2,111111-11111111
SNID May 2026,1,PESHAWAR,CITY,MEHAL TERAI 1,WHO,UCSP,3,111111-11111111
SNID May 2026,1,PESHAWAR,CITY,REGI,WHO,UCPO,4,111111-11111111
SNID May 2026,1,PESHAWAR,SADDAR,BADABER HUREZAI,WHO,UCPO,7,111111-11111100
SNID May 2026,1,PESHAWAR,MATTANI,MATTANI,WHO,UCPO,6,111111-11111100
SNID May 2026,1,PESHAWAR,MATTANI,MATTANI,WHO,UCPO,5,111111-11111100
SNID May 2026,1,PESHAWAR,CITY,TEHKAL PAYAN 2 IRRIG,WHO,UCSP,3,111111-11111111
SNID May 2026,1,PESHAWAR,SMT,YAKATOOT 2,WHO,UCPO,2,111111-11111111
SNID May 2026,1,PESHAWAR,SADDAR,BADABER MARYAMZAI,Government,UCMO,1,111111111111111
SNID May 2026,1,PESHAWAR,SHAH ALAM,LALA KALAY,WHO,UCPO,8,111111-11111111
SNID May 2026,1,PESHAWAR,CITY,PALOSI,WHO,UCPO,3,111111-11111101
SNID May 2026,1,PESHAWAR,SHAH ALAM,LARAMA,WHO,UCPO,3,111111-11111100
SNID May 2026,1,PESHAWAR,SMT,BHANA MARI,Government,UCMO,3,111111111111111
SNID May 2026,1,PESHAWAR,MATTANI,MASHOGAGAR,WHO,UCPO,1,111111-11111100
SNID May 2026,1,PESHAWAR,SMT,CANTT WARD 5,WHO,UCPO,1,100000-11111-11
SNID May 2026,1,KHYBER,JAMRUD,LOWARA MIANA,WHO,UCPO,4,111111-11111-00
SNID May 2026,1,NOWSHERA,PABBI,TARRU JABBA,Government,UCMO,4,111111-11111111
SNID May 2026,1,PESHAWAR,SMT,NOTHIA QADEEM,WHO,UCPO,2,111111-11111111
SNID May 2026,1,PESHAWAR,CITY,KHALSA 1,WHO,UCPO,5,111111-11111100
SNID May 2026,1,PESHAWAR,CITY,ANDERSHEHER,WHO,Independent Monitor,1,111111-11111111
SNID May 2026,1,NOWSHERA,NOWSHERA,NOWSHERA CANTT,Government,Area Incharge (AIC),5,111111-11111111
SNID May 2026,1,PESHAWAR,CITY,HAYAT ABAD 2,WHO,UCPO,3,111111-11111111
SNID May 2026,1,PESHAWAR,SHAH ALAM,JOGANI,WHO,UCPO,1,111111-11111100
SNID May 2026,1,NOWSHERA,NOWSHERA,KABUL RIVER,WHO,UCPO,5,111111-11111101
SNID May 2026,1,PESHAWAR,CITY,HAYAT ABAD 1,WHO,Independent Monitor,5,111111-11111100
SNID May 2026,1,KHYBER,LANDI KOTAL,STATION,WHO,UCPO,3,111111-11111101
SNID May 2026,1,PESHAWAR,SHAH ALAM,KAFOOR DHERI,WHO,UCPO,4,111111-11111111
SNID May 2026,1,KHYBER,JAMRUD,NEW ABADI,WHO,TPO/ TDO,1,111111-11111111
SNID May 2026,1,PESHAWAR,SADDAR,AZAKHEL TELABAND,WHO,UCPO,2,111111-11111111
SNID May 2026,1,PESHAWAR,CITY,ANDERSHEHER,Government,UCMO,1,111111-11111111
SNID May 2026,1,PESHAWAR,SADDAR,AZAKHEL TELABAND,WHO,UCSP,6,111111-11111111
SNID May 2026,1,NOWSHERA,NOWSHERA,RISALPUR CANTT,WHO,Independent Monitor,1,111101-11111100
SNID May 2026,1,PESHAWAR,SMT,BHANA MARI,Government,UCMO,4,111111111111111
SNID May 2026,5,KHYBER,JAMRUD,GHUNDI B,N-STOP,District NSTOP Officer,3,111111-11111111
SNID May 2026,1,NOWSHERA,PABBI,BALU,Government,UCMO,6,111111-11111110
SNID May 2026,1,NOWSHERA,NOWSHERA,ZARA MAINA,WHO,Other (Specify),4,111111-11111111
SNID May 2026,1,PESHAWAR,SHAH ALAM,WADPAGA,WHO,UCPO,4,111111-11111100
SNID May 2026,1,PESHAWAR,CITY,KHALSA 2,WHO,UCSP,2,111111-11111100
SNID May 2026,2,PESHAWAR,CITY,HAYAT ABAD 2,WHO,UCPO,8,111111-11111100
SNID May 2026,5,PESHAWAR,CITY,UNIVERSITY TOWN,WHO,UCPO,5,111111-11111111
SNID May 2026,1,PESHAWAR,SHAH ALAM,GARHI SHER DAD,WHO,UCPO,1,111111-11111111
SNID May 2026,1,PESHAWAR,CITY,HASAN GARHI 1,WHO,Area Coordinator / District Coordinator,6,111011-11111111
SNID May 2026,1,NOWSHERA,JEHANGIRA,JEHANGIRA,Government,UCMO,4,111111-11111111
SNID May 2026,1,PESHAWAR,SMT,SHAHEEN MUSLIM TWN1,WHO,UCPO,6,111111-11111100
SNID May 2026,1,PESHAWAR,MATTANI,MASHOGAGAR,WHO,UCPO,8,111111-11111100
SNID May 2026,1,NOWSHERA,JEHANGIRA,JEHANGIRA,Government,UCMO,3,111111111111111
SNID May 2026,1,PESHAWAR,SHAH ALAM,WADPAGA,WHO,UCPO,1,111111-11111100
SNID May 2026,1,PESHAWAR,SHAH ALAM,MATHRA,WHO,UCPO,5,111111-11111100
SNID May 2026,1,PESHAWAR,CITY,CANTT WARD 1,WHO,UCPO,2,111111-11111-11
SNID May 2026,1,PESHAWAR,CITY,HAYAT ABAD 2,WHO,UCPO,16,111111-11111100
SNID May 2026,1,PESHAWAR,MATTANI,BAZID KHEL,WHO,UCPO,5,111111-11111111
SNID May 2026,1,PESHAWAR,SMT,SHAHEEN MUSLIM TWN1,WHO,UCPO,3,111111-11111100
SNID May 2026,1,NOWSHERA,JEHANGIRA,AKORA KHATTAK,Government,UCMO,4,111111-11111111
SNID May 2026,1,PESHAWAR,SMT,DEH BAHADAR,WHO,UCPO,6,111111-11100111
SNID May 2026,1,PESHAWAR,SMT,SHEIKH JUNAID ABAD,WHO,UCPO,2,111111-11111111
SNID May 2026,1,PESHAWAR,CITY,MEHAL TERAI 2,WHO,UCPO,3,111111-11111111
SNID May 2026,1,NOWSHERA,PABBI,DAGAI,Government,Other (Specify),4,111111-11111101
SNID May 2026,1,PESHAWAR,SHAH ALAM,LARAMA,WHO,UCPO,1,111111-11111111
SNID May 2026,1,MOHMAND,PARANG GHAAR,UMAR KHEL,WHO,UCPO,5,111111-11101-10
SNID May 2026,1,KHYBER,JAMRUD,NEW ABADI,Government,UCMO,121,111111-11111111
SNID May 2026,1,PESHAWAR,CITY,TEHKAL PAYAN,WHO,UCPO,4,111111-11111100
SNID May 2026,1,PESHAWAR,MATTANI,PISHTAKHARA,WHO,UCPO,2,111111-11111100
SNID May 2026,1,KHYBER,LANDI KOTAL,KAM SHALMAN,WHO,UCPO,1,111111-11111-10
SNID May 2026,1,PESHAWAR,SADDAR,URMAR BALA,WHO,UCPO,13,111111-11111111
SNID May 2026,1,NOWSHERA,JEHANGIRA,KHAIRABAD CAMP,WHO,TPO/ TDO,3,111111-11111111
SNID May 2026,1,PESHAWAR,SHAH ALAM,PAKHA GHULAM,WHO,TPO/ TDO,3,111111-11111100
SNID May 2026,1,PESHAWAR,SADDAR,URMAR BALA,WHO,UCPO,16,111111-111-1100
SNID May 2026,1,PESHAWAR,SMT,DEH BAHADAR,WHO,UCPO,5,111111-11111111
SNID May 2026,1,PESHAWAR,SMT,DEH BAHADAR,UNICEF,CCO,6,111111-11111111
SNID May 2026,1,PESHAWAR,SMT,DEH BAHADAR,UNICEF,CCO,9,111111-11111111
SNID May 2026,1,KHYBER,BARA,MASTAK,Government,UCMO,7,111111111111111
SNID May 2026,1,KHYBER,LANDI KOTAL,SHEIKHMAL KHEL,WHO,UCPO,3,111111-11111111
SNID May 2026,1,NOWSHERA,NOWSHERA,NOWSHERA CITY,WHO,TTSP/TUSP,3,111111-11111100
SNID May 2026,1,MOHMAND,EKKAGHUND,EKKAGHUND,Other Partner (BMGF/CDC/RIZ/ROTARY etc),Federal/Provincial/District Facilitator,2,111111-11111111
SNID May 2026,1,PESHAWAR,SHAH ALAM,NAHAQI,WHO,UCPO,1,111111-11111111
SNID May 2026,1,PESHAWAR,SADDAR,MARYAM ZAI,WHO,UCPO,4,111111111111100
SNID May 2026,1,PESHAWAR,SMT,SHAHEEN MUSLIM TWN1,WHO,UCPO,11,111111-11111111
SNID May 2026,1,PESHAWAR,SMT,CANTT WARD 5,Government,UCMO,1,100111-11111111
SNID May 2026,1,PESHAWAR,SMT,HAZARKHWANI 2,WHO,UCSP,9,111111-11111111
SNID May 2026,1,KHYBER,LANDI KOTAL,SULTAN KHEL B,WHO,UCPO,5,111111-11111111
SNID May 2026,1,NOWSHERA,NOWSHERA,NOWSHERA CANTT,Government,Area Incharge (AIC),5,111111-111-1111
SNID May 2026,1,PESHAWAR,SMT,HAZARKHWANI 2,WHO,UCPO,4,111111-11111111
SNID May 2026,1,MOHMAND,PARANG GHAAR,UMAR KHEL,Government,UCMO,2,111111011111011
SNID May 2026,1,NOWSHERA,NOWSHERA,KHESHGI BALA,WHO,UCPO,4,111111-11111100
SNID May 2026,1,PESHAWAR,CITY,KHALSA 2,WHO,UCSP,1,111111-11111100
SNID May 2026,1,MOHMAND,PANDIALI,PANDIALI,Government,UCMO,3,111111-11111-00
SNID May 2026,1,PESHAWAR,SMT,DERI BAGHBANAN,WHO,UCPO,1,111111-11111111
SNID May 2026,1,KHYBER,BARA,JANBAZ A,Government,UCMO,2,111111-11111-11
SNID May 2026,1,PESHAWAR,SADDAR,CHAMKANI,WHO,UCPO,1,111111-11111111
SNID May 2026,1,NOWSHERA,NOWSHERA,BADRASHI,WHO,TTSP/TUSP,6,111111-11111111
SNID May 2026,1,PESHAWAR,SHAH ALAM,WADPAGA,WHO,UCPO,6,111111-11111100
SNID May 2026,1,PESHAWAR,CITY,HASAN GARHI 2,WHO,UCPO,3,111111-11111111
SNID May 2026,1,PESHAWAR,SHAH ALAM,SAEEDABAD,Government,UCMO,5,111111-11111100
SNID May 2026,1,PESHAWAR,CITY,ANDERSHEHER,WHO,Independent Monitor,2,111111-11111011
SNID May 2026,1,KHYBER,BARA,GANDAO,WHO,UCPO,2,100101-11111111
SNID May 2026,1,PESHAWAR,CITY,FAQIR ABAD,WHO,UCSP,1,111111-11111111
SNID May 2026,1,MOHMAND,HALEEMZAI,GHALLANAI,WHO,TTSP/TUSP,4,111111-11111111
SNID May 2026,1,PESHAWAR,CITY,SUFAID DHERI,WHO,UCPO,10,111111-11111111
SNID May 2026,1,MOHMAND,SAFI LAKARO,LAKARO,Government,UCMO,2,111111-11111100
SNID May 2026,1,PESHAWAR,SHAH ALAM,CHAGARMATI,WHO,UCPO,7,111111-11111111
SNID May 2026,1,NOWSHERA,PABBI,CHOKI MAMREZ,WHO,UCPO,2,111111-11111100
SNID May 2026,1,NOWSHERA,NOWSHERA,RASHAKAI,Government,UCMO,4,111111-11111100
SNID May 2026,1,PESHAWAR,CITY,ANDERSHEHER,WHO,UCPO,2,111111-11111100
SNID May 2026,1,KHYBER,JAMRUD,MIA MORCHA,WHO,UCPO,116,111111-11111-11
SNID May 2026,1,MOHMAND,AMBAR,KHARAI,UNICEF,CBO,2,111111-11111-10
SNID May 2026,1,MOHMAND,PARANG GHAAR,UMAR KHEL,Government,UCMO,3,111111011111011
SNID May 2026,1,KHYBER,BARA,GANDAO,UNICEF,CCO,24,111111-11111100
SNID May 2026,1,PESHAWAR,SHAH ALAM,PAKHA GHULAM,WHO,UCPO,8,111111-11111111
SNID May 2026,1,NOWSHERA,NOWSHERA,BARA BANDA,WHO,UCPO,6,111111-11111100
SNID May 2026,1,PESHAWAR,CITY,ASIA DABGARI,WHO,UCPO,1,111111-11111111
SNID May 2026,1,PESHAWAR,SHAH ALAM,DAG,WHO,UCPO,3,111111-11111111
SNID May 2026,1,PESHAWAR,CITY,LAHORI,WHO,UCPO,1,111111-11111100
SNID May 2026,1,PESHAWAR,SADDAR,AZAKHEL TELABAND,WHO,UCSP,7,111111-11111111
SNID May 2026,1,PESHAWAR,CITY,HASAN GARHI 1,WHO,UCPO,2,111111011111111
SNID May 2026,1,PESHAWAR,SMT,HAZARKHWANI 1,WHO,District Polio Officer,6,111111-11111111
SNID May 2026,1,MOHMAND,PARANG GHAAR,NAO BUCHA,Government,UCMO,3,111111-11111100
SNID May 2026,1,KHYBER,JAMRUD,TIDI BAZAR,WHO,UCPO,3,111111-11111100
SNID May 2026,1,NOWSHERA,JEHANGIRA,KHAIRABAD,Government,Area Incharge (AIC),1,111111011111111
SNID May 2026,1,PESHAWAR,CITY,PAWAKA,WHO,UCPO,2,111111-11111111
SNID May 2026,1,PESHAWAR,CITY,REGI,WHO,UCPO,5,111111-11111111
SNID May 2026,1,KHYBER,JAMRUD,SUR KAMAR,WHO,UCPO,3,111111-11111100
SNID May 2026,1,KHYBER,BARA,FORT SLOPE,Government,UCMO,2,111111111111100
SNID May 2026,1,NOWSHERA,JEHANGIRA,KHAIRABAD CAMP,WHO,TTSP/TUSP,5,111111-11111-10
SNID May 2026,1,PESHAWAR,SHAH ALAM,PAKHA GHULAM,WHO,TPO/ TDO,4,111111-11111100
SNID May 2026,1,PESHAWAR,CITY,GULBAHAR,WHO,UCSP,1,111111-11111111
SNID May 2026,1,PESHAWAR,SHAH ALAM,PAJAGI,WHO,District Polio Officer,3,111111-11111111
SNID May 2026,1,PESHAWAR,SHAH ALAM,PAJAGI,WHO,District Polio Officer,5,111111-11111101
SNID May 2026,1,PESHAWAR,SMT,LANDI ARBAB,WHO,UCPO,5,111111-11111111
SNID May 2026,1,PESHAWAR,SMT,SHAHEEN MUSLIM TWN1,WHO,UCPO,5,111111-11111111
SNID May 2026,1,PESHAWAR,SMT,SHEIKH JUNAID ABAD,WHO,Area Coordinator / District Coordinator,1,111111-11111111
SNID May 2026,1,NOWSHERA,NOWSHERA,AZAKHEL BALA,WHO,UCPO,4,111111-11111111
SNID May 2026,1,MOHMAND,PANDIALI,TAMANZAI,WHO,TPO/ TDO,1,111111-11111-11
SNID May 2026,1,PESHAWAR,MATTANI,SARBAND,WHO,UCPO,5,111111-11111111
SNID May 2026,1,KHYBER,BARA,AJAB TALAB,WHO,UCPO,2,111111-11111100
SNID May 2026,1,PESHAWAR,SHAH ALAM,KANKOLA,WHO,UCPO,4,111111-11111101
SNID May 2026,1,NOWSHERA,JEHANGIRA,KHAIRABAD CAMP,WHO,TPO/ TDO,1,111111-11111100
SNID May 2026,1,PESHAWAR,SHAH ALAM,KANKOLA,WHO,UCPO,3,111111-11111101
SNID May 2026,1,KHYBER,JAMRUD,SUR KAMAR,WHO,District Polio Officer,2,111111-11111110
SNID May 2026,1,PESHAWAR,SMT,SHAHEEN MUSLIM TWN2,N-STOP,District NSTOP Officer,3,111111-11111100
SNID May 2026,1,PESHAWAR,SMT,SHAHEEN MUSLIM TWN2,N-STOP,District NSTOP Officer,1,111111-11111100
SNID May 2026,1,PESHAWAR,SADDAR,BADABER MARYAMZAI,WHO,UCSP,3,111111-11111111
SNID May 2026,1,PESHAWAR,CITY,SHAHI BAGH,Government,UCMO,4,111111011111111
SNID May 2026,1,MOHMAND,PANDIALI,DANISHKOOL,WHO,UCSP,1,111111111111111
SNID May 2026,1,PESHAWAR,CITY,SUFAID DHERI,WHO,UCPO,13,111111-11111111
SNID May 2026,1,PESHAWAR,CITY,MEHAL TERAI 1,WHO,UCPO,5,111111-11111100
SNID May 2026,1,NOWSHERA,NOWSHERA,AMANGARH,Government,EPI Coordinator,1,111111-11111111
SNID May 2026,1,PESHAWAR,SADDAR,BADABER MARYAMZAI,WHO,UCPO,4,111111-11111100
SNID May 2026,1,PESHAWAR,SADDAR,URMAR PAYAN,WHO,UCPO,3,111111-11111111
SNID May 2026,1,PESHAWAR,CITY,HAYAT ABAD 2,WHO,UCPO,2,111111-11111111
SNID May 2026,1,PESHAWAR,CITY,MEHAL TERAI 1,WHO,UCSP,2,111111-11111111
SNID May 2026,1,KHYBER,LANDI KOTAL,TORKHAM,WHO,UCPO,1,111111-11111111
SNID May 2026,1,NOWSHERA,PABBI,DAG BESUD,Government,UCMO,1,111111-11111111
SNID May 2026,1,PESHAWAR,SMT,AKHOON ABAD,WHO,District Polio Officer,1,111111-11111100
SNID May 2026,1,PESHAWAR,SMT,AKHOON ABAD,WHO,District Polio Officer,2,111111-11110100
SNID May 2026,1,PESHAWAR,MATTANI,SULEMAN KHEIL,WHO,UCPO,5,111111-11111100
SNID May 2026,1,NOWSHERA,NOWSHERA,NAWA KALY,Government,UCMO,6,111111-11111111
SNID May 2026,1,NOWSHERA,NOWSHERA,PAHARI KATTI KHEL,WHO,UCSP,6,111111-11111100
SNID May 2026,1,PESHAWAR,SMT,DERI BAGHBANAN,Government,UCMO,4,111111-11111100
SNID May 2026,1,PESHAWAR,SHAH ALAM,HARYANA PAYAN,WHO,UCPO,7,111111-11111-00
SNID May 2026,1,PESHAWAR,SHAH ALAM,LALA KALAY,WHO,UCPO,8,111111-11111111
SNID May 2026,1,PESHAWAR,SHAH ALAM,SAEEDABAD,WHO,UCPO,2,111111-11111111
SNID May 2026,1,PESHAWAR,SHAH ALAM,TUKHTABAD,WHO,UCPO,6,111111-11111100
SNID May 2026,1,PESHAWAR,MATTANI,ACHINI,UNICEF,CBO,3,111111011111111
SNID May 2026,1,NOWSHERA,JEHANGIRA,ADAMZAI,Government,UCMO,6,111111-11111111
SNID May 2026,1,NOWSHERA,JEHANGIRA,MERA AKORA,WHO,UCPO,2,111111-11111100
SNID May 2026,1,PESHAWAR,SHAH ALAM,PAJAGI,WHO,UCPO,7,111111-11111100
SNID May 2026,1,PESHAWAR,CITY,HAYAT ABAD 1,WHO,District Polio Officer,11,111111-11111111
SNID May 2026,1,PESHAWAR,SMT,DERI BAGHBANAN,WHO,UCPO,3,111111-11111111
SNID May 2026,1,NOWSHERA,PABBI,SPINKHAK,Government,UCMO,1,111111111111111
SNID May 2026,1,NOWSHERA,PABBI,SPINKHAK,Government,UCMO,2,111111111111111
SNID May 2026,1,PESHAWAR,CITY,TEHKAL BALA,WHO,UCPO,6,111111-11111111
SNID May 2026,1,PESHAWAR,CITY,SHAHI BAGH,WHO,UCPO,2,111111-11111111
SNID May 2026,1,PESHAWAR,SHAH ALAM,WADPAGA,WHO,UCPO,2,111111-11111100
SNID May 2026,1,KHYBER,JAMRUD,NEW ABADI,WHO,UCPO,1,111111-11111111
SNID May 2026,1,KHYBER,LANDI KOTAL,KHUGA KHEL,WHO,UCPO,2,111111-11111111
SNID May 2026,1,KHYBER,JAMRUD,SUR KAMAR,N-STOP,District NSTOP Officer,1,111111111111111
SNID May 2026,1,PESHAWAR,CITY,TEHKAL PAYAN,WHO,Provincial Facilitator (M&E- Campaign- HRMP- EPI-PEI Syn- Training etc),3,111111-11111111
SNID May 2026,1,KHYBER,JAMRUD,ALI MASJID B,WHO,UCPO,3,111111-11111-11
SNID May 2026,1,KHYBER,BARA,JANBAZ A,Government,UCMO,4,111111-11111-11
SNID May 2026,1,PESHAWAR,CITY,TEHKAL PAYAN,WHO,Provincial Facilitator (M&E- Campaign- HRMP- EPI-PEI Syn- Training etc),4,111111-11111111
SNID May 2026,1,PESHAWAR,SHAH ALAM,SHAHI BALA,WHO,UCPO,5,111111-11111111
SNID May 2026,1,PESHAWAR,CITY,CANTT WARD 2,WHO,UCSP,2,111111-11111-00
SNID May 2026,1,MOHMAND,HALEEMZAI,GHALLANAI,WHO,TPO/ TDO,2,111011-11111100
SNID May 2026,1,MOHMAND,EKKAGHUND,EKKAGHUND,UNICEF,CCO,4,111111-11110100
SNID May 2026,1,MOHMAND,EKKAGHUND,EKKAGHUND,UNICEF,CCO,3,111111-11111-00
SNID May 2026,1,PESHAWAR,SHAH ALAM,DAG,WHO,UCPO,4,111111-11111111
SNID May 2026,1,PESHAWAR,SMT,SHAHEEN MUSLIM TWN1,WHO,UCPO,10,111111-11111111
SNID May 2026,1,PESHAWAR,SMT,BHANA MARI,WHO,UCPO,4,111111011111111
SNID May 2026,1,KHYBER,BARA,MASTAK,WHO,UCPO,4,111111-11111-11
SNID May 2026,1,PESHAWAR,SMT,HAZARKHWANI 2,WHO,UCSP,11,111111-11111111
SNID May 2026,1,PESHAWAR,CITY,SHAHEEN TOWN,WHO,Independent Monitor,6,110111-11111100
SNID May 2026,1,PESHAWAR,CITY,JEHANGIR PURA,WHO,UCPO,2,111111-11111100
SNID May 2026,1,PESHAWAR,MATTANI,BAZID KHEL,WHO,UCPO,6,111111-11111111
SNID May 2026,1,PESHAWAR,SMT,SHAHEEN MUSLIM TWN2,WHO,UCPO,3,111111-11111111
SNID May 2026,1,PESHAWAR,SHAH ALAM,SAEEDABAD,WHO,UCPO,4,111111-11111111
SNID May 2026,1,NOWSHERA,NOWSHERA,NAWA KALY,Government,UCMO,5,111111-11111111
SNID May 2026,1,PESHAWAR,SMT,HAZARKHWANI 2,WHO,UCPO,8,111111-11111111
SNID May 2026,1,PESHAWAR,SMT,HAZARKHWANI 2,WHO,UCPO,7,111111-11111111
SNID May 2026,1,PESHAWAR,CITY,UNIVERSITY TOWN,WHO,UCPO,2,111111-11111100
SNID May 2026,1,PESHAWAR,CITY,UNIVERSITY TOWN,WHO,UCPO,1,111111-11111100
SNID May 2026,1,PESHAWAR,SMT,CANTT WARD 5,WHO,Independent Monitor,1,100000-01110001
SNID May 2026,1,PESHAWAR,MATTANI,MASHOGAGAR,WHO,UCPO,9,111111-11111100
SNID May 2026,1,PESHAWAR,SMT,YAKATOOT 3,WHO,UCPO,2,111111-11111100
SNID May 2026,1,PESHAWAR,MATTANI,SHEIKH MOHAMMADI,WHO,UCPO,3,111111-11111100
SNID May 2026,1,PESHAWAR,SHAH ALAM,KHAZANA,WHO,UCPO,1,111111-11111111
SNID May 2026,1,PESHAWAR,CITY,LAHORI,WHO,UCPO,2,111111-11111100
SNID May 2026,1,PESHAWAR,SADDAR,SUREZAI PAYAN,WHO,UCPO,6,111111-11111100
SNID May 2026,1,PESHAWAR,SADDAR,SUREZAI PAYAN,WHO,UCPO,4,111111-11111100
SNID May 2026,1,KHYBER,LANDI KOTAL,LOE SHALMAN B,WHO,UCPO,2,111111-11111-00
SNID May 2026,1,PESHAWAR,SMT,LANDI ARBAB,WHO,Independent Monitor,7,111111-11111111
SNID May 2026,1,PESHAWAR,SMT,LANDI ARBAB,WHO,Independent Monitor,3,111111111111111
SNID May 2026,1,PESHAWAR,SMT,YAKATOOT 3,WHO,UCPO,3,111111-11111100
SNID May 2026,1,PESHAWAR,SMT,LANDI ARBAB,WHO,UCPO,6,111111-11111111
SNID May 2026,1,PESHAWAR,SHAH ALAM,PANAM DHERI,WHO,UCPO,2,111111-11111100
SNID May 2026,1,PESHAWAR,CITY,MEHAL TERAI 2,WHO,TPO/ TDO,4,111111-11111111
SNID May 2026,1,PESHAWAR,CITY,GULBAHAR,Government,UCMO,2,111111-11111111
SNID May 2026,1,PESHAWAR,SADDAR,BADABER HUREZAI,WHO,UCPO,6,111111-11111111
SNID May 2026,1,PESHAWAR,SMT,HAZARKHWANI 2,WHO,UCPO,1,111111-11111111
SNID May 2026,1,PESHAWAR,CITY,MALAKANDHER,WHO,UCPO,15,111111-11111111
SNID May 2026,1,PESHAWAR,SMT,HAZARKHWANI 2,WHO,UCPO,2,111111-11111111
SNID May 2026,1,PESHAWAR,SMT,NOTHIA JADEED,WHO,UCPO,4,111111-11111111
SNID May 2026,1,PESHAWAR,CITY,HASAN GARHI 2,WHO,UCPO,4,111111111111111
SNID May 2026,1,KHYBER,LANDI KOTAL,TIRAH BAZAR B,Government,UCMO,254,111111111111111
SNID May 2026,1,PESHAWAR,SMT,NOTHIA JADEED,WHO,UCPO,6,111111-11111111
SNID May 2026,1,PESHAWAR,MATTANI,MATTANI,WHO,UCSP,1,111111-11111111
SNID May 2026,1,MOHMAND,PARANG GHAAR,UMAR KHEL,WHO,UCPO,4,111111-11111-11
SNID May 2026,1,PESHAWAR,CITY,PALOSI,WHO,UCPO,2,111111-11111111
SNID May 2026,1,PESHAWAR,SHAH ALAM,TUKHTABAD,WHO,UCPO,5,111111-11111100
SNID May 2026,1,PESHAWAR,CITY,KHALSA 2,WHO,UCPO,5,111111-11111111
SNID May 2026,1,MOHMAND,SAFI LAKARO,SAGAI,Government,UCMO,3,111111-11111-00
SNID May 2026,1,NOWSHERA,NOWSHERA,BARA BANDA,WHO,TPO/ TDO,4,111111-11111100
SNID May 2026,1,NOWSHERA,NOWSHERA,NAWA KALY,WHO,UCPO,2,111111-11111100
SNID May 2026,1,NOWSHERA,NOWSHERA,NAWA KALY,WHO,UCPO,1,111111-11111100
SNID May 2026,1,MOHMAND,KHAWEZAI,JUMA KHEL,Government,UCMO,1,111111-10011100
SNID May 2026,1,MOHMAND,BAIZAI,LANDI SHAH,WHO,UCSP,1,111111-10010-00
SNID May 2026,1,PESHAWAR,SHAH ALAM,SHAHI BALA,WHO,UCPO,6,111111-11111111
SNID May 2026,1,NOWSHERA,NOWSHERA,RASHAKAI,WHO,TTSP/TUSP,6,111111-11111111
SNID May 2026,1,PESHAWAR,SADDAR,MUSAZAI,UNICEF,CBO,9,111111-11111100
SNID May 2026,1,PESHAWAR,SHAH ALAM,KHAZANA,WHO,UCPO,10,111111-11111111
SNID May 2026,1,NOWSHERA,NOWSHERA,RASHAKAI,WHO,TTSP/TUSP,4,111111-11111111
SNID May 2026,1,PESHAWAR,SMT,AKHOON ABAD,WHO,UCPO,1,111111-11111111
SNID May 2026,1,PESHAWAR,CITY,PAWAKA,WHO,UCPO,7,111111-11111111
SNID May 2026,1,PESHAWAR,SHAH ALAM,KHAZANA,WHO,UCPO,9,111111-11111111
SNID May 2026,1,PESHAWAR,MATTANI,BAZID KHEL,WHO,UCPO,1,111111-11111111
SNID May 2026,1,PESHAWAR,CITY,MEHAL TERAI 2,WHO,UCPO,6,111111-11111111
SNID May 2026,1,PESHAWAR,MATTANI,BAZID KHEL,WHO,UCPO,2,111111-11111111
SNID May 2026,1,PESHAWAR,SMT,AKHOON ABAD,WHO,UCPO,2,111111-11111111
SNID May 2026,1,PESHAWAR,MATTANI,PISHTAKHARA,WHO,UCPO,1,111111-11111100
SNID May 2026,1,PESHAWAR,CITY,MEHAL TERAI 2,WHO,UCPO,5,111111-11111111
SNID May 2026,1,PESHAWAR,SHAH ALAM,HARYANA PAYAN,WHO,UCPO,1,111111-11111111
SNID May 2026,1,PESHAWAR,SHAH ALAM,HARYANA PAYAN,WHO,UCPO,2,111111-11111111
SNID May 2026,1,PESHAWAR,MATTANI,SHEIKH MOHAMMADI,WHO,UCPO,4,111111111111100
SNID May 2026,1,MOHMAND,BAIZAI,WARSAK,WHO,UCPO,2,111111-11111-11
SNID May 2026,1,KHYBER,BARA,FORT SLOPE,WHO,UCPO,2,111111-11110111
SNID May 2026,1,KHYBER,BARA,FORT SLOPE,WHO,UCPO,4,111111-111-1-11
SNID May 2026,1,MOHMAND,BAIZAI,GHANAM SHAH,N-STOP,District NSTOP Officer,1,011111-11111-11
SNID May 2026,1,MOHMAND,BAIZAI,GHANAM SHAH,N-STOP,District NSTOP Officer,2,111111-11111-11
SNID May 2026,1,PESHAWAR,MATTANI,ACHINI,WHO,UCPO,2,111111-11111100
SNID May 2026,1,PESHAWAR,CITY,GUNJ,WHO,UCPO,1,111111-11111111
SNID May 2026,1,NOWSHERA,PABBI,AMANKOT,WHO,TTSP/TUSP,2,111111-11101000
SNID May 2026,1,PESHAWAR,SADDAR,MUSAZAI,UNICEF,CBO,3,111111-11111100
SNID May 2026,1,NOWSHERA,NOWSHERA,KABUL RIVER,WHO,UCPO,2,111111-11111100
SNID May 2026,1,PESHAWAR,CITY,SUFAID DHERI,WHO,UCPO,2,111111-11111111
SNID May 2026,1,PESHAWAR,CITY,SUFAID DHERI,WHO,UCPO,1,111111-11111111
SNID May 2026,1,NOWSHERA,JEHANGIRA,INZARI,WHO,Independent Monitor,3,100001-11111001
SNID May 2026,1,PESHAWAR,CITY,JEHANGIR PURA,WHO,UCPO,3,111111-11111100
SNID May 2026,1,NOWSHERA,JEHANGIRA,INZARI,WHO,Independent Monitor,2,111111-11111-11
SNID May 2026,1,PESHAWAR,SMT,BHANA MARI,WHO,UCPO,3,111111011111111
SNID May 2026,1,KHYBER,LANDI KOTAL,KAM SHALMAN,WHO,UCPO,155,111111111111110
SNID May 2026,1,NOWSHERA,NOWSHERA,GANDHERI,UNICEF,CCO,1,111111-11101100
SNID May 2026,1,NOWSHERA,NOWSHERA,GANDHERI,UNICEF,CCO,2,111111-11111111
SNID May 2026,1,NOWSHERA,NOWSHERA,KHESHGI PAYAN,UNICEF,CBO,3,111111-11111111
SNID May 2026,1,NOWSHERA,NOWSHERA,KHESHGI PAYAN,UNICEF,CBO,4,111111-11111100
SNID May 2026,1,MOHMAND,SAFI LAKARO,ALINGAR,WHO,UCPO,1,111111-11111-00
SNID May 2026,1,NOWSHERA,NOWSHERA,GANDHERI,UNICEF,CCO,3,111111-11111111
SNID May 2026,1,KHYBER,BARA,JANBAZ A,WHO,UCPO,9,111111-11111-11
SNID May 2026,1,MOHMAND,KHAWEZAI,KHADI KHEL,Government,UCMO,3,111111-11101100
SNID May 2026,1,PESHAWAR,SADDAR,ADEZAI,WHO,UCPO,1,111111-11111111
SNID May 2026,1,MOHMAND,EKKAGHUND,MICHANI,WHO,District Polio Officer,1,111111-11111100
SNID May 2026,1,PESHAWAR,CITY,SHAHEEN TOWN,WHO,UCPO,5,111111-11111100
SNID May 2026,1,PESHAWAR,CITY,PALOSI,WHO,UCPO,4,111111-11111111
SNID May 2026,1,PESHAWAR,SHAH ALAM,PANAM DHERI,WHO,UCPO,1,111111-11111100
SNID May 2026,1,PESHAWAR,MATTANI,ACHINI,WHO,UCPO,4,111111-11111111
SNID May 2026,1,PESHAWAR,MATTANI,ACHINI,WHO,UCPO,5,111111-11111111
SNID May 2026,1,KHYBER,LANDI KOTAL,PIROKHEL,WHO,Independent Monitor,184,111011-11111100
SNID May 2026,1,PESHAWAR,CITY,SHAHEEN TOWN,WHO,UCPO,2,111111-11111111
SNID May 2026,1,PESHAWAR,CITY,SHAHEEN TOWN,WHO,UCPO,3,111111-11111111
SNID May 2026,1,KHYBER,LANDI KOTAL,PIROKHEL,WHO,Independent Monitor,182,111011-11111100
SNID May 2026,1,NOWSHERA,JEHANGIRA,JEHANGIRA,WHO,UCPO,5,111111-11111111
SNID May 2026,1,PESHAWAR,CITY,KAKSHAL,WHO,UCPO,4,111111-11111100
SNID May 2026,1,PESHAWAR,CITY,MALAKANDHER,WHO,UCPO,9,111111-11111110
SNID May 2026,1,PESHAWAR,CITY,KAKSHAL,WHO,UCPO,5,111111-11111100
SNID May 2026,1,NOWSHERA,NOWSHERA,AZAKHEL PAYAN,WHO,TTSP/TUSP,6,111111-11111111
SNID May 2026,1,NOWSHERA,NOWSHERA,AZAKHEL PAYAN,WHO,TTSP/TUSP,5,111111-11111111
SNID May 2026,1,PESHAWAR,SMT,DEH BAHADAR,WHO,UCPO,2,111101-11101100
SNID May 2026,1,PESHAWAR,SMT,DEH BAHADAR,WHO,UCPO,4,111111-11111111
SNID May 2026,1,PESHAWAR,CITY,HAYAT ABAD 1,WHO,UCPO,3,111111-11111100
SNID May 2026,1,PESHAWAR,CITY,HAYAT ABAD 1,WHO,UCPO,3,111111-11111100
SNID May 2026,1,PESHAWAR,CITY,HAYAT ABAD 1,WHO,UCPO,2,111111-11111-00
SNID May 2026,1,PESHAWAR,SMT,NOTHIA JADEED,UNICEF,Provincial Facilitator (Health Specialists/Officers- Communication- SBC Specialists/Officers-VMO- M and E Officer- Media Specialist- Provincial Communication Officer-Training etc),1,111111-11111111
SNID May 2026,1,PESHAWAR,SHAH ALAM,MATHRA,WHO,UCPO,6,111111-11111100
SNID May 2026,1,PESHAWAR,CITY,CANTT WARD 4,WHO,UCPO,1,111111-11101101
SNID May 2026,1,MOHMAND,SAFI LAKARO,SAGAI,Government,UCMO,5,111111-11111111
SNID May 2026,1,MOHMAND,BAIZAI,GHANAM SHAH,Government,UCMO,2,111111-11111111
SNID May 2026,1,PESHAWAR,SMT,YAKATOOT 3,WHO,Independent Monitor,3,111111-11111100
SNID May 2026,1,PESHAWAR,SMT,YAKATOOT 3,WHO,Independent Monitor,5,111111-11111100
SNID May 2026,1,PESHAWAR,SADDAR,URMAR BALA,WHO,UCPO,1,111111-11111111
SNID May 2026,1,PESHAWAR,SADDAR,URMAR BALA,WHO,UCPO,2,111111-11111111
SNID May 2026,1,PESHAWAR,CITY,HASAN GARHI 1,WHO,UCPO,6,111111-11111111
SNID May 2026,1,PESHAWAR,CITY,HASAN GARHI 1,WHO,UCPO,9,111111-11111111
SNID May 2026,1,PESHAWAR,MATTANI,SULEMAN KHEIL,WHO,UCPO,1,111111-11111111
SNID May 2026,1,PESHAWAR,MATTANI,SULEMAN KHEIL,WHO,UCPO,2,111111-11111111
SNID May 2026,1,MOHMAND,BAIZAI,KODA KHEL,WHO,TPO/ TDO,2,111111-11111-00
SNID May 2026,1,NOWSHERA,NOWSHERA,AMANGARH,Government,UCMO,1,111111-11111100
SNID May 2026,1,NOWSHERA,NOWSHERA,AMANGARH,Government,UCMO,3,111111-11111100
SNID May 2026,1,PESHAWAR,SADDAR,URMAR MIANA,WHO,UCPO,5,111111-11111111
SNID May 2026,1,PESHAWAR,SADDAR,URMAR MIANA,WHO,UCPO,4,111111-11111111
SNID May 2026,1,PESHAWAR,SMT,CANTT WARD 5,WHO,Independent Monitor,2,111111-11111-01
SNID May 2026,1,KHYBER,LANDI KOTAL,PIROKHEL,WHO,UCPO,1,111111-11111-11
SNID May 2026,1,NOWSHERA,NOWSHERA,RISALPUR CANTT,WHO,Independent Monitor,2,111101-11111000
SNID May 2026,1,KHYBER,LANDI KOTAL,TIRAH BAZAR B,WHO,UCPO,1,111111-11111111
SNID May 2026,1,NOWSHERA,NOWSHERA,AZAKHEL BALA,WHO,UCPO,5,111111-11111111
SNID May 2026,1,PESHAWAR,SADDAR,SHERAKERA,WHO,UCPO,3,111111-11111100
SNID May 2026,1,PESHAWAR,SADDAR,SHERAKERA,WHO,UCPO,1,111111-11111100
SNID May 2026,1,PESHAWAR,SADDAR,MERA KACHORI,WHO,UCPO,1,111111-11111111
SNID May 2026,1,PESHAWAR,SADDAR,MERA KACHORI,WHO,UCPO,2,111111-11111111
SNID May 2026,1,KHYBER,LANDI KOTAL,LOE SHALMAN A,WHO,UCPO,1,111101-11111-11
SNID May 2026,1,NOWSHERA,NOWSHERA,GANDHERI,WHO,UCPO,1,111111-11111100
SNID May 2026,1,NOWSHERA,NOWSHERA,GANDHERI,WHO,UCPO,3,111111-11111100
SNID May 2026,1,KHYBER,LANDI KOTAL,MIRDAD KHEL,WHO,UCPO,178,111011-11111110
SNID May 2026,1,PESHAWAR,SHAH ALAM,LALA KALAY,WHO,UCSP,3,111011-11111111
SNID May 2026,1,PESHAWAR,CITY,HAYAT ABAD 2,N-STOP,Other (Specify),17,111111-11111-11
SNID May 2026,1,PESHAWAR,CITY,HAYAT ABAD 2,N-STOP,Other (Specify),1,111111-11111111
SNID May 2026,1,PESHAWAR,CITY,MEHAL TERAI 1,Government,Other (Specify),2,111111-11111000
SNID May 2026,1,PESHAWAR,CITY,MEHAL TERAI 1,Government,Other (Specify),3,111111-11111000
SNID May 2026,1,KHYBER,JAMRUD,ALI MASJID B,WHO,Independent Monitor,3,111011-11111100
SNID May 2026,1,KHYBER,JAMRUD,ALI MASJID B,WHO,Independent Monitor,4,111011-11111100
SNID May 2026,1,PESHAWAR,CITY,FAQIR ABAD,WHO,UCPO,3,111111-11111111
SNID May 2026,1,MOHMAND,KHAWEZAI,JUMA KHEL,WHO,TPO/ TDO,3,111111-11111101
SNID May 2026,1,PESHAWAR,SHAH ALAM,LALA KALAY,WHO,UCSP,2,111111-11111111
SNID May 2026,1,PESHAWAR,CITY,TEHKAL PAYAN,WHO,UCPO,1,111111-11111100
SNID May 2026,1,PESHAWAR,CITY,TEHKAL PAYAN,WHO,UCPO,2,111111-11111100
SNID May 2026,1,PESHAWAR,SHAH ALAM,MATHRA,WHO,UCPO,3,111111-11111100
SNID May 2026,1,PESHAWAR,SHAH ALAM,MATHRA,WHO,UCPO,4,111111-11111100
SNID May 2026,1,PESHAWAR,SMT,WAZIR BAGH,WHO,UCSP,2,111111-11111111
SNID May 2026,1,PESHAWAR,SMT,WAZIR BAGH,WHO,UCSP,1,111011-11111111
SNID May 2026,1,KHYBER,LANDI KOTAL,STATION,WHO,UCPO,2,111111-11111111
SNID May 2026,1,MOHMAND,HALEEMZAI,KAMALI,WHO,UCSP,5,111111-11111-11
SNID May 2026,1,MOHMAND,SAFI LAKARO,SAGAI,WHO,UCSP,2,111111-11111-11
SNID May 2026,1,MOHMAND,HALEEMZAI,KAMALI,Government,UCMO,3,111111-11111101
SNID May 2026,1,PESHAWAR,SADDAR,SUREZAI BALA,WHO,UCPO,1,111111-11111111
SNID May 2026,1,PESHAWAR,SADDAR,SUREZAI BALA,WHO,UCPO,2,111111-11111111
SNID May 2026,1,PESHAWAR,CITY,HAYAT ABAD 1,WHO,UCPO,6,111111-11111100
SNID May 2026,1,PESHAWAR,CITY,HAYAT ABAD 1,WHO,UCPO,5,111111-11111100
SNID May 2026,1,PESHAWAR,SADDAR,MERA SUREZAI PAYAN,WHO,UCPO,6,111111-11111100
SNID May 2026,1,MOHMAND,HALEEMZAI,KASSI,Government,UCMO,4,111111-11111111
SNID May 2026,2,KHYBER,BARA,AJAB TALAB,WHO,UCPO,3,111111-11111111
SNID May 2026,2,KHYBER,JAMRUD,NEW ABADI,Government,UCMO,123,111111-11111111
SNID May 2026,2,KHYBER,JAMRUD,NEW ABADI,WHO,UCPO,1,101111111111100
SNID May 2026,1,KHYBER,LANDI KOTAL,TORKHAM,WHO,UCPO,3,111111-11111111
SNID May 2026,2,KHYBER,BARA,TAUDA CHEENA,WHO,UCPO,1,111111-11111-11
SNID May 2026,2,PESHAWAR,CITY,PAWAKA,WHO,UCPO,1,111111-11111111
SNID May 2026,2,NOWSHERA,NOWSHERA,KHESHGI BALA,WHO,TPO/ TDO,1,111111-11111100
SNID May 2026,2,PESHAWAR,CITY,TEHKAL BALA,WHO,UCPO,8,111111-11111111
SNID May 2026,2,NOWSHERA,PABBI,BALU,Government,UCMO,7,111111-11111-00
SNID May 2026,2,MOHMAND,SAFI LAKARO,SAGAI,Government,UCMO,5,111111-11111-00
SNID May 2026,2,NOWSHERA,NOWSHERA,CHOCKI TOWN,N-STOP,District NSTOP Officer,1,111111-11111111
SNID May 2026,2,NOWSHERA,PABBI,TARRU JABBA,Government,UCMO,2,111111--1111111
SNID May 2026,2,KHYBER,LANDI KOTAL,SULTAN KHEL A,Government,UCMO,6,101111-11111-11
SNID May 2026,2,NOWSHERA,NOWSHERA,ZARA MAINA,WHO,Other (Specify),1,111111-11111111
SNID May 2026,2,KHYBER,BARA,TAUDA CHEENA,WHO,UCPO,2,111111-11111-11
SNID May 2026,2,KHYBER,BARA,JANBAZ A,Government,UCMO,10,111111-11111111
SNID May 2026,2,PESHAWAR,SMT,BHANA MARI,WHO,UCPO,3,111111-11111100
SNID May 2026,2,PESHAWAR,SMT,YAKATOOT 3,WHO,UCSP,3,111111-11111100
SNID May 2026,2,PESHAWAR,CITY,ASIA DABGARI,WHO,UCPO,2,111111-111-1-11
SNID May 2026,1,PESHAWAR,SMT,YAKATOOT 3,WHO,UCSP,4,111111-11111100
SNID May 2026,2,PESHAWAR,SADDAR,SUREZAI BALA,Government,UCMO,2,111111-11111111
SNID May 2026,2,PESHAWAR,MATTANI,SULEMAN KHEIL,WHO,UCPO,1,111111-11111100
SNID May 2026,2,PESHAWAR,SADDAR,URMAR BALA,WHO,UCPO,12,111111-011-1100
SNID May 2026,2,KHYBER,LANDI KOTAL,KAM SHALMAN,WHO,UCPO,1,111111-11111101
SNID May 2026,2,NOWSHERA,PABBI,TARRU JABBA,Government,UCMO,4,111111-11111111
SNID May 2026,2,PESHAWAR,MATTANI,ACHINI,Government,Area Incharge (AIC),1,111111111111111
SNID May 2026,2,KHYBER,LANDI KOTAL,KHUGA KHEL,WHO,UCPO,5,111111-11111111
SNID May 2026,2,PESHAWAR,SHAH ALAM,BUDHNI,WHO,UCPO,2,111111-11111111
SNID May 2026,2,PESHAWAR,SHAH ALAM,KANKOLA,WHO,UCPO,7,111111-11111111
SNID May 2026,2,PESHAWAR,SHAH ALAM,KHAZANA,WHO,UCPO,6,111111-11111111
SNID May 2026,2,PESHAWAR,SHAH ALAM,GULBELA,WHO,UCPO,3,111111-11111100
SNID May 2026,2,KHYBER,BARA,JANBAZ A,WHO,UCPO,3,111111-11111111
SNID May 2026,2,NOWSHERA,NOWSHERA,ZARA MAINA,WHO,Other (Specify),1,111111-11111011
SNID May 2026,2,NOWSHERA,JEHANGIRA,MUGHALKI,WHO,TPO/ TDO,2,111111-11111-11
SNID May 2026,2,KHYBER,BARA,JANBAZ A,WHO,UCPO,29,111111-11111-11
SNID May 2026,2,PESHAWAR,CITY,KHALSA 1,WHO,UCPO,4,111111-11111111
SNID May 2026,2,PESHAWAR,SMT,YAKATOOT 3,WHO,UCPO,4,111111-11111100
SNID May 2026,2,NOWSHERA,NOWSHERA,AZAKHEL BALA,WHO,UCPO,6,111111-11111101
SNID May 2026,2,NOWSHERA,JEHANGIRA,JEHANGIRA,WHO,UCPO,3,111111-11111111
SNID May 2026,2,PESHAWAR,SHAH ALAM,SAEEDABAD,WHO,UCPO,2,111111-11111111
SNID May 2026,2,PESHAWAR,MATTANI,ACHINI,WHO,UCPO,6,111111-11110100
SNID May 2026,2,KHYBER,JAMRUD,MIA MORCHA,WHO,Independent Monitor,118,111111-11111-11
SNID May 2026,2,PESHAWAR,MATTANI,PISHTAKHARA,WHO,UCPO,5,111111-11111100
SNID May 2026,2,PESHAWAR,SADDAR,MARYAM ZAI,WHO,UCSP,3,111111-11111100
SNID May 2026,2,KHYBER,LANDI KOTAL,SULTAN KHEL A,WHO,UCPO,2,101111011111000
SNID May 2026,2,NOWSHERA,NOWSHERA,KHESHGI BALA,WHO,TPO/ TDO,6,111111-11110-00
SNID May 2026,2,KHYBER,JAMRUD,SHAH KAS B,WHO,UCPO,7,111111-11111110
SNID May 2026,2,PESHAWAR,SHAH ALAM,TUKHTABAD,Government,UCMO,2,111111-11111111
SNID May 2026,2,NOWSHERA,NOWSHERA,ZARA MAINA,WHO,Other (Specify),4,111111-11111111
SNID May 2026,1,PESHAWAR,SADDAR,SUREZAI PAYAN,WHO,UCPO,1,111111-11111100
SNID May 2026,2,PESHAWAR,CITY,KHALSA 1,WHO,UCPO,7,111111-11111100
SNID May 2026,2,KHYBER,LANDI KOTAL,PIROKHEL,WHO,UCPO,3,111111-11111-11
SNID May 2026,2,NOWSHERA,NOWSHERA,PAHARI KATTI KHEL,Government,UCMO,5,111111-11111101
SNID May 2026,2,PESHAWAR,CITY,KHALSA 1,WHO,Independent Monitor,6,111111-11111100
SNID May 2026,2,MOHMAND,SAFI LAKARO,LAKARO,Government,UCMO,1,111111-11111000
SNID May 2026,2,PESHAWAR,CITY,GULBAHAR,WHO,UCSP,3,111111-11111111
SNID May 2026,2,PESHAWAR,SHAH ALAM,KANIZA,WHO,UCPO,5,111111-11111-11
SNID May 2026,2,PESHAWAR,CITY,HAYAT ABAD 2,WHO,Independent Monitor,10,111111-11111111
SNID May 2026,2,PESHAWAR,MATTANI,ACHINI,WHO,Independent Monitor,1,111111-11111100
SNID May 2026,2,PESHAWAR,SHAH ALAM,SHAHI BALA,WHO,UCPO,2,111111-11111111
SNID May 2026,2,PESHAWAR,SADDAR,URMAR MIANA,WHO,UCPO,6,111111-11111111
SNID May 2026,2,PESHAWAR,SHAH ALAM,PAJAGI,WHO,UCPO,5,111111-11111100
SNID May 2026,2,NOWSHERA,PABBI,CHOKI MAMREZ,WHO,UCPO,5,111111-11111100
SNID May 2026,2,PESHAWAR,SHAH ALAM,LALA KALAY,WHO,UCPO,1,111111-11111111
SNID May 2026,2,NOWSHERA,PABBI,PABBI,Government,UCMO,1,111111-11111100
SNID May 2026,2,NOWSHERA,NOWSHERA,BADRASHI,WHO,TTSP/TUSP,4,100101-11110100
SNID May 2026,2,PESHAWAR,SHAH ALAM,GULBELA,WHO,UCPO,4,111111-11111100
SNID May 2026,2,PESHAWAR,SADDAR,MARYAM ZAI,WHO,UCPO,5,111111-11111100
SNID May 2026,2,PESHAWAR,SADDAR,AZAKHEL TELABAND,WHO,UCPO,3,111111-11111111
SNID May 2026,2,PESHAWAR,SMT,SHAHEEN MUSLIM TWN1,WHO,Provincial Facilitator (M&E- Campaign- HRMP- EPI-PEI Syn- Training etc),3,111111-11111111
SNID May 2026,2,KHYBER,LANDI KOTAL,TIRAH BAZAR A,Government,UCMO,206,111111-11111-11
SNID May 2026,2,NOWSHERA,JEHANGIRA,MERA AKORA,WHO,UCPO,9,111111-11111100
SNID May 2026,2,NOWSHERA,NOWSHERA,CHOCKI TOWN,N-STOP,District NSTOP Officer,3,111111-11111111
SNID May 2026,2,PESHAWAR,SMT,DEH BAHADAR,WHO,UCPO,9,111111-11111111
SNID May 2026,2,NOWSHERA,NOWSHERA,AMANGARH,Government,UCMO,5,111111-11111100
SNID May 2026,2,KHYBER,LANDI KOTAL,SULTAN KHEL B,WHO,UCPO,6,111111-11111111
SNID May 2026,2,PESHAWAR,SADDAR,BADABER MARYAMZAI,WHO,UCSP,4,111111-11111111
SNID May 2026,2,PESHAWAR,SMT,BHANA MARI,WHO,UCPO,1,111111011111111
SNID May 2026,2,PESHAWAR,MATTANI,SULEMAN KHEIL,WHO,UCPO,2,111111-11111111
SNID May 2026,2,PESHAWAR,CITY,SUFAID DHERI,UNICEF,CBO,7,111111-11111100
SNID May 2026,2,NOWSHERA,NOWSHERA,KABUL RIVER,WHO,UCPO,3,111111111111101
SNID May 2026,2,PESHAWAR,CITY,TEHKAL BALA,WHO,UCPO,7,111111-11111111
SNID May 2026,2,PESHAWAR,SMT,YAKATOOT 2,WHO,UCPO,3,111111-11111101
SNID May 2026,2,PESHAWAR,CITY,CANTT WARD 2,WHO,UCSP,1,111111-11111-00
SNID May 2026,2,PESHAWAR,SADDAR,AZAKHEL TELABAND,WHO,UCPO,1,111111-11111111
SNID May 2026,2,PESHAWAR,SMT,SHAHEEN MUSLIM TWN1,WHO,UCPO,5,111111-11111100
SNID May 2026,2,PESHAWAR,CITY,MEHAL TERAI 1,WHO,UCSP,3,111111-11111111
SNID May 2026,2,PESHAWAR,CITY,HASAN GARHI 2,WHO,UCPO,2,111111-11111110
SNID May 2026,2,PESHAWAR,CITY,TEHKAL BALA,UNICEF,CBO,3,111111-11111111
SNID May 2026,2,PESHAWAR,CITY,PALOSI,WHO,UCPO,1,111111-11111110
SNID May 2026,2,PESHAWAR,SHAH ALAM,PANAM DHERI,WHO,UCPO,5,111111-11111100
SNID May 2026,2,NOWSHERA,NOWSHERA,NAWA KALY,Government,UCMO,1,111111-11111111
SNID May 2026,2,PESHAWAR,SHAH ALAM,WADPAGA,WHO,UCPO,3,111111-11111100
SNID May 2026,2,KHYBER,JAMRUD,ALI MASJID A,WHO,District Polio Officer,4,111111-11111111
SNID May 2026,2,PESHAWAR,CITY,TEHKAL PAYAN 2 IRRIG,WHO,UCSP,1,111111-11111111
SNID May 2026,2,PESHAWAR,CITY,MEHAL TERAI 2,WHO,UCPO,2,111111-11111111
SNID May 2026,2,MOHMAND,SAFI LAKARO,MASOOD,Government,UCMO,2,111111-11111111
SNID May 2026,2,PESHAWAR,CITY,HAYAT ABAD 2,WHO,UCPO,18,111111-11111100
SNID May 2026,2,PESHAWAR,SHAH ALAM,KAFOOR DHERI,WHO,UCPO,1,111111-11111111
SNID May 2026,2,PESHAWAR,MATTANI,MATTANI,WHO,UCPO,3,111111-11111111
SNID May 2026,2,PESHAWAR,CITY,KHALSA 1,WHO,UCPO,3,111111-11111111
SNID May 2026,2,PESHAWAR,SHAH ALAM,KHAZANA,WHO,TPO/ TDO,9,111111-11111100
SNID May 2026,2,PESHAWAR,SMT,HAZARKHWANI 1,WHO,UCPO,6,111111-11111100
SNID May 2026,2,PESHAWAR,SADDAR,MARYAM ZAI,WHO,UCSP,1,111111-11111100
SNID May 2026,2,KHYBER,LANDI KOTAL,SULTAN KHEL A,WHO,TPO/ TDO,198,110101-11111111
SNID May 2026,2,NOWSHERA,JEHANGIRA,JEHANGIRA,Government,UCMO,6,111111-11111111
SNID May 2026,2,PESHAWAR,CITY,HASAN GARHI 2,WHO,UCPO,9,111111-11111110
SNID May 2026,2,NOWSHERA,JEHANGIRA,JEHANGIRA,Government,UCMO,5,111111111111111
SNID May 2026,2,PESHAWAR,CITY,SHAHEEN TOWN,N-STOP,Provincial Facilitator (N-STOP Officer- TSO),1,111111-11111100
SNID May 2026,2,PESHAWAR,SHAH ALAM,GARHI SHER DAD,WHO,UCPO,4,111111-11111101
SNID May 2026,2,PESHAWAR,SADDAR,AZAKHEL TELABAND,WHO,UCSP,5,111111-11111111
SNID May 2026,2,PESHAWAR,CITY,PALOSI,WHO,UCPO,2,111111-11111110
SNID May 2026,2,KHYBER,LANDI KOTAL,SHEIKHMAL KHEL,WHO,UCPO,1,111111-11111111
SNID May 2026,2,MOHMAND,PARANG GHAAR,NAO BUCHA,Government,UCMO,2,111111-11111-11
SNID May 2026,2,KHYBER,LANDI KOTAL,KAM SHALMAN,UNICEF,CBO,1,111111-11111110
SNID May 2026,2,PESHAWAR,SMT,DEH BAHADAR,WHO,UCPO,10,111111-11111111
SNID May 2026,2,PESHAWAR,CITY,KARIM PURA,WHO,UCPO,1,111111-111-1111
SNID May 2026,2,PESHAWAR,SHAH ALAM,MATHRA,WHO,UCPO,8,111111-11111100
SNID May 2026,2,PESHAWAR,SADDAR,MUSAZAI,WHO,UCPO,9,111111-11111101
SNID May 2026,2,PESHAWAR,CITY,MEHAL TERAI 2,WHO,UCPO,8,111111-11111110
SNID May 2026,2,PESHAWAR,MATTANI,MASHOGAGAR,WHO,UCPO,1,111111-11111100
SNID May 2026,2,MOHMAND,SAFI LAKARO,LAKARO,UNICEF,CBO,2,111111-11111-00
SNID May 2026,2,PESHAWAR,SADDAR,BADABER MARYAMZAI,Government,UCMO,2,111111111111111
SNID May 2026,2,PESHAWAR,CITY,SUFAID DHERI,WHO,UCPO,11,111111-11111111
SNID May 2026,2,PESHAWAR,SADDAR,URMAR BALA,WHO,UCPO,8,111111-11111100
SNID May 2026,2,PESHAWAR,SMT,LANDI ARBAB,WHO,UCPO,6,111111-11111111
SNID May 2026,2,PESHAWAR,MATTANI,SHEIKHAN,WHO,UCPO,5,111111111111100
SNID May 2026,2,PESHAWAR,MATTANI,SHEIKH MOHAMMADI,WHO,UCPO,2,111111-11111100
SNID May 2026,2,PESHAWAR,SADDAR,URMAR BALA,WHO,UCPO,3,111111-11111111
SNID May 2026,2,NOWSHERA,PABBI,BALU,Government,UCMO,3,111111-11111100
SNID May 2026,2,PESHAWAR,SADDAR,BADABER HUREZAI,WHO,UCPO,4,111111-11111111
SNID May 2026,2,PESHAWAR,CITY,SUFAID DHERI,WHO,UCPO,12,111111-11111111
SNID May 2026,2,PESHAWAR,SHAH ALAM,CHAGARMATI,WHO,UCPO,2,111111-11111111
SNID May 2026,2,PESHAWAR,SADDAR,CHAMKANI,WHO,UCPO,2,111111-11111111
SNID May 2026,2,PESHAWAR,CITY,TEHKAL PAYAN 2 IRRIG,WHO,UCPO,4,111111-11111111
SNID May 2026,2,PESHAWAR,SMT,SHAHEEN MUSLIM TWN2,WHO,UCPO,1,111111-11111111
SNID May 2026,2,PESHAWAR,MATTANI,SARBAND,UNICEF,CBO,4,111111011111111
SNID May 2026,2,PESHAWAR,SMT,SHAHEEN MUSLIM TWN2,WHO,TPO/ TDO,1,111111-11111111
SNID May 2026,2,NOWSHERA,PABBI,BALU,WHO,TTSP/TUSP,6,111111-11111100
SNID May 2026,2,PESHAWAR,SMT,NOTHIA QADEEM,WHO,UCPO,1,111111-11111111
SNID May 2026,2,PESHAWAR,SMT,NOTHIA JADEED,WHO,UCPO,4,111111-11111111
SNID May 2026,2,PESHAWAR,CITY,REGI,WHO,UCPO,1,111111-11111100
SNID May 2026,2,PESHAWAR,SHAH ALAM,DAG,WHO,UCPO,1,111111-11111111
SNID May 2026,2,PESHAWAR,CITY,SIKANDAR TOWN,WHO,UCPO,1,111111-11111111
SNID May 2026,2,NOWSHERA,NOWSHERA,CHOCKI TOWN,N-STOP,District NSTOP Officer,2,111111-11111110
SNID May 2026,2,PESHAWAR,CITY,HAYAT ABAD 2,WHO,UCPO,6,111111-11111111
SNID May 2026,2,KHYBER,JAMRUD,SHAH KAS A,WHO,UCPO,5,111111-111-1111
SNID May 2026,2,PESHAWAR,SMT,LANDI ARBAB,WHO,UCPO,7,111111-11111111
SNID May 2026,2,PESHAWAR,SMT,HAZARKHWANI 2,WHO,UCSP,10,111111-11111111
SNID May 2026,2,PESHAWAR,MATTANI,ACHINI,WHO,UCPO,4,111111-11111100
SNID May 2026,2,PESHAWAR,SMT,SHAHEEN MUSLIM TWN1,WHO,UCPO,11,111111-11111111
SNID May 2026,2,PESHAWAR,CITY,KHALSA 2,WHO,UCPO,2,111111-11111101
SNID May 2026,2,PESHAWAR,SMT,SHEIKH JUNAID ABAD,WHO,UCPO,2,111111-11111111
SNID May 2026,2,PESHAWAR,CITY,LAHORI,WHO,UCPO,2,111111-11110100
SNID May 2026,2,PESHAWAR,SHAH ALAM,MATHRA,WHO,UCPO,7,111111-11111100
SNID May 2026,2,NOWSHERA,NOWSHERA,NOWSHERA CITY,WHO,TTSP/TUSP,4,111111-11111100
SNID May 2026,2,PESHAWAR,CITY,MALAKANDHER,WHO,UCPO,16,111111-11111111
SNID May 2026,2,PESHAWAR,MATTANI,MASHOGAGAR,WHO,UCPO,8,111111-11111100
SNID May 2026,2,PESHAWAR,CITY,MEHAL TERAI 2,WHO,UCPO,4,111111-11111111
SNID May 2026,2,PESHAWAR,SADDAR,BADABER HUREZAI,WHO,UCPO,3,111111-11111111
SNID May 2026,2,KHYBER,JAMRUD,NEW ABADI,N-STOP,District NSTOP Officer,3,111111-11111100
SNID May 2026,2,PESHAWAR,SMT,HAZARKHWANI 2,WHO,UCPO,4,111111-11111111
SNID May 2026,2,PESHAWAR,CITY,HAYAT ABAD 2,WHO,Independent Monitor,15,111111-11111111
SNID May 2026,2,PESHAWAR,CITY,SHAHEEN TOWN,N-STOP,Provincial Facilitator (N-STOP Officer- TSO),3,111111-11111100
SNID May 2026,2,KHYBER,BARA,MASTAK,WHO,UCPO,7,111111-11111100
SNID May 2026,2,PESHAWAR,SHAH ALAM,PANAM DHERI,WHO,UCPO,2,111111-11111111
SNID May 2026,2,KHYBER,JAMRUD,NEW ABADI,N-STOP,District NSTOP Officer,3,111111-11111100
SNID May 2026,2,NOWSHERA,JEHANGIRA,KHAIRABAD,Government,Area Incharge (AIC),1,111111011111111
SNID May 2026,2,PESHAWAR,SHAH ALAM,PAKHA GHULAM,WHO,Area Coordinator / District Coordinator,6,111111-01111111
SNID May 2026,2,PESHAWAR,CITY,CANTT WARD 1,WHO,UCSP,3,111111-11111111
SNID May 2026,2,KHYBER,JAMRUD,MIA MORCHA,Government,UCMO,2,111111-11111-00
SNID May 2026,2,PESHAWAR,MATTANI,MASHOGAGAR,WHO,UCPO,6,111111-11111100
SNID May 2026,2,PESHAWAR,SADDAR,AZAKHEL TELABAND,WHO,UCPO,2,111111-11111111
SNID May 2026,2,KHYBER,BARA,JANBAZ A,WHO,UCPO,1,111111-11111-00
SNID May 2026,2,NOWSHERA,PABBI,TARRU JABBA,Government,UCMO,3,111111-11111111
SNID May 2026,2,NOWSHERA,PABBI,KURVI,WHO,Independent Monitor,2,111101-11100000
SNID May 2026,2,KHYBER,BARA,ABDULLAH JAN,WHO,UCPO,1,111111-11111-10
SNID May 2026,2,PESHAWAR,SHAH ALAM,WADPAGA,WHO,UCPO,9,111111-11111100
SNID May 2026,2,PESHAWAR,MATTANI,MATTANI,UNICEF,CBO,2,111111-11111111
SNID May 2026,2,PESHAWAR,SADDAR,CHAMKANI,WHO,UCPO,7,111111-11111111
SNID May 2026,2,PESHAWAR,SHAH ALAM,CHAGARMATI,WHO,UCPO,1,111111-11111111
SNID May 2026,2,NOWSHERA,NOWSHERA,BARA BANDA,WHO,UCPO,11,111111-11111100
SNID May 2026,2,KHYBER,LANDI KOTAL,SULTAN KHEL B,WHO,UCPO,201,111111-11111-11
SNID May 2026,2,KHYBER,LANDI KOTAL,STATION,WHO,UCPO,1,111111-11111111
SNID May 2026,2,PESHAWAR,MATTANI,BAZID KHEL,WHO,UCPO,3,111111-11111111
SNID May 2026,2,PESHAWAR,SHAH ALAM,SHAHI BALA,WHO,UCPO,3,111111-11111111
SNID May 2026,2,NOWSHERA,JEHANGIRA,KHAIRABAD CAMP,WHO,TTSP/TUSP,4,111111-11111000
SNID May 2026,2,PESHAWAR,SADDAR,MARYAM ZAI,UNICEF,CBO,2,111111-11111111
SNID May 2026,2,PESHAWAR,CITY,HAYAT ABAD 2,WHO,UCPO,7,111111-11111111
SNID May 2026,2,KHYBER,LANDI KOTAL,SHEIKHMAL KHEL,WHO,UCPO,4,111111-11111100
SNID May 2026,2,NOWSHERA,PABBI,TURKMEN CAMP,Government,UCMO,2,111111-11111111
SNID May 2026,2,PESHAWAR,CITY,JEHANGIR PURA,UNICEF,CBO,3,111011-11111100
SNID May 2026,2,NOWSHERA,JEHANGIRA,KHAIRABAD CAMP,WHO,TTSP/TUSP,1,111111-11111000
SNID May 2026,2,PESHAWAR,CITY,CANTT WARD 1,WHO,UCPO,1,111111-11111-11
SNID May 2026,2,PESHAWAR,SHAH ALAM,KHAZANA,WHO,TPO/ TDO,10,111111-11111100
SNID May 2026,2,KHYBER,JAMRUD,SHAH KAS A,Government,UCMO,3,111111011111111
SNID May 2026,2,PESHAWAR,SMT,BHANA MARI,Government,UCMO,2,111111111111111
SNID May 2026,2,NOWSHERA,PABBI,CHOKI MAMREZ,Government,Other (Specify),5,111111-11111100
SNID May 2026,2,PESHAWAR,SHAH ALAM,BUDHNI,WHO,UCPO,6,111111-11111111
SNID May 2026,2,PESHAWAR,SHAH ALAM,SAEEDABAD,WHO,UCPO,4,111111-11111111
SNID May 2026,2,PESHAWAR,SMT,SHEIKH JUNAID ABAD,WHO,UCPO,3,111111-11111111
SNID May 2026,2,PESHAWAR,CITY,SUFAID DHERI,WHO,UCPO,8,111111-11111100
SNID May 2026,1,PESHAWAR,CITY,SUFAID DHERI,WHO,UCPO,6,111111-11111100
SNID May 2026,2,PESHAWAR,MATTANI,ACHINI,WHO,Independent Monitor,3,111111-11111100
SNID May 2026,2,PESHAWAR,CITY,REGI,WHO,UCPO,3,111111-11111100
SNID May 2026,2,MOHMAND,PANDIALI,PANDIALI,Government,UCMO,1,111111-11111-00
SNID May 2026,2,PESHAWAR,CITY,FAQIR ABAD,WHO,UCSP,1,111111-11111111
SNID May 2026,2,PESHAWAR,SADDAR,SUREZAI PAYAN,WHO,UCPO,4,111111-11111100
SNID May 2026,2,PESHAWAR,SMT,HAZARKHWANI 2,WHO,UCPO,6,111111-11111111
SNID May 2026,2,PESHAWAR,MATTANI,MASHOGAGAR,WHO,UCPO,2,111111-11111111
SNID May 2026,1,PESHAWAR,SADDAR,MERA SUREZAI PAYAN,UNICEF,CBO,5,111111-11111100
SNID May 2026,2,PESHAWAR,CITY,KHALSA 1,WHO,Independent Monitor,1,111111-11111100
SNID May 2026,2,PESHAWAR,CITY,HAYAT ABAD 2,WHO,UCDO,11,111111-11111111
SNID May 2026,2,PESHAWAR,SHAH ALAM,GARHI SHER DAD,WHO,UCPO,3,111111-11111110
SNID May 2026,2,PESHAWAR,CITY,GULBAHAR,N-STOP,District NSTOP Officer,4,111111-11111100
SNID May 2026,2,PESHAWAR,SHAH ALAM,WADPAGA,WHO,UCPO,7,111111-11111100
SNID May 2026,2,KHYBER,BARA,GANDAO,WHO,UCPO,2,111111-11111111
SNID May 2026,2,KHYBER,JAMRUD,LOWARA MIANA,WHO,UCPO,4,111111-11111-00
SNID May 2026,2,PESHAWAR,CITY,GULBAHAR,N-STOP,District NSTOP Officer,2,111011-11111111
SNID May 2026,2,PESHAWAR,SHAH ALAM,HARYANA PAYAN,WHO,UCPO,4,111111-11111111
SNID May 2026,2,PESHAWAR,SMT,SHAHEEN MUSLIM TWN1,WHO,UCPO,10,111111-11111111
SNID May 2026,2,PESHAWAR,SADDAR,URMAR MIANA,WHO,UCPO,5,111111-11111111
SNID May 2026,2,PESHAWAR,SMT,AKHOON ABAD,WHO,UCPO,3,111111-11111111
SNID May 2026,2,NOWSHERA,NOWSHERA,BARA BANDA,WHO,UCPO,8,111111-11111100
SNID May 2026,2,PESHAWAR,MATTANI,BAZID KHEL,UNICEF,CBO,4,111111-111-1111
SNID May 2026,2,PESHAWAR,SADDAR,BADABER HUREZAI,WHO,UCPO,5,111111-11111111
SNID May 2026,2,PESHAWAR,CITY,CANTT WARD 2,Government,UCMO,2,111111011111-00
SNID May 2026,2,PESHAWAR,SMT,SHAHEEN MUSLIM TWN1,WHO,UCPO,4,111111-11111111
SNID May 2026,1,PESHAWAR,CITY,FAQIR ABAD,UNICEF,CBO,2,111111-11111111
SNID May 2026,2,PESHAWAR,SADDAR,URMAR BALA,WHO,UCPO,4,111111-11111111
SNID May 2026,2,PESHAWAR,SMT,WAZIR BAGH,WHO,Independent Monitor,1,111111-11111-11
SNID May 2026,2,PESHAWAR,SMT,LANDI ARBAB,WHO,UCPO,5,111111-11111100
SNID May 2026,2,KHYBER,BARA,ABDULLAH JAN,Government,UCMO,2,111111011111111
SNID May 2026,2,MOHMAND,PANDIALI,DANISHKOOL,WHO,UCSP,4,100101111111100
SNID May 2026,2,PESHAWAR,SHAH ALAM,NAHAQI,WHO,UCPO,6,111111111111111
SNID May 2026,2,PESHAWAR,SHAH ALAM,HARYANA PAYAN,WHO,UCPO,3,111111-11111100
SNID May 2026,2,PESHAWAR,CITY,HASAN GARHI 1,WHO,UCPO,5,111111-11111111
SNID May 2026,2,PESHAWAR,SHAH ALAM,PANAM DHERI,WHO,UCPO,6,111111-11111111
SNID May 2026,2,NOWSHERA,PABBI,SPINKHAK,Government,UCMO,3,111111111111111
SNID May 2026,2,NOWSHERA,PABBI,SPINKHAK,Government,UCMO,2,111111111111111
SNID May 2026,2,NOWSHERA,PABBI,SHAKOT,Government,Area Incharge (AIC),6,111111011111111
SNID May 2026,2,PESHAWAR,CITY,GULBAHAR,N-STOP,District NSTOP Officer,1,111111-11111111
SNID May 2026,2,PESHAWAR,CITY,TEHKAL PAYAN 2 IRRIG,WHO,UCPO,2,111111-11111110
SNID May 2026,2,NOWSHERA,NOWSHERA,PIRPAI,Government,UCMO,4,111111-11111100
SNID May 2026,2,NOWSHERA,PABBI,SHAKOT,Government,Area Incharge (AIC),6,111111111111111
SNID May 2026,2,PESHAWAR,CITY,HAYAT ABAD 2,WHO,UCPO,12,111111-11111111
SNID May 2026,2,KHYBER,JAMRUD,LOWARA MIANA,WHO,UCPO,3,111111-11111-11
SNID May 2026,2,KHYBER,JAMRUD,ALI MASJID B,WHO,UCPO,1,111111-11111-11
SNID May 2026,2,PESHAWAR,SMT,YAKATOOT 2,UNICEF,Provincial Facilitator (Health Specialists/Officers- Communication- SBC Specialists/Officers-VMO- M and E Officer- Media Specialist- Provincial Communication Officer-Training etc),2,111111-11111111
SNID May 2026,2,NOWSHERA,JEHANGIRA,MISRI BANDA,Government,UCMO,3,111111-11111111
SNID May 2026,2,PESHAWAR,SHAH ALAM,KANKOLA,WHO,UCPO,5,111111-11111100
SNID May 2026,2,MOHMAND,PANDIALI,DANISHKOOL,WHO,TPO/ TDO,2,100101-11111-11
SNID May 2026,2,PESHAWAR,SHAH ALAM,KANKOLA,WHO,UCPO,6,111111-11111101
SNID May 2026,2,PESHAWAR,SHAH ALAM,SAEEDABAD,WHO,UCPO,1,111111-11111111
SNID May 2026,2,PESHAWAR,CITY,MEHAL TERAI 1,WHO,UCPO,5,111111-11111111
SNID May 2026,2,KHYBER,JAMRUD,PAINDI LALMA,WHO,UCPO,4,111111-11111100
SNID May 2026,2,PESHAWAR,SMT,DERI BAGHBANAN,Government,UCMO,3,111111-11111100
SNID May 2026,2,PESHAWAR,SMT,HAZARKHWANI 1,WHO,UCPO,5,111111-11111100
SNID May 2026,2,PESHAWAR,SMT,HAZARKHWANI 2,WHO,UCSP,11,111111-11111111
SNID May 2026,2,PESHAWAR,CITY,ANDERSHEHER,WHO,UCPO,2,111111-11111100
SNID May 2026,2,PESHAWAR,SHAH ALAM,PANAM DHERI,WHO,UCPO,1,111111-11111111
SNID May 2026,2,PESHAWAR,MATTANI,MASHOGAGAR,WHO,UCPO,7,111111-11111100
SNID May 2026,2,PESHAWAR,SHAH ALAM,JOGANI,WHO,UCPO,4,111111-11111100
SNID May 2026,2,PESHAWAR,SADDAR,BADABER MARYAMZAI,WHO,UCPO,1,111111-11111100
SNID May 2026,2,PESHAWAR,CITY,HAYAT ABAD 2,WHO,UCPO,17,111111-11111100
SNID May 2026,2,PESHAWAR,SHAH ALAM,JOGANI,WHO,UCPO,3,111111-11111111
SNID May 2026,2,KHYBER,LANDI KOTAL,LOE SHALMAN A,WHO,UCPO,3,111111-11111-10
SNID May 2026,2,PESHAWAR,SMT,SHAHEEN MUSLIM TWN2,WHO,UCPO,2,111111-11111111
SNID May 2026,2,PESHAWAR,SMT,SHAHEEN MUSLIM TWN2,WHO,TPO/ TDO,2,111111-11111111
SNID May 2026,2,PESHAWAR,MATTANI,MATTANI,WHO,UCPO,4,111111-11111111
SNID May 2026,2,PESHAWAR,CITY,MEHAL TERAI 1,WHO,UCSP,2,111111011111111
SNID May 2026,2,PESHAWAR,SHAH ALAM,HARYANA PAYAN,WHO,UCPO,8,111111-11111100
SNID May 2026,2,PESHAWAR,SHAH ALAM,HARYANA PAYAN,WHO,UCPO,7,111111-11111100
SNID May 2026,2,KHYBER,BARA,FORT SLOPE,WHO,TPO/ TDO,4,111111-11111111
SNID May 2026,2,KHYBER,BARA,AJAB TALAB,WHO,UCPO,4,111111-11111100
SNID May 2026,2,NOWSHERA,PABBI,AMANKOT,Government,UCMO,3,111111-11111111
SNID May 2026,2,KHYBER,JAMRUD,MIA MORCHA,WHO,UCPO,3,111111-11111111
SNID May 2026,2,PESHAWAR,SADDAR,MARYAM ZAI,WHO,UCSP,2,111111-11111100
SNID May 2026,2,PESHAWAR,CITY,PALOSI,WHO,UCPO,4,111111-11111111
SNID May 2026,2,PESHAWAR,MATTANI,BAZID KHEL,WHO,UCPO,4,111111-11111111
SNID May 2026,2,PESHAWAR,CITY,MEHAL TERAI 2,WHO,UCPO,1,111111-11111-11
SNID May 2026,2,PESHAWAR,SMT,HAZARKHWANI 2,WHO,UCPO,7,111111-11111111
SNID May 2026,2,PESHAWAR,CITY,TEHKAL PAYAN,WHO,UCPO,2,111111-11111-00
SNID May 2026,2,PESHAWAR,SMT,BHANA MARI,WHO,UCPO,4,111111-11111100
SNID May 2026,2,MOHMAND,PARANG GHAAR,NAO BUCHA,Government,UCMO,1,111111-11111-01
SNID May 2026,2,KHYBER,LANDI KOTAL,KARAMNA,WHO,UCPO,1,111111-11111111
SNID May 2026,2,KHYBER,LANDI KOTAL,MIRDAD KHEL,WHO,UCPO,6,111011-11111111
SNID May 2026,2,PESHAWAR,SMT,HAZARKHWANI 2,WHO,UCPO,2,111111-11111111
SNID May 2026,2,NOWSHERA,NOWSHERA,PIRSABAQ,WHO,UCPO,4,111111-11111111
SNID May 2026,2,NOWSHERA,JEHANGIRA,MUGHALKI,WHO,TPO/ TDO,4,111111-11111-00
SNID May 2026,2,PESHAWAR,SHAH ALAM,LALA KALAY,WHO,UCPO,2,111111-11111111
SNID May 2026,2,PESHAWAR,CITY,KHALSA 1,WHO,UCPO,7,111111-11111100
SNID May 2026,2,NOWSHERA,NOWSHERA,NAWA KALY,Government,UCMO,2,111111-11111111
SNID May 2026,2,NOWSHERA,PABBI,AMANKOT,Government,UCMO,4,111111-11111111
SNID May 2026,2,PESHAWAR,CITY,SHAHEEN TOWN,UNICEF,CBO,1,111111-11111111
SNID May 2026,2,PESHAWAR,CITY,UNIVERSITY TOWN,WHO,UCPO,3,111111-11111100
SNID May 2026,2,PESHAWAR,SHAH ALAM,DAG,WHO,UCPO,2,111111-11111111
SNID May 2026,2,NOWSHERA,NOWSHERA,AZAKHEL BALA,WHO,UCPO,3,111011-11111-00
SNID May 2026,2,PESHAWAR,SMT,LANDI ARBAB,WHO,UCPO,3,111111-11111111
SNID May 2026,2,PESHAWAR,SHAH ALAM,NAHAQI,WHO,UCPO,4,111111-11111111
SNID May 2026,2,PESHAWAR,SMT,SHAHEEN MUSLIM TWN2,WHO,District Polio Officer,3,111111-11111111
SNID May 2026,2,PESHAWAR,CITY,SIKANDAR TOWN,WHO,UCPO,4,111111-11111111
SNID May 2026,2,NOWSHERA,NOWSHERA,PIRPAI,Government,UCMO,3,111111-11111100
SNID May 2026,2,PESHAWAR,MATTANI,SHEIKH MOHAMMADI,WHO,UCPO,1,111111-11111100
SNID May 2026,2,PESHAWAR,SMT,DERI BAGHBANAN,WHO,UCPO,2,111111-11111111
SNID May 2026,2,PESHAWAR,CITY,KARIM PURA,WHO,Independent Monitor,2,111101-111-1100
SNID May 2026,2,PESHAWAR,SHAH ALAM,LARAMA,WHO,UCPO,1,111111-11111100
SNID May 2026,2,PESHAWAR,SMT,DEH BAHADAR,WHO,UCPO,5,111111-11111-11
SNID May 2026,2,PESHAWAR,SMT,DEH BAHADAR,WHO,UCPO,6,111111-11111-00
SNID May 2026,2,NOWSHERA,NOWSHERA,GANDHERI,WHO,UCPO,5,111111-11111100
SNID May 2026,2,MOHMAND,PARANG GHAAR,UMAR KHEL,Government,UCMO,2,111111011111011
SNID May 2026,2,NOWSHERA,NOWSHERA,GANDHERI,WHO,UCPO,4,111111-11111100
SNID May 2026,2,PESHAWAR,SHAH ALAM,TUKHTABAD,WHO,UCPO,3,111111-11111100
SNID May 2026,1,PESHAWAR,CITY,KARIM PURA,WHO,UCPO,3,111111-11111-11
SNID May 2026,2,PESHAWAR,CITY,HAYAT ABAD 2,WHO,District Polio Officer,7,111111-11111111
SNID May 2026,2,PESHAWAR,CITY,KARIM PURA,WHO,UCPO,3,111111-11111111
SNID May 2026,2,PESHAWAR,CITY,CANTT WARD 2,WHO,UCSP,2,111111-11111-00
SNID May 2026,2,MOHMAND,PARANG GHAAR,NAO BUCHA,UNICEF,CBO,1,111111-11111-00
SNID May 2026,2,PESHAWAR,SMT,HAZARKHWANI 1,WHO,UCPO,3,111111-11111111
SNID May 2026,2,PESHAWAR,SHAH ALAM,GARHI SHER DAD,WHO,UCPO,1,111111-11111110
SNID May 2026,2,PESHAWAR,SMT,HAZARKHWANI 1,WHO,District Polio Officer,2,111111-11111100
SNID May 2026,2,PESHAWAR,SMT,HAZARKHWANI 1,WHO,District Polio Officer,6,111111-11111100
SNID May 2026,2,NOWSHERA,NOWSHERA,RASHAKAI,WHO,TTSP/TUSP,2,111111-11111111
SNID May 2026,2,PESHAWAR,SADDAR,URMAR MIANA,WHO,UCPO,2,111111111111111
SNID May 2026,2,PESHAWAR,SADDAR,URMAR MIANA,WHO,UCPO,1,111111111111111
SNID May 2026,2,PESHAWAR,CITY,TEHKAL PAYAN,UNICEF,CBO,2,111111-11111111
SNID May 2026,2,KHYBER,BARA,GANDAO,WHO,UCPO,1,111111-11111-10
SNID May 2026,2,PESHAWAR,SHAH ALAM,KHAZANA,WHO,UCPO,4,111111-11111111
SNID May 2026,2,MOHMAND,PARANG GHAAR,UMAR KHEL,Government,UCMO,2,111111011111011
SNID May 2026,2,PESHAWAR,SHAH ALAM,KHAZANA,WHO,UCPO,3,111111-11111111
SNID May 2026,2,PESHAWAR,CITY,HAYAT ABAD 1,WHO,UCPO,3,111111-11111100
SNID May 2026,2,PESHAWAR,CITY,HAYAT ABAD 1,WHO,UCPO,4,111111-11111111
SNID May 2026,2,KHYBER,LANDI KOTAL,LOE SHALMAN B,WHO,UCPO,1,111111-11111-00
SNID May 2026,2,NOWSHERA,NOWSHERA,RASHAKAI,WHO,TTSP/TUSP,3,111111-11111111
SNID May 2026,2,PESHAWAR,CITY,PALOSI,WHO,UCPO,5,111111-11111111
SNID May 2026,2,PESHAWAR,CITY,KARIM PURA,WHO,Independent Monitor,3,111111-11111100
SNID May 2026,2,KHYBER,LANDI KOTAL,LOE SHALMAN B,WHO,UCPO,4,111111-11111-10
SNID May 2026,2,MOHMAND,PARANG GHAAR,ASGHAR,WHO,TTSP/TUSP,1,111111-11111-11
SNID May 2026,2,PESHAWAR,CITY,HASAN GARHI 2,WHO,UCSP,7,111111-11111111
SNID May 2026,2,NOWSHERA,JEHANGIRA,MERA AKORA,WHO,UCPO,9,111111-11111100
SNID May 2026,2,NOWSHERA,JEHANGIRA,JEHANGIRA,WHO,UCPO,2,111111-11111111
SNID May 2026,2,PESHAWAR,CITY,FAQIR ABAD,WHO,UCPO,2,111111-11111111
SNID May 2026,2,PESHAWAR,SMT,AKHOON ABAD,WHO,UCPO,4,111111-11111111
SNID May 2026,2,MOHMAND,HALEEMZAI,KAMALI,N-STOP,District NSTOP Officer,3,111111-11111111
SNID May 2026,2,MOHMAND,HALEEMZAI,KAMALI,N-STOP,District NSTOP Officer,1,111111-11111-11
SNID May 2026,2,PESHAWAR,CITY,JEHANGIR PURA,WHO,UCPO,3,111111-11111100
SNID May 2026,2,KHYBER,LANDI KOTAL,TORKHAM,WHO,UCPO,1,111111-11111111
SNID May 2026,2,PESHAWAR,MATTANI,SARBAND,WHO,UCPO,3,111111-11111111
SNID May 2026,2,PESHAWAR,MATTANI,SARBAND,WHO,UCPO,1,111111-11111100
SNID May 2026,2,PESHAWAR,SADDAR,MUSAZAI,WHO,UCPO,7,111111-11111101
SNID May 2026,2,PESHAWAR,SHAH ALAM,JOGANI,WHO,District Polio Officer,1,111111-11111-00
SNID May 2026,2,PESHAWAR,SADDAR,BADABER HUREZAI,WHO,UCPO,4,111111-11111111
SNID May 2026,2,PESHAWAR,SHAH ALAM,WADPAGA,WHO,UCPO,2,111111-11111100
SNID May 2026,2,KHYBER,LANDI KOTAL,KAM SHALMAN,WHO,UCPO,155,111111111111111
SNID May 2026,2,NOWSHERA,NOWSHERA,NAWA KALY,WHO,UCPO,2,111111-11111100
SNID May 2026,2,NOWSHERA,NOWSHERA,NAWA KALY,WHO,UCPO,6,111111-11111110
SNID May 2026,2,MOHMAND,SAFI LAKARO,ALINGAR,WHO,UCPO,1,111111-11111-00
SNID May 2026,2,NOWSHERA,NOWSHERA,KHESHGI BALA,WHO,UCPO,5,111111-11111100
SNID May 2026,2,NOWSHERA,NOWSHERA,PAHARI KATTI KHEL,WHO,UCSP,3,111111-11111100
SNID May 2026,2,MOHMAND,HALEEMZAI,GHALLANAI,WHO,TTSP/TUSP,5,111111-11100-11
SNID May 2026,2,PESHAWAR,SHAH ALAM,PAJAGI,WHO,UCPO,6,111111-11111100
SNID May 2026,2,PESHAWAR,MATTANI,BAZID KHEL,WHO,UCPO,4,111111-11111111
SNID May 2026,2,PESHAWAR,SMT,NOTHIA JADEED,WHO,UCPO,1,111111-11111111
SNID May 2026,2,PESHAWAR,SMT,SHAHEEN MUSLIM TWN1,WHO,UCPO,6,111111-11111111
SNID May 2026,2,PESHAWAR,CITY,SUFAID DHERI,WHO,UCPO,1,111111-11111111
SNID May 2026,2,PESHAWAR,CITY,SUFAID DHERI,WHO,UCPO,2,111111-11111111
SNID May 2026,2,PESHAWAR,CITY,PAWAKA,WHO,UCPO,4,111111-11111111
SNID May 2026,2,PESHAWAR,SADDAR,SHERAKERA,WHO,UCPO,4,111111-11111100
SNID May 2026,2,PESHAWAR,SADDAR,SHERAKERA,WHO,UCPO,4,111111-11111100
SNID May 2026,2,MOHMAND,PARANG GHAAR,UMAR KHEL,WHO,UCPO,3,111111-11101-11
SNID May 2026,2,PESHAWAR,SHAH ALAM,TUKHTABAD,WHO,UCPO,2,111111-11111100
SNID May 2026,2,PESHAWAR,SHAH ALAM,LALA KALAY,WHO,UCSP,4,111111-11111111
SNID May 2026,2,PESHAWAR,CITY,JEHANGIR PURA,WHO,UCPO,2,111111-11111100
SNID May 2026,4,MOHMAND,SAFI LAKARO,SAGAI,WHO,UCSP,1,111111-11111-11
SNID May 2026,2,MOHMAND,SAFI LAKARO,SAGAI,WHO,UCSP,1,111111-11111-11
SNID May 2026,2,PESHAWAR,SHAH ALAM,LALA KALAY,WHO,UCSP,5,111111-11111111
SNID May 2026,2,PESHAWAR,CITY,HAYAT ABAD 1,N-STOP,Provincial Facilitator (N-STOP Officer- TSO),4,111111-11111-11
SNID May 2026,2,PESHAWAR,CITY,SHAHI BAGH,Government,UCMO,1,111111011111111
SNID May 2026,2,NOWSHERA,NOWSHERA,KHESHGI BALA,WHO,UCPO,1,111111-11111111
SNID May 2026,2,PESHAWAR,CITY,MALAKANDHER,WHO,UCPO,14,111111-11111111
SNID May 2026,2,PESHAWAR,SMT,SHAHEEN MUSLIM TWN2,WHO,Independent Monitor,2,111111-11111111
SNID May 2026,2,PESHAWAR,SMT,SHAHEEN MUSLIM TWN2,WHO,Independent Monitor,3,111111111111111
SNID May 2026,2,PESHAWAR,CITY,FAQIR ABAD,WHO,District Polio Officer,3,111111-11111111
SNID May 2026,2,MOHMAND,HALEEMZAI,KAMALI,WHO,UCSP,3,111111-11110-11
SNID May 2026,2,NOWSHERA,PABBI,AMANKOT,WHO,TTSP/TUSP,1,111111-11111100
SNID May 2026,2,PESHAWAR,CITY,LAHORI,WHO,UCPO,1,111111-11111100
SNID May 2026,2,NOWSHERA,PABBI,SHAKOT,WHO,TTSP/TUSP,6,111111-11111111
SNID May 2026,2,NOWSHERA,PABBI,SHAKOT,WHO,TTSP/TUSP,5,111111-11111111
SNID May 2026,2,PESHAWAR,CITY,CANTT WARD 4,WHO,UCPO,2,111111-11111110
SNID May 2026,2,MOHMAND,PARANG GHAAR,ASGHAR,Government,UCMO,1,111111-11111-11
SNID May 2026,1,MOHMAND,PARANG GHAAR,ASGHAR,Government,UCMO,2,111111-11111111
SNID May 2026,2,PESHAWAR,SHAH ALAM,HARYANA PAYAN,WHO,UCPO,2,111111-11111-11
SNID May 2026,2,NOWSHERA,NOWSHERA,DHERI KATTI KHEL,UNICEF,CCO,6,111111-11111111
SNID May 2026,2,NOWSHERA,NOWSHERA,DHERI KATTI KHEL,UNICEF,CCO,4,111111-11111111
SNID May 2026,2,NOWSHERA,NOWSHERA,BADRASHI,UNICEF,CCO,2,111111-11111111
SNID May 2026,2,PESHAWAR,CITY,KHALSA 2,WHO,UCPO,1,111111-11111111
SNID May 2026,2,PESHAWAR,CITY,SHAHEEN TOWN,WHO,UCPO,4,111111-11111101
SNID May 2026,2,PESHAWAR,CITY,SHAHEEN TOWN,WHO,UCPO,3,111111-11111111
SNID May 2026,2,PESHAWAR,CITY,SHAHEEN TOWN,WHO,UCPO,1,111111-11111111
SNID May 2026,2,PESHAWAR,CITY,PALOSI,WHO,Provincial Facilitator (M&E- Campaign- HRMP- EPI-PEI Syn- Training etc),1,111111-11111111
SNID May 2026,2,MOHMAND,PANDIALI,PANDIALI,UNICEF,CCO,4,111111-11111-00
SNID May 2026,2,MOHMAND,PANDIALI,PANDIALI,UNICEF,CCO,1,111111-11111-00
SNID May 2026,2,PESHAWAR,CITY,TEHKAL BALA,WHO,UCPO,1,111111-11111111
SNID May 2026,2,PESHAWAR,CITY,TEHKAL BALA,WHO,UCPO,2,111111-11111111
SNID May 2026,2,PESHAWAR,MATTANI,ACHINI,WHO,UCPO,1,111111-11111111
SNID May 2026,2,PESHAWAR,MATTANI,ACHINI,WHO,UCPO,2,111111-11111111
SNID May 2026,2,PESHAWAR,SMT,YAKATOOT 1,WHO,Independent Monitor,1,111111111100101
SNID May 2026,2,PESHAWAR,SMT,YAKATOOT 1,WHO,Independent Monitor,3,111111-11111100
SNID May 2026,2,PESHAWAR,CITY,HASAN GARHI 2,WHO,UCPO,8,111111-11111110
SNID May 2026,2,MOHMAND,EKKAGHUND,AQRAB DAG,WHO,District Polio Officer,3,111001-11111100
SNID May 2026,2,MOHMAND,HALEEMZAI,KASSI,WHO,TPO/ TDO,2,111011-11111-01
SNID May 2026,2,MOHMAND,HALEEMZAI,KASSI,WHO,TPO/ TDO,2,111111-11111111
SNID May 2026,2,PESHAWAR,CITY,TEHKAL PAYAN,WHO,Independent Monitor,2,111111-11111100
SNID May 2026,2,PESHAWAR,CITY,TEHKAL PAYAN,WHO,Independent Monitor,1,111111-11111-00
SNID May 2026,2,MOHMAND,SAFI LAKARO,SANDO KHEL,WHO,UCPO,1,111111-11111100
SNID May 2026,2,MOHMAND,SAFI LAKARO,SANDO KHEL,WHO,UCPO,2,111111-11111-00
SNID May 2026,2,MOHMAND,KHAWEZAI,JUMA KHEL,Government,UCMO,1,111111-11111-00
SNID May 2026,2,MOHMAND,KHAWEZAI,JUMA KHEL,Government,UCMO,2,111111-11111-00
SNID May 2026,2,NOWSHERA,NOWSHERA,PAHARI KATTI KHEL,WHO,Independent Monitor,6,111111-11101100
SNID May 2026,2,PESHAWAR,CITY,GUNJ,WHO,TPO/ TDO,2,111111-11111111
SNID May 2026,2,MOHMAND,KHAWEZAI,KHADI KHEL,Government,UCMO,3,111111-11101100
SNID May 2026,2,MOHMAND,KHAWEZAI,KHADI KHEL,Government,UCMO,2,100101-11101100
SNID May 2026,2,PESHAWAR,CITY,GUNJ,WHO,UCPO,2,111111-11111111
SNID May 2026,2,NOWSHERA,NOWSHERA,KHESHGI BALA,WHO,Independent Monitor,8,111101-11111111
SNID May 2026,2,NOWSHERA,NOWSHERA,KHESHGI BALA,WHO,Independent Monitor,7,111101-11111111
SNID May 2026,2,KHYBER,LANDI KOTAL,SHEIKHMAL KHEL,WHO,Independent Monitor,4,111011-11111111
SNID May 2026,2,KHYBER,LANDI KOTAL,SHEIKHMAL KHEL,WHO,Independent Monitor,189,111011-11111-00
SNID May 2026,2,PESHAWAR,MATTANI,SULEMAN KHEIL,WHO,UCPO,5,111111-11111111
SNID May 2026,2,PESHAWAR,MATTANI,SULEMAN KHEIL,WHO,UCPO,4,111111-11111111
SNID May 2026,2,PESHAWAR,SADDAR,MERA KACHORI,WHO,UCPO,13,111111-11111111
SNID May 2026,2,PESHAWAR,SADDAR,MERA KACHORI,WHO,UCPO,11,111111-11111111
SNID May 2026,2,PESHAWAR,SADDAR,MERA SUREZAI PAYAN,WHO,UCPO,7,111111-11111100
SNID May 2026,2,PESHAWAR,SADDAR,SUREZAI BALA,WHO,UCPO,4,111111-11111111
SNID May 2026,2,PESHAWAR,CITY,HAYAT ABAD 1,WHO,UCPO,1,111111-11111111
SNID May 2026,2,PESHAWAR,SMT,WAZIR BAGH,WHO,UCSP,2,111111-11111111
SNID May 2026,2,PESHAWAR,SMT,WAZIR BAGH,WHO,UCSP,3,111111-11111111
SNID May 2026,1,KHYBER,LANDI KOTAL,KARAMNA,WHO,UCPO,3,111111-11111-00
SNID May 2026,2,PESHAWAR,SADDAR,SUREZAI BALA,WHO,UCPO,3,111111-11111111
SNID May 2026,2,PESHAWAR,SADDAR,URMAR PAYAN,WHO,UCPO,1,111111-11111111
SNID May 2026,2,KHYBER,LANDI KOTAL,KARAMNA,WHO,UCPO,3,111111-11111100
SNID May 2026,2,PESHAWAR,SADDAR,AZAKHEL TELABAND,WHO,UCSP,4,111111-11111111
SNID May 2026,2,PESHAWAR,MATTANI,BAZID KHEL,WHO,UCPO,7,111111111111111
SNID May 2026,2,KHYBER,BARA,FORT SLOPE,WHO,Independent Monitor,2,111011-11111100
SNID May 2026,2,KHYBER,LANDI KOTAL,STATION,WHO,UCPO,4,111111-11111111
SNID May 2026,2,KHYBER,BARA,FORT SLOPE,WHO,Independent Monitor,1,111011-11111100
SNID May 2026,2,PESHAWAR,SMT,KAKSHAL 2,UNICEF,CCO,2,111111-11111111
SNID May 2026,2,KHYBER,BARA,FORT SLOPE,Government,Area Incharge (AIC),4,111111-11111111
SNID May 2026,2,MOHMAND,KHAWEZAI,KHADI KHEL,WHO,TPO/ TDO,1,111111-11111100
SNID May 2026,1,KHYBER,LANDI KOTAL,TIRAH BAZAR A,WHO,UCPO,6,111111-11111111
SNID May 2026,1,KHYBER,LANDI KOTAL,TIRAH BAZAR A,WHO,UCPO,4,111111111111111
SNID May 2026,2,PESHAWAR,SHAH ALAM,MATHRA,WHO,UCPO,2,111111-11111100
SNID May 2026,2,PESHAWAR,SHAH ALAM,MATHRA,WHO,UCPO,1,111111-11111-00
SNID May 2026,2,KHYBER,LANDI KOTAL,TIRAH BAZAR A,WHO,UCPO,9,111111-11111110
SNID May 2026,2,KHYBER,LANDI KOTAL,KHUGA KHEL,WHO,UCPO,1,111111-11111111
SNID May 2026,2,PESHAWAR,SADDAR,URMAR BALA,WHO,UCPO,11,111111-11011100
SNID May 2026,2,PESHAWAR,CITY,MALAKANDHER,WHO,UCPO,8,111111-11111111
SNID May 2026,2,PESHAWAR,SADDAR,URMAR BALA,WHO,UCPO,18,111111-11111111
SNID May 2026,2,KHYBER,BARA,FORT SLOPE,WHO,UCPO,4,111111-11111-11
SNID May 2026,2,NOWSHERA,NOWSHERA,GANDHERI,UNICEF,CBO,1,111111-11111111
SNID May 2026,2,PESHAWAR,CITY,TEHKAL PAYAN,WHO,UCPO,3,111111-11111100
SNID May 2026,2,PESHAWAR,CITY,TEHKAL PAYAN,WHO,UCPO,3,111111-11111100
SNID May 2026,2,PESHAWAR,SMT,LANDI ARBAB,UNICEF,Provincial Facilitator (Health Specialists/Officers- Communication- SBC Specialists/Officers-VMO- M and E Officer- Media Specialist- Provincial Communication Officer-Training etc),2,111111-11111111
SNID May 2026,2,PESHAWAR,SMT,LANDI ARBAB,UNICEF,Provincial Facilitator (Health Specialists/Officers- Communication- SBC Specialists/Officers-VMO- M and E Officer- Media Specialist- Provincial Communication Officer-Training etc),1,111111-11110111
SNID May 2026,2,PESHAWAR,CITY,MALAKANDHER,WHO,UCSP,2,111111-11111111
SNID May 2026,2,PESHAWAR,CITY,MALAKANDHER,WHO,UCSP,3,111111-11111111
SNID May 2026,2,MOHMAND,PANDIALI,PANDIALI,Other Partner (BMGF/CDC/RIZ/ROTARY etc),Federal/Provincial/District Facilitator,2,111111-11111111
SNID May 2026,2,NOWSHERA,PABBI,JALOZAI,WHO,District Polio Officer,6,111111-11111110
SNID May 2026,2,NOWSHERA,PABBI,JALOZAI,WHO,District Polio Officer,7,111111-11111111
SNID May 2026,2,PESHAWAR,CITY,HAYAT ABAD 1,WHO,UCPO,10,111111-11111100
SNID May 2026,2,PESHAWAR,CITY,HASAN GARHI 1,WHO,UCPO,4,111111-11111111
SNID May 2026,2,PESHAWAR,CITY,KHALSA 2,WHO,UCSP,7,111111-11111100
SNID May 2026,2,PESHAWAR,CITY,KHALSA 2,WHO,UCSP,9,111111-11111110
SNID May 2026,3,PESHAWAR,SADDAR,MARYAM ZAI,WHO,UCSP,5,111111-11111100
SNID May 2026,2,PESHAWAR,SHAH ALAM,BUDHNI,WHO,UCPO,5,111111-11111111
SNID May 2026,2,PESHAWAR,SHAH ALAM,MATHRA,UNICEF,CBO,4,111111-11111111
SNID May 2026,3,MOHMAND,SAFI LAKARO,SAGAI,Government,UCMO,3,111111-11111111
SNID May 2026,3,KHYBER,JAMRUD,NEW ABADI,Government,UCMO,124,111111-11111111
SNID May 2026,3,KHYBER,JAMRUD,NEW ABADI,WHO,UCPO,5,111111-11111100
SNID May 2026,3,KHYBER,JAMRUD,ALI MASJID A,WHO,UCPO,3,111111-11111111
SNID May 2026,2,PESHAWAR,MATTANI,MATTANI,WHO,UCSP,5,111111-11111100
SNID May 2026,2,PESHAWAR,MATTANI,MATTANI,WHO,UCSP,6,111111-11111111
SNID May 2026,3,PESHAWAR,CITY,ASIA DABGARI,WHO,UCPO,3,111111-11111111
SNID May 2026,3,PESHAWAR,SADDAR,BADABER HUREZAI,WHO,UCPO,2,111111-11111-11
SNID May 2026,3,KHYBER,LANDI KOTAL,SULTAN KHEL A,Government,UCMO,2,111111-11111111
SNID May 2026,3,PESHAWAR,MATTANI,PISHTAKHARA,WHO,UCPO,3,111111-11111100
SNID May 2026,3,KHYBER,LANDI KOTAL,SULTAN KHEL B,WHO,UCPO,3,111111-11111-11
SNID May 2026,1,KHYBER,TIRAH MAIDAN,SERAY,WHO,UCPO,4,111111-11111-11
SNID May 2026,2,KHYBER,BARA,FORT SLOPE,WHO,UCPO,2,111110-11111100
SNID May 2026,3,PESHAWAR,SMT,HAZARKHWANI 1,WHO,UCPO,1,111111-11111100
SNID May 2026,3,NOWSHERA,PABBI,TARRU JABBA,Government,UCMO,2,111111-11111111
SNID May 2026,3,PESHAWAR,CITY,PAWAKA,WHO,UCPO,6,111111-11111111
SNID May 2026,2,KHYBER,JAMRUD,TIDI BAZAR,UNICEF,CCO,2,111111-11111111
SNID May 2026,3,KHYBER,JAMRUD,LOWARA MIANA,WHO,UCPO,2,111111-11111-11
SNID May 2026,1,PESHAWAR,SHAH ALAM,BUDHNI,WHO,UCPO,6,111111-11111111
SNID May 2026,2,PESHAWAR,SHAH ALAM,BUDHNI,WHO,UCPO,4,111111-11111111
SNID May 2026,3,KHYBER,LANDI KOTAL,KAM SHALMAN,WHO,UCPO,1,111111-11111100
SNID May 2026,3,NOWSHERA,NOWSHERA,PAHARI KATTI KHEL,WHO,UCSP,5,111111-11111100
SNID May 2026,3,NOWSHERA,JEHANGIRA,SHAIDU,WHO,TTSP/TUSP,4,111111-11111-00
SNID May 2026,3,KHYBER,LANDI KOTAL,KHUGA KHEL,WHO,UCPO,3,111111-11111111
SNID May 2026,3,NOWSHERA,JEHANGIRA,SHAIDU,WHO,TTSP/TUSP,1,111111-11111000
SNID May 2026,3,NOWSHERA,PABBI,TARRU JABBA,Government,UCMO,5,111111-11111111
SNID May 2026,3,PESHAWAR,CITY,SUFAID DHERI,WHO,Independent Monitor,3,111111-11111111
SNID May 2026,3,PESHAWAR,SADDAR,AZAKHEL TELABAND,WHO,UCPO,4,111111-11111111
SNID May 2026,3,KHYBER,LANDI KOTAL,SULTAN KHEL A,WHO,TPO/ TDO,3,101101-11111111
SNID May 2026,3,PESHAWAR,SHAH ALAM,KHAZANA,WHO,UCPO,5,111111-11111101
SNID May 2026,3,NOWSHERA,PABBI,AMANKOT,Government,UCMO,2,111111-11111111
SNID May 2026,3,PESHAWAR,SADDAR,BADABER HUREZAI,Government,UCMO,7,111111-11111111
SNID May 2026,3,PESHAWAR,SHAH ALAM,GULBELA,WHO,UCPO,10,111111-11111100
SNID May 2026,3,PESHAWAR,SMT,HAZARKHWANI 1,WHO,District Polio Officer,2,111111-11111111
SNID May 2026,3,KHYBER,LANDI KOTAL,SULTAN KHEL A,WHO,UCPO,1,111111011111100
SNID May 2026,3,NOWSHERA,NOWSHERA,NOWSHERA CITY,WHO,TTSP/TUSP,1,111111-11111100
SNID May 2026,3,PESHAWAR,SHAH ALAM,JOGANI,WHO,UCPO,3,111111-11111100
SNID May 2026,3,NOWSHERA,PABBI,TURKMEN CAMP,Government,UCMO,2,111111-11111111
SNID May 2026,3,PESHAWAR,SMT,BHANA MARI,WHO,UCPO,1,111111-11111100
SNID May 2026,3,NOWSHERA,NOWSHERA,CHOCKI TOWN,WHO,TPO/ TDO,3,111111-11111111
SNID May 2026,3,PESHAWAR,SMT,AKHOON ABAD,WHO,TPO/ TDO,4,111111-11111111
SNID May 2026,3,PESHAWAR,SADDAR,SUREZAI BALA,Government,UCMO,1,111111-11111111
SNID May 2026,3,PESHAWAR,MATTANI,SARBAND,WHO,UCPO,2,111111-11111111
SNID May 2026,3,PESHAWAR,SMT,DEH BAHADAR,WHO,UCPO,4,111111-11111111
SNID May 2026,3,MOHMAND,PANDIALI,PANDIALI,Government,UCMO,5,111111-11111-00
SNID May 2026,3,PESHAWAR,CITY,HASAN GARHI 2,WHO,UCSP,4,111111-11111111
SNID May 2026,2,PESHAWAR,SHAH ALAM,LARAMA,WHO,UCPO,5,111111-11111111
SNID May 2026,3,NOWSHERA,NOWSHERA,RASHAKAI,Government,UCMO,5,111111-11111100
SNID May 2026,3,PESHAWAR,CITY,MEHAL TERAI 2,WHO,UCPO,9,111111-11111111
SNID May 2026,3,PESHAWAR,SHAH ALAM,KANIZA,WHO,UCPO,1,111111-11111111
SNID May 2026,3,PESHAWAR,SHAH ALAM,BUDHNI,WHO,UCPO,3,111111-11111111
SNID May 2026,3,NOWSHERA,NOWSHERA,BADRASHI,WHO,TTSP/TUSP,2,111111-11111100
SNID May 2026,2,KHYBER,LANDI KOTAL,TIRAH BAZAR B,Government,UCMO,180,111111-11111011
SNID May 2026,3,KHYBER,BARA,TAUDA CHEENA,WHO,UCPO,2,111111-11111-11
SNID May 2026,3,KHYBER,JAMRUD,SHAH KAS B,WHO,UCPO,4,111111-11111110
SNID May 2026,3,MOHMAND,EKKAGHUND,AQRAB DAG,UNICEF,CBO,5,111111-11111100
SNID May 2026,3,KHYBER,BARA,JANBAZ A,WHO,UCPO,28,111111-11111-11
SNID May 2026,3,KHYBER,BARA,MASTAK,Government,UCMO,8,111111111111111
SNID May 2026,3,NOWSHERA,PABBI,CHOKI MAMREZ,WHO,UCPO,4,111111-11111100
SNID May 2026,3,PESHAWAR,SHAH ALAM,CHAGARMATI,WHO,UCPO,3,111111-11111111
SNID May 2026,3,PESHAWAR,CITY,SUFAID DHERI,WHO,UCPO,14,111111-11111111
SNID May 2026,3,PESHAWAR,MATTANI,MATTANI,WHO,UCSP,4,111111-11111100
SNID May 2026,3,PESHAWAR,SHAH ALAM,GULBELA,WHO,TPO/ TDO,8,111111-11111111
SNID May 2026,3,PESHAWAR,MATTANI,MASHOGAGAR,WHO,Independent Monitor,2,111111-11111100
SNID May 2026,3,PESHAWAR,MATTANI,MASHOGAGAR,WHO,UCPO,2,111111-11111100
SNID May 2026,3,PESHAWAR,CITY,SUFAID DHERI,WHO,Independent Monitor,6,111111-11111111
SNID May 2026,3,PESHAWAR,SHAH ALAM,SAEEDABAD,WHO,UCPO,7,111111-11111111
SNID May 2026,3,PESHAWAR,SHAH ALAM,LARAMA,WHO,UCPO,7,111111-11111100
SNID May 2026,3,PESHAWAR,SHAH ALAM,JOGANI,WHO,UCPO,1,111111-11111111
SNID May 2026,1,PESHAWAR,SHAH ALAM,DAG,WHO,UCPO,2,111111-11111111
SNID May 2026,2,PESHAWAR,CITY,HAYAT ABAD 1,WHO,UCPO,11,111111-11111100
SNID May 2026,3,PESHAWAR,CITY,ASIA DABGARI,WHO,UCPO,1,111111-11111-11
SNID May 2026,3,PESHAWAR,SHAH ALAM,KANKOLA,WHO,UCPO,10,111111-11111110
SNID May 2026,2,KHYBER,JAMRUD,ALI MASJID A,N-STOP,District NSTOP Officer,1,111111-11111111
SNID May 2026,1,PESHAWAR,SHAH ALAM,DAG,WHO,UCPO,6,111111-11111111
SNID May 2026,3,PESHAWAR,CITY,PALOSI,WHO,UCPO,7,111111-11111111
SNID May 2026,2,PESHAWAR,SHAH ALAM,DAG,WHO,UCPO,3,111111-11111111
SNID May 2026,3,PESHAWAR,CITY,SIKANDAR TOWN,WHO,UCPO,4,111111-11111111
SNID May 2026,3,KHYBER,JAMRUD,ALI MASJID B,WHO,UCPO,2,111111-11111-00
SNID May 2026,3,PESHAWAR,CITY,SUFAID DHERI,UNICEF,CBO,15,111111-11111100
SNID May 2026,3,KHYBER,BARA,TAUDA CHEENA,WHO,UCPO,1,111111-11111-11
SNID May 2026,3,PESHAWAR,CITY,KHALSA 1,WHO,UCPO,1,111111-11111100
SNID May 2026,3,KHYBER,BARA,MASTAK,WHO,UCPO,5,111111-11111111
SNID May 2026,3,PESHAWAR,CITY,MEHAL TERAI 2,WHO,UCPO,1,111111-11111110
SNID May 2026,3,KHYBER,JAMRUD,LOWARA MIANA,WHO,UCPO,1,111111-11111-00
SNID May 2026,3,PESHAWAR,SADDAR,CHAMKANI,WHO,UCPO,6,111111-11111111
SNID May 2026,3,PESHAWAR,CITY,KARIM PURA,WHO,UCPO,1,111111-11111-11
SNID May 2026,3,KHYBER,JAMRUD,PAINDI LALMA,WHO,UCPO,3,111111-11111-11
SNID May 2026,3,PESHAWAR,SMT,HAZARKHWANI 2,WHO,UCSP,9,111111-11111111
SNID May 2026,3,NOWSHERA,PABBI,SHAKOT,Government,Area Incharge (AIC),6,111111011111111
SNID May 2026,3,NOWSHERA,JEHANGIRA,MERA AKORA,WHO,UCPO,4,111111-11111100
SNID May 2026,3,PESHAWAR,SMT,YAKATOOT 3,WHO,UCPO,1,111111-11111100
SNID May 2026,3,KHYBER,BARA,MASTAK,WHO,UCPO,2,111111-11111101
SNID May 2026,3,PESHAWAR,CITY,TEHKAL PAYAN 2 IRRIG,WHO,UCPO,4,111111-11111111
SNID May 2026,3,PESHAWAR,SMT,AKHOON ABAD,WHO,TPO/ TDO,3,111111-11111111
SNID May 2026,3,PESHAWAR,CITY,TEHKAL BALA,WHO,UCPO,3,111111-11111111
SNID May 2026,3,PESHAWAR,SHAH ALAM,GULBELA,WHO,UCPO,9,111111-11111100
SNID May 2026,3,PESHAWAR,SADDAR,AZAKHEL TELABAND,WHO,UCSP,7,111111-11111111
SNID May 2026,3,KHYBER,JAMRUD,MIA MORCHA,Government,UCMO,3,111111-11111-11
SNID May 2026,3,PESHAWAR,SMT,DEH BAHADAR,WHO,UCPO,9,111111-11111-11
SNID May 2026,3,PESHAWAR,CITY,GULBAHAR,WHO,UCSP,4,111111-11111111
SNID May 2026,3,PESHAWAR,SMT,HAZARKHWANI 2,WHO,UCPO,5,111111-11111111
SNID May 2026,3,PESHAWAR,CITY,TEHKAL BALA,WHO,UCPO,2,111111-11111-11
SNID May 2026,3,PESHAWAR,SMT,LANDI ARBAB,WHO,UCPO,1,111111-11111111
SNID May 2026,3,KHYBER,BARA,JANBAZ A,WHO,UCPO,4,111111-11111100
SNID May 2026,3,PESHAWAR,SHAH ALAM,KANIZA,WHO,UCPO,2,111111-11111-10
SNID May 2026,2,KHYBER,LANDI KOTAL,LOE SHALMAN B,UNICEF,CBO,1,111111-11111-00
SNID May 2026,3,NOWSHERA,PABBI,SHAKOT,Government,Area Incharge (AIC),6,111111011111111
SNID May 2026,3,PESHAWAR,CITY,REGI,WHO,UCPO,4,111111-11111100
SNID May 2026,3,KHYBER,LANDI KOTAL,STATION,WHO,UCPO,3,111111-11111111
SNID May 2026,3,PESHAWAR,SHAH ALAM,HARYANA PAYAN,WHO,UCPO,1,111111-11111110
SNID May 2026,3,PESHAWAR,SHAH ALAM,HARYANA PAYAN,WHO,UCPO,1,111111-11111100
SNID May 2026,3,PESHAWAR,CITY,SUFAID DHERI,N-STOP,Provincial Facilitator (N-STOP Officer- TSO),13,111111-11111100
SNID May 2026,3,PESHAWAR,CITY,HAYAT ABAD 2,UNICEF,CCO,8,111111-11111111
SNID May 2026,3,NOWSHERA,PABBI,PABBI,Government,UCMO,5,111111-11111100
SNID May 2026,3,PESHAWAR,MATTANI,SARBAND,WHO,UCPO,1,111111-11111100
SNID May 2026,3,NOWSHERA,NOWSHERA,KABUL RIVER,WHO,UCPO,6,111111-11111100
SNID May 2026,3,PESHAWAR,SADDAR,URMAR PAYAN,WHO,UCPO,2,111111-11111111
SNID May 2026,3,PESHAWAR,SMT,HAZARKHWANI 2,WHO,UCPO,7,111111-11111111
SNID May 2026,3,MOHMAND,HALEEMZAI,GHALLANAI,Other Partner (BMGF/CDC/RIZ/ROTARY etc),Federal/Provincial/District Facilitator,1,111111-11111-00
SNID May 2026,3,NOWSHERA,PABBI,BALU,WHO,TTSP/TUSP,4,111111-11111111
SNID May 2026,3,PESHAWAR,CITY,MEHAL TERAI 1,WHO,UCSP,3,111111011111111
SNID May 2026,3,PESHAWAR,SHAH ALAM,CHAGARMATI,WHO,UCPO,4,111111-11111111
SNID May 2026,2,PESHAWAR,MATTANI,PISHTAKHARA,WHO,UCPO,4,111111-11111100
SNID May 2026,3,MOHMAND,PARANG GHAAR,ASGHAR,UNICEF,CBO,1,111111-11111-00
SNID May 2026,3,PESHAWAR,SMT,DERI BAGHBANAN,WHO,UCPO,3,111111-11111111
SNID May 2026,3,PESHAWAR,SMT,HAZARKHWANI 2,WHO,UCSP,10,111111-11111111
SNID May 2026,3,KHYBER,BARA,AJAB TALAB,WHO,UCPO,6,111111-11111111
SNID May 2026,3,PESHAWAR,CITY,CANTT WARD 3,WHO,UCSP,1,111111-11111111
SNID May 2026,3,PESHAWAR,SHAH ALAM,DAG,WHO,UCPO,2,111111-11111111
SNID May 2026,3,PESHAWAR,CITY,TEHKAL BALA,WHO,UCPO,4,111111-11111111
SNID May 2026,3,PESHAWAR,SHAH ALAM,KANKOLA,WHO,UCPO,9,111111-11111111
SNID May 2026,3,PESHAWAR,SADDAR,BADABER MARYAMZAI,Government,UCMO,3,111111111111111
SNID May 2026,3,PESHAWAR,SHAH ALAM,KHAZANA,WHO,UCPO,8,111111-11111100
SNID May 2026,3,PESHAWAR,SHAH ALAM,SAEEDABAD,WHO,UCPO,5,111111-11111111
SNID May 2026,3,PESHAWAR,SHAH ALAM,WADPAGA,WHO,UCPO,6,111111-11111100
SNID May 2026,3,PESHAWAR,SHAH ALAM,MATHRA,WHO,UCPO,4,111111-11111111
SNID May 2026,3,PESHAWAR,SADDAR,URMAR BALA,WHO,UCPO,1,111111-10111100
SNID May 2026,3,PESHAWAR,MATTANI,MASHOGAGAR,WHO,UCPO,5,111101-11111100
SNID May 2026,3,PESHAWAR,CITY,GULBAHAR,UNICEF,CBO,2,111111-11111111
SNID May 2026,3,MOHMAND,PARANG GHAAR,NAO BUCHA,Government,UCMO,3,111111-11111100
SNID May 2026,3,PESHAWAR,SMT,LANDI ARBAB,UNICEF,CCO,3,111111-11111100
SNID May 2026,3,PESHAWAR,CITY,PALOSI,WHO,UCPO,6,111111-11111111
SNID May 2026,3,PESHAWAR,CITY,HAYAT ABAD 2,WHO,UCPO,12,111111-11111100
SNID May 2026,3,KHYBER,JAMRUD,SHAH KAS A,Government,UCMO,1,111111011111111
SNID May 2026,3,PESHAWAR,CITY,KHALSA 2,WHO,UCSP,3,111111-11111100
SNID May 2026,3,PESHAWAR,CITY,FAQIR ABAD,WHO,UCSP,2,111111-11111111
SNID May 2026,3,NOWSHERA,PABBI,AMANKOT,Government,UCMO,1,111111-11111111
SNID May 2026,3,PESHAWAR,SMT,SHAHEEN MUSLIM TWN1,WHO,UCPO,9,111111-11111100
SNID May 2026,3,PESHAWAR,CITY,CANTT WARD 2,WHO,UCSP,2,111111-11111-00
SNID May 2026,3,PESHAWAR,SHAH ALAM,WADPAGA,WHO,UCPO,9,111111-11111100
SNID May 2026,3,PESHAWAR,SHAH ALAM,GARHI SHER DAD,WHO,UCPO,1,111111-11111110
SNID May 2026,3,PESHAWAR,SADDAR,URMAR BALA,WHO,UCPO,17,111111-11111111
SNID May 2026,3,PESHAWAR,CITY,UNIVERSITY TOWN,WHO,UCPO,1,111111-111-1111
SNID May 2026,3,PESHAWAR,SMT,HAZARKHWANI 2,WHO,UCPO,8,111111-11111111
SNID May 2026,3,PESHAWAR,SHAH ALAM,HARYANA PAYAN,WHO,District Polio Officer,2,111111-11111111
SNID May 2026,3,PESHAWAR,CITY,SUFAID DHERI,WHO,UCPO,10,111111-11111111
SNID May 2026,3,PESHAWAR,CITY,CANTT WARD 3,WHO,UCSP,2,111111-11111111
SNID May 2026,3,KHYBER,LANDI KOTAL,KHUGA KHEL,WHO,UCPO,4,111111-11111111
SNID May 2026,3,PESHAWAR,SMT,SHAHEEN MUSLIM TWN2,WHO,UCPO,3,111111-11111111
SNID May 2026,3,NOWSHERA,NOWSHERA,AZAKHEL BALA,WHO,UCPO,2,111111-11111-11
SNID May 2026,3,NOWSHERA,NOWSHERA,RASHAKAI,Government,UCMO,6,111111-11111100
SNID May 2026,3,PESHAWAR,CITY,MEHAL TERAI 1,WHO,UCSP,2,111111-11111111
SNID May 2026,3,MOHMAND,SAFI LAKARO,MASOOD,Government,UCMO,1,111111-11111-11
SNID May 2026,3,PESHAWAR,SMT,NOTHIA JADEED,Government,UCMO,5,111111-11111111
SNID May 2026,3,PESHAWAR,CITY,TEHKAL BALA,WHO,UCPO,1,111111-11111111
SNID May 2026,3,PESHAWAR,SADDAR,MUSAZAI,WHO,Independent Monitor,5,111111-11110111
SNID May 2026,3,PESHAWAR,SMT,LANDI ARBAB,UNICEF,CCO,7,111111-11111111
SNID May 2026,3,NOWSHERA,NOWSHERA,PIRPAI,Government,UCMO,1,111111-11111101
SNID May 2026,3,PESHAWAR,CITY,SUFAID DHERI,N-STOP,Provincial Facilitator (N-STOP Officer- TSO),10,111011-11111111
SNID May 2026,3,PESHAWAR,CITY,SHAHI BAGH,Government,UCMO,2,111111-11111111
SNID May 2026,3,PESHAWAR,CITY,HASAN GARHI 2,N-STOP,District NSTOP Officer,5,111111-11111100
SNID May 2026,3,PESHAWAR,SADDAR,MUSAZAI,UNICEF,CBO,5,111111-11110100
SNID May 2026,3,PESHAWAR,CITY,HAYAT ABAD 1,WHO,UCPO,1,111111-11111100
SNID May 2026,3,PESHAWAR,SMT,HAZARKHWANI 2,WHO,UCPO,6,111111-11111111
SNID May 2026,3,PESHAWAR,CITY,LAHORI,WHO,Independent Monitor,1,111111-11111100
SNID May 2026,3,KHYBER,LANDI KOTAL,TIRAH BAZAR A,Government,UCMO,2,111111-11111-10
SNID May 2026,3,PESHAWAR,CITY,MEHAL TERAI 2,WHO,UCPO,6,111111-11111111
SNID May 2026,3,PESHAWAR,CITY,GULBAHAR,WHO,UCSP,2,111111-11111111
SNID May 2026,2,KHYBER,TIRAH MAIDAN,SERAY,WHO,UCPO,5,111111-11111-01
SNID May 2026,3,PESHAWAR,MATTANI,SULEMAN KHEIL,WHO,UCPO,1,111111-11111100
SNID May 2026,3,PESHAWAR,SMT,BHANA MARI,Government,UCMO,1,111111111111111
SNID May 2026,3,PESHAWAR,SMT,SHAHEEN MUSLIM TWN1,WHO,UCPO,1,111111-11111111
SNID May 2026,3,PESHAWAR,CITY,KHALSA 1,WHO,UCPO,2,111111-11111100
SNID May 2026,3,PESHAWAR,MATTANI,MASHOGAGAR,WHO,UCPO,6,111111-11111111
SNID May 2026,3,PESHAWAR,MATTANI,SHEIKH MOHAMMADI,WHO,UCPO,5,111111-11111100
SNID May 2026,3,PESHAWAR,MATTANI,BAZID KHEL,WHO,UCPO,5,111111-11111111
SNID May 2026,3,NOWSHERA,JEHANGIRA,MERA AKORA,WHO,UCPO,3,111111-11111100
SNID May 2026,3,PESHAWAR,SMT,YAKATOOT 2,WHO,District Polio Officer,1,111111-11111111
SNID May 2026,3,PESHAWAR,SHAH ALAM,LALA KALAY,WHO,UCPO,3,111111-11111111
SNID May 2026,3,PESHAWAR,CITY,KHALSA 2,WHO,UCPO,1,111111-11111111
SNID May 2026,3,NOWSHERA,JEHANGIRA,KHAIRABAD CAMP,WHO,TTSP/TUSP,1,111111111111-00
SNID May 2026,3,PESHAWAR,SHAH ALAM,GULBELA,WHO,TPO/ TDO,6,111111-11111100
SNID May 2026,3,NOWSHERA,JEHANGIRA,KHAIRABAD CAMP,WHO,TTSP/TUSP,2,111111-11111-00
SNID May 2026,3,NOWSHERA,NOWSHERA,NAWA KALY,Government,UCMO,4,111111-11111111
SNID May 2026,3,PESHAWAR,SADDAR,ADEZAI,WHO,UCPO,5,111111111111100
SNID May 2026,3,KHYBER,JAMRUD,NEW ABADI,WHO,TPO/ TDO,3,111111-11111111
SNID May 2026,3,PESHAWAR,SMT,NOTHIA JADEED,WHO,UCPO,3,111111-11111111
SNID May 2026,3,NOWSHERA,PABBI,KHAN SHER GARHI KHU,Government,Other (Specify),4,111111-11111111
SNID May 2026,3,KHYBER,LANDI KOTAL,MIRDAD KHEL,WHO,UCPO,7,111011-11111111
SNID May 2026,3,PESHAWAR,CITY,HASAN GARHI 2,N-STOP,District NSTOP Officer,1,111111-11111100
SNID May 2026,3,PESHAWAR,MATTANI,SARBAND,UNICEF,CBO,7,111111011111111
SNID May 2026,3,NOWSHERA,JEHANGIRA,JEHANGIRA,WHO,UCPO,2,111111-11111111
SNID May 2026,3,PESHAWAR,CITY,HAYAT ABAD 2,WHO,UCPO,18,111111-11111100
SNID May 2026,3,PESHAWAR,MATTANI,MASHOGAGAR,WHO,Independent Monitor,1,111111-11111100
SNID May 2026,3,PESHAWAR,MATTANI,MASHOGAGAR,WHO,UCPO,1,111111-11111100
SNID May 2026,3,PESHAWAR,CITY,KHALSA 1,WHO,UCPO,6,111111-11111111
SNID May 2026,3,PESHAWAR,CITY,KHALSA 1,WHO,UCPO,7,111111-11111111
SNID May 2026,3,KHYBER,BARA,GANDAO,WHO,UCPO,1,111111-111-1011
SNID May 2026,3,NOWSHERA,PABBI,CHOKI MAMREZ,WHO,UCPO,3,111111-11111110
SNID May 2026,3,PESHAWAR,CITY,HAYAT ABAD 2,WHO,UCPO,10,111111-11111111
SNID May 2026,3,PESHAWAR,SHAH ALAM,BUDHNI,WHO,UCPO,5,111111-11111111
SNID May 2026,3,PESHAWAR,SMT,NOTHIA QADEEM,WHO,UCPO,4,111111-11111111
SNID May 2026,3,PESHAWAR,MATTANI,MASHOGAGAR,WHO,UCPO,11,111111-11111100
SNID May 2026,3,PESHAWAR,MATTANI,SULEMAN KHEIL,WHO,UCPO,4,111111-11111100
SNID May 2026,3,PESHAWAR,MATTANI,BAZID KHEL,WHO,UCPO,6,111111-11111111
SNID May 2026,3,PESHAWAR,SADDAR,MUSAZAI,WHO,UCPO,6,111111111111101
SNID May 2026,3,PESHAWAR,CITY,MEHAL TERAI 2,WHO,UCPO,2,111111-11111111
SNID May 2026,3,NOWSHERA,PABBI,SPINKHAK,Government,UCMO,1,111111111111111
SNID May 2026,3,NOWSHERA,PABBI,SPINKHAK,Government,UCMO,4,111111111111111
SNID May 2026,3,PESHAWAR,SHAH ALAM,PANAM DHERI,WHO,Area Coordinator / District Coordinator,6,111111-11111111
SNID May 2026,3,KHYBER,BARA,GANDAO,WHO,UCPO,1,111111-11111100
SNID May 2026,3,KHYBER,LANDI KOTAL,PIROKHEL,WHO,UCPO,4,111111-11111111
SNID May 2026,3,PESHAWAR,SMT,SHAHEEN MUSLIM TWN1,WHO,UCPO,8,111111-11111111
SNID May 2026,3,KHYBER,JAMRUD,NEW ABADI,WHO,Independent Monitor,8,111111-11111111
SNID May 2026,2,PESHAWAR,MATTANI,SHEIKH MOHAMMADI,WHO,UCPO,2,111111-11111-11
SNID May 2026,3,PESHAWAR,CITY,HAYAT ABAD 2,WHO,UCPO,11,111111-11111111
SNID May 2026,3,PESHAWAR,SADDAR,URMAR BALA,WHO,UCPO,15,111111-11111111
SNID May 2026,3,PESHAWAR,MATTANI,SHEIKHAN,WHO,UCPO,2,111111-11111100
SNID May 2026,3,NOWSHERA,NOWSHERA,PIRPAI,Government,UCMO,2,111111-11111100
SNID May 2026,3,PESHAWAR,SHAH ALAM,PAKHA GHULAM,WHO,UCPO,6,111111-11111111
SNID May 2026,3,PESHAWAR,MATTANI,BAZID KHEL,UNICEF,CBO,7,111111-111-1111
SNID May 2026,3,PESHAWAR,CITY,MALAKANDHER,WHO,UCPO,17,111111-11111110
SNID May 2026,3,PESHAWAR,CITY,ANDERSHEHER,Government,UCMO,2,111111-11111111
SNID May 2026,3,PESHAWAR,SADDAR,URMAR BALA,WHO,UCPO,2,111111-11111100
SNID May 2026,3,NOWSHERA,NOWSHERA,DHERI KATTI KHEL,N-STOP,District NSTOP Officer,9,111111-11111100
SNID May 2026,3,PESHAWAR,SADDAR,MUSAZAI,WHO,Area Coordinator / District Coordinator,8,111111-11111111
SNID May 2026,3,PESHAWAR,SMT,DEH BAHADAR,WHO,UCPO,1,111111-11111111
SNID May 2026,3,NOWSHERA,NOWSHERA,KABUL RIVER,WHO,UCPO,7,111111-11111100
SNID May 2026,3,NOWSHERA,JEHANGIRA,JEHANGIRA,WHO,UCPO,1,111111-11111111
SNID May 2026,3,NOWSHERA,JEHANGIRA,SHAIDU,WHO,TTSP/TUSP,2,111111-11101000
SNID May 2026,3,PESHAWAR,SMT,DERI BAGHBANAN,WHO,UCPO,1,111111-11111111
SNID May 2026,3,PESHAWAR,SHAH ALAM,SHAHI BALA,WHO,UCPO,7,111111-11111111
SNID May 2026,3,NOWSHERA,NOWSHERA,DHERI KATTI KHEL,WHO,TTSP/TUSP,3,111111-11111111
SNID May 2026,3,PESHAWAR,SMT,BHANA MARI,WHO,UCPO,2,111111-11111100
SNID May 2026,3,PESHAWAR,SHAH ALAM,WADPAGA,WHO,UCPO,5,111111-11111100
SNID May 2026,3,NOWSHERA,NOWSHERA,AZAKHEL BALA,WHO,UCPO,3,111111-11111111
SNID May 2026,3,KHYBER,JAMRUD,SUR KAMAR,N-STOP,District NSTOP Officer,3,111111-11111100
SNID May 2026,3,PESHAWAR,MATTANI,ACHINI,WHO,UCPO,2,111111-11111100
SNID May 2026,3,PESHAWAR,SADDAR,CHAMKANI,WHO,UCPO,5,111111-11111111
SNID May 2026,3,MOHMAND,PANDIALI,PANDIALI,WHO,TPO/ TDO,2,111111-11111-00
SNID May 2026,3,PESHAWAR,SHAH ALAM,PANAM DHERI,WHO,UCPO,5,111111-11111111
SNID May 2026,3,PESHAWAR,SMT,HAZARKHWANI 2,WHO,District Polio Officer,8,111111-11111100
SNID May 2026,3,PESHAWAR,SMT,HAZARKHWANI 2,WHO,District Polio Officer,7,111111111111111
SNID May 2026,3,NOWSHERA,NOWSHERA,DHERI KATTI KHEL,N-STOP,District NSTOP Officer,8,111111-111-1111
SNID May 2026,3,KHYBER,JAMRUD,SUR KAMAR,N-STOP,District NSTOP Officer,3,111111-11111110
SNID May 2026,3,PESHAWAR,SADDAR,CHAMKANI,WHO,UCPO,8,111111-11111111
SNID May 2026,3,PESHAWAR,CITY,KHALSA 2,WHO,UCSP,7,111111-11111111
SNID May 2026,3,PESHAWAR,SMT,SHAHEEN MUSLIM TWN1,WHO,UCPO,2,111111-11111111
SNID May 2026,3,NOWSHERA,NOWSHERA,KHESHGI BALA,WHO,UCPO,3,111111-11111111
SNID May 2026,3,PESHAWAR,CITY,HASAN GARHI 2,N-STOP,District NSTOP Officer,4,111111-11111100
SNID May 2026,3,PESHAWAR,MATTANI,MATTANI,WHO,UCPO,1,111111-11111111
SNID May 2026,3,PESHAWAR,SHAH ALAM,DAG,WHO,UCPO,4,111111-11111111
SNID May 2026,3,NOWSHERA,NOWSHERA,RASHAKAI,UNICEF,CCO,2,111111-11111111
SNID May 2026,3,PESHAWAR,CITY,SUFAID DHERI,WHO,UCPO,5,111111-11111100
SNID May 2026,3,PESHAWAR,SMT,NOTHIA QADEEM,Government,UCMO,4,111111-11111111
SNID May 2026,3,PESHAWAR,SHAH ALAM,NAHAQI,WHO,UCPO,2,111111-11111111
SNID May 2026,3,PESHAWAR,SHAH ALAM,PANAM DHERI,WHO,UCPO,3,111111-11111100
SNID May 2026,3,PESHAWAR,CITY,HASAN GARHI 1,WHO,UCPO,7,111111-11111111
SNID May 2026,3,KHYBER,LANDI KOTAL,LOE SHALMAN A,WHO,UCPO,3,111111-11111-00
SNID May 2026,3,PESHAWAR,SMT,CANTT WARD 5,Government,UCMO,3,111111-11111111
SNID May 2026,3,NOWSHERA,NOWSHERA,AZAKHEL PAYAN,WHO,TTSP/TUSP,2,111111-11111111
SNID May 2026,3,PESHAWAR,CITY,MALAKANDHER,WHO,UCPO,14,111111-11111111
SNID May 2026,3,PESHAWAR,SMT,NOTHIA JADEED,WHO,UCPO,6,111111-11111111
SNID May 2026,3,NOWSHERA,NOWSHERA,PAHARI KATTI KHEL,WHO,UCSP,4,111111-11111100
SNID May 2026,3,PESHAWAR,SADDAR,URMAR MIANA,WHO,UCPO,4,111111-11111111
SNID May 2026,3,PESHAWAR,SADDAR,URMAR MIANA,WHO,UCPO,5,111111-11111111
SNID May 2026,3,KHYBER,LANDI KOTAL,TORKHAM,WHO,UCPO,1,111111-11111111
SNID May 2026,3,PESHAWAR,CITY,ANDERSHEHER,WHO,UCPO,1,111111-11111100
SNID May 2026,3,PESHAWAR,MATTANI,ACHINI,WHO,UCPO,1,111111-11111100
SNID May 2026,3,NOWSHERA,NOWSHERA,RASHAKAI,UNICEF,CCO,4,111111-11101000
SNID May 2026,3,PESHAWAR,SMT,BHANA MARI,WHO,UCPO,4,111111-11111111
SNID May 2026,3,PESHAWAR,CITY,TEHKAL PAYAN,WHO,UCPO,3,111111-11110100
SNID May 2026,3,PESHAWAR,SHAH ALAM,GARHI SHER DAD,WHO,UCPO,4,111111-11111111
SNID May 2026,3,NOWSHERA,NOWSHERA,RASHAKAI,UNICEF,CCO,5,111111-11111011
SNID May 2026,3,PESHAWAR,SHAH ALAM,KHAZANA,WHO,UCPO,2,111111-11111111
SNID May 2026,3,PESHAWAR,SHAH ALAM,KHAZANA,WHO,UCPO,1,111111-11111111
SNID May 2026,3,PESHAWAR,SMT,HAZARKHWANI 2,WHO,UCPO,3,111111-11111111
SNID May 2026,3,PESHAWAR,SADDAR,MUSAZAI,WHO,UCPO,7,111111-11111100
SNID May 2026,3,PESHAWAR,SADDAR,MARYAM ZAI,WHO,UCPO,3,111111-11111100
SNID May 2026,3,PESHAWAR,SMT,YAKATOOT 2,WHO,UCDO,1,111111-11111111
SNID May 2026,3,MOHMAND,SAFI LAKARO,SANDO KHEL,WHO,UCPO,2,111111-11111-00
SNID May 2026,3,MOHMAND,SAFI LAKARO,SANDO KHEL,WHO,UCPO,6,111111-11011-00
SNID May 2026,3,KHYBER,BARA,AJAB TALAB,WHO,UCPO,1,111011-11111100
SNID May 2026,3,PESHAWAR,CITY,KARIM PURA,WHO,UCPO,2,111111-11111111
SNID May 2026,3,MOHMAND,PARANG GHAAR,ASGHAR,WHO,TTSP/TUSP,3,111111-11111-11
SNID May 2026,3,PESHAWAR,SHAH ALAM,LARAMA,WHO,UCPO,4,111111-11111100
SNID May 2026,3,PESHAWAR,SHAH ALAM,MATHRA,WHO,UCPO,10,111111-11111100
SNID May 2026,2,PESHAWAR,SMT,HAZARKHWANI 2,WHO,UCPO,1,111111-11111111
SNID May 2026,3,PESHAWAR,SHAH ALAM,LALA KALAY,WHO,UCPO,4,111111-11111111
SNID May 2026,3,PESHAWAR,SMT,HAZARKHWANI 2,WHO,UCPO,4,111111-11111111
SNID May 2026,3,PESHAWAR,SHAH ALAM,PAKHA GHULAM,WHO,UCPO,7,111111-11111111
SNID May 2026,3,PESHAWAR,SHAH ALAM,LARAMA,WHO,UCPO,2,111111-11111100
SNID May 2026,3,PESHAWAR,CITY,MALAKANDHER,N-STOP,Provincial Facilitator (N-STOP Officer- TSO),10,111111-11111111
SNID May 2026,3,PESHAWAR,CITY,MALAKANDHER,N-STOP,Provincial Facilitator (N-STOP Officer- TSO),3,111111111111-11
SNID May 2026,3,PESHAWAR,SMT,AKHOON ABAD,WHO,Independent Monitor,4,111111-11101-00
SNID May 2026,3,MOHMAND,HALEEMZAI,KASSI,N-STOP,District NSTOP Officer,5,111111-11111111
SNID May 2026,3,MOHMAND,HALEEMZAI,KASSI,N-STOP,District NSTOP Officer,2,111111-11111-11
SNID May 2026,3,MOHMAND,SAFI LAKARO,LAKARO,Government,UCMO,3,111111-11111100
SNID May 2026,3,PESHAWAR,CITY,SHAHI BAGH,N-STOP,District NSTOP Officer,4,111111-11111100
SNID May 2026,3,PESHAWAR,CITY,MALAKANDHER,WHO,UCPO,3,111111-11111111
SNID May 2026,3,PESHAWAR,SHAH ALAM,PAJAGI,WHO,UCPO,3,111111-11111100
SNID May 2026,3,KHYBER,BARA,ABDULLAH JAN,Government,UCMO,3,111111-11111111
SNID May 2026,3,PESHAWAR,SHAH ALAM,HARYANA PAYAN,WHO,UCPO,9,111111-11111-00
SNID May 2026,3,PESHAWAR,SHAH ALAM,SAEEDABAD,WHO,UCPO,4,111111-11111111
SNID May 2026,3,PESHAWAR,CITY,PALOSI,WHO,UCPO,2,111111-11111111
SNID May 2026,3,PESHAWAR,CITY,HAYAT ABAD 1,WHO,UCPO,2,111111-11111100
SNID May 2026,3,PESHAWAR,SADDAR,BADABER HUREZAI,WHO,UCPO,7,111111-11111111
SNID May 2026,3,PESHAWAR,CITY,TEHKAL PAYAN 2 IRRIG,WHO,UCSP,3,111111-11111111
SNID May 2026,3,MOHMAND,PARANG GHAAR,NAO BUCHA,Government,UCMO,1,111111-11111-00
SNID May 2026,3,PESHAWAR,SMT,CANTT WARD 5,WHO,UCPO,2,111111-11111111
SNID May 2026,3,NOWSHERA,NOWSHERA,AZAKHEL PAYAN,WHO,TTSP/TUSP,1,111111-11111111
SNID May 2026,3,KHYBER,BARA,ABDULLAH JAN,UNICEF,CBO,3,111111-11111-00
SNID May 2026,3,NOWSHERA,NOWSHERA,NAWA KALY,WHO,UCPO,4,111111-11111110
SNID May 2026,3,NOWSHERA,NOWSHERA,NAWA KALY,WHO,UCPO,3,100101-11111100
SNID May 2026,3,KHYBER,JAMRUD,SUR KAMAR,WHO,UCPO,3,111111-11111100
SNID May 2026,3,PESHAWAR,SHAH ALAM,BUDHNI,WHO,UCPO,6,111111-11111111
SNID May 2026,3,MOHMAND,PARANG GHAAR,UMAR KHEL,WHO,UCPO,2,111111-11111-11
SNID May 2026,3,PESHAWAR,SMT,SHEIKH JUNAID ABAD,WHO,UCPO,1,111111-11111111
SNID May 2026,3,PESHAWAR,CITY,HAYAT ABAD 1,WHO,District Polio Officer,4,111111-11111111
SNID May 2026,3,PESHAWAR,SMT,BHANA MARI,WHO,UCPO,3,111111-11111111
SNID May 2026,3,PESHAWAR,CITY,MEHAL TERAI 1,WHO,UCPO,5,111111-11111111
SNID May 2026,3,PESHAWAR,CITY,HASAN GARHI 2,WHO,UCSP,3,111111-11111111
SNID May 2026,3,PESHAWAR,CITY,HASAN GARHI 1,WHO,Independent Monitor,7,111111-11111100
SNID May 2026,3,KHYBER,LANDI KOTAL,STATION,WHO,Independent Monitor,1,111011-11111111
SNID May 2026,3,PESHAWAR,CITY,HASAN GARHI 1,WHO,UCPO,7,111111011111111
SNID May 2026,3,KHYBER,JAMRUD,NEW ABADI,WHO,Independent Monitor,124,111111-11111111
SNID May 2026,3,KHYBER,LANDI KOTAL,STATION,WHO,Independent Monitor,1,111011-11111100
SNID May 2026,3,PESHAWAR,CITY,JEHANGIR PURA,WHO,UCPO,1,111111-11111100
SNID May 2026,3,NOWSHERA,NOWSHERA,CHOCKI TOWN,WHO,TPO/ TDO,1,111111-11111111
SNID May 2026,3,PESHAWAR,SMT,YAKATOOT 3,WHO,UCPO,2,111111-11111100
SNID May 2026,3,PESHAWAR,SHAH ALAM,MATHRA,WHO,UCPO,9,111111-11111100
SNID May 2026,3,PESHAWAR,CITY,LAHORI,WHO,Independent Monitor,2,111111-11111100
SNID May 2026,3,PESHAWAR,SADDAR,BADABER HUREZAI,WHO,UCPO,7,111111111111111
SNID May 2026,3,PESHAWAR,MATTANI,SHEIKH MOHAMMADI,WHO,UCPO,6,111111-11111100
SNID May 2026,3,PESHAWAR,CITY,REGI,WHO,UCPO,5,111111-11111100
SNID May 2026,3,PESHAWAR,SHAH ALAM,SHAHI BALA,WHO,UCPO,1,111111-11111111
SNID May 2026,3,PESHAWAR,SHAH ALAM,TUKHTABAD,WHO,UCPO,4,111111-11111100
SNID May 2026,3,MOHMAND,PARANG GHAAR,UMAR KHEL,Government,UCMO,4,111111011111011
SNID May 2026,3,MOHMAND,PARANG GHAAR,UMAR KHEL,Government,UCMO,4,111111011111011
SNID May 2026,3,PESHAWAR,SHAH ALAM,TUKHTABAD,WHO,UCPO,7,111111-11111100
SNID May 2026,3,KHYBER,LANDI KOTAL,KAM SHALMAN,WHO,UCPO,156,111111111111-10
SNID May 2026,3,MOHMAND,SAFI LAKARO,SAGAI,WHO,UCSP,2,111111-11111-11
SNID May 2026,3,NOWSHERA,PABBI,AMANKOT,WHO,TTSP/TUSP,4,111111-11101100
SNID May 2026,3,NOWSHERA,NOWSHERA,KABUL RIVER,WHO,UCPO,2,111111-11111100
SNID May 2026,3,PESHAWAR,CITY,PALOSI,WHO,UCPO,3,111111-11111111
SNID May 2026,3,PESHAWAR,SMT,SHEIKH JUNAID ABAD,WHO,UCPO,2,111111-11111111
SNID May 2026,3,PESHAWAR,SMT,SHEIKH JUNAID ABAD,WHO,District Polio Officer,1,111111-11111100
SNID May 2026,3,PESHAWAR,SHAH ALAM,HARYANA PAYAN,WHO,UCPO,6,111111-11111100
SNID May 2026,3,PESHAWAR,SHAH ALAM,HARYANA PAYAN,WHO,UCPO,5,111111-11111100
SNID May 2026,3,PESHAWAR,CITY,SUFAID DHERI,WHO,UCPO,2,111111-11111111
SNID May 2026,3,PESHAWAR,CITY,SUFAID DHERI,WHO,UCPO,3,111111-11111111
SNID May 2026,3,PESHAWAR,CITY,HASAN GARHI 1,WHO,Independent Monitor,6,111011-11111100
SNID May 2026,3,PESHAWAR,CITY,TEHKAL PAYAN 2 IRRIG,WHO,UCSP,3,111111-11111111
SNID May 2026,3,PESHAWAR,SMT,DEH BAHADAR,WHO,UCPO,12,111111-11111-00
SNID May 2026,3,PESHAWAR,SMT,DEH BAHADAR,WHO,UCPO,3,111111-11111111
SNID May 2026,3,PESHAWAR,CITY,PAWAKA,WHO,UCPO,2,111111-11111111
SNID May 2026,3,PESHAWAR,CITY,JEHANGIR PURA,WHO,UCPO,2,111111-11111100
SNID May 2026,3,NOWSHERA,NOWSHERA,PAHARI KATTI KHEL,Government,UCMO,3,111111-11111111
SNID May 2026,3,MOHMAND,PANDIALI,DANISHKOOL,WHO,District Polio Officer,1,111011-11111100
SNID May 2026,3,PESHAWAR,SMT,DERI BAGHBANAN,WHO,Independent Monitor,2,111111111111111
SNID May 2026,3,PESHAWAR,SMT,DERI BAGHBANAN,WHO,Independent Monitor,4,111111-11111111
SNID May 2026,3,NOWSHERA,PABBI,JALOZAI,WHO,TTSP/TUSP,7,111111-11111111
SNID May 2026,3,PESHAWAR,CITY,HASAN GARHI 1,WHO,Provincial Facilitator (M&E- Campaign- HRMP- EPI-PEI Syn- Training etc),6,111111-11111111
SNID May 2026,3,PESHAWAR,CITY,HASAN GARHI 2,WHO,UCPO,1,111111-11111111
SNID May 2026,3,PESHAWAR,CITY,HASAN GARHI 2,WHO,UCPO,2,111111-11111111
SNID May 2026,3,PESHAWAR,CITY,UNIVERSITY TOWN,WHO,UCPO,3,111111-11111100
SNID May 2026,3,PESHAWAR,CITY,UNIVERSITY TOWN,WHO,UCPO,4,111111-11111100
SNID May 2026,6,PESHAWAR,CITY,KAKSHAL,WHO,UCPO,4,111111-11111100
SNID May 2026,3,PESHAWAR,MATTANI,PISHTAKHARA,WHO,UCPO,1,111111-11111100
SNID May 2026,3,KHYBER,JAMRUD,NEW ABADI,WHO,UCPO,3,111111-11111101
SNID May 2026,3,PESHAWAR,CITY,KAKSHAL,WHO,UCPO,3,111111-11111100
SNID May 2026,3,PESHAWAR,SADDAR,MERA KACHORI,WHO,UCPO,4,111111-11111100
SNID May 2026,3,PESHAWAR,SMT,AKHOON ABAD,WHO,UCPO,1,111111-11111111
SNID May 2026,3,PESHAWAR,SMT,AKHOON ABAD,WHO,UCPO,4,111111-11111111
SNID May 2026,3,MOHMAND,KHAWEZAI,KHADI KHEL,Government,UCMO,1,111111-11111100
SNID May 2026,3,MOHMAND,KHAWEZAI,KHADI KHEL,Government,UCMO,2,111111-11111100
SNID May 2026,3,PESHAWAR,MATTANI,MATTANI,WHO,UCPO,2,111111-11111111
SNID May 2026,3,PESHAWAR,SMT,SHAHEEN MUSLIM TWN2,WHO,UCPO,2,111111-11111111
SNID May 2026,3,MOHMAND,PARANG GHAAR,ASGHAR,Government,UCMO,1,111111-11111111
SNID May 2026,3,MOHMAND,PARANG GHAAR,ASGHAR,Government,UCMO,3,111111-11111-11
SNID May 2026,3,PESHAWAR,SMT,HAZARKHWANI 2,WHO,UCPO,3,111111111111111
SNID May 2026,3,PESHAWAR,MATTANI,ACHINI,WHO,UCPO,6,111111111111100
SNID May 2026,3,PESHAWAR,MATTANI,ACHINI,WHO,UCPO,7,111111111111111
SNID May 2026,3,PESHAWAR,CITY,KHALSA 2,WHO,UCPO,7,111111-11111110
SNID May 2026,3,PESHAWAR,CITY,CANTT WARD 1,WHO,UCPO,3,111111-11111-11
SNID May 2026,3,NOWSHERA,JEHANGIRA,JEHANGIRA,Government,UCMO,1,111111111111111
SNID May 2026,3,NOWSHERA,JEHANGIRA,JEHANGIRA,Government,UCMO,2,111111111111111
SNID May 2026,3,NOWSHERA,PABBI,MOHIB BANDA,WHO,Independent Monitor,1,100101-11111100
SNID May 2026,3,PESHAWAR,SHAH ALAM,LARAMA,WHO,UCPO,1,111111-11111101
SNID May 2026,3,PESHAWAR,CITY,HAYAT ABAD 2,WHO,UCPO,17,111111-11111100
SNID May 2026,3,NOWSHERA,PABBI,MOHIB BANDA,WHO,Independent Monitor,6,111100-01110100
SNID May 2026,3,PESHAWAR,SADDAR,URMAR MIANA,WHO,UCDO,4,111111-11111111
SNID May 2026,3,PESHAWAR,SADDAR,URMAR MIANA,WHO,UCPO,6,111111-11111111
SNID May 2026,3,PESHAWAR,CITY,CANTT WARD 4,WHO,UCPO,1,111111-11111100
SNID May 2026,3,PESHAWAR,SHAH ALAM,PANAM DHERI,WHO,UCPO,4,111111-11111100
SNID May 2026,3,KHYBER,LANDI KOTAL,TIRAH BAZAR B,Government,UCMO,177,111111-11111011
SNID May 2026,3,KHYBER,LANDI KOTAL,LOE SHALMAN B,WHO,UCPO,3,111111-11111-11
SNID May 2026,3,PESHAWAR,MATTANI,MATTANI,WHO,UCSP,3,111111-11111111
SNID May 2026,3,PESHAWAR,SMT,AKHOON ABAD,WHO,Independent Monitor,3,111111-11111100
SNID May 2026,3,PESHAWAR,MATTANI,BAZID KHEL,WHO,UCPO,7,111111-11111111
SNID May 2026,2,PESHAWAR,CITY,HAYAT ABAD 2,WHO,UCPO,13,111111-11111100
SNID May 2026,3,PESHAWAR,SADDAR,SHERAKERA,WHO,UCPO,4,111111-11111100
SNID May 2026,3,PESHAWAR,SADDAR,SHERAKERA,WHO,UCPO,3,111110-11101100
SNID May 2026,3,PESHAWAR,MATTANI,BAZID KHEL,WHO,UCPO,2,111111-11111111
SNID May 2026,3,KHYBER,JAMRUD,TIDI BAZAR,N-STOP,District NSTOP Officer,1,111111-11111111
SNID May 2026,3,PESHAWAR,CITY,GUNJ,WHO,UCPO,1,111111-11111111
SNID May 2026,3,PESHAWAR,SHAH ALAM,BUDHNI,WHO,UCPO,3,111111-11111111
SNID May 2026,3,PESHAWAR,SMT,DEH BAHADAR,UNICEF,Provincial Facilitator (Health Specialists/Officers- Communication- SBC Specialists/Officers-VMO- M and E Officer- Media Specialist- Provincial Communication Officer-Training etc),9,111110-11110111
SNID May 2026,3,KHYBER,JAMRUD,PAINDI LALMA,WHO,UCPO,2,111111-11111-00
SNID May 2026,3,PESHAWAR,SMT,DEH BAHADAR,UNICEF,Provincial Facilitator (Health Specialists/Officers- Communication- SBC Specialists/Officers-VMO- M and E Officer- Media Specialist- Provincial Communication Officer-Training etc),5,110101-11111100
SNID May 2026,3,NOWSHERA,NOWSHERA,RASHAKAI,WHO,TTSP/TUSP,5,111111-11111111
SNID May 2026,3,KHYBER,LANDI KOTAL,STATION,WHO,UCPO,2,111111-11111111
SNID May 2026,3,PESHAWAR,SMT,DEH BAHADAR,UNICEF,Provincial Facilitator (Health Specialists/Officers- Communication- SBC Specialists/Officers-VMO- M and E Officer- Media Specialist- Provincial Communication Officer-Training etc),6,111111-11111111
SNID May 2026,3,MOHMAND,HALEEMZAI,GHALLANAI,UNICEF,CCO,5,111111-11111-00
SNID May 2026,3,MOHMAND,HALEEMZAI,GHALLANAI,UNICEF,CCO,4,111111-11111-00
SNID May 2026,3,PESHAWAR,SMT,SHAHEEN MUSLIM TWN1,WHO,UCPO,4,111111-11111111
SNID May 2026,3,NOWSHERA,NOWSHERA,GANDHERI,WHO,UCPO,8,111111-11111100
SNID May 2026,3,PESHAWAR,CITY,SHAHEEN TOWN,WHO,UCPO,5,111111-11111111
SNID May 2026,3,PESHAWAR,CITY,SHAHEEN TOWN,WHO,UCPO,6,111111-11111111
SNID May 2026,3,NOWSHERA,NOWSHERA,NAWA KALY,Government,UCMO,3,111111-11111111
SNID May 2026,3,PESHAWAR,SADDAR,AZAKHEL TELABAND,WHO,UCSP,6,111111-11111111
SNID May 2026,3,KHYBER,BARA,AJAB TALAB,WHO,TPO/ TDO,3,111111-11111111
SNID May 2026,3,KHYBER,LANDI KOTAL,TIRAH BAZAR B,WHO,UCPO,3,111111-11111-00
SNID May 2026,3,PESHAWAR,SHAH ALAM,KANKOLA,WHO,UCPO,7,111111-11111101
SNID May 2026,1,KHYBER,TIRAH MAIDAN,PAGDARA,WHO,UCPO,6,111111-11111-11
SNID May 2026,3,NOWSHERA,NOWSHERA,GANDHERI,WHO,Provincial Facilitator (M&E- Campaign- HRMP- EPI-PEI Syn- Training etc),4,111101-11111100
SNID May 2026,2,NOWSHERA,PABBI,KURVI,WHO,Independent Monitor,1,101111-11111000
SNID May 2026,3,MOHMAND,HALEEMZAI,KAMALI,WHO,UCSP,5,111111-11111111
SNID May 2026,3,PESHAWAR,CITY,FAQIR ABAD,WHO,UCPO,1,111111-11111111
SNID May 2026,3,KHYBER,LANDI KOTAL,LOE SHALMAN B,WHO,UCPO,5,111111-11111-00
SNID May 2026,3,KHYBER,LANDI KOTAL,KARAMNA,WHO,UCPO,2,111111-11111100
SNID May 2026,3,MOHMAND,KHAWEZAI,JUMA KHEL,WHO,TPO/ TDO,2,111111-11101-00
SNID May 2026,3,NOWSHERA,NOWSHERA,KHESHGI PAYAN,WHO,Independent Monitor,4,111111-11111111
SNID May 2026,3,NOWSHERA,NOWSHERA,KHESHGI PAYAN,WHO,Independent Monitor,4,111101-11111111
SNID May 2026,3,PESHAWAR,SADDAR,ADEZAI,WHO,UCPO,3,111111-11111100
SNID May 2026,1,PESHAWAR,SADDAR,ADEZAI,WHO,UCPO,1,111111-11111100
SNID May 2026,1,PESHAWAR,SADDAR,ADEZAI,WHO,UCPO,5,111111-11111100
SNID May 2026,1,KHYBER,TIRAH MAIDAN,PAGDARA,WHO,UCPO,2,111111-11111-11
SNID May 2026,2,PESHAWAR,SADDAR,ADEZAI,WHO,UCPO,3,111111111111100
SNID May 2026,3,PESHAWAR,CITY,HASAN GARHI 2,WHO,Independent Monitor,6,000000-000-0-00
SNID May 2026,3,PESHAWAR,CITY,HASAN GARHI 2,WHO,Independent Monitor,9,111111-11111111
SNID May 2026,3,PESHAWAR,SADDAR,MERA SUREZAI PAYAN,WHO,UCPO,1,111111-11111100
SNID May 2026,3,PESHAWAR,SADDAR,MERA SUREZAI PAYAN,WHO,UCPO,4,111111-11111100
SNID May 2026,3,PESHAWAR,SHAH ALAM,HARYANA PAYAN,WHO,District Polio Officer,4,111111-11111111
SNID May 2026,3,PESHAWAR,SHAH ALAM,HARYANA PAYAN,WHO,District Polio Officer,2,111111-11111111
SNID May 2026,3,PESHAWAR,SADDAR,SUREZAI BALA,WHO,UCPO,1,111111-11111111
SNID May 2026,3,PESHAWAR,SADDAR,SUREZAI BALA,WHO,UCPO,2,111111-11111111
SNID May 2026,3,MOHMAND,KHAWEZAI,JUMA KHEL,Government,UCMO,3,111111-11111-00
SNID May 2026,3,PESHAWAR,CITY,LAHORI,WHO,UCPO,1,111111-11111100
SNID May 2026,3,PESHAWAR,CITY,LAHORI,WHO,UCPO,2,111111-11111100
SNID May 2026,3,PESHAWAR,CITY,HAYAT ABAD 1,WHO,UCPO,8,111111-11111111
SNID May 2026,1,PESHAWAR,CITY,HAYAT ABAD 1,WHO,UCPO,9,111111-11111111
SNID May 2026,1,PESHAWAR,CITY,HAYAT ABAD 1,WHO,UCPO,10,111111-11111111
SNID May 2026,2,PESHAWAR,CITY,HAYAT ABAD 1,WHO,UCPO,3,111111-11111111
SNID May 2026,3,PESHAWAR,SHAH ALAM,LALA KALAY,WHO,UCSP,5,111111-11111111
SNID May 2026,3,PESHAWAR,SHAH ALAM,LALA KALAY,WHO,UCSP,3,111111-11111111
SNID May 2026,3,PESHAWAR,SMT,WAZIR BAGH,WHO,UCSP,1,111111-11111111
SNID May 2026,3,PESHAWAR,SMT,WAZIR BAGH,WHO,UCSP,2,111111-11111111
SNID May 2026,3,PESHAWAR,CITY,FAQIR ABAD,WHO,UCPO,2,111111-11111111
SNID May 2026,3,PESHAWAR,SMT,LANDI ARBAB,WHO,UCPO,3,111111-11111100
SNID May 2026,3,PESHAWAR,SMT,LANDI ARBAB,WHO,UCPO,7,111111-11111100
SNID May 2026,2,KHYBER,LANDI KOTAL,MIRDAD KHEL,WHO,UCPO,1,111111-11111111
SNID May 2026,3,NOWSHERA,JEHANGIRA,MISRI BANDA,WHO,Independent Monitor,3,111111-111-1-00
SNID May 2026,3,KHYBER,LANDI KOTAL,MIRDAD KHEL,WHO,UCPO,4,111111-11111-11
SNID May 2026,3,PESHAWAR,CITY,TEHKAL PAYAN,WHO,UCPO,2,111111-11111100
SNID May 2026,3,PESHAWAR,CITY,TEHKAL PAYAN,WHO,UCPO,1,111111-11111100
SNID May 2026,3,PESHAWAR,CITY,TEHKAL PAYAN,WHO,UCPO,2,111111-11111100
SNID May 2026,3,KHYBER,JAMRUD,SUR KAMAR,WHO,Independent Monitor,4,111011-11111100
SNID May 2026,3,KHYBER,JAMRUD,SUR KAMAR,WHO,Independent Monitor,3,111011-11111100
SNID May 2026,3,PESHAWAR,SHAH ALAM,MATHRA,WHO,UCPO,5,111111-11111100
SNID May 2026,3,PESHAWAR,SHAH ALAM,MATHRA,WHO,UCPO,6,111111-11111111
SNID May 2026,3,PESHAWAR,MATTANI,SULEMAN KHEIL,WHO,UCPO,3,111111-11111111
SNID May 2026,3,PESHAWAR,MATTANI,SULEMAN KHEIL,WHO,UCPO,5,111111-11111111
SNID May 2026,3,NOWSHERA,NOWSHERA,KHESHGI PAYAN,WHO,District Polio Officer,1,111111-11111110
SNID May 2026,3,NOWSHERA,NOWSHERA,KHESHGI PAYAN,WHO,District Polio Officer,6,111111-11111100
SNID May 2026,3,PESHAWAR,SHAH ALAM,KANIZA,WHO,UCPO,4,111111-11111111
SNID May 2026,3,PESHAWAR,SHAH ALAM,KANIZA,WHO,UCPO,7,111111-11111111
SNID May 2026,3,PESHAWAR,SHAH ALAM,MATHRA,WHO,UCPO,3,111111-11111111
SNID May 2026,3,PESHAWAR,CITY,MALAKANDHER,WHO,UCSP,2,111111-11111111
SNID May 2026,3,PESHAWAR,CITY,MALAKANDHER,WHO,UCSP,1,111111-11111111
SNID May 2026,3,PESHAWAR,CITY,SHAHEEN TOWN,WHO,UCPO,1,111111-11111111
SNID May 2026,3,PESHAWAR,SADDAR,BADABER HUREZAI,WHO,UCPO,3,111111-11111111
SNID May 2026,3,PESHAWAR,SADDAR,BADABER HUREZAI,WHO,UCPO,5,111111-11111111
SNID May 2026,1,KHYBER,TIRAH MAIDAN,SERAY,WHO,UCPO,3,111111-11111-00
SNID May 2026,4,KHYBER,JAMRUD,NEW ABADI,Government,UCMO,119,111111-11111111
SNID May 2026,4,PESHAWAR,SHAH ALAM,LALA KALAY,WHO,UCPO,6,111111-11111111
SNID May 2026,4,KHYBER,JAMRUD,MIA MORCHA,WHO,UCPO,3,111111-11111111
SNID May 2026,1,KHYBER,BARA,SRA CHEENA,Government,UCMO,2,111111-11111110
SNID May 2026,4,PESHAWAR,SHAH ALAM,GULBELA,WHO,UCPO,5,111111-11111100
SNID May 2026,4,KHYBER,BARA,TAUDA CHEENA,WHO,UCPO,1,111111-11111111
SNID May 2026,4,KHYBER,JAMRUD,NEW ABADI,WHO,UCPO,2,111111-11111100
SNID May 2026,4,NOWSHERA,PABBI,TARRU JABBA,Government,UCMO,2,111111-11111111
SNID May 2026,4,PESHAWAR,MATTANI,SULEMAN KHEIL,WHO,UCPO,5,111111-11111100
SNID May 2026,4,PESHAWAR,CITY,ASIA DABGARI,WHO,UCPO,3,111111-111-1-11
SNID May 2026,3,PESHAWAR,SADDAR,BADABER MARYAMZAI,WHO,UCPO,2,111111-11111100
SNID May 2026,4,MOHMAND,PARANG GHAAR,NAO BUCHA,Government,UCMO,1,111111-11111-11
SNID May 2026,4,PESHAWAR,SHAH ALAM,CHAGARMATI,WHO,UCPO,5,111111-11111111
SNID May 2026,4,NOWSHERA,PABBI,CHOKI MAMREZ,WHO,UCPO,5,111111-11111100
SNID May 2026,4,PESHAWAR,CITY,PAWAKA,WHO,UCPO,4,111111-11111100
SNID May 2026,4,PESHAWAR,SADDAR,URMAR BALA,WHO,UCPO,18,111111-11111111
SNID May 2026,4,PESHAWAR,SADDAR,AZAKHEL TELABAND,WHO,UCSP,4,111111-11111111
SNID May 2026,4,KHYBER,LANDI KOTAL,SULTAN KHEL A,WHO,UCPO,1,101111011111100
SNID May 2026,4,PESHAWAR,SHAH ALAM,JOGANI,WHO,UCPO,3,111111-11111100
SNID May 2026,4,KHYBER,JAMRUD,LOWARA MIANA,WHO,UCPO,1,111111-11111-11
SNID May 2026,4,PESHAWAR,CITY,CANTT WARD 2,Government,UCMO,1,111111011111-00
SNID May 2026,4,KHYBER,BARA,JANBAZ A,WHO,UCPO,10,111111-11111111
SNID May 2026,4,PESHAWAR,SHAH ALAM,BUDHNI,WHO,UCPO,6,111111111111111
SNID May 2026,4,MOHMAND,PANDIALI,PANDIALI,Government,UCMO,3,111111-111-1-00
SNID May 2026,4,PESHAWAR,SMT,BHANA MARI,WHO,UCPO,4,111111-11111100
SNID May 2026,4,NOWSHERA,PABBI,TARRU JABBA,Government,UCMO,1,111111-11111111
SNID May 2026,4,PESHAWAR,CITY,MEHAL TERAI 2,WHO,UCPO,8,111111-11111111
SNID May 2026,4,PESHAWAR,CITY,SUFAID DHERI,WHO,UCPO,11,111111-11111111
SNID May 2026,4,KHYBER,JAMRUD,SHAH KAS A,WHO,UCPO,1,111111-11111111
SNID May 2026,4,MOHMAND,SAFI LAKARO,LAKARO,Government,UCMO,3,111111-11111100
SNID May 2026,4,PESHAWAR,SHAH ALAM,KHAZANA,WHO,UCPO,9,111111-11111110
SNID May 2026,4,PESHAWAR,CITY,MEHAL TERAI 2,WHO,UCPO,4,111111-11111111
SNID May 2026,4,NOWSHERA,JEHANGIRA,AKORA KHATTAK,N-STOP,District NSTOP Officer,1,111111-11111111
SNID May 2026,4,KHYBER,LANDI KOTAL,SULTAN KHEL B,WHO,UCPO,6,111111-11111111
SNID May 2026,4,PESHAWAR,SADDAR,ADEZAI,WHO,District Polio Officer,6,111111-11111111
SNID May 2026,4,KHYBER,LANDI KOTAL,KHUGA KHEL,WHO,UCPO,5,111111-11111111
SNID May 2026,4,KHYBER,BARA,TAUDA CHEENA,WHO,UCPO,2,111111-11111-11
SNID May 2026,4,PESHAWAR,SADDAR,URMAR PAYAN,WHO,UCPO,4,111111-11111111
SNID May 2026,4,PESHAWAR,SADDAR,AZAKHEL TELABAND,WHO,UCPO,2,111111-11111111
SNID May 2026,4,PESHAWAR,SADDAR,MARYAM ZAI,WHO,UCPO,3,111111-11101000
SNID May 2026,4,PESHAWAR,MATTANI,PISHTAKHARA,WHO,Independent Monitor,6,111111-11111111
SNID May 2026,4,KHYBER,LANDI KOTAL,STATION,UNICEF,CCO,2,111111-11111-11
SNID May 2026,4,MOHMAND,SAFI LAKARO,LAKARO,Government,UCMO,2,111111-11111100
SNID May 2026,4,MOHMAND,SAFI LAKARO,LAKARO,Government,UCMO,1,111111-11111100
SNID May 2026,4,KHYBER,JAMRUD,SHAH KAS B,WHO,UCPO,3,111111-11111110
SNID May 2026,4,PESHAWAR,SADDAR,SUREZAI BALA,Government,UCMO,1,111111-11111111
SNID May 2026,4,KHYBER,JAMRUD,SHAH KAS B,N-STOP,District NSTOP Officer,4,111111-11111100
SNID May 2026,4,PESHAWAR,SADDAR,CHAMKANI,WHO,UCPO,3,111111-11111111
SNID May 2026,3,PESHAWAR,SMT,YAKATOOT 3,WHO,UCSP,2,111111-11111100
SNID May 2026,4,PESHAWAR,SHAH ALAM,SHAHI BALA,WHO,Area Coordinator / District Coordinator,1,111111-11111111
SNID May 2026,4,KHYBER,JAMRUD,SHAH KAS B,N-STOP,District NSTOP Officer,4,111111-11111100
SNID May 2026,4,PESHAWAR,SHAH ALAM,SAEEDABAD,WHO,UCPO,6,111111-11111111
SNID May 2026,4,PESHAWAR,SMT,YAKATOOT 3,WHO,UCSP,1,111111-11111100
SNID May 2026,4,PESHAWAR,SHAH ALAM,JOGANI,WHO,UCPO,5,111111-11111111
SNID May 2026,4,PESHAWAR,SHAH ALAM,DAG,WHO,UCPO,2,111111-11111111
SNID May 2026,4,PESHAWAR,MATTANI,SARBAND,WHO,UCPO,6,111111-11111111
SNID May 2026,4,KHYBER,BARA,JANBAZ A,WHO,UCPO,4,111111-11111-11
SNID May 2026,4,PESHAWAR,SMT,NOTHIA QADEEM,WHO,UCPO,2,111111-11111111
SNID May 2026,4,PESHAWAR,SHAH ALAM,KANKOLA,WHO,UCPO,3,111111-11111111
SNID May 2026,4,NOWSHERA,PABBI,CHOKI MAMREZ,WHO,UCPO,1,111111-11111110
SNID May 2026,4,PESHAWAR,CITY,GULBAHAR,WHO,UCSP,1,111111-11111111
SNID May 2026,4,PESHAWAR,SMT,SHEIKH JUNAID ABAD,WHO,UCPO,1,111111-11111111
SNID May 2026,4,PESHAWAR,CITY,SUFAID DHERI,UNICEF,CBO,9,111111-11111100
SNID May 2026,4,PESHAWAR,SMT,AKHOON ABAD,WHO,UCPO,4,111111-11111111
SNID May 2026,4,KHYBER,LANDI KOTAL,SULTAN KHEL A,WHO,TPO/ TDO,3,100101-11111111
SNID May 2026,4,NOWSHERA,PABBI,TARRU JABBA,Government,UCMO,3,111111-11111111
SNID May 2026,4,PESHAWAR,SADDAR,ADEZAI,WHO,UCPO,2,111111111111100
SNID May 2026,4,PESHAWAR,MATTANI,MATTANI,WHO,UCSP,6,111111-11111111
SNID May 2026,4,PESHAWAR,MATTANI,MASHOGAGAR,WHO,UCPO,5,111111-11111100
SNID May 2026,4,PESHAWAR,CITY,MEHAL TERAI 2,WHO,UCPO,3,111111-11111111
SNID May 2026,4,PESHAWAR,CITY,TEHKAL PAYAN 2 IRRIG,WHO,UCSP,1,111111-11111111
SNID May 2026,4,PESHAWAR,SMT,SHAHEEN MUSLIM TWN2,WHO,UCPO,2,111111-11111111
SNID May 2026,4,PESHAWAR,CITY,PALOSI,WHO,UCPO,2,111111-11111101
SNID May 2026,4,PESHAWAR,SADDAR,BADABER HUREZAI,WHO,UCPO,2,111111-11111111
SNID May 2026,4,KHYBER,LANDI KOTAL,SULTAN KHEL A,Government,UCMO,1,111111-11111111
SNID May 2026,4,PESHAWAR,SADDAR,AZAKHEL TELABAND,UNICEF,CBO,5,111111-11111111
SNID May 2026,4,PESHAWAR,CITY,KHALSA 1,WHO,UCPO,5,111111-11111100
SNID May 2026,4,KHYBER,BARA,MASTAK,WHO,UCPO,6,111111-11111-00
SNID May 2026,4,PESHAWAR,CITY,REGI,WHO,UCPO,2,111111-11111100
SNID May 2026,4,PESHAWAR,SMT,NOTHIA QADEEM,Government,UCMO,2,111111-11111111
SNID May 2026,4,PESHAWAR,SMT,BHANA MARI,WHO,UCPO,1,111111-11111111
SNID May 2026,4,PESHAWAR,SADDAR,BADABER MARYAMZAI,WHO,UCPO,3,111111-11111100
SNID May 2026,4,PESHAWAR,SADDAR,ADEZAI,WHO,UCPO,3,111111-11111111
SNID May 2026,4,PESHAWAR,CITY,MALAKANDHER,WHO,UCPO,9,111111-11111110
SNID May 2026,3,PESHAWAR,SADDAR,ADEZAI,Government,Area Incharge (AIC),4,111111-11111111
SNID May 2026,4,KHYBER,JAMRUD,MIA MORCHA,Government,UCMO,3,111111-11111-00
SNID May 2026,4,PESHAWAR,SHAH ALAM,LARAMA,WHO,UCPO,7,111111-11111100
SNID May 2026,1,KHYBER,BARA,SRA CHEENA,Government,UCMO,5,111111-11111101
SNID May 2026,4,PESHAWAR,SHAH ALAM,LALA KALAY,WHO,UCPO,7,111111-11111111
SNID May 2026,4,PESHAWAR,SMT,SHEIKH JUNAID ABAD,WHO,UCPO,2,111111-11111111
SNID May 2026,4,PESHAWAR,CITY,KHALSA 1,WHO,UCPO,3,111111-11111100
SNID May 2026,3,KHYBER,BARA,FORT SLOPE,WHO,TPO/ TDO,1,111111-111-1111
SNID May 2026,4,KHYBER,JAMRUD,ALI MASJID B,WHO,UCPO,1,111111-11111111
SNID May 2026,4,PESHAWAR,SADDAR,BADABER HUREZAI,WHO,UCPO,7,111111-11111111
SNID May 2026,4,PESHAWAR,SMT,SHAHEEN MUSLIM TWN1,WHO,TPO/ TDO,3,111111-11111111
SNID May 2026,4,PESHAWAR,MATTANI,BAZID KHEL,WHO,UCPO,2,111111-11111111
SNID May 2026,4,KHYBER,JAMRUD,ALI MASJID A,WHO,UCPO,4,111111-11111111
SNID May 2026,4,PESHAWAR,CITY,HASAN GARHI 2,WHO,UCPO,9,111111-11111100
SNID May 2026,4,PESHAWAR,CITY,PAWAKA,WHO,UCPO,5,111111111111110
SNID May 2026,4,PESHAWAR,SHAH ALAM,PAKHA GHULAM,WHO,UCPO,3,111111-11111111
SNID May 2026,3,PESHAWAR,CITY,SHAHI BAGH,WHO,UCPO,4,111111-11111100
SNID May 2026,4,PESHAWAR,SHAH ALAM,PANAM DHERI,WHO,UCPO,1,111111-11111100
SNID May 2026,4,PESHAWAR,CITY,SHAHI BAGH,WHO,UCPO,1,111111-11111100
SNID May 2026,4,NOWSHERA,NOWSHERA,KABUL RIVER,WHO,UCPO,7,111111-11111100
SNID May 2026,4,PESHAWAR,CITY,TEHKAL PAYAN 2 IRRIG,WHO,UCPO,2,111111-11111111
SNID May 2026,4,PESHAWAR,SMT,HAZARKHWANI 1,WHO,UCPO,3,111111-11111100
SNID May 2026,4,PESHAWAR,CITY,PALOSI,WHO,UCPO,5,111111-11111111
SNID May 2026,4,PESHAWAR,SMT,HAZARKHWANI 2,WHO,UCSP,9,111111-11111111
SNID May 2026,4,PESHAWAR,SADDAR,CHAMKANI,WHO,UCPO,2,111111-11111111
SNID May 2026,4,PESHAWAR,MATTANI,ACHINI,WHO,UCPO,3,111111-11111100
SNID May 2026,4,PESHAWAR,SMT,HAZARKHWANI 1,WHO,UCPO,2,111111-11111111
SNID May 2026,4,PESHAWAR,SMT,NOTHIA QADEEM,WHO,UCPO,3,111111-11111111
SNID May 2026,4,PESHAWAR,SADDAR,URMAR PAYAN,WHO,UCPO,3,111111-11111111
SNID May 2026,4,KHYBER,JAMRUD,PAINDI LALMA,WHO,UCPO,1,111111-11111-10
SNID May 2026,4,PESHAWAR,SMT,SHAHEEN MUSLIM TWN1,WHO,UCPO,7,111111-11111111
SNID May 2026,4,PESHAWAR,SHAH ALAM,WADPAGA,WHO,TPO/ TDO,6,111111-11111100
SNID May 2026,4,PESHAWAR,CITY,MEHAL TERAI 1,WHO,UCSP,2,111111-11111111
SNID May 2026,4,PESHAWAR,SHAH ALAM,CHAGARMATI,WHO,UCPO,7,111111-11111111
SNID May 2026,4,PESHAWAR,SHAH ALAM,WADPAGA,WHO,TPO/ TDO,5,111111-11111100
SNID May 2026,4,PESHAWAR,CITY,HAYAT ABAD 2,WHO,UCPO,13,111111-11111111
SNID May 2026,4,MOHMAND,PARANG GHAAR,ASGHAR,UNICEF,CBO,3,111111-11111-00
SNID May 2026,4,PESHAWAR,SHAH ALAM,GARHI SHER DAD,WHO,UCPO,3,111111-11111110
SNID May 2026,4,PESHAWAR,CITY,MALAKANDHER,N-STOP,Provincial Facilitator (N-STOP Officer- TSO),9,111111-11111111
SNID May 2026,4,PESHAWAR,MATTANI,SHEIKH MOHAMMADI,WHO,UCPO,3,111111-11111100
SNID May 2026,4,PESHAWAR,CITY,TEHKAL BALA,UNICEF,CBO,8,111111-11111111
SNID May 2026,4,PESHAWAR,SMT,LANDI ARBAB,WHO,UCPO,4,111111-11111111
SNID May 2026,4,PESHAWAR,MATTANI,BAZID KHEL,WHO,UCPO,3,111111-11111111
SNID May 2026,4,PESHAWAR,CITY,TEHKAL BALA,WHO,UCPO,3,111111-11111111
SNID May 2026,4,PESHAWAR,SMT,HAZARKHWANI 2,WHO,UCPO,6,111111-11111111
SNID May 2026,4,PESHAWAR,SHAH ALAM,SHAHI BALA,WHO,UCPO,2,111111-11111111
SNID May 2026,4,PESHAWAR,SHAH ALAM,GULBELA,WHO,UCPO,6,111111-11111100
SNID May 2026,4,KHYBER,BARA,ABDULLAH JAN,WHO,UCPO,1,111111-11111-10
SNID May 2026,4,PESHAWAR,MATTANI,MASHOGAGAR,WHO,UCPO,11,111111-11111100
SNID May 2026,4,PESHAWAR,CITY,CANTT WARD 2,WHO,UCSP,3,111111-11111-00
SNID May 2026,4,PESHAWAR,SMT,DEH BAHADAR,WHO,UCPO,12,111111-11111111
SNID May 2026,4,PESHAWAR,CITY,TEHKAL PAYAN,WHO,UCPO,1,111111-11111-00
SNID May 2026,4,PESHAWAR,CITY,PAWAKA,WHO,Independent Monitor,3,111111-11011100
SNID May 2026,4,PESHAWAR,SMT,SHAHEEN MUSLIM TWN1,WHO,TPO/ TDO,1,111111-11111111
SNID May 2026,4,PESHAWAR,SHAH ALAM,KANKOLA,WHO,UCPO,4,111111-11111110
SNID May 2026,4,MOHMAND,PARANG GHAAR,UMAR KHEL,Government,UCMO,2,111111011111011
SNID May 2026,4,PESHAWAR,SHAH ALAM,DAG,WHO,UCPO,6,111111-11111111
SNID May 2026,4,PESHAWAR,SADDAR,AZAKHEL TELABAND,WHO,UCPO,1,111111-11111111
SNID May 2026,2,PESHAWAR,CITY,SHAHI BAGH,WHO,UCPO,3,111111-11111100
SNID May 2026,4,PESHAWAR,SMT,SHAHEEN MUSLIM TWN2,WHO,UCPO,3,111111-11111111
SNID May 2026,4,PESHAWAR,SHAH ALAM,PAKHA GHULAM,WHO,UCPO,5,111111-11111111
SNID May 2026,4,KHYBER,JAMRUD,SHAH KAS A,WHO,TPO/ TDO,1,111111-11111111
SNID May 2026,4,PESHAWAR,SADDAR,BADABER HUREZAI,WHO,UCPO,4,111111-11111111
SNID May 2026,1,KHYBER,TIRAH MAIDAN,PAGDARA,Government,UCMO,3,111111-11111111
SNID May 2026,2,KHYBER,TIRAH MAIDAN,PAGDARA,Government,UCMO,2,111111111111111
SNID May 2026,4,PESHAWAR,SHAH ALAM,MATHRA,WHO,UCPO,1,111111-11111100
SNID May 2026,2,KHYBER,TIRAH MAIDAN,PAGDARA,Government,UCMO,1,111111-11111111
SNID May 2026,4,PESHAWAR,SMT,HAZARKHWANI 2,WHO,UCPO,5,111111-11111111
SNID May 2026,4,PESHAWAR,SADDAR,URMAR BALA,WHO,UCSP,10,111111-11111111
SNID May 2026,4,PESHAWAR,CITY,UNIVERSITY TOWN,WHO,UCPO,6,111111-11111100
SNID May 2026,4,PESHAWAR,SMT,DERI BAGHBANAN,WHO,UCPO,4,111111-11111100
SNID May 2026,4,PESHAWAR,SHAH ALAM,KANIZA,WHO,UCPO,7,111111-11111-00
SNID May 2026,4,PESHAWAR,CITY,SHAHEEN TOWN,WHO,UCPO,3,111111-11111111
SNID May 2026,4,PESHAWAR,SHAH ALAM,NAHAQI,WHO,UCPO,1,111111-11111111
SNID May 2026,4,PESHAWAR,SHAH ALAM,KANIZA,WHO,UCPO,1,111111-11111-00
SNID May 2026,4,PESHAWAR,CITY,HAYAT ABAD 2,WHO,UCPO,14,111111-11111111
SNID May 2026,4,PESHAWAR,CITY,CANTT WARD 2,WHO,UCSP,1,111111-11111-00
SNID May 2026,4,MOHMAND,PANDIALI,PANDIALI,WHO,TPO/ TDO,2,111111-11111-10
SNID May 2026,4,PESHAWAR,MATTANI,SARBAND,WHO,UCPO,7,111111-11111111
SNID May 2026,4,PESHAWAR,SMT,NOTHIA JADEED,WHO,UCPO,1,111111-11111111
SNID May 2026,4,KHYBER,LANDI KOTAL,STATION,WHO,UCPO,1,111111-11111111
SNID May 2026,4,PESHAWAR,CITY,TEHKAL PAYAN 2 IRRIG,WHO,UCSP,1,111111-11111111
SNID May 2026,4,NOWSHERA,NOWSHERA,GANDHERI,WHO,UCPO,1,111111-11111-00
SNID May 2026,4,PESHAWAR,SHAH ALAM,PAKHA GHULAM,UNICEF,CBO,2,111101-11110100
SNID May 2026,4,PESHAWAR,CITY,SIKANDAR TOWN,WHO,UCPO,3,111111-11111111
SNID May 2026,4,KHYBER,LANDI KOTAL,SHEIKHMAL KHEL,WHO,UCPO,2,111111-11111111
SNID May 2026,4,PESHAWAR,SADDAR,BADABER HUREZAI,Government,UCMO,1,111111-11111111
SNID May 2026,4,PESHAWAR,SMT,SHAHEEN MUSLIM TWN1,WHO,UCPO,11,111111-11111111
SNID May 2026,4,PESHAWAR,SHAH ALAM,WADPAGA,WHO,UCPO,3,111111-11111100
SNID May 2026,4,NOWSHERA,NOWSHERA,KABUL RIVER,WHO,UCPO,8,111111-11111100
SNID May 2026,4,PESHAWAR,SHAH ALAM,KANIZA,WHO,Independent Monitor,4,111001-11111100
SNID May 2026,4,KHYBER,BARA,TAUDA CHEENA,WHO,TPO/ TDO,2,111111-11111111
SNID May 2026,4,PESHAWAR,CITY,CANTT WARD 1,WHO,UCSP,2,111111-11101111
SNID May 2026,4,PESHAWAR,SHAH ALAM,GARHI SHER DAD,WHO,UCPO,2,111111-11111111
SNID May 2026,4,PESHAWAR,CITY,MALAKANDHER,N-STOP,Provincial Facilitator (N-STOP Officer- TSO),8,111111-11111111
SNID May 2026,4,PESHAWAR,CITY,TEHKAL BALA,WHO,UCPO,6,111111-11111111
SNID May 2026,4,PESHAWAR,CITY,SHAHI BAGH,UNICEF,CBO,4,111111-11111-11
SNID May 2026,4,NOWSHERA,NOWSHERA,GANDHERI,WHO,UCPO,2,111111-11111-00
SNID May 2026,4,NOWSHERA,PABBI,TARRU JABBA,Government,UCMO,4,111111-11111111
SNID May 2026,4,PESHAWAR,SMT,SHEIKH JUNAID ABAD,WHO,UCPO,3,111111-11111111
SNID May 2026,4,PESHAWAR,CITY,PALOSI,WHO,UCPO,3,111111-11111101
SNID May 2026,4,PESHAWAR,SMT,HAZARKHWANI 2,WHO,UCPO,6,111111-11111111
SNID May 2026,4,PESHAWAR,CITY,HASAN GARHI 2,WHO,UCPO,4,111111-11111111
SNID May 2026,4,PESHAWAR,SHAH ALAM,PAJAGI,WHO,UCPO,9,111111-11111100
SNID May 2026,4,PESHAWAR,SMT,BHANA MARI,WHO,UCPO,2,111111-11111111
SNID May 2026,4,PESHAWAR,CITY,MEHAL TERAI 1,WHO,UCPO,5,111111-11111100
SNID May 2026,5,PESHAWAR,CITY,HAYAT ABAD 2,WHO,UCPO,5,111111-11111100
SNID May 2026,4,PESHAWAR,SHAH ALAM,KAFOOR DHERI,WHO,UCPO,4,111111-11111111
SNID May 2026,4,PESHAWAR,CITY,MEHAL TERAI 1,WHO,UCSP,3,111111-11111111
SNID May 2026,4,PESHAWAR,CITY,TEHKAL BALA,WHO,UCPO,5,111111-11111111
SNID May 2026,4,PESHAWAR,SMT,YAKATOOT 2,WHO,UCPO,1,111111-11111111
SNID May 2026,4,PESHAWAR,MATTANI,BAZID KHEL,WHO,UCPO,5,111111-11111111
SNID May 2026,4,PESHAWAR,SHAH ALAM,BUDHNI,WHO,UCPO,6,111111-11111111
SNID May 2026,4,PESHAWAR,SHAH ALAM,BUDHNI,WHO,UCPO,3,111111-11111111
SNID May 2026,4,KHYBER,LANDI KOTAL,KAM SHALMAN,WHO,UCPO,1,111111-11111101
SNID May 2026,4,KHYBER,LANDI KOTAL,PIROKHEL,WHO,UCPO,2,111111-11111111
SNID May 2026,4,PESHAWAR,CITY,KHALSA 2,WHO,UCSP,6,111111-11111100
SNID May 2026,4,PESHAWAR,CITY,KHALSA 2,WHO,UCPO,2,111111111111111
SNID May 2026,4,KHYBER,LANDI KOTAL,SULTAN KHEL A,UNICEF,CCO,194,111111-11111-00
SNID May 2026,4,PESHAWAR,CITY,HAYAT ABAD 2,WHO,UCPO,15,111111-11111111
SNID May 2026,3,NOWSHERA,NOWSHERA,BARA BANDA,WHO,UCPO,12,111111-11111100
SNID May 2026,4,NOWSHERA,NOWSHERA,BARA BANDA,WHO,UCPO,10,111111-11111100
SNID May 2026,4,PESHAWAR,SMT,CANTT WARD 5,Government,UCMO,4,111111-11111111
SNID May 2026,4,PESHAWAR,SHAH ALAM,LARAMA,WHO,UCPO,4,111111-11111100
SNID May 2026,4,PESHAWAR,SADDAR,MUSAZAI,WHO,UCPO,7,111111-11111111
SNID May 2026,4,PESHAWAR,CITY,HASAN GARHI 2,WHO,UCSP,2,111111-11111111
SNID May 2026,4,NOWSHERA,PABBI,SPINKHAK,Government,UCMO,3,111111111111111
SNID May 2026,4,KHYBER,JAMRUD,SHAH KAS A,WHO,UCPO,5,111111-11111111
SNID May 2026,4,KHYBER,JAMRUD,LOWARA MIANA,WHO,UCPO,5,111111-11111-00
SNID May 2026,4,PESHAWAR,CITY,FAQIR ABAD,WHO,UCSP,3,111111-11111111
SNID May 2026,4,NOWSHERA,NOWSHERA,KABUL RIVER,WHO,UCPO,5,111111-11111100
SNID May 2026,4,NOWSHERA,JEHANGIRA,MERA AKORA,N-STOP,District NSTOP Officer,4,111111-11111111
SNID May 2026,4,KHYBER,LANDI KOTAL,LOE SHALMAN A,WHO,UCPO,2,111111-11111110
SNID May 2026,3,PESHAWAR,CITY,GUNJ,N-STOP,District NSTOP Officer,1,111111-11111100
SNID May 2026,4,PESHAWAR,CITY,KHALSA 1,WHO,UCPO,6,111111111111111
SNID May 2026,4,PESHAWAR,CITY,GULBAHAR,WHO,UCSP,4,111111-11111111
SNID May 2026,4,PESHAWAR,SMT,HAZARKHWANI 2,WHO,UCSP,11,111111-11111111
SNID May 2026,4,PESHAWAR,CITY,KHALSA 1,WHO,UCPO,4,111111-11111100
SNID May 2026,4,PESHAWAR,SMT,YAKATOOT 3,WHO,UCPO,3,111111-11111100
SNID May 2026,4,PESHAWAR,SHAH ALAM,SHAHI BALA,WHO,UCPO,4,111111-11111111
SNID May 2026,4,PESHAWAR,SMT,DEH BAHADAR,WHO,UCPO,8,111111-11111111
SNID May 2026,4,PESHAWAR,SMT,HAZARKHWANI 2,WHO,UCPO,1,111111-11111111
SNID May 2026,4,PESHAWAR,SADDAR,URMAR BALA,WHO,UCPO,17,111111-11111111
SNID May 2026,3,PESHAWAR,SADDAR,URMAR BALA,WHO,UCPO,11,111111-11111100
SNID May 2026,4,PESHAWAR,SADDAR,MARYAM ZAI,WHO,UCPO,3,111111111111100
SNID May 2026,4,PESHAWAR,SADDAR,URMAR BALA,WHO,UCPO,16,111111-11111100
SNID May 2026,4,PESHAWAR,SMT,HAZARKHWANI 2,WHO,UCPO,3,111111-11111111
SNID May 2026,4,MOHMAND,SAFI LAKARO,SANDO KHEL,WHO,UCPO,7,111111-11111-00
SNID May 2026,4,MOHMAND,SAFI LAKARO,SANDO KHEL,WHO,UCPO,3,111111-11111-00
SNID May 2026,4,PESHAWAR,MATTANI,MATTANI,UNICEF,CBO,4,111111-11111100
SNID May 2026,4,PESHAWAR,MATTANI,SHEIKH MOHAMMADI,WHO,UCPO,4,111111-11111100
SNID May 2026,4,PESHAWAR,CITY,MEHAL TERAI 1,WHO,UCPO,4,111111-11111100
SNID May 2026,4,PESHAWAR,SHAH ALAM,SAEEDABAD,Government,UCMO,1,111111-11111100
SNID May 2026,4,KHYBER,JAMRUD,MIA MORCHA,WHO,UCPO,2,111111-11111-11
SNID May 2026,4,PESHAWAR,CITY,HAYAT ABAD 1,WHO,UCPO,3,111111-11111100
SNID May 2026,4,PESHAWAR,CITY,TEHKAL PAYAN,UNICEF,CBO,1,111111-11111111
SNID May 2026,1,KHYBER,BARA,SRA CHEENA,UNICEF,CBO,3,111111-11111101
SNID May 2026,4,KHYBER,BARA,GANDAO,WHO,UCPO,3,111111-11111111
SNID May 2026,4,PESHAWAR,SADDAR,MUSAZAI,WHO,UCPO,3,111111-11111101
SNID May 2026,4,PESHAWAR,SMT,SHAHEEN MUSLIM TWN1,WHO,UCPO,1,111111-11111111
SNID May 2026,4,PESHAWAR,SHAH ALAM,SAEEDABAD,WHO,UCPO,7,111111-11111111
SNID May 2026,4,PESHAWAR,SHAH ALAM,TUKHTABAD,WHO,UCPO,4,111111-11111100
SNID May 2026,4,PESHAWAR,CITY,TEHKAL BALA,WHO,UCPO,4,111111-11111111
SNID May 2026,4,KHYBER,JAMRUD,NEW ABADI,WHO,UCPO,7,111111-11111111
SNID May 2026,4,KHYBER,JAMRUD,NEW ABADI,WHO,UCPO,8,111111-11111101
SNID May 2026,4,PESHAWAR,SHAH ALAM,KANKOLA,WHO,UCPO,1,111111-11111111
SNID May 2026,4,NOWSHERA,JEHANGIRA,AKORA CAMP,WHO,TPO/ TDO,3,111111-11111111
SNID May 2026,4,PESHAWAR,SHAH ALAM,KANKOLA,WHO,UCPO,2,111111-11111101
SNID May 2026,4,PESHAWAR,SADDAR,BADABER MARYAMZAI,Government,UCMO,1,111111111111101
SNID May 2026,4,NOWSHERA,JEHANGIRA,AKORA CAMP,WHO,TPO/ TDO,1,111111-11111100
SNID May 2026,4,PESHAWAR,SHAH ALAM,HARYANA PAYAN,WHO,UCPO,3,111111-11111100
SNID May 2026,3,MOHMAND,SAFI LAKARO,SAGAI,WHO,UCSP,2,111111-11111-11
SNID May 2026,4,PESHAWAR,SHAH ALAM,HARYANA PAYAN,WHO,UCPO,4,111111-11111100
SNID May 2026,4,PESHAWAR,SHAH ALAM,GARHI SHER DAD,WHO,UCPO,4,111111-11111100
SNID May 2026,4,PESHAWAR,CITY,ASIA DABGARI,WHO,UCPO,2,111111-11111111
SNID May 2026,4,KHYBER,BARA,ABDULLAH JAN,Government,UCMO,5,111111011111111
SNID May 2026,4,PESHAWAR,SHAH ALAM,MATHRA,WHO,UCPO,2,111111-11111100
SNID May 2026,4,MOHMAND,HALEEMZAI,KASSI,Other Partner (BMGF/CDC/RIZ/ROTARY etc),Federal/Provincial/District Facilitator,5,111111-11111101
SNID May 2026,4,KHYBER,BARA,GANDAO,WHO,UCPO,4,111111-11111111
SNID May 2026,4,PESHAWAR,SMT,CANTT WARD 5,WHO,UCPO,3,111111111111111
SNID May 2026,4,PESHAWAR,SHAH ALAM,PANAM DHERI,WHO,UCPO,6,111111-11111111
SNID May 2026,4,PESHAWAR,SADDAR,URMAR BALA,UNICEF,CBO,11,111111-11111101
SNID May 2026,4,NOWSHERA,NOWSHERA,AZAKHEL BALA,WHO,UCPO,1,111111-11111100
SNID May 2026,4,KHYBER,JAMRUD,SHAH KAS A,WHO,UCPO,4,111111-11111111
SNID May 2026,4,KHYBER,JAMRUD,SHAH KAS A,Government,UCMO,2,111111011111111
SNID May 2026,4,NOWSHERA,NOWSHERA,AZAKHEL BALA,WHO,UCPO,3,111111-11110111
SNID May 2026,4,PESHAWAR,SHAH ALAM,WADPAGA,WHO,UCPO,1,111111-11111100
SNID May 2026,4,PESHAWAR,SMT,SHEIKH JUNAID ABAD,WHO,Independent Monitor,1,111011-11111000
SNID May 2026,4,PESHAWAR,SMT,HAZARKHWANI 2,WHO,UCPO,2,111111-11111111
SNID May 2026,4,PESHAWAR,SMT,SHEIKH JUNAID ABAD,WHO,Independent Monitor,3,111011-11110-00
SNID May 2026,4,PESHAWAR,SMT,DERI BAGHBANAN,Government,UCMO,1,111111-11111111
SNID May 2026,4,PESHAWAR,CITY,KHALSA 2,WHO,UCPO,9,111111-11111111
SNID May 2026,4,PESHAWAR,CITY,HAYAT ABAD 1,WHO,UCPO,4,111111-11111100
SNID May 2026,4,PESHAWAR,CITY,SHAHI BAGH,Government,UCMO,3,111111011111111
SNID May 2026,4,PESHAWAR,MATTANI,PISHTAKHARA,WHO,Independent Monitor,5,111111-11111111
SNID May 2026,4,PESHAWAR,SMT,DERI BAGHBANAN,WHO,UCPO,2,111111-11111111
SNID May 2026,4,PESHAWAR,MATTANI,ACHINI,WHO,UCPO,2,111111-11111100
SNID May 2026,4,PESHAWAR,SADDAR,MUSAZAI,WHO,UCPO,2,111111-11111100
SNID May 2026,4,PESHAWAR,SHAH ALAM,KAFOOR DHERI,WHO,District Polio Officer,3,111111-11111101
SNID May 2026,4,NOWSHERA,NOWSHERA,AZAKHEL PAYAN,WHO,TTSP/TUSP,4,111111-11111111
SNID May 2026,4,PESHAWAR,CITY,KHALSA 2,WHO,UCSP,5,111111-11111100
SNID May 2026,4,NOWSHERA,NOWSHERA,AZAKHEL PAYAN,WHO,TTSP/TUSP,5,111111-11111111
SNID May 2026,4,PESHAWAR,CITY,UNIVERSITY TOWN,WHO,UCPO,1,111111-11111100
SNID May 2026,4,PESHAWAR,CITY,UNIVERSITY TOWN,WHO,UCPO,2,111111-11111100
SNID May 2026,4,PESHAWAR,MATTANI,SHEIKHAN,WHO,UCPO,2,111111-11111101
SNID May 2026,4,KHYBER,JAMRUD,PAINDI LALMA,WHO,Independent Monitor,128,111111-11111-11
SNID May 2026,4,PESHAWAR,MATTANI,SHEIKHAN,WHO,UCPO,2,111111-11111-11
SNID May 2026,4,PESHAWAR,MATTANI,SHEIKHAN,WHO,UCPO,3,111111-11111100
SNID May 2026,4,PESHAWAR,CITY,JEHANGIR PURA,WHO,UCPO,2,111111-11111100
SNID May 2026,2,KHYBER,TIRAH MAIDAN,PAGDARA,WHO,UCPO,3,111111-11111-11
SNID May 2026,4,KHYBER,JAMRUD,PAINDI LALMA,WHO,Independent Monitor,129,111110-11100-11
SNID May 2026,4,KHYBER,LANDI KOTAL,LOE SHALMAN B,WHO,UCPO,2,111111-11111-00
SNID May 2026,4,PESHAWAR,SHAH ALAM,SAEEDABAD,WHO,UCPO,4,111111111111111
SNID May 2026,3,PESHAWAR,SADDAR,SUREZAI PAYAN,WHO,UCPO,7,111111-11111100
SNID May 2026,4,NOWSHERA,NOWSHERA,RISALPUR CANTT,Government,Area Incharge (AIC),3,111111111111111
SNID May 2026,4,PESHAWAR,SMT,SHAHEEN MUSLIM TWN1,WHO,UCPO,8,111111-11111111
SNID May 2026,4,PESHAWAR,CITY,PALOSI,WHO,UCPO,4,111111-11111111
SNID May 2026,4,PESHAWAR,MATTANI,ACHINI,UNICEF,CBO,1,111111011111111
SNID May 2026,4,PESHAWAR,SHAH ALAM,WADPAGA,WHO,UCPO,5,111111-11111100
SNID May 2026,4,KHYBER,LANDI KOTAL,KAM SHALMAN,WHO,UCPO,2,111111111111-11
SNID May 2026,4,PESHAWAR,SHAH ALAM,TUKHTABAD,WHO,UCPO,6,111111-11111100
SNID May 2026,4,PESHAWAR,SHAH ALAM,SAEEDABAD,WHO,UCPO,3,111111-11111111
SNID May 2026,4,PESHAWAR,SADDAR,SUREZAI PAYAN,WHO,UCPO,5,111111-11111100
SNID May 2026,4,KHYBER,LANDI KOTAL,TIRAH BAZAR B,Government,UCMO,185,111111-11111011
SNID May 2026,4,MOHMAND,KHAWEZAI,JUMA KHEL,Government,UCMO,2,111111-11111100
SNID May 2026,3,MOHMAND,KHAWEZAI,JUMA KHEL,Government,UCMO,1,111111-11111-00
SNID May 2026,4,MOHMAND,PARANG GHAAR,UMAR KHEL,WHO,UCPO,1,111111-11111111
SNID May 2026,4,PESHAWAR,SMT,BHANA MARI,WHO,UCPO,3,111111-11111100
SNID May 2026,4,PESHAWAR,SADDAR,MERA KACHORI,WHO,UCPO,8,111111-11111100
SNID May 2026,4,PESHAWAR,SADDAR,MERA KACHORI,WHO,UCPO,13,111111-11111111
SNID May 2026,4,NOWSHERA,NOWSHERA,KHESHGI BALA,WHO,UCPO,8,111111-11111100
SNID May 2026,4,NOWSHERA,NOWSHERA,KHESHGI BALA,WHO,UCPO,9,111111-11111111
SNID May 2026,4,PESHAWAR,CITY,KAKSHAL,WHO,UCPO,1,111111-11111100
SNID May 2026,4,PESHAWAR,CITY,KAKSHAL,WHO,UCPO,2,111111-11111100
SNID May 2026,4,PESHAWAR,CITY,ANDERSHEHER,WHO,UCPO,2,111111-11111100
SNID May 2026,4,PESHAWAR,MATTANI,MATTANI,WHO,UCPO,4,111111-11111111
SNID May 2026,4,PESHAWAR,MATTANI,MATTANI,WHO,UCPO,3,111111-11111111
SNID May 2026,4,NOWSHERA,NOWSHERA,NAWA KALY,WHO,UCPO,2,111111-11111110
SNID May 2026,4,NOWSHERA,NOWSHERA,NAWA KALY,WHO,UCPO,1,111111-11111110
SNID May 2026,4,PESHAWAR,SADDAR,SHERAKERA,WHO,UCPO,1,111111-11111100
SNID May 2026,5,PESHAWAR,MATTANI,PISHTAKHARA,WHO,UCPO,3,111111-11111100
SNID May 2026,4,PESHAWAR,CITY,REGI,WHO,UCPO,2,111111-11111100
SNID May 2026,4,PESHAWAR,SMT,LANDI ARBAB,WHO,UCPO,2,111111-11111100
SNID May 2026,4,PESHAWAR,SMT,SHAHEEN MUSLIM TWN1,WHO,UCPO,2,111111-11111111
SNID May 2026,1,KHYBER,BARA,SRA CHEENA,WHO,UCPO,7,111111-11111111
SNID May 2026,4,PESHAWAR,CITY,SUFAID DHERI,WHO,UCPO,2,111111-11111111
SNID May 2026,4,PESHAWAR,CITY,SUFAID DHERI,WHO,UCPO,3,111111-11111111
SNID May 2026,4,PESHAWAR,MATTANI,BAZID KHEL,WHO,UCPO,1,111111-11111111
SNID May 2026,4,KHYBER,LANDI KOTAL,KARAMNA,WHO,UCPO,3,111111-11111100
SNID May 2026,4,PESHAWAR,SMT,HAZARKHWANI 1,WHO,District Polio Officer,1,111111-11111100
SNID May 2026,4,PESHAWAR,SMT,HAZARKHWANI 1,WHO,District Polio Officer,4,111111-11111100
SNID May 2026,4,PESHAWAR,SMT,HAZARKHWANI 1,WHO,District Polio Officer,5,111111-11111100
SNID May 2026,4,PESHAWAR,CITY,HASAN GARHI 2,WHO,Provincial Facilitator (M&E- Campaign- HRMP- EPI-PEI Syn- Training etc),5,111111-11111111
SNID May 2026,4,PESHAWAR,MATTANI,ACHINI,WHO,UCPO,4,111111-11111111
SNID May 2026,4,PESHAWAR,MATTANI,ACHINI,WHO,UCPO,7,111111-11111111
SNID May 2026,4,PESHAWAR,CITY,HAYAT ABAD 2,WHO,UCPO,4,111111-11111100
SNID May 2026,4,PESHAWAR,CITY,SHAHEEN TOWN,WHO,UCPO,3,111111-11111111
SNID May 2026,4,PESHAWAR,CITY,SHAHEEN TOWN,WHO,UCPO,1,111111-11111111
SNID May 2026,4,PESHAWAR,SMT,DEH BAHADAR,WHO,UCPO,7,111111-11111111
SNID May 2026,4,PESHAWAR,CITY,PAWAKA,WHO,UCPO,6,111111-11111111
SNID May 2026,4,PESHAWAR,CITY,PAWAKA,WHO,UCPO,7,111111-11111111
SNID May 2026,4,PESHAWAR,MATTANI,MASHOGAGAR,WHO,UCPO,3,111111-11111100
SNID May 2026,4,MOHMAND,HALEEMZAI,KAMALI,WHO,District Polio Officer,2,111011-11111100
SNID May 2026,4,KHYBER,LANDI KOTAL,SULTAN KHEL A,WHO,Independent Monitor,6,111011-11111-00
SNID May 2026,4,KHYBER,LANDI KOTAL,SULTAN KHEL A,WHO,Independent Monitor,4,111011-11111100
SNID May 2026,2,KHYBER,TIRAH MAIDAN,SERAY,WHO,UCPO,2,111111-11111-11
SNID May 2026,4,MOHMAND,HALEEMZAI,KASSI,UNICEF,CCO,3,111111-11111-00
SNID May 2026,4,MOHMAND,HALEEMZAI,KASSI,UNICEF,CCO,2,111111-11111-00
SNID May 2026,4,PESHAWAR,SADDAR,URMAR MIANA,WHO,UCPO,1,111111-11111111
SNID May 2026,4,PESHAWAR,CITY,CANTT WARD 4,WHO,UCPO,2,111111-11111101
SNID May 2026,4,PESHAWAR,CITY,MALAKANDHER,WHO,Independent Monitor,3,111111111111111
SNID May 2026,4,PESHAWAR,CITY,MALAKANDHER,WHO,Independent Monitor,2,111111-11111111
SNID May 2026,4,PESHAWAR,SHAH ALAM,JOGANI,WHO,UCPO,2,111111-11111111
SNID May 2026,4,PESHAWAR,SADDAR,URMAR MIANA,WHO,UCPO,3,111111-11111111
SNID May 2026,4,PESHAWAR,CITY,SHAHEEN TOWN,N-STOP,Provincial Facilitator (N-STOP Officer- TSO),3,111111-11111-11
SNID May 2026,4,PESHAWAR,CITY,SHAHEEN TOWN,N-STOP,Provincial Facilitator (N-STOP Officer- TSO),1,111111-11111111
SNID May 2026,4,PESHAWAR,MATTANI,ACHINI,WHO,District Polio Officer,7,111111-11111111
SNID May 2026,4,PESHAWAR,MATTANI,ACHINI,WHO,District Polio Officer,4,111111-11111111
SNID May 2026,4,PESHAWAR,SADDAR,URMAR MIANA,WHO,UCPO,4,111111-11111111
SNID May 2026,4,KHYBER,LANDI KOTAL,STATION,WHO,UCPO,4,111111-11111111
SNID May 2026,4,PESHAWAR,CITY,HASAN GARHI 2,WHO,UCPO,5,111111-11110100
SNID May 2026,4,PESHAWAR,SHAH ALAM,PANAM DHERI,WHO,UCPO,2,111111-11111100
SNID May 2026,4,PESHAWAR,SADDAR,MERA SUREZAI PAYAN,Government,Area Incharge (AIC),6,111111-11111100
SNID May 2026,4,PESHAWAR,SHAH ALAM,LALA KALAY,WHO,UCSP,2,111111-11111111
SNID May 2026,4,PESHAWAR,SHAH ALAM,JOGANI,WHO,UCPO,2,111111111111111
SNID May 2026,4,PESHAWAR,SHAH ALAM,LALA KALAY,WHO,UCSP,1,111111-11111111
SNID May 2026,4,PESHAWAR,SHAH ALAM,HARYANA PAYAN,WHO,UCPO,9,111111-11111111
SNID May 2026,4,PESHAWAR,SHAH ALAM,HARYANA PAYAN,WHO,UCPO,8,111111-11111111
SNID May 2026,4,PESHAWAR,MATTANI,SULEMAN KHEIL,WHO,UCPO,2,111111-11111111
SNID May 2026,4,PESHAWAR,MATTANI,SULEMAN KHEIL,WHO,UCPO,1,111111-11111111
SNID May 2026,4,KHYBER,JAMRUD,TIDI BAZAR,WHO,Independent Monitor,2,111011-11111100
SNID May 2026,4,PESHAWAR,CITY,SHAHEEN TOWN,WHO,TPO/ TDO,5,111111-11111111
SNID May 2026,4,PESHAWAR,CITY,SHAHEEN TOWN,WHO,TPO/ TDO,5,111111-11111111
SNID May 2026,4,KHYBER,JAMRUD,TIDI BAZAR,WHO,Independent Monitor,4,111011-11111100
SNID May 2026,4,KHYBER,LANDI KOTAL,LOE SHALMAN B,WHO,UCPO,4,111111-11111-10
SNID May 2026,4,PESHAWAR,MATTANI,SARBAND,WHO,Independent Monitor,3,111111-11111100
SNID May 2026,4,PESHAWAR,MATTANI,SARBAND,WHO,Independent Monitor,1,111111-11111100
SNID May 2026,3,KHYBER,LANDI KOTAL,TIRAH BAZAR A,WHO,UCPO,7,111111-11111111
SNID May 2026,4,KHYBER,LANDI KOTAL,TIRAH BAZAR A,WHO,UCPO,1,111111-11111111
SNID May 2026,4,PESHAWAR,SMT,WAZIR BAGH,WHO,UCSP,2,111111-11111111
SNID May 2026,4,PESHAWAR,SMT,WAZIR BAGH,WHO,UCSP,1,111111-11111111
SNID May 2026,4,PESHAWAR,SADDAR,SUREZAI BALA,WHO,UCPO,3,111111-11111110
SNID May 2026,4,PESHAWAR,MATTANI,SULEMAN KHEIL,WHO,UCPO,3,111111-11111100
SNID May 2026,4,PESHAWAR,SADDAR,SUREZAI BALA,WHO,UCPO,5,111111-11111100
SNID May 2026,4,PESHAWAR,CITY,SHAHEEN TOWN,WHO,UCPO,6,111111-11111111
SNID May 2026,4,PESHAWAR,CITY,SHAHEEN TOWN,WHO,UCPO,4,111111-11111111
SNID May 2026,4,NOWSHERA,JEHANGIRA,MERA AKORA,N-STOP,District NSTOP Officer,9,111111-11111100
SNID May 2026,4,NOWSHERA,PABBI,PABBI,WHO,Federal Facilitator (WHO),4,111111-11111100
SNID May 2026,4,NOWSHERA,PABBI,PABBI,WHO,Federal Facilitator (WHO),2,111011-11111101
SNID May 2026,4,PESHAWAR,CITY,KHALSA 2,WHO,Independent Monitor,9,111111-11111100
SNID May 2026,4,PESHAWAR,CITY,KHALSA 2,WHO,Independent Monitor,2,111111-11111100
SNID May 2026,4,NOWSHERA,PABBI,AMANKOT,WHO,TTSP/TUSP,3,111111-11101100
SNID May 2026,4,PESHAWAR,SHAH ALAM,MATHRA,WHO,UCPO,8,111111-11111100
SNID May 2026,4,PESHAWAR,SHAH ALAM,MATHRA,WHO,UCPO,7,111111-11111100
SNID May 2026,4,PESHAWAR,CITY,HAYAT ABAD 1,WHO,UCPO,9,111111-11111111
SNID May 2026,4,PESHAWAR,CITY,HAYAT ABAD 1,WHO,UCPO,10,111111-11111111
SNID May 2026,3,PESHAWAR,SMT,KAKSHAL 2,WHO,UCPO,2,111111-11111111
SNID May 2026,4,PESHAWAR,SMT,KAKSHAL 2,WHO,UCPO,2,111111-11111111
SNID May 2026,4,PESHAWAR,CITY,FAQIR ABAD,WHO,UCPO,3,111111-11111111
SNID May 2026,4,PESHAWAR,CITY,FAQIR ABAD,WHO,UCPO,2,111111-11111111
SNID May 2026,4,PESHAWAR,CITY,FAQIR ABAD,WHO,UCPO,1,111111-11111111
SNID May 2026,4,KHYBER,LANDI KOTAL,TIRAH BAZAR B,WHO,UCPO,1,111111-11111111
SNID May 2026,4,PESHAWAR,CITY,MALAKANDHER,WHO,UCPO,3,111111-11111111
SNID May 2026,4,PESHAWAR,SMT,KAKSHAL 2,Other Partner (BMGF/CDC/RIZ/ROTARY etc),Federal/Provincial/District Facilitator,1,111111-11111111
SNID May 2026,3,KHYBER,LANDI KOTAL,TIRAH BAZAR A,WHO,UCPO,3,111111-11111-00
SNID May 2026,4,PESHAWAR,SHAH ALAM,MATHRA,WHO,UCPO,5,111111-11111111
SNID May 2026,4,PESHAWAR,SHAH ALAM,MATHRA,WHO,UCPO,6,111111-11111111
SNID May 2026,4,PESHAWAR,SHAH ALAM,KANIZA,WHO,UCPO,3,111111-11111111
SNID May 2026,4,PESHAWAR,CITY,MALAKANDHER,WHO,UCSP,4,111111-11111111
SNID May 2026,4,PESHAWAR,CITY,MALAKANDHER,WHO,UCSP,4,111111-11111111
SNID May 2026,4,KHYBER,LANDI KOTAL,MIRDAD KHEL,WHO,UCPO,5,111011-11111-01
SNID May 2026,2,PESHAWAR,MATTANI,SHEIKHAN,WHO,UCPO,5,111110-11111100
SNID May 2026,4,PESHAWAR,MATTANI,PISHTAKHARA,UNICEF,Provincial Facilitator (Health Specialists/Officers- Communication- SBC Specialists/Officers-VMO- M and E Officer- Media Specialist- Provincial Communication Officer-Training etc),1,111111-11111100
SNID May 2026,4,PESHAWAR,MATTANI,PISHTAKHARA,UNICEF,Provincial Facilitator (Health Specialists/Officers- Communication- SBC Specialists/Officers-VMO- M and E Officer- Media Specialist- Provincial Communication Officer-Training etc),3,111111-11111111
SNID May 2026,4,PESHAWAR,MATTANI,PISHTAKHARA,UNICEF,Provincial Facilitator (Health Specialists/Officers- Communication- SBC Specialists/Officers-VMO- M and E Officer- Media Specialist- Provincial Communication Officer-Training etc),2,111111-11111111
SNID May 2026,4,KHYBER,LANDI KOTAL,KHUGA KHEL,WHO,UCPO,1,111111-11111-11
SNID May 2026,5,PESHAWAR,SHAH ALAM,JOGANI,WHO,UCPO,4,111111-11111100
SNID May 2026,5,PESHAWAR,SHAH ALAM,HARYANA PAYAN,WHO,UCPO,4,111111-11111110
SNID May 2026,5,PESHAWAR,SHAH ALAM,SAEEDABAD,WHO,UCPO,3,111111-11111111
SNID May 2026,5,KHYBER,JAMRUD,NEW ABADI,WHO,UCPO,3,111111-11111100
SNID May 2026,2,KHYBER,BARA,SRA CHEENA,Government,UCMO,2,111111-11111111
SNID May 2026,5,KHYBER,LANDI KOTAL,SULTAN KHEL B,WHO,UCPO,5,111111-11111111
SNID May 2026,5,KHYBER,LANDI KOTAL,SULTAN KHEL A,Government,UCMO,4,111111-11111111
SNID May 2026,5,PESHAWAR,MATTANI,SHEIKHAN,WHO,UCPO,5,111111-11111100
SNID May 2026,5,PESHAWAR,MATTANI,PISHTAKHARA,WHO,UCPO,7,111111-11111100
SNID May 2026,5,KHYBER,JAMRUD,NEW ABADI,Government,UCMO,6,111111-11111111
SNID May 2026,4,PESHAWAR,SADDAR,MERA SUREZAI PAYAN,UNICEF,CBO,3,111111-11111100
SNID May 2026,5,PESHAWAR,CITY,ASIA DABGARI,WHO,UCPO,3,111111-111-1-11
SNID May 2026,5,PESHAWAR,SHAH ALAM,NAHAQI,WHO,UCPO,6,111111-11111111
SNID May 2026,5,PESHAWAR,SHAH ALAM,GULBELA,WHO,UCPO,7,111111-11111100
SNID May 2026,5,KHYBER,LANDI KOTAL,SULTAN KHEL A,WHO,UCPO,5,101111011111100
SNID May 2026,5,PESHAWAR,SHAH ALAM,CHAGARMATI,WHO,UCPO,1,111111-11111111
SNID May 2026,5,PESHAWAR,SHAH ALAM,BUDHNI,WHO,UCPO,4,111111-11111111
SNID May 2026,5,PESHAWAR,SMT,YAKATOOT 3,WHO,UCSP,5,111111-11111100
SNID May 2026,5,KHYBER,BARA,GANDAO,WHO,UCPO,4,111111-11111-11
SNID May 2026,5,KHYBER,JAMRUD,MIA MORCHA,Government,UCMO,1,111111-11111-10
SNID May 2026,5,PESHAWAR,CITY,SUFAID DHERI,WHO,UCPO,10,111111-11111111
SNID May 2026,5,KHYBER,BARA,TAUDA CHEENA,WHO,UCPO,2,111111-11111-11
SNID May 2026,5,PESHAWAR,SMT,SHEIKH JUNAID ABAD,WHO,UCPO,1,111111-11111111
SNID May 2026,5,PESHAWAR,SMT,HAZARKHWANI 1,WHO,UCPO,4,111111-11111100
SNID May 2026,5,KHYBER,JAMRUD,ALI MASJID A,WHO,UCPO,2,111111-11111-11
SNID May 2026,5,PESHAWAR,SADDAR,ADEZAI,WHO,UCPO,4,111111111111100
SNID May 2026,5,PESHAWAR,CITY,KHALSA 1,WHO,UCPO,1,111111-11111111
SNID May 2026,5,PESHAWAR,CITY,CANTT WARD 2,Government,UCMO,2,111111011111-00
SNID May 2026,5,PESHAWAR,SADDAR,BADABER MARYAMZAI,WHO,UCSP,1,111111-11111111
SNID May 2026,5,PESHAWAR,SMT,BHANA MARI,Government,UCMO,1,111111111111111
SNID May 2026,5,PESHAWAR,SADDAR,MERA SUREZAI PAYAN,WHO,Independent Monitor,1,111111-11111111
SNID May 2026,5,PESHAWAR,MATTANI,ACHINI,WHO,UCPO,1,111111-11111100
SNID May 2026,5,PESHAWAR,SADDAR,SUREZAI BALA,Government,UCMO,1,111111-11111111
SNID May 2026,5,PESHAWAR,SHAH ALAM,LALA KALAY,WHO,UCPO,5,111111-11111111
SNID May 2026,5,KHYBER,LANDI KOTAL,KAM SHALMAN,WHO,UCPO,1,111111-11111111
SNID May 2026,5,PESHAWAR,SMT,NOTHIA QADEEM,Government,UCMO,2,111111-11111111
SNID May 2026,5,PESHAWAR,SADDAR,AZAKHEL TELABAND,WHO,UCPO,3,111111-11111111
SNID May 2026,5,KHYBER,LANDI KOTAL,KARAMNA,WHO,UCPO,1,111111-11111111
SNID May 2026,5,KHYBER,LANDI KOTAL,KHUGA KHEL,WHO,UCPO,2,111111-11111111
SNID May 2026,5,KHYBER,LANDI KOTAL,KHUGA KHEL,WHO,UCPO,4,111111-11111111
SNID May 2026,5,PESHAWAR,SADDAR,URMAR BALA,UNICEF,Provincial Facilitator (Health Specialists/Officers- Communication- SBC Specialists/Officers-VMO- M and E Officer- Media Specialist- Provincial Communication Officer-Training etc),1,111111-11111100
SNID May 2026,5,PESHAWAR,SHAH ALAM,KANIZA,WHO,UCPO,4,111111-11111-00
SNID May 2026,5,KHYBER,BARA,JANBAZ A,WHO,UCPO,4,111111-11111-11
SNID May 2026,5,KHYBER,LANDI KOTAL,SHEIKHMAL KHEL,WHO,UCPO,4,111111-11111110
SNID May 2026,5,PESHAWAR,SMT,BHANA MARI,WHO,UCPO,1,111111-11111100
SNID May 2026,5,KHYBER,JAMRUD,LOWARA MIANA,WHO,UCPO,3,111111-11111-11
SNID May 2026,5,PESHAWAR,CITY,KHALSA 1,WHO,UCPO,6,111111-11111100
SNID May 2026,5,PESHAWAR,SHAH ALAM,KANKOLA,WHO,UCPO,5,111111-11111111
SNID May 2026,5,PESHAWAR,SHAH ALAM,KANIZA,WHO,UCPO,6,111111-11111111
SNID May 2026,5,PESHAWAR,SMT,HAZARKHWANI 1,WHO,UCPO,4,111111-11111111
SNID May 2026,4,PESHAWAR,SHAH ALAM,MATHRA,UNICEF,CBO,9,111111-11111111
SNID May 2026,5,PESHAWAR,MATTANI,SULEMAN KHEIL,WHO,UCPO,1,111111-11111100
SNID May 2026,5,PESHAWAR,SMT,BHANA MARI,WHO,UCPO,3,111111-11111111
SNID May 2026,5,PESHAWAR,SHAH ALAM,WADPAGA,WHO,UCPO,4,111111-11111100
SNID May 2026,5,PESHAWAR,SHAH ALAM,TUKHTABAD,Government,UCMO,3,111111-11111-11
SNID May 2026,5,PESHAWAR,SHAH ALAM,GARHI SHER DAD,WHO,UCPO,1,111111-11111111
SNID May 2026,5,PESHAWAR,SHAH ALAM,WADPAGA,WHO,UCPO,7,111111-11111100
SNID May 2026,5,PESHAWAR,SHAH ALAM,LARAMA,WHO,UCPO,5,111111-11111100
SNID May 2026,5,PESHAWAR,SMT,LANDI ARBAB,WHO,UCPO,4,111111-11111111
SNID May 2026,5,PESHAWAR,CITY,SIKANDAR TOWN,WHO,UCPO,2,111111-11111111
SNID May 2026,5,KHYBER,BARA,JANBAZ A,WHO,UCPO,2,111111-11111111
SNID May 2026,5,PESHAWAR,CITY,PAWAKA,WHO,UCPO,3,111111-11111111
SNID May 2026,5,KHYBER,LANDI KOTAL,SULTAN KHEL B,WHO,UCPO,3,111111-11111-11
SNID May 2026,5,PESHAWAR,SADDAR,MARYAM ZAI,WHO,UCSP,2,111111-11111100
SNID May 2026,5,PESHAWAR,SMT,HAZARKHWANI 2,WHO,UCPO,3,111111-11111111
SNID May 2026,5,PESHAWAR,CITY,PALOSI,UNICEF,CBO,7,111111-11111111
SNID May 2026,5,KHYBER,JAMRUD,TIDI BAZAR,WHO,TPO/ TDO,2,111111-11111111
SNID May 2026,5,PESHAWAR,SMT,SHEIKH JUNAID ABAD,WHO,UCPO,2,111111-11111111
SNID May 2026,5,PESHAWAR,CITY,PALOSI,WHO,UCPO,5,111111-11111111
SNID May 2026,5,PESHAWAR,SADDAR,BADABER HUREZAI,WHO,UCPO,7,111111-11111111
SNID May 2026,5,PESHAWAR,SHAH ALAM,GARHI SHER DAD,WHO,UCPO,1,111111-11111-11
SNID May 2026,5,PESHAWAR,CITY,MEHAL TERAI 2,WHO,UCPO,6,111111-11111111
SNID May 2026,5,PESHAWAR,SHAH ALAM,BUDHNI,WHO,UCPO,5,111111-11111111
SNID May 2026,5,PESHAWAR,SADDAR,URMAR BALA,WHO,UCPO,11,111111-11111100
SNID May 2026,5,PESHAWAR,SMT,YAKATOOT 3,WHO,UCPO,2,111111-11111100
SNID May 2026,3,KHYBER,BARA,SRA CHEENA,WHO,UCPO,8,111111011111111
SNID May 2026,4,PESHAWAR,CITY,CANTT WARD 1,WHO,UCPO,1,111111-11111-11
SNID May 2026,5,PESHAWAR,SMT,BHANA MARI,WHO,UCPO,4,111111-11111111
SNID May 2026,5,PESHAWAR,CITY,HASAN GARHI 2,WHO,UCPO,3,111111-11111100
SNID May 2026,5,PESHAWAR,SADDAR,URMAR PAYAN,WHO,UCPO,3,111111-11111111
SNID May 2026,5,PESHAWAR,SHAH ALAM,KHAZANA,WHO,UCPO,4,111111-11111100
SNID May 2026,5,PESHAWAR,SMT,SHAHEEN MUSLIM TWN1,WHO,Independent Monitor,6,111011-11111111
SNID May 2026,5,PESHAWAR,CITY,HASAN GARHI 2,WHO,UCSP,8,111111-11111111
SNID May 2026,5,PESHAWAR,SADDAR,ADEZAI,Government,Area Incharge (AIC),2,111111-11111111
SNID May 2026,5,PESHAWAR,SMT,DEH BAHADAR,WHO,TPO/ TDO,1,111111-11111111
SNID May 2026,5,KHYBER,LANDI KOTAL,STATION,WHO,UCPO,3,111111-11111111
SNID May 2026,5,PESHAWAR,SHAH ALAM,GULBELA,WHO,UCPO,8,111111-11111100
SNID May 2026,5,KHYBER,JAMRUD,LOWARA MIANA,WHO,UCPO,4,111111-11111-00
SNID May 2026,5,PESHAWAR,SADDAR,SUREZAI PAYAN,WHO,UCPO,2,111111-11111100
SNID May 2026,3,PESHAWAR,SMT,SHAHEEN MUSLIM TWN2,WHO,Provincial Facilitator (M&E- Campaign- HRMP- EPI-PEI Syn- Training etc),3,111111-11111111
SNID May 2026,5,PESHAWAR,SADDAR,SUREZAI PAYAN,WHO,UCPO,4,111111-11111100
SNID May 2026,5,PESHAWAR,SHAH ALAM,PAKHA GHULAM,WHO,UCPO,1,111111-11111111
SNID May 2026,5,PESHAWAR,SMT,YAKATOOT 2,WHO,UCPO,3,111111-11111111
SNID May 2026,5,PESHAWAR,SMT,DEH BAHADAR,WHO,UCPO,1,111111-11111111
SNID May 2026,5,PESHAWAR,MATTANI,SULEMAN KHEIL,WHO,UCPO,2,111111-11111100
SNID May 2026,5,PESHAWAR,SHAH ALAM,SHAHI BALA,WHO,UCPO,6,111111-11111111
SNID May 2026,5,PESHAWAR,CITY,PALOSI,WHO,UCPO,4,111111-11111111
SNID May 2026,5,PESHAWAR,CITY,HAYAT ABAD 1,WHO,UCPO,2,111111-11111100
SNID May 2026,5,PESHAWAR,CITY,SHAHEEN TOWN,WHO,UCPO,4,111111-11111100
SNID May 2026,5,PESHAWAR,CITY,SHAHEEN TOWN,N-STOP,Provincial Facilitator (N-STOP Officer- TSO),1,111111-11111111
SNID May 2026,5,PESHAWAR,SMT,DEH BAHADAR,WHO,TPO/ TDO,4,111111-11111111
SNID May 2026,4,PESHAWAR,SADDAR,SUREZAI PAYAN,WHO,UCPO,7,111111-11111100
SNID May 2026,5,PESHAWAR,SMT,DEH BAHADAR,WHO,UCPO,4,111111-11111111
SNID May 2026,5,PESHAWAR,CITY,MEHAL TERAI 1,WHO,UCSP,3,111111-11111111
SNID May 2026,5,PESHAWAR,SHAH ALAM,SAEEDABAD,WHO,UCPO,6,111111-11111111
SNID May 2026,2,KHYBER,BARA,SRA CHEENA,Government,UCMO,2,111111-11111110
SNID May 2026,5,PESHAWAR,CITY,PAWAKA,WHO,Independent Monitor,6,111111-11111100
SNID May 2026,5,PESHAWAR,SADDAR,MUSAZAI,WHO,UCPO,4,111111-11111100
SNID May 2026,5,KHYBER,JAMRUD,SHAH KAS A,WHO,UCPO,3,111111-11111111
SNID May 2026,5,PESHAWAR,SHAH ALAM,DAG,WHO,UCPO,3,111111-11111111
SNID May 2026,5,PESHAWAR,CITY,ASIA DABGARI,WHO,UCPO,1,111111-11111111
SNID May 2026,5,PESHAWAR,CITY,MEHAL TERAI 2,WHO,UCPO,7,111111-11111111
SNID May 2026,5,KHYBER,JAMRUD,SHAH KAS B,WHO,UCPO,4,111111-11111111
SNID May 2026,5,PESHAWAR,SMT,HAZARKHWANI 2,WHO,UCPO,6,111111-11111111
SNID May 2026,5,PESHAWAR,SHAH ALAM,BUDHNI,WHO,UCPO,1,111111-11111111
SNID May 2026,5,PESHAWAR,CITY,TEHKAL PAYAN 2 IRRIG,WHO,UCSP,3,111111-11111111
SNID May 2026,5,PESHAWAR,CITY,GULBAHAR,WHO,UCSP,4,111111-11111111
SNID May 2026,5,PESHAWAR,SHAH ALAM,LARAMA,WHO,UCPO,6,111111-11111111
SNID May 2026,5,PESHAWAR,SHAH ALAM,KANIZA,WHO,TPO/ TDO,1,111111-11111100
SNID May 2026,5,PESHAWAR,SMT,NOTHIA QADEEM,WHO,UCPO,1,111111-11111111
SNID May 2026,5,PESHAWAR,CITY,PALOSI,WHO,UCPO,4,111111-11111111
SNID May 2026,5,PESHAWAR,SMT,HAZARKHWANI 2,WHO,UCSP,9,111111-11111111
SNID May 2026,5,KHYBER,JAMRUD,TIDI BAZAR,WHO,District Polio Officer,1,111111111111100
SNID May 2026,5,PESHAWAR,SMT,SHAHEEN MUSLIM TWN2,WHO,UCPO,2,111111-11111111
SNID May 2026,5,PESHAWAR,SMT,SHAHEEN MUSLIM TWN1,WHO,Independent Monitor,4,111011-11111111
SNID May 2026,5,PESHAWAR,SHAH ALAM,KAFOOR DHERI,WHO,UCPO,3,111111-11111111
SNID May 2026,5,PESHAWAR,SHAH ALAM,SHAHI BALA,WHO,UCPO,5,111111-11111111
SNID May 2026,5,PESHAWAR,SMT,DERI BAGHBANAN,WHO,UCPO,3,111111-11111111
SNID May 2026,5,KHYBER,JAMRUD,TIDI BAZAR,N-STOP,District NSTOP Officer,1,111111-11111100
SNID May 2026,5,PESHAWAR,MATTANI,BAZID KHEL,WHO,UCPO,3,111111-11111111
SNID May 2026,5,KHYBER,JAMRUD,TIDI BAZAR,N-STOP,District NSTOP Officer,1,111111-11111100
SNID May 2026,5,KHYBER,JAMRUD,NEW ABADI,Government,UCMO,2,111111-11111111
SNID May 2026,5,PESHAWAR,SMT,HAZARKHWANI 2,WHO,UCPO,5,111111-11111111
SNID May 2026,5,PESHAWAR,SMT,HAZARKHWANI 2,WHO,UCPO,5,111111-11111111
SNID May 2026,5,PESHAWAR,MATTANI,BAZID KHEL,UNICEF,CBO,1,111111-111-1100
SNID May 2026,5,PESHAWAR,CITY,SHAHI BAGH,UNICEF,CBO,2,111111-11111-11
SNID May 2026,5,PESHAWAR,SADDAR,BADABER HUREZAI,Government,UCMO,1,111111-11111111
SNID May 2026,5,PESHAWAR,CITY,KHALSA 1,WHO,UCPO,2,111111-11111111
SNID May 2026,1,PESHAWAR,SADDAR,URMAR BALA,WHO,UCSP,2,111111-11111111
SNID May 2026,5,PESHAWAR,SMT,HAZARKHWANI 2,WHO,UCPO,2,111111-11111111
SNID May 2026,5,PESHAWAR,CITY,CANTT WARD 2,WHO,UCSP,3,111111-11111-00
SNID May 2026,5,PESHAWAR,CITY,TEHKAL BALA,WHO,UCPO,6,111111-11111111
SNID May 2026,5,PESHAWAR,SMT,HAZARKHWANI 2,WHO,UCPO,1,111111-11111111
SNID May 2026,5,PESHAWAR,MATTANI,MATTANI,WHO,Area Coordinator / District Coordinator,3,111101-11111111
SNID May 2026,5,KHYBER,LANDI KOTAL,SULTAN KHEL A,WHO,TPO/ TDO,197,100101-11111111
SNID May 2026,5,PESHAWAR,CITY,TEHKAL PAYAN 2 IRRIG,WHO,UCPO,1,111111-11111111
SNID May 2026,5,PESHAWAR,SHAH ALAM,SAEEDABAD,WHO,UCPO,2,111111-11111111
SNID May 2026,5,PESHAWAR,MATTANI,MATTANI,WHO,UCSP,3,111111-11111111
SNID May 2026,5,PESHAWAR,CITY,PAWAKA,WHO,Independent Monitor,7,111111-11111100
SNID May 2026,5,KHYBER,JAMRUD,NEW ABADI,WHO,UCPO,4,111111111111100
SNID May 2026,5,PESHAWAR,SADDAR,ADEZAI,WHO,UCPO,5,111111-11111100
SNID May 2026,5,PESHAWAR,CITY,SHAHEEN TOWN,N-STOP,Provincial Facilitator (N-STOP Officer- TSO),3,111111-11111111
SNID May 2026,5,PESHAWAR,MATTANI,SARBAND,WHO,UCPO,3,111111-11111111
SNID May 2026,5,PESHAWAR,SMT,HAZARKHWANI 2,WHO,UCSP,10,111111-11111111
SNID May 2026,5,PESHAWAR,CITY,HAYAT ABAD 2,WHO,UCPO,17,111111-11111111
SNID May 2026,5,KHYBER,LANDI KOTAL,SHEIKHMAL KHEL,WHO,UCPO,3,111111-11111111
SNID May 2026,5,PESHAWAR,SHAH ALAM,PAKHA GHULAM,WHO,UCPO,2,111111-11111111
SNID May 2026,5,PESHAWAR,SHAH ALAM,SAEEDABAD,Government,UCMO,3,111111-11111100
SNID May 2026,5,PESHAWAR,CITY,UNIVERSITY TOWN,WHO,UCPO,4,111111-111-1100
SNID May 2026,5,PESHAWAR,SADDAR,AZAKHEL TELABAND,WHO,UCPO,1,111111-11111111
SNID May 2026,5,PESHAWAR,MATTANI,ACHINI,WHO,UCPO,2,111111-11111100
SNID May 2026,5,PESHAWAR,SMT,LANDI ARBAB,WHO,UCPO,5,111111-11111111
SNID May 2026,5,PESHAWAR,SMT,SHAHEEN MUSLIM TWN1,WHO,Provincial Facilitator (M&E- Campaign- HRMP- EPI-PEI Syn- Training etc),5,111111-11111111
SNID May 2026,5,PESHAWAR,CITY,HAYAT ABAD 2,WHO,UCPO,3,111111-11111100
SNID May 2026,5,PESHAWAR,CITY,TEHKAL PAYAN 2 IRRIG,WHO,UCSP,3,111111-11111111
SNID May 2026,5,PESHAWAR,SHAH ALAM,PAJAGI,WHO,UCPO,5,111111-11111100
SNID May 2026,3,KHYBER,LANDI KOTAL,KARAMNA,WHO,UCPO,2,111111-11111111
SNID May 2026,5,PESHAWAR,SHAH ALAM,HARYANA PAYAN,WHO,TPO/ TDO,1,111111-11111100
SNID May 2026,5,PESHAWAR,MATTANI,MASHOGAGAR,WHO,UCPO,5,111111-11111100
SNID May 2026,5,PESHAWAR,SADDAR,MARYAM ZAI,WHO,UCSP,3,111111-11111100
SNID May 2026,5,PESHAWAR,CITY,SHAHI BAGH,N-STOP,District NSTOP Officer,4,111111-11111100
SNID May 2026,5,PESHAWAR,CITY,MEHAL TERAI 1,WHO,Provincial Facilitator (M&E- Campaign- HRMP- EPI-PEI Syn- Training etc),5,111111-11111111
SNID May 2026,5,PESHAWAR,MATTANI,MASHOGAGAR,WHO,UCPO,2,111111-11111111
SNID May 2026,5,PESHAWAR,MATTANI,BAZID KHEL,WHO,UCPO,6,111111-11111111
SNID May 2026,5,PESHAWAR,CITY,KHALSA 2,WHO,UCSP,4,111111-11111100
SNID May 2026,5,PESHAWAR,SADDAR,URMAR BALA,WHO,UCSP,3,111111-11111101
SNID May 2026,5,PESHAWAR,CITY,MEHAL TERAI 1,WHO,UCSP,2,111111-11111111
SNID May 2026,5,PESHAWAR,CITY,KHALSA 2,WHO,UCSP,1,111111-11111100
SNID May 2026,5,PESHAWAR,CITY,REGI,WHO,UCPO,5,111111-11111100
SNID May 2026,5,PESHAWAR,SMT,KAKSHAL 2,WHO,UCPO,1,111111-11111111
SNID May 2026,5,KHYBER,JAMRUD,SHAH KAS A,Government,UCMO,5,111111011111111
SNID May 2026,5,PESHAWAR,SHAH ALAM,GULBELA,WHO,District Polio Officer,9,111111-11111111
SNID May 2026,5,PESHAWAR,CITY,MEHAL TERAI 1,WHO,Provincial Facilitator (M&E- Campaign- HRMP- EPI-PEI Syn- Training etc),4,111111-11111111
SNID May 2026,5,PESHAWAR,SHAH ALAM,MATHRA,WHO,UCPO,7,111111-11111100
SNID May 2026,5,PESHAWAR,SADDAR,MERA SUREZAI PAYAN,WHO,Independent Monitor,3,111111-11111111
SNID May 2026,5,PESHAWAR,MATTANI,MASHOGAGAR,WHO,UCPO,1,111111-11111111
SNID May 2026,5,PESHAWAR,MATTANI,PISHTAKHARA,UNICEF,Provincial Facilitator (Health Specialists/Officers- Communication- SBC Specialists/Officers-VMO- M and E Officer- Media Specialist- Provincial Communication Officer-Training etc),6,111111-11111100
SNID May 2026,5,PESHAWAR,CITY,MEHAL TERAI 2,WHO,UCPO,4,111111-11111111
SNID May 2026,5,PESHAWAR,SADDAR,MUSAZAI,UNICEF,CBO,2,111111-11111100
SNID May 2026,5,PESHAWAR,SHAH ALAM,DAG,WHO,UCPO,5,111111-11111111
SNID May 2026,5,PESHAWAR,SHAH ALAM,WADPAGA,WHO,UCPO,8,111111-11111100
SNID May 2026,5,PESHAWAR,CITY,HAYAT ABAD 2,WHO,UCPO,16,111111-11111111
SNID May 2026,5,KHYBER,BARA,GANDAO,WHO,UCPO,3,111111-11111111
SNID May 2026,5,PESHAWAR,SMT,SHAHEEN MUSLIM TWN1,WHO,UCPO,4,111111-11111111
SNID May 2026,5,PESHAWAR,CITY,MEHAL TERAI 2,UNICEF,CCO,4,111111-11111111
SNID May 2026,5,PESHAWAR,CITY,CANTT WARD 2,WHO,UCSP,1,111111-11111-00
SNID May 2026,5,PESHAWAR,CITY,CANTT WARD 1,WHO,UCPO,3,111111-11111-11
SNID May 2026,5,PESHAWAR,SMT,DERI BAGHBANAN,Government,UCMO,4,111111-11111100
SNID May 2026,5,PESHAWAR,SMT,HAZARKHWANI 2,WHO,UCPO,4,111111-11111111
SNID May 2026,5,PESHAWAR,CITY,GULBAHAR,WHO,UCSP,1,111111-11111111
SNID May 2026,5,PESHAWAR,SMT,DEH BAHADAR,WHO,UCPO,6,111111-11111-00
SNID May 2026,5,KHYBER,BARA,ABDULLAH JAN,Government,UCMO,1,111111-11111111
SNID May 2026,5,KHYBER,BARA,SRA CHEENA,UNICEF,CBO,8,111111-11111100
SNID May 2026,5,PESHAWAR,SMT,DEH BAHADAR,WHO,UCPO,3,111111-11111111
SNID May 2026,5,PESHAWAR,SHAH ALAM,BUDHNI,WHO,UCPO,7,111111-11111111
SNID May 2026,5,PESHAWAR,SMT,SHAHEEN MUSLIM TWN1,WHO,UCPO,1,111111-11111100
SNID May 2026,5,KHYBER,JAMRUD,MIA MORCHA,WHO,UCPO,2,111111-11111-11
SNID May 2026,5,PESHAWAR,MATTANI,SARBAND,WHO,UCPO,4,111111-11111111
SNID May 2026,5,KHYBER,JAMRUD,NEW ABADI,WHO,UCPO,5,111111-11111111
SNID May 2026,5,PESHAWAR,CITY,KHALSA 1,WHO,UCPO,5,111111-11111100
SNID May 2026,5,PESHAWAR,SMT,AKHOON ABAD,UNICEF,CCO,3,111111-11111100
SNID May 2026,5,PESHAWAR,SMT,HAZARKHWANI 2,WHO,District Polio Officer,3,111111-11111111
SNID May 2026,5,PESHAWAR,SMT,HAZARKHWANI 2,WHO,District Polio Officer,5,111111-11111100
SNID May 2026,5,PESHAWAR,SHAH ALAM,PANAM DHERI,WHO,UCPO,5,111111-11111100
SNID May 2026,5,PESHAWAR,SMT,AKHOON ABAD,UNICEF,CCO,2,111111-11111111
SNID May 2026,5,PESHAWAR,SHAH ALAM,LARAMA,WHO,UCPO,4,111111-11111100
SNID May 2026,5,PESHAWAR,CITY,TEHKAL BALA,WHO,UCPO,7,111111-11111111
SNID May 2026,5,PESHAWAR,SADDAR,BADABER HUREZAI,WHO,UCPO,1,111111-11111-11
SNID May 2026,5,PESHAWAR,CITY,TEHKAL BALA,WHO,UCPO,8,111111-11111111
SNID May 2026,5,PESHAWAR,SHAH ALAM,KANIZA,WHO,TPO/ TDO,2,111111-11111100
SNID May 2026,5,KHYBER,LANDI KOTAL,PIROKHEL,WHO,UCPO,1,111111-11111-11
SNID May 2026,5,PESHAWAR,CITY,KARIM PURA,WHO,UCPO,3,111111-11111111
SNID May 2026,5,PESHAWAR,SHAH ALAM,NAHAQI,WHO,UCPO,4,111111-11111111
SNID May 2026,5,PESHAWAR,MATTANI,SHEIKHAN,WHO,UCPO,1,111111-11111-11
SNID May 2026,5,PESHAWAR,CITY,UNIVERSITY TOWN,WHO,UCPO,5,111111-11111111
SNID May 2026,5,PESHAWAR,CITY,UNIVERSITY TOWN,WHO,UCPO,6,111111-11111-11
SNID May 2026,5,PESHAWAR,SMT,AKHOON ABAD,WHO,UCPO,1,111111-11111111
SNID May 2026,5,PESHAWAR,SADDAR,BADABER HUREZAI,WHO,UCPO,3,111111-11111111
SNID May 2026,5,KHYBER,BARA,FORT SLOPE,WHO,UCPO,4,111111-11111111
SNID May 2026,5,PESHAWAR,CITY,ANDERSHEHER,WHO,UCPO,1,111111-11111100
SNID May 2026,5,PESHAWAR,CITY,ANDERSHEHER,WHO,UCPO,2,111111-11111100
SNID May 2026,5,PESHAWAR,CITY,MEHAL TERAI 2,WHO,UCPO,1,111111-11111111
SNID May 2026,5,PESHAWAR,CITY,JEHANGIR PURA,WHO,UCPO,3,111111-11111100
SNID May 2026,5,PESHAWAR,MATTANI,SHEIKH MOHAMMADI,WHO,UCPO,5,111111-11111100
SNID May 2026,5,PESHAWAR,SHAH ALAM,KANKOLA,WHO,UCPO,9,111111-11111111
SNID May 2026,5,PESHAWAR,SHAH ALAM,KANKOLA,WHO,UCPO,10,111111-11111111
SNID May 2026,5,PESHAWAR,MATTANI,SHEIKH MOHAMMADI,WHO,UCPO,6,111111-11111100
SNID May 2026,5,PESHAWAR,CITY,SUFAID DHERI,N-STOP,Provincial Facilitator (N-STOP Officer- TSO),2,111111-11111111
SNID May 2026,5,PESHAWAR,CITY,SUFAID DHERI,N-STOP,Provincial Facilitator (N-STOP Officer- TSO),8,111111-11111111
SNID May 2026,5,PESHAWAR,CITY,SUFAID DHERI,N-STOP,Provincial Facilitator (N-STOP Officer- TSO),1,111111-111-1111
SNID May 2026,5,KHYBER,LANDI KOTAL,LOE SHALMAN B,WHO,UCPO,1,111111-11111-00
SNID May 2026,5,PESHAWAR,CITY,KHALSA 2,WHO,UCPO,9,111111-11111111
SNID May 2026,5,PESHAWAR,MATTANI,MATTANI,WHO,UCPO,1,111111-11111111
SNID May 2026,5,PESHAWAR,MATTANI,MATTANI,WHO,UCPO,2,111111-11111111
SNID May 2026,5,PESHAWAR,CITY,LAHORI,WHO,UCPO,1,111111-11111100
SNID May 2026,5,PESHAWAR,SHAH ALAM,SAEEDABAD,WHO,UCPO,1,111111-11111111
SNID May 2026,5,PESHAWAR,CITY,PALOSI,WHO,UCPO,2,111111-11111111
SNID May 2026,5,PESHAWAR,CITY,SHAHI BAGH,WHO,UCPO,2,111111-11111111
SNID May 2026,5,PESHAWAR,CITY,SUFAID DHERI,WHO,UCPO,8,111111-11111100
SNID May 2026,5,PESHAWAR,SMT,DERI BAGHBANAN,WHO,UCPO,1,111111-11111111
SNID May 2026,5,PESHAWAR,SHAH ALAM,TUKHTABAD,WHO,UCPO,2,111111-11111100
SNID May 2026,5,PESHAWAR,SHAH ALAM,JOGANI,WHO,District Polio Officer,4,111111-11111100
SNID May 2026,5,PESHAWAR,SMT,LANDI ARBAB,WHO,UCPO,6,111111-11111100
SNID May 2026,5,PESHAWAR,SHAH ALAM,PANAM DHERI,WHO,UCPO,1,111111-11111111
SNID May 2026,5,PESHAWAR,SMT,AKHOON ABAD,WHO,UCPO,3,111111-11111111
SNID May 2026,5,PESHAWAR,CITY,TEHKAL BALA,WHO,UCPO,5,111111-11111111
SNID May 2026,5,PESHAWAR,CITY,GUNJ,WHO,UCPO,2,111111-11111111
SNID May 2026,5,PESHAWAR,CITY,SHAHI BAGH,WHO,Independent Monitor,1,111111-11111100
SNID May 2026,5,PESHAWAR,SADDAR,URMAR MIANA,WHO,UCPO,1,111111-11111111
SNID May 2026,5,PESHAWAR,SADDAR,URMAR MIANA,WHO,UCPO,2,111111-11111111
SNID May 2026,5,PESHAWAR,SMT,SHAHEEN MUSLIM TWN2,WHO,UCPO,1,111111-11111111
SNID May 2026,5,PESHAWAR,SMT,LANDI ARBAB,WHO,UCPO,5,111111-11111111
SNID May 2026,5,PESHAWAR,SMT,LANDI ARBAB,WHO,UCPO,1,111111-11111111
SNID May 2026,5,PESHAWAR,MATTANI,BAZID KHEL,WHO,UCPO,1,111111-11111111
SNID May 2026,5,PESHAWAR,SHAH ALAM,MATHRA,WHO,UCPO,2,111111-11111111
SNID May 2026,5,PESHAWAR,CITY,MALAKANDHER,WHO,UCPO,17,111111-11111111
SNID May 2026,5,PESHAWAR,SHAH ALAM,TUKHTABAD,WHO,UCPO,3,111111-11111100
SNID May 2026,4,KHYBER,BARA,FORT SLOPE,WHO,UCPO,1,111111-111-1-11
SNID May 2026,5,PESHAWAR,CITY,HASAN GARHI 2,WHO,UCPO,6,111111-11111111
SNID May 2026,5,PESHAWAR,CITY,REGI,WHO,UCPO,2,111111-11111100
SNID May 2026,5,KHYBER,BARA,FORT SLOPE,WHO,UCPO,2,111111-11101100
SNID May 2026,4,KHYBER,BARA,FORT SLOPE,WHO,UCPO,1,111111-11111-11
SNID May 2026,5,PESHAWAR,SADDAR,MERA SUREZAI PAYAN,WHO,UCPO,2,111111-11111100
SNID May 2026,5,KHYBER,JAMRUD,MIA MORCHA,N-STOP,District NSTOP Officer,3,111111-11111111
SNID May 2026,5,PESHAWAR,SMT,DEH BAHADAR,WHO,UCPO,5,111111-11111-00
SNID May 2026,5,PESHAWAR,CITY,JEHANGIR PURA,WHO,UCPO,2,111111-11111100
SNID May 2026,5,PESHAWAR,SMT,SHAHEEN MUSLIM TWN1,WHO,UCPO,6,111111-11111111
SNID May 2026,5,PESHAWAR,SMT,SHAHEEN MUSLIM TWN1,WHO,UCPO,7,111111-11111111
SNID May 2026,5,PESHAWAR,CITY,HAYAT ABAD 2,WHO,UCPO,2,111111-11111100
SNID May 2026,5,PESHAWAR,CITY,TEHKAL PAYAN,WHO,UCPO,4,111111-11111-00
SNID May 2026,5,KHYBER,LANDI KOTAL,KAM SHALMAN,WHO,UCPO,2,111111111111111
SNID May 2026,5,PESHAWAR,SHAH ALAM,PANAM DHERI,WHO,UCPO,2,111111-11111111
SNID May 2026,5,PESHAWAR,SADDAR,URMAR BALA,WHO,UCPO,5,111111-11111100
SNID May 2026,5,PESHAWAR,SADDAR,URMAR BALA,WHO,UCPO,14,111111-11111100
SNID May 2026,5,PESHAWAR,MATTANI,ACHINI,WHO,UCPO,5,111111-11111111
SNID May 2026,5,PESHAWAR,MATTANI,ACHINI,WHO,UCPO,6,111111-11111111
SNID May 2026,5,KHYBER,BARA,GANDAO,WHO,TPO/ TDO,2,111111-11111111
SNID May 2026,5,PESHAWAR,CITY,KHALSA 2,WHO,UCPO,3,111111-11111111
SNID May 2026,5,PESHAWAR,CITY,SUFAID DHERI,WHO,UCPO,4,111111-11111111
SNID May 2026,5,PESHAWAR,CITY,SUFAID DHERI,WHO,UCPO,7,111111-11111111
SNID May 2026,5,PESHAWAR,SHAH ALAM,WADPAGA,WHO,UCPO,2,111111-11111100
SNID May 2026,5,KHYBER,LANDI KOTAL,MIRDAD KHEL,WHO,UCPO,6,111011-11111111
SNID May 2026,5,PESHAWAR,CITY,MALAKANDHER,WHO,UCPO,13,111111-11111111
SNID May 2026,5,PESHAWAR,CITY,LAHORI,WHO,UCPO,2,111111-11111100
SNID May 2026,5,PESHAWAR,SMT,BHANA MARI,WHO,Independent Monitor,4,111011-10100100
SNID May 2026,5,PESHAWAR,CITY,CANTT WARD 4,WHO,UCPO,1,111111-11111100
SNID May 2026,5,KHYBER,JAMRUD,SHAH KAS A,WHO,UCPO,1,111111-11111111
SNID May 2026,5,PESHAWAR,SMT,HAZARKHWANI 1,WHO,UCPO,1,111111-11111111
SNID May 2026,5,PESHAWAR,CITY,SHAHI BAGH,WHO,Independent Monitor,2,111111-11111100
SNID May 2026,5,PESHAWAR,SHAH ALAM,HARYANA PAYAN,WHO,UCPO,2,111111-11111111
SNID May 2026,5,PESHAWAR,MATTANI,PISHTAKHARA,WHO,UCPO,6,111111-11111100
SNID May 2026,5,PESHAWAR,SHAH ALAM,HARYANA PAYAN,WHO,UCPO,7,111111-11111111
SNID May 2026,5,KHYBER,LANDI KOTAL,LOE SHALMAN A,WHO,UCPO,3,111111-11111-11
SNID May 2026,5,PESHAWAR,CITY,KAKSHAL,WHO,UCPO,1,111111-11111111
SNID May 2026,5,PESHAWAR,SMT,WAZIR BAGH,WHO,UCSP,2,111011-11111111
SNID May 2026,5,PESHAWAR,SMT,WAZIR BAGH,WHO,UCSP,3,111111-11111111
SNID May 2026,5,PESHAWAR,CITY,TEHKAL BALA,WHO,UCPO,1,111111-11111111
SNID May 2026,5,PESHAWAR,CITY,MEHAL TERAI 1,WHO,UCPO,1,111111-11111100
SNID May 2026,5,PESHAWAR,CITY,MEHAL TERAI 1,Government,Other (Specify),2,111111-11111100
SNID May 2026,5,PESHAWAR,CITY,MEHAL TERAI 1,Government,Other (Specify),3,111111-11111100
SNID May 2026,4,PESHAWAR,CITY,MEHAL TERAI 1,WHO,Other (Specify),3,111111-11111100
SNID May 2026,3,PESHAWAR,CITY,MEHAL TERAI 1,Government,Other (Specify),3,111111-11111100
SNID May 2026,2,PESHAWAR,CITY,MEHAL TERAI 1,Government,Other (Specify),3,111111-11111100
SNID May 2026,3,PESHAWAR,CITY,MEHAL TERAI 1,Government,Other (Specify),2,111111-11111100
SNID May 2026,2,PESHAWAR,CITY,MEHAL TERAI 1,Government,Other (Specify),2,111111-11111100
SNID May 2026,5,PESHAWAR,CITY,PAWAKA,WHO,UCPO,5,111111-11111111
SNID May 2026,4,PESHAWAR,CITY,MEHAL TERAI 1,Government,Other (Specify),2,111111-11111100
SNID May 2026,5,PESHAWAR,CITY,SHAHEEN TOWN,WHO,UCPO,3,111111111111111
SNID May 2026,5,PESHAWAR,CITY,SHAHEEN TOWN,WHO,UCPO,1,111111-11111111
SNID May 2026,5,KHYBER,LANDI KOTAL,LOE SHALMAN B,WHO,UCPO,4,111111-11111-10
SNID May 2026,5,PESHAWAR,CITY,MEHAL TERAI 1,WHO,UCPO,5,111111-11111100
SNID May 2026,5,PESHAWAR,SHAH ALAM,MATHRA,WHO,UCPO,8,111111-11111100
SNID May 2026,5,PESHAWAR,SADDAR,URMAR MIANA,WHO,UCPO,4,111111-11111111
SNID May 2026,5,PESHAWAR,SADDAR,URMAR MIANA,WHO,UCPO,5,111111-11111111
SNID May 2026,5,PESHAWAR,CITY,FAQIR ABAD,WHO,UCPO,2,111111-11111111
SNID May 2026,5,PESHAWAR,CITY,FAQIR ABAD,WHO,UCPO,1,111111-11111111
SNID May 2026,5,PESHAWAR,SADDAR,SUREZAI BALA,WHO,UCPO,1,111111-11111111
SNID May 2026,5,PESHAWAR,SADDAR,SUREZAI BALA,WHO,UCPO,2,111111-11111111
SNID May 2026,5,PESHAWAR,CITY,SUFAID DHERI,WHO,TPO/ TDO,13,111111-11111111
SNID May 2026,5,PESHAWAR,CITY,SUFAID DHERI,WHO,TPO/ TDO,14,111111-11111111
SNID May 2026,5,PESHAWAR,CITY,HAYAT ABAD 1,WHO,UCPO,11,111111-11111111
SNID May 2026,5,PESHAWAR,SADDAR,URMAR BALA,WHO,UCPO,1,111111-11011-00
SNID May 2026,5,PESHAWAR,CITY,SUFAID DHERI,UNICEF,CBO,13,111111-11111111
SNID May 2026,5,PESHAWAR,SADDAR,URMAR BALA,WHO,UCPO,3,111111-11111100
SNID May 2026,5,PESHAWAR,SHAH ALAM,MATHRA,WHO,UCPO,10,111111-11111100
SNID May 2026,5,PESHAWAR,SHAH ALAM,JOGANI,WHO,UCPO,1,111111-11111100
SNID May 2026,5,KHYBER,LANDI KOTAL,TIRAH BAZAR B,Government,UCMO,6,111111-11111-10
SNID May 2026,5,PESHAWAR,SHAH ALAM,JOGANI,WHO,UCPO,2,111111-11111100
SNID May 2026,5,PESHAWAR,SMT,YAKATOOT 2,WHO,Independent Monitor,3,111111-11111100
SNID May 2026,5,PESHAWAR,SMT,YAKATOOT 2,WHO,Independent Monitor,3,111111-11101100
SNID May 2026,5,KHYBER,LANDI KOTAL,STATION,WHO,UCPO,2,111111-11111111
SNID May 2026,5,PESHAWAR,MATTANI,SULEMAN KHEIL,WHO,UCPO,5,111111-11111100
SNID May 2026,5,PESHAWAR,MATTANI,SULEMAN KHEIL,WHO,UCPO,4,111111-11111111
SNID May 2026,4,KHYBER,LANDI KOTAL,MIRDAD KHEL,WHO,UCPO,2,111111-11111111
SNID May 2026,4,KHYBER,LANDI KOTAL,MIRDAD KHEL,WHO,UCPO,2,111111-11111111
SNID May 2026,5,PESHAWAR,CITY,MALAKANDHER,WHO,UCPO,11,111111-11111100
SNID May 2026,5,PESHAWAR,SADDAR,AZAKHEL TELABAND,WHO,UCSP,2,111111-11111111
SNID May 2026,5,PESHAWAR,SADDAR,AZAKHEL TELABAND,WHO,UCSP,3,111111-11111111
SNID May 2026,5,KHYBER,LANDI KOTAL,KARAMNA,WHO,UCPO,3,111111-11111100
SNID May 2026,4,KHYBER,LANDI KOTAL,TIRAH BAZAR A,WHO,UCPO,5,111111-11111101
SNID May 2026,5,PESHAWAR,MATTANI,PISHTAKHARA,UNICEF,Provincial Facilitator (Health Specialists/Officers- Communication- SBC Specialists/Officers-VMO- M and E Officer- Media Specialist- Provincial Communication Officer-Training etc),7,111111-11111111
SNID May 2026,5,PESHAWAR,SHAH ALAM,MATHRA,WHO,UCPO,1,111111-11111111
SNID May 2026,5,PESHAWAR,CITY,MALAKANDHER,WHO,UCSP,16,111111-11111111
SNID May 2026,5,PESHAWAR,CITY,MALAKANDHER,WHO,UCSP,15,111111-11111111
SNID May 2026,5,PESHAWAR,SADDAR,CHAMKANI,WHO,UCPO,8,111111-11111111
SNID May 2026,5,PESHAWAR,SADDAR,MERA SUREZAI PAYAN,WHO,UCPO,7,111111-11111100
SNID May 2026,6,PESHAWAR,SHAH ALAM,GULBELA,WHO,UCPO,1,111111-11111100
SNID May 2026,6,PESHAWAR,SADDAR,BADABER MARYAMZAI,WHO,UCSP,2,111111-11111111
SNID May 2026,6,KHYBER,BARA,FORT SLOPE,WHO,UCPO,3,111111-11100-00
SNID May 2026,1,PESHAWAR,MATTANI,PISHTAKHARA,WHO,UCPO,3,111111-11111100
SNID May 2026,5,PESHAWAR,SHAH ALAM,LALA KALAY,WHO,UCSP,6,111111-11111111
SNID May 2026,5,PESHAWAR,SHAH ALAM,LALA KALAY,WHO,UCSP,8,111111-11111111
SNID May 2026,2,PESHAWAR,SMT,NOTHIA JADEED,WHO,UCPO,1,111111111111100
SNID May 2026,6,KHYBER,JAMRUD,NEW ABADI,WHO,UCPO,6,111111-11111100
SNID May 2026,6,PESHAWAR,SHAH ALAM,SAEEDABAD,Government,UCMO,7,111111-11111100
SNID May 2026,6,KHYBER,BARA,JANBAZ A,WHO,UCPO,9,111111-11111-11
SNID May 2026,6,KHYBER,JAMRUD,NEW ABADI,WHO,UCPO,7,111111-11111100
SNID May 2026,6,PESHAWAR,SHAH ALAM,CHAGARMATI,WHO,UCPO,5,111111-11111111
SNID May 2026,4,KHYBER,JAMRUD,SHAH KAS A,WHO,UCPO,1,111111-11111111
SNID May 2026,6,KHYBER,BARA,JANBAZ A,WHO,UCPO,1,111111-11111-00
SNID May 2026,6,PESHAWAR,SHAH ALAM,GULBELA,WHO,UCPO,1,111111-11111100
SNID May 2026,6,PESHAWAR,SHAH ALAM,KANIZA,WHO,UCPO,2,111111-11111111
SNID May 2026,6,PESHAWAR,SHAH ALAM,GULBELA,WHO,UCPO,2,111111-11111100
SNID May 2026,6,PESHAWAR,CITY,SIKANDAR TOWN,WHO,UCPO,2,111111-11111111
SNID May 2026,6,PESHAWAR,SHAH ALAM,CHAGARMATI,WHO,UCPO,6,111111-11111111
SNID May 2026,2,PESHAWAR,MATTANI,SULEMAN KHEIL,WHO,UCPO,1,111111-11111100
SNID May 2026,6,PESHAWAR,SMT,HAZARKHWANI 1,WHO,Independent Monitor,5,111111-11111100
SNID May 2026,1,PESHAWAR,SMT,SHEIKH JUNAID ABAD,WHO,UCPO,1,111111-11111111
SNID May 2026,1,PESHAWAR,CITY,CANTT WARD 2,WHO,UCSP,1,111111-11111-00
SNID May 2026,4,PESHAWAR,CITY,ASIA DABGARI,WHO,UCPO,1,111111-111-1111
SNID May 2026,5,PESHAWAR,SMT,LANDI ARBAB,WHO,UCPO,2,111111-11111111
SNID May 2026,3,KHYBER,BARA,SRA CHEENA,Government,UCMO,5,111111-11111100
SNID May 2026,5,PESHAWAR,SHAH ALAM,DAG,WHO,UCPO,4,111111-11111111
SNID May 2026,1,PESHAWAR,SMT,YAKATOOT 2,WHO,UCPO,3,111111111111100
SNID May 2026,2,PESHAWAR,SMT,HAZARKHWANI 1,WHO,UCPO,5,111111-11111100
SNID May 2026,6,KHYBER,JAMRUD,NEW ABADI,Government,UCMO,4,111111-11111111
SNID May 2026,5,PESHAWAR,SADDAR,MERA KACHORI,WHO,UCPO,5,111111-11111111
SNID May 2026,5,PESHAWAR,SADDAR,MERA KACHORI,WHO,UCPO,7,111111-11111100
SNID May 2026,6,PESHAWAR,CITY,HASAN GARHI 2,WHO,UCSP,3,111111-11111111
SNID May 2026,5,PESHAWAR,SHAH ALAM,DAG,WHO,UCPO,2,111111-11111111
SNID May 2026,6,PESHAWAR,SHAH ALAM,KAFOOR DHERI,WHO,UCPO,3,111111-11111111
SNID May 2026,5,PESHAWAR,SHAH ALAM,LARAMA,WHO,UCPO,3,111111-11111111
SNID May 2026,6,PESHAWAR,SHAH ALAM,LALA KALAY,WHO,UCPO,7,111111-11111111
SNID May 2026,6,PESHAWAR,SADDAR,AZAKHEL TELABAND,WHO,UCSP,1,111111-11111-11
SNID May 2026,6,PESHAWAR,SADDAR,MARYAM ZAI,WHO,UCSP,1,111111-11111100
SNID May 2026,6,PESHAWAR,SADDAR,MARYAM ZAI,WHO,UCSP,2,111111-11111100
SNID May 2026,5,PESHAWAR,CITY,CANTT WARD 4,WHO,Independent Monitor,2,111111-11111-00
SNID May 2026,5,PESHAWAR,CITY,CANTT WARD 4,WHO,Independent Monitor,1,111111-11111000
SNID May 2026,1,PESHAWAR,MATTANI,PISHTAKHARA,WHO,UCPO,2,111111-11111100
SNID May 2026,6,PESHAWAR,SHAH ALAM,GARHI SHER DAD,WHO,UCPO,3,111111-11111110
SNID May 2026,6,PESHAWAR,CITY,SHAHEEN TOWN,WHO,UCPO,2,111111-11111110
SNID May 2026,4,PESHAWAR,CITY,HASAN GARHI 2,WHO,UCPO,4,111111-11111100
SNID May 2026,6,KHYBER,LANDI KOTAL,SHEIKHMAL KHEL,WHO,UCPO,5,111111-11111-11
SNID May 2026,6,KHYBER,LANDI KOTAL,SULTAN KHEL A,WHO,TPO/ TDO,5,100101-11111111
SNID May 2026,6,PESHAWAR,MATTANI,SARBAND,WHO,UCPO,6,111111-11110111
SNID May 2026,6,PESHAWAR,CITY,CANTT WARD 2,Government,UCMO,3,111111011111-00
SNID May 2026,3,PESHAWAR,SHAH ALAM,JOGANI,WHO,UCPO,2,111111-11111111
SNID May 2026,6,PESHAWAR,SADDAR,URMAR BALA,WHO,UCPO,10,111111-11111111
SNID May 2026,3,PESHAWAR,SMT,HAZARKHWANI 2,WHO,UCSP,11,111111-11111111
SNID May 2026,2,PESHAWAR,CITY,CANTT WARD 2,WHO,UCSP,2,111111-11111-00
SNID May 2026,3,PESHAWAR,MATTANI,SARBAND,WHO,UCPO,7,111111-11111111
SNID May 2026,3,PESHAWAR,SHAH ALAM,KHAZANA,WHO,UCPO,10,111111-11111111
SNID May 2026,6,PESHAWAR,SHAH ALAM,SHAHI BALA,WHO,UCPO,6,111111-11111111
SNID May 2026,6,PESHAWAR,SHAH ALAM,SHAHI BALA,WHO,UCPO,7,111111-11111111
SNID May 2026,6,PESHAWAR,CITY,SIKANDAR TOWN,WHO,UCPO,1,111111-11111110
SNID May 2026,5,PESHAWAR,SHAH ALAM,SAEEDABAD,WHO,UCPO,2,111111-11111111
SNID May 2026,6,PESHAWAR,SHAH ALAM,WADPAGA,WHO,UCPO,2,111111-11111100
SNID May 2026,4,PESHAWAR,SHAH ALAM,SAEEDABAD,WHO,UCPO,1,111111-11111111
SNID May 2026,6,PESHAWAR,SADDAR,URMAR BALA,WHO,UCPO,1,111111-11111100
SNID May 2026,4,PESHAWAR,SHAH ALAM,KANKOLA,WHO,UCPO,7,111111-11111111
SNID May 2026,6,PESHAWAR,CITY,FAQIR ABAD,WHO,Independent Monitor,1,111111-11111100
SNID May 2026,2,PESHAWAR,SMT,NOTHIA JADEED,WHO,UCPO,2,111111-11111111
SNID May 2026,5,PESHAWAR,SHAH ALAM,LARAMA,WHO,UCPO,2,111111-11111100
SNID May 2026,6,PESHAWAR,SMT,NOTHIA QADEEM,WHO,UCPO,2,111111-11111111
SNID May 2026,1,PESHAWAR,CITY,MEHAL TERAI 1,WHO,UCSP,3,111111-11111111
SNID May 2026,6,PESHAWAR,CITY,TEHKAL PAYAN 2 IRRIG,WHO,UCSP,1,111111-11111111
SNID May 2026,6,PESHAWAR,SMT,AKHOON ABAD,WHO,Area Coordinator / District Coordinator,3,111111-11111111
SNID May 2026,6,PESHAWAR,CITY,GULBAHAR,WHO,UCSP,2,111111-11111111
SNID May 2026,6,PESHAWAR,CITY,JEHANGIR PURA,WHO,UCPO,1,111111-11111100
SNID May 2026,1,PESHAWAR,MATTANI,MASHOGAGAR,WHO,UCPO,1,111111-11111100
SNID May 2026,6,PESHAWAR,CITY,KHALSA 2,WHO,UCPO,7,111111-11111100
SNID May 2026,2,PESHAWAR,SMT,YAKATOOT 3,WHO,UCPO,1,111111-11111100
SNID May 2026,6,PESHAWAR,CITY,SIKANDAR TOWN,WHO,Independent Monitor,4,111111-11111100
SNID May 2026,3,PESHAWAR,CITY,HASAN GARHI 2,WHO,UCPO,3,111111-11111111
SNID May 2026,3,PESHAWAR,CITY,TEHKAL PAYAN 2 IRRIG,WHO,UCPO,4,111111-11111111
SNID May 2026,6,PESHAWAR,CITY,LAHORI,WHO,UCPO,2,111111-11111100
SNID May 2026,5,PESHAWAR,MATTANI,SHEIKH MOHAMMADI,WHO,UCPO,1,111111-11111100
SNID May 2026,3,PESHAWAR,SHAH ALAM,DAG,WHO,UCPO,5,111111-11111111
SNID May 2026,6,PESHAWAR,SHAH ALAM,GARHI SHER DAD,WHO,UCPO,4,111111-11111110
SNID May 2026,6,PESHAWAR,CITY,HAYAT ABAD 1,WHO,UCPO,6,111111-11111100
SNID May 2026,6,PESHAWAR,SHAH ALAM,WADPAGA,WHO,UCPO,3,111111-11111100
SNID May 2026,6,PESHAWAR,CITY,FAQIR ABAD,WHO,Independent Monitor,2,111111-11111100
SNID May 2026,6,PESHAWAR,SMT,HAZARKHWANI 2,WHO,UCPO,1,111111-11111111
SNID May 2026,3,PESHAWAR,SMT,SHAHEEN MUSLIM TWN1,WHO,TPO/ TDO,1,111111-11111111
SNID May 2026,6,PESHAWAR,SMT,HAZARKHWANI 2,WHO,UCPO,11,111111-11111111
SNID May 2026,6,PESHAWAR,CITY,PALOSI,WHO,UCPO,2,111111-11111110
SNID May 2026,6,PESHAWAR,CITY,HAYAT ABAD 2,WHO,UCPO,5,111111-11111111
SNID May 2026,6,PESHAWAR,CITY,PALOSI,WHO,UCPO,3,111111-11111100
SNID May 2026,6,PESHAWAR,SADDAR,BADABER MARYAMZAI,WHO,UCPO,3,111111-11111100
SNID May 2026,6,PESHAWAR,CITY,TEHKAL BALA,WHO,UCPO,2,111111-11111111
SNID May 2026,3,KHYBER,JAMRUD,SHAH KAS A,WHO,District Polio Officer,1,111111-11111111
SNID May 2026,2,PESHAWAR,SHAH ALAM,WADPAGA,WHO,UCPO,8,111111-11111100
SNID May 2026,2,PESHAWAR,SMT,SHEIKH JUNAID ABAD,WHO,UCPO,2,111111-11111111
SNID May 2026,6,PESHAWAR,SMT,HAZARKHWANI 2,WHO,UCPO,10,111111-11111111
SNID May 2026,2,PESHAWAR,SHAH ALAM,DAG,WHO,UCPO,4,111111-11111111
SNID May 2026,3,PESHAWAR,SHAH ALAM,WADPAGA,WHO,UCPO,9,111111-11111100
SNID May 2026,6,PESHAWAR,CITY,KHALSA 2,WHO,UCSP,6,111111-11111100
SNID May 2026,2,PESHAWAR,CITY,SHAHI BAGH,WHO,UCPO,4,111111-11111100
SNID May 2026,6,PESHAWAR,CITY,KHALSA 2,WHO,UCPO,9,111111-11111100
SNID May 2026,3,PESHAWAR,MATTANI,PISHTAKHARA,WHO,UCPO,4,111111-11111100
SNID May 2026,6,KHYBER,LANDI KOTAL,SULTAN KHEL A,WHO,TPO/ TDO,5,101101-11111111
SNID May 2026,2,PESHAWAR,CITY,MEHAL TERAI 1,WHO,UCSP,2,111111-11111111
SNID May 2026,6,PESHAWAR,SADDAR,URMAR BALA,WHO,UCPO,8,111111-11111111
SNID May 2026,4,PESHAWAR,SHAH ALAM,PANAM DHERI,WHO,UCPO,5,111111-11111111
SNID May 2026,3,PESHAWAR,SMT,SHAHEEN MUSLIM TWN1,WHO,TPO/ TDO,2,111111-11111111
SNID May 2026,6,PESHAWAR,CITY,SIKANDAR TOWN,WHO,Independent Monitor,1,111111-11111100
SNID May 2026,5,PESHAWAR,SMT,SHAHEEN MUSLIM TWN2,WHO,UCPO,3,111111-11111111
SNID May 2026,6,PESHAWAR,CITY,HAYAT ABAD 2,WHO,UCPO,17,111111-111-0111
SNID May 2026,2,PESHAWAR,CITY,JEHANGIR PURA,WHO,UCPO,2,111111-11111100
SNID May 2026,6,PESHAWAR,SMT,DERI BAGHBANAN,WHO,UCPO,4,111111-11111111
SNID May 2026,1,PESHAWAR,MATTANI,MASHOGAGAR,WHO,UCPO,4,111111-11111100
SNID May 2026,6,PESHAWAR,CITY,HAYAT ABAD 2,WHO,UCPO,18,111111-111-0-11
SNID May 2026,1,PESHAWAR,CITY,HAYAT ABAD 2,WHO,UCPO,15,111111-11111100
SNID May 2026,6,PESHAWAR,SHAH ALAM,SAEEDABAD,WHO,UCPO,5,111111-11111111
SNID May 2026,6,PESHAWAR,CITY,TEHKAL PAYAN 2 IRRIG,WHO,UCSP,1,111111-11111111
SNID May 2026,6,PESHAWAR,SHAH ALAM,SAEEDABAD,WHO,UCPO,3,111111-11111111
SNID May 2026,4,PESHAWAR,SADDAR,MERA KACHORI,WHO,UCPO,5,111111-11111111
SNID May 2026,6,PESHAWAR,SMT,LANDI ARBAB,WHO,UCPO,5,111111-11111100
SNID May 2026,5,PESHAWAR,CITY,ASIA DABGARI,WHO,UCPO,2,111111-11111111
SNID May 2026,5,PESHAWAR,SADDAR,MERA KACHORI,WHO,UCPO,6,111111-11111111
SNID May 2026,6,PESHAWAR,SMT,LANDI ARBAB,WHO,UCPO,7,111111-11111100
SNID May 2026,6,PESHAWAR,MATTANI,BAZID KHEL,WHO,UCPO,5,111111-11111111
SNID May 2026,6,PESHAWAR,SADDAR,SHERAKERA,WHO,UCPO,3,111110-11101100
SNID May 2026,6,PESHAWAR,SADDAR,SHERAKERA,WHO,UCPO,2,111111-11111110
SNID May 2026,6,PESHAWAR,SMT,HAZARKHWANI 2,WHO,UCSP,9,111111-11111111
SNID May 2026,6,PESHAWAR,MATTANI,PISHTAKHARA,Government,UCMO,1,111111011111111
SNID May 2026,1,PESHAWAR,CITY,REGI,WHO,UCPO,4,111111-11111100
SNID May 2026,5,KHYBER,BARA,SRA CHEENA,UNICEF,CBO,7,111111-11111100
SNID May 2026,6,PESHAWAR,MATTANI,PISHTAKHARA,WHO,Area Coordinator / District Coordinator,6,111111-11111111
SNID May 2026,6,PESHAWAR,CITY,KHALSA 2,WHO,UCPO,8,111111-11111111
SNID May 2026,6,PESHAWAR,SMT,AKHOON ABAD,WHO,UCPO,2,111111-11111111
SNID May 2026,6,PESHAWAR,SHAH ALAM,LALA KALAY,WHO,UCSP,1,111111-11111111
SNID May 2026,6,PESHAWAR,SMT,HAZARKHWANI 1,WHO,UCPO,6,111111-11111100
SNID May 2026,6,PESHAWAR,SHAH ALAM,LALA KALAY,WHO,UCSP,2,111111-11111111
SNID May 2026,6,PESHAWAR,SHAH ALAM,BUDHNI,WHO,UCPO,6,111111-11111111
SNID May 2026,2,PESHAWAR,SMT,AKHOON ABAD,WHO,UCPO,4,111111-11111100
SNID May 2026,4,PESHAWAR,SADDAR,URMAR MIANA,WHO,UCPO,6,111111111111111
SNID May 2026,6,PESHAWAR,SADDAR,MERA SUREZAI PAYAN,WHO,UCPO,1,111111-11111100
SNID May 2026,3,PESHAWAR,CITY,JEHANGIR PURA,WHO,UCPO,2,111111-11111100
SNID May 2026,2,PESHAWAR,SMT,YAKATOOT 3,WHO,UCPO,3,111111-11111100
SNID May 2026,3,PESHAWAR,CITY,CANTT WARD 1,WHO,UCPO,2,111111-11111-11
SNID May 2026,6,PESHAWAR,CITY,SUFAID DHERI,WHO,UCPO,7,111111-11111111
SNID May 2026,6,PESHAWAR,CITY,SUFAID DHERI,WHO,UCPO,4,111111-11111111
SNID May 2026,4,PESHAWAR,CITY,ANDERSHEHER,WHO,UCPO,1,111111-11111100
SNID May 2026,6,PESHAWAR,SMT,AKHOON ABAD,WHO,UCPO,3,111111-11111111
SNID May 2026,6,PESHAWAR,CITY,UNIVERSITY TOWN,WHO,UCPO,3,111111-11111100
SNID May 2026,6,PESHAWAR,CITY,UNIVERSITY TOWN,WHO,UCPO,5,111111-11111111
SNID May 2026,6,PESHAWAR,CITY,PALOSI,WHO,UCPO,6,111111-11111111
SNID May 2026,3,PESHAWAR,CITY,HASAN GARHI 2,WHO,UCPO,3,111111-11111111
SNID May 2026,5,PESHAWAR,CITY,KHALSA 1,WHO,UCPO,1,111111-11111100
SNID May 2026,5,KHYBER,BARA,SRA CHEENA,WHO,UCPO,8,111111011111111
SNID May 2026,6,PESHAWAR,CITY,KHALSA 2,WHO,UCPO,6,111111-11111111
SNID May 2026,6,PESHAWAR,CITY,HAYAT ABAD 1,N-STOP,Provincial Facilitator (N-STOP Officer- TSO),11,111111-11111-11
SNID May 2026,6,PESHAWAR,CITY,HAYAT ABAD 2,N-STOP,Provincial Facilitator (N-STOP Officer- TSO),2,111111-11111111
SNID May 2026,6,PESHAWAR,SHAH ALAM,TUKHTABAD,WHO,UCPO,5,111111-11111111
SNID May 2026,4,PESHAWAR,MATTANI,SARBAND,UNICEF,CBO,2,111111011111111
SNID May 2026,6,KHYBER,JAMRUD,SHAH KAS A,N-STOP,District NSTOP Officer,2,111111-11111110
SNID May 2026,6,KHYBER,JAMRUD,SHAH KAS A,N-STOP,District NSTOP Officer,2,111111-11111101
SNID May 2026,6,PESHAWAR,SMT,DERI BAGHBANAN,WHO,UCPO,2,111111-11111111
SNID May 2026,6,PESHAWAR,CITY,MALAKANDHER,WHO,UCPO,2,111111-11111-00
SNID May 2026,5,KHYBER,LANDI KOTAL,LOE SHALMAN A,WHO,UCPO,2,111111-11111-01
SNID May 2026,1,KHYBER,LANDI KOTAL,LOE SHALMAN A,WHO,UCPO,2,111111-11111-00
SNID May 2026,5,PESHAWAR,SHAH ALAM,MATHRA,WHO,UCPO,2,111111-11111100
SNID May 2026,6,PESHAWAR,SMT,DEH BAHADAR,WHO,UCPO,11,111111-11111-00
SNID May 2026,5,PESHAWAR,SHAH ALAM,MATHRA,WHO,UCPO,1,111111-11111100
SNID May 2026,6,PESHAWAR,SMT,DEH BAHADAR,WHO,UCPO,12,111111-11111-11
SNID May 2026,4,PESHAWAR,SADDAR,URMAR BALA,WHO,UCSP,3,111111-11111111
SNID May 2026,6,PESHAWAR,CITY,TEHKAL PAYAN,WHO,UCPO,3,111111-11111100
SNID May 2026,6,PESHAWAR,CITY,FAQIR ABAD,WHO,UCSP,1,111111-11111111
SNID May 2026,6,KHYBER,LANDI KOTAL,MIRDAD KHEL,WHO,UCPO,3,111111-11111-11
SNID May 2026,6,KHYBER,JAMRUD,PAINDI LALMA,WHO,UCPO,4,111111-11111100
SNID May 2026,2,PESHAWAR,SADDAR,ADEZAI,WHO,UCPO,3,111111111111100
SNID May 2026,2,PESHAWAR,MATTANI,ACHINI,WHO,UCPO,4,111111-11111111
SNID May 2026,3,PESHAWAR,SHAH ALAM,TUKHTABAD,WHO,UCPO,6,111111-11111100
SNID May 2026,1,PESHAWAR,SHAH ALAM,KHAZANA,WHO,UCPO,7,111111-11111111
SNID May 2026,6,PESHAWAR,SMT,HAZARKHWANI 1,WHO,Independent Monitor,6,111110-11111100
SNID May 2026,6,PESHAWAR,CITY,MALAKANDHER,WHO,UCPO,3,111111-11111100
SNID May 2026,6,PESHAWAR,CITY,TEHKAL BALA,WHO,UCPO,2,111111-11111111
SNID May 2026,6,PESHAWAR,CITY,SHAHEEN TOWN,WHO,UCPO,4,111111-11111111
SNID May 2026,6,PESHAWAR,CITY,SHAHEEN TOWN,WHO,UCPO,5,111111-11111111
SNID May 2026,5,PESHAWAR,SHAH ALAM,MATHRA,WHO,UCPO,4,111111-111-1100
SNID May 2026,4,PESHAWAR,SHAH ALAM,MATHRA,WHO,UCPO,3,111111-111-1-00
SNID May 2026,6,PESHAWAR,CITY,SHAHEEN TOWN,WHO,UCPO,3,111111-11111110
SNID May 2026,3,PESHAWAR,CITY,HAYAT ABAD 1,WHO,UCPO,11,111111-11111100
SNID May 2026,3,PESHAWAR,CITY,HAYAT ABAD 1,WHO,UCPO,10,111111-11111-00
SNID May 2026,4,PESHAWAR,CITY,HAYAT ABAD 1,WHO,UCPO,7,111111-11111100
SNID May 2026,4,PESHAWAR,CITY,HAYAT ABAD 1,WHO,UCPO,8,111111111111-00
SNID May 2026,5,KHYBER,LANDI KOTAL,TIRAH BAZAR A,WHO,UCPO,3,111111-11111-01
SNID May 2026,2,PESHAWAR,SADDAR,MUSAZAI,WHO,UCPO,8,111111-11111100
SNID May 2026,6,PESHAWAR,SADDAR,BADABER HUREZAI,WHO,UCPO,4,111111-11111111
SNID May 2026,6,PESHAWAR,SADDAR,MERA SUREZAI PAYAN,WHO,UCPO,3,111111-11111100
SNID May 2026,7,PESHAWAR,SHAH ALAM,GULBELA,WHO,UCPO,4,111111-11111100
SNID May 2026,1,PESHAWAR,SHAH ALAM,SAEEDABAD,WHO,UCPO,7,111111-11111111
SNID May 2026,7,KHYBER,JAMRUD,NEW ABADI,WHO,UCPO,3,111111-11111100
SNID May 2026,7,PESHAWAR,SADDAR,MARYAM ZAI,WHO,UCSP,5,111111-11111100
SNID May 2026,2,PESHAWAR,SHAH ALAM,GULBELA,WHO,UCPO,5,111111-11111100
SNID May 2026,7,KHYBER,LANDI KOTAL,SULTAN KHEL A,Government,UCMO,3,111111-11111111
SNID May 2026,7,PESHAWAR,CITY,ASIA DABGARI,WHO,UCPO,3,111111-111-1-11
SNID May 2026,7,KHYBER,JAMRUD,NEW ABADI,Government,UCMO,5,111111-11111111
SNID May 2026,4,PESHAWAR,SHAH ALAM,MATHRA,WHO,UCPO,5,111111-11111100
SNID May 2026,7,PESHAWAR,MATTANI,SARBAND,WHO,UCPO,3,111111-11111111
SNID May 2026,7,PESHAWAR,SHAH ALAM,SAEEDABAD,WHO,UCPO,6,111111-11111111
SNID May 2026,1,PESHAWAR,SMT,NOTHIA JADEED,WHO,UCPO,2,111111-11111100
SNID May 2026,7,KHYBER,JAMRUD,LOWARA MIANA,WHO,UCPO,3,111111-11111-11
SNID May 2026,4,PESHAWAR,SMT,HAZARKHWANI 1,WHO,UCPO,1,111111-11111100
SNID May 2026,6,PESHAWAR,CITY,CANTT WARD 4,WHO,UCPO,1,111111-11111100
SNID May 2026,7,PESHAWAR,SADDAR,URMAR BALA,WHO,UCPO,1,111111-11111111
SNID May 2026,7,PESHAWAR,CITY,GULBAHAR,WHO,Independent Monitor,3,111111-11111100
SNID May 2026,7,PESHAWAR,SHAH ALAM,LALA KALAY,WHO,UCPO,3,111111-11111111
SNID May 2026,1,PESHAWAR,SHAH ALAM,PANAM DHERI,WHO,UCPO,3,111111-11111111
SNID May 2026,5,PESHAWAR,CITY,CANTT WARD 2,WHO,UCSP,3,111111-11111-00
SNID May 2026,7,PESHAWAR,CITY,ANDERSHEHER,N-STOP,District NSTOP Officer,1,111111-11111100
SNID May 2026,7,PESHAWAR,SMT,HAZARKHWANI 2,WHO,District Polio Officer,5,111111-11111111
SNID May 2026,7,PESHAWAR,CITY,ANDERSHEHER,N-STOP,District NSTOP Officer,1,111111-11111100
SNID May 2026,5,PESHAWAR,SHAH ALAM,DAG,WHO,UCPO,2,111111-11111111
SNID May 2026,7,PESHAWAR,SMT,SHAHEEN MUSLIM TWN2,WHO,TPO/ TDO,1,111111-11111111
SNID May 2026,4,PESHAWAR,MATTANI,SHEIKH MOHAMMADI,WHO,UCPO,3,111111-11111100
SNID May 2026,7,PESHAWAR,SADDAR,BADABER MARYAMZAI,WHO,UCSP,2,111111-11111111
SNID May 2026,2,PESHAWAR,CITY,ASIA DABGARI,WHO,UCPO,3,111111-111-1111
SNID May 2026,7,PESHAWAR,SMT,DEH BAHADAR,WHO,UCPO,8,111111-11111111
SNID May 2026,7,KHYBER,JAMRUD,SHAH KAS A,WHO,UCPO,5,111111-11111111
SNID May 2026,4,PESHAWAR,SMT,YAKATOOT 3,WHO,UCPO,5,111111-11111100
SNID May 2026,5,PESHAWAR,CITY,SHAHI BAGH,N-STOP,District NSTOP Officer,1,111111-11111100
SNID May 2026,4,PESHAWAR,SMT,SHEIKH JUNAID ABAD,WHO,UCPO,2,111111-11111111
SNID May 2026,7,PESHAWAR,MATTANI,MASHOGAGAR,WHO,UCPO,8,111111-11111100
SNID May 2026,7,PESHAWAR,SMT,HAZARKHWANI 2,WHO,UCSP,1,111111-11111111
SNID May 2026,5,PESHAWAR,SHAH ALAM,DAG,WHO,UCPO,6,111111-11111111
SNID May 2026,7,PESHAWAR,CITY,PALOSI,WHO,UCPO,4,111111-11111111
SNID May 2026,4,PESHAWAR,SHAH ALAM,WADPAGA,WHO,UCPO,7,111111-11111100
SNID May 2026,7,PESHAWAR,SHAH ALAM,SHAHI BALA,WHO,UCPO,5,111111-11111111
SNID May 2026,5,PESHAWAR,MATTANI,ACHINI,WHO,UCPO,3,111111-11111100
SNID May 2026,5,PESHAWAR,SADDAR,ADEZAI,WHO,UCPO,1,111111-11111100
SNID May 2026,7,PESHAWAR,SHAH ALAM,GARHI SHER DAD,WHO,UCPO,3,111111-11111101
SNID May 2026,2,PESHAWAR,SADDAR,URMAR MIANA,WHO,UCPO,3,111111-11111111
SNID May 2026,7,PESHAWAR,SADDAR,AZAKHEL TELABAND,WHO,UCSP,7,111111111111111
SNID May 2026,7,PESHAWAR,CITY,KHALSA 2,WHO,UCPO,3,111111-11111100
SNID May 2026,7,PESHAWAR,CITY,GULBAHAR,WHO,Independent Monitor,2,111111-11111100
SNID May 2026,2,PESHAWAR,SHAH ALAM,SAEEDABAD,WHO,UCPO,6,111111-11111111
SNID May 2026,5,PESHAWAR,SHAH ALAM,KANIZA,WHO,UCPO,1,111111-11111100
SNID May 2026,4,PESHAWAR,CITY,MEHAL TERAI 1,WHO,UCSP,3,111111-11111111
SNID May 2026,7,PESHAWAR,SMT,NOTHIA QADEEM,WHO,UCPO,1,111111-11111111
SNID May 2026,7,KHYBER,LANDI KOTAL,SULTAN KHEL A,WHO,TPO/ TDO,4,100101-11111111
SNID May 2026,4,PESHAWAR,CITY,SIKANDAR TOWN,WHO,UCPO,2,111111-11111111
SNID May 2026,7,PESHAWAR,CITY,FAQIR ABAD,WHO,UCSP,3,111111-11111111
SNID May 2026,7,PESHAWAR,CITY,KHALSA 2,WHO,UCSP,2,111111-11111100
SNID May 2026,7,PESHAWAR,SHAH ALAM,PANAM DHERI,WHO,UCPO,6,111111-11111111
SNID May 2026,7,PESHAWAR,CITY,HASAN GARHI 2,WHO,UCSP,5,111111-11111111
SNID May 2026,7,KHYBER,LANDI KOTAL,SHEIKHMAL KHEL,WHO,UCPO,2,111111-11111111
SNID May 2026,4,PESHAWAR,SMT,AKHOON ABAD,WHO,UCPO,3,111111-11111100
SNID May 2026,7,KHYBER,LANDI KOTAL,LOE SHALMAN A,WHO,UCPO,4,111111-11111101
SNID May 2026,7,PESHAWAR,SADDAR,AZAKHEL TELABAND,WHO,UCPO,4,111111-11111111
SNID May 2026,7,PESHAWAR,CITY,SUFAID DHERI,WHO,UCPO,12,111111-11111111
SNID May 2026,7,PESHAWAR,SADDAR,AZAKHEL TELABAND,WHO,UCPO,5,111111-11111111
SNID May 2026,4,PESHAWAR,SHAH ALAM,GARHI SHER DAD,WHO,UCPO,3,111111-11111110
SNID May 2026,7,PESHAWAR,SMT,SHAHEEN MUSLIM TWN2,WHO,TPO/ TDO,3,111111-11111111
SNID May 2026,3,PESHAWAR,SMT,SHAHEEN MUSLIM TWN2,WHO,UCPO,3,111111-11111111
SNID May 2026,7,PESHAWAR,SMT,HAZARKHWANI 2,WHO,UCSP,10,111111-11111111
SNID May 2026,7,PESHAWAR,CITY,KHALSA 2,WHO,UCPO,8,111111-11111100
SNID May 2026,7,PESHAWAR,MATTANI,PISHTAKHARA,WHO,UCPO,1,111111-11111111
SNID May 2026,2,PESHAWAR,CITY,HAYAT ABAD 2,WHO,UCPO,15,111111-11111100
SNID May 2026,7,PESHAWAR,SHAH ALAM,SHAHI BALA,WHO,UCPO,1,111111-11111111
SNID May 2026,7,PESHAWAR,SHAH ALAM,SHAHI BALA,WHO,UCPO,3,111111-11111111
SNID May 2026,4,PESHAWAR,SMT,KAKSHAL 2,WHO,UCPO,1,111111-11111111
SNID May 2026,7,KHYBER,BARA,JANBAZ A,WHO,UCPO,4,111111-11111000
SNID May 2026,5,PESHAWAR,SHAH ALAM,JOGANI,WHO,UCPO,4,111111-11111100
SNID May 2026,5,PESHAWAR,MATTANI,PISHTAKHARA,WHO,UCPO,4,111111-11111100
SNID May 2026,5,PESHAWAR,CITY,CANTT WARD 2,WHO,UCSP,2,111111-11111-00
SNID May 2026,3,PESHAWAR,SADDAR,CHAMKANI,WHO,UCPO,7,111111-111-1111
SNID May 2026,5,PESHAWAR,SHAH ALAM,JOGANI,WHO,UCPO,3,111111-11111111
SNID May 2026,4,PESHAWAR,SHAH ALAM,KAFOOR DHERI,WHO,UCPO,4,111111111111111
SNID May 2026,4,PESHAWAR,SHAH ALAM,KANKOLA,WHO,UCPO,9,111111-11111111
SNID May 2026,2,PESHAWAR,SADDAR,CHAMKANI,WHO,UCPO,8,111111-111-1111
SNID May 2026,7,KHYBER,BARA,JANBAZ A,WHO,UCPO,9,111111-11111-11
SNID May 2026,7,PESHAWAR,CITY,MALAKANDHER,WHO,Area Coordinator / District Coordinator,8,111111-111-1111
SNID May 2026,4,PESHAWAR,SHAH ALAM,KANKOLA,WHO,UCPO,6,111111-11111110
SNID May 2026,4,PESHAWAR,SHAH ALAM,KANKOLA,WHO,UCPO,6,111111-11111101
SNID May 2026,3,PESHAWAR,SHAH ALAM,KANKOLA,WHO,UCPO,4,111111-11111110
SNID May 2026,1,PESHAWAR,SHAH ALAM,MATHRA,WHO,UCPO,6,111111-11111100
SNID May 2026,2,PESHAWAR,SMT,NOTHIA JADEED,WHO,UCPO,6,111111-11111111
SNID May 2026,7,PESHAWAR,CITY,LAHORI,WHO,UCPO,1,111111-11111100
SNID May 2026,7,PESHAWAR,CITY,TEHKAL PAYAN 2 IRRIG,WHO,UCSP,3,111111-11111111
SNID May 2026,7,PESHAWAR,CITY,HASAN GARHI 1,WHO,UCPO,4,111111011111111
SNID May 2026,7,PESHAWAR,CITY,TEHKAL BALA,WHO,UCPO,1,111111-11111111
SNID May 2026,7,PESHAWAR,CITY,TEHKAL BALA,WHO,UCPO,3,111111-11111111
SNID May 2026,7,PESHAWAR,CITY,HAYAT ABAD 1,WHO,UCPO,7,111111-11111100
SNID May 2026,7,PESHAWAR,CITY,HASAN GARHI 2,WHO,UCSP,7,111111-11111111
SNID May 2026,4,PESHAWAR,CITY,MEHAL TERAI 1,WHO,UCSP,2,111111-11111111
SNID May 2026,3,PESHAWAR,SHAH ALAM,KANKOLA,WHO,UCPO,10,111111-11111111
SNID May 2026,7,PESHAWAR,CITY,UNIVERSITY TOWN,WHO,UCPO,4,111111-11111100
SNID May 2026,7,PESHAWAR,CITY,UNIVERSITY TOWN,WHO,UCPO,1,111111-11111100
SNID May 2026,4,PESHAWAR,CITY,SHAHI BAGH,WHO,UCPO,3,111111-11111100
SNID May 2026,7,PESHAWAR,SMT,SHAHEEN MUSLIM TWN1,WHO,UCPO,7,111111-11111111
SNID May 2026,2,PESHAWAR,CITY,ASIA DABGARI,WHO,UCPO,2,111111-111-1111
SNID May 2026,5,PESHAWAR,SHAH ALAM,PAJAGI,WHO,UCPO,6,111111-11111100
SNID May 2026,5,PESHAWAR,SMT,LANDI ARBAB,WHO,UCPO,5,111111-11111111
SNID May 2026,1,PESHAWAR,CITY,HASAN GARHI 2,WHO,UCPO,1,111111-11111111
SNID May 2026,7,PESHAWAR,SMT,SHAHEEN MUSLIM TWN1,WHO,UCPO,9,111111-11111111
SNID May 2026,5,PESHAWAR,CITY,SHAHI BAGH,WHO,UCPO,1,111111-11111100
SNID May 2026,7,PESHAWAR,CITY,HAYAT ABAD 2,WHO,UCPO,12,111111-111-0-11
SNID May 2026,2,PESHAWAR,SADDAR,MERA KACHORI,WHO,UCPO,4,111111-11111111
SNID May 2026,3,PESHAWAR,SADDAR,MERA KACHORI,WHO,UCPO,7,111111-11111111
SNID May 2026,7,PESHAWAR,CITY,TEHKAL PAYAN 2 IRRIG,WHO,Independent Monitor,3,111111-11111100
SNID May 2026,2,PESHAWAR,SHAH ALAM,KANKOLA,WHO,UCPO,3,111111-11111111
SNID May 2026,2,PESHAWAR,CITY,JEHANGIR PURA,WHO,UCPO,1,111111-11111-00
SNID May 2026,7,PESHAWAR,MATTANI,BAZID KHEL,WHO,UCPO,4,111111-11111111
SNID May 2026,3,PESHAWAR,SMT,AKHOON ABAD,WHO,UCPO,1,111111-11111-11
SNID May 2026,7,PESHAWAR,SMT,DEH BAHADAR,WHO,UCPO,7,111111-11111-11
SNID May 2026,3,PESHAWAR,CITY,KHALSA 1,WHO,UCPO,6,111111-11111100
SNID May 2026,7,PESHAWAR,MATTANI,PISHTAKHARA,WHO,UCPO,7,111111-11111100
SNID May 2026,5,PESHAWAR,SMT,NOTHIA JADEED,WHO,UCPO,5,111111-11111111
SNID May 2026,4,PESHAWAR,CITY,JEHANGIR PURA,WHO,UCPO,3,111111-11111100
SNID May 2026,7,PESHAWAR,SMT,HAZARKHWANI 2,WHO,UCPO,8,111111-11111111
SNID May 2026,7,PESHAWAR,CITY,HAYAT ABAD 2,WHO,UCPO,11,111111-111-0-11
SNID May 2026,2,PESHAWAR,CITY,KHALSA 1,WHO,UCPO,7,111111-11111100
SNID May 2026,7,PESHAWAR,CITY,REGI,WHO,UCPO,1,111111-11111100
SNID May 2026,7,PESHAWAR,CITY,HAYAT ABAD 2,WHO,UCPO,13,111111-111-0-11
SNID May 2026,7,PESHAWAR,CITY,SUFAID DHERI,WHO,UCPO,1,111111-11111111
SNID May 2026,7,PESHAWAR,CITY,TEHKAL PAYAN 2 IRRIG,WHO,Independent Monitor,4,111111-11111100
SNID May 2026,7,PESHAWAR,CITY,PALOSI,WHO,UCPO,2,111111-11111111
SNID May 2026,7,PESHAWAR,CITY,PALOSI,WHO,UCPO,1,111111-11111111
SNID May 2026,5,PESHAWAR,SMT,CANTT WARD 5,WHO,UCPO,2,111111-11111111
SNID May 2026,7,PESHAWAR,SMT,HAZARKHWANI 2,WHO,UCPO,7,111111-11111111
SNID May 2026,5,PESHAWAR,SMT,SHEIKH JUNAID ABAD,WHO,UCPO,1,111111-11111111
SNID May 2026,1,PESHAWAR,SHAH ALAM,KAFOOR DHERI,WHO,Independent Monitor,3,111111-11111111
SNID May 2026,2,PESHAWAR,SHAH ALAM,KAFOOR DHERI,WHO,Independent Monitor,1,111111-11111111
SNID May 2026,7,PESHAWAR,SMT,HAZARKHWANI 2,WHO,UCPO,3,111111-11111111
SNID May 2026,7,PESHAWAR,CITY,TEHKAL PAYAN 2 IRRIG,WHO,UCSP,3,111111-11111111
SNID May 2026,7,PESHAWAR,SMT,HAZARKHWANI 2,WHO,UCPO,6,111111-11111111
SNID May 2026,7,PESHAWAR,SADDAR,BADABER HUREZAI,WHO,UCPO,2,111111-11111111
SNID May 2026,7,PESHAWAR,CITY,KHALSA 2,WHO,UCPO,6,111111-11111111
SNID May 2026,7,PESHAWAR,CITY,CANTT WARD 4,WHO,UCPO,2,111111-11111100
SNID May 2026,3,PESHAWAR,SMT,BHANA MARI,WHO,UCPO,4,111111-11111100
SNID May 2026,2,PESHAWAR,CITY,KHALSA 1,WHO,UCPO,4,111111-11111111
SNID May 2026,3,PESHAWAR,CITY,KHALSA 1,WHO,UCPO,5,111111111111111
SNID May 2026,4,PESHAWAR,CITY,FAQIR ABAD,WHO,UCPO,1,111111-11111111
SNID May 2026,6,PESHAWAR,CITY,FAQIR ABAD,WHO,UCPO,3,111111-11111111
SNID May 2026,7,PESHAWAR,SHAH ALAM,KHAZANA,WHO,UCPO,1,111111-11111111
SNID May 2026,4,PESHAWAR,MATTANI,ACHINI,WHO,UCPO,6,111111-11111111
SNID May 2026,5,PESHAWAR,MATTANI,ACHINI,WHO,UCPO,7,111111-11111111
SNID May 2026,7,PESHAWAR,CITY,KHALSA 2,WHO,UCPO,7,111111-11111111
SNID May 2026,5,PESHAWAR,SHAH ALAM,KHAZANA,WHO,UCPO,5,111111-11111111
SNID May 2026,4,PESHAWAR,SHAH ALAM,KHAZANA,WHO,UCPO,2,111111-11111111
SNID May 2026,7,PESHAWAR,CITY,HAYAT ABAD 2,N-STOP,Provincial Facilitator (N-STOP Officer- TSO),10,111111-11111100
SNID May 2026,6,PESHAWAR,CITY,HAYAT ABAD 2,N-STOP,Provincial Facilitator (N-STOP Officer- TSO),17,111111-11111100
SNID May 2026,7,PESHAWAR,CITY,TEHKAL BALA,WHO,UCPO,4,111111-11111111
SNID May 2026,7,PESHAWAR,SMT,WAZIR BAGH,WHO,UCSP,2,111011-11111111
SNID May 2026,6,PESHAWAR,SMT,WAZIR BAGH,WHO,UCSP,1,111011-11111111
SNID May 2026,7,PESHAWAR,SHAH ALAM,LALA KALAY,WHO,UCSP,8,111111-11111111
SNID May 2026,7,PESHAWAR,SHAH ALAM,LALA KALAY,WHO,UCSP,7,111111-11111111
SNID May 2026,2,KHYBER,TIRAH MAIDAN,NAKAY,WHO,UCPO,8,111111-11111-11
SNID May 2026,7,PESHAWAR,SADDAR,SHERAKERA,WHO,UCPO,1,111111-11101100
SNID May 2026,7,PESHAWAR,CITY,HAYAT ABAD 1,WHO,UCPO,7,111111-11111100
SNID May 2026,3,PESHAWAR,SHAH ALAM,MATHRA,WHO,UCPO,9,111111-111-1100
SNID May 2026,3,PESHAWAR,SHAH ALAM,MATHRA,WHO,UCPO,10,111111-111-1100
SNID May 2026,5,PESHAWAR,SMT,WAZIR BAGH,Other Partner (BMGF/CDC/RIZ/ROTARY etc),Federal/Provincial/District Facilitator,3,111011-11111100
SNID May 2026,4,MOHMAND,HALEEMZAI,GHALLANAI,N-STOP,District NSTOP Officer,1,111111-11111111
SNID May 2026,4,MOHMAND,HALEEMZAI,GHALLANAI,N-STOP,District NSTOP Officer,4,111111-11111-11
SNID May 2026,1,KHYBER,JAMRUD,SHAH KAS B,WHO,UCPO,6,111111-11111100
SNID May 2026,2,KHYBER,JAMRUD,SHAH KAS B,WHO,UCPO,1,111111-11111100
SNID May 2026,3,KHYBER,JAMRUD,SHAH KAS B,WHO,UCPO,2,111111-11111100
SNID May 2026,4,KHYBER,JAMRUD,SHAH KAS B,WHO,UCPO,6,111111-11111100
SNID May 2026,5,KHYBER,JAMRUD,SHAH KAS B,WHO,UCPO,2,111111-11111100
SNID May 2026,6,KHYBER,JAMRUD,SHAH KAS B,WHO,UCPO,1,111111-11111100
SNID May 2026,4,KHYBER,JAMRUD,NEW ABADI,N-STOP,District NSTOP Officer,4,111111-11111111
SNID May 2026,2,PESHAWAR,CITY,TEHKAL PAYAN 2 IRRIG,WHO,UCSP,1,111111-11111111
SNID May 2026,7,KHYBER,BARA,FORT SLOPE,WHO,UCPO,1,111111-111-1-11
SNID Sep 2026,,PESHAWAR,SHAH ALAM,GULBELA,WHO,UCPO,,-11111-11-11-0-
SNID Sep 2026,,PESHAWAR,SHAH ALAM,GULBELA,WHO,UCPO,,-11111-11-11-0-
SNID Sep 2026,,KHYBER,JAMRUD,NEW ABADI,Government,UCMO,,-11111-11-11-1-
SNID Sep 2026,,NOWSHERA,JEHANGIRA,SHAIDU,Government,UCMO,,-11111-11-11-0-
SNID Sep 2026,,KHYBER,LANDI KOTAL,SHEIKHMAL KHEL,WHO,Area Coordinator / District Coordinator,,-01111-11-11-1-
SNID Sep 2026,,KHYBER,JAMRUD,GHUNDI A,WHO,UCPO,,-00111-11-11-0-
SNID Sep 2026,,PESHAWAR,SHAH ALAM,SAEEDABAD,WHO,UCPO,,-11111-11-11-1-
SNID Sep 2026,,PESHAWAR,HASSAN KHEL,BARKI,WHO,UCPO,,-11111-11-11-0-
SNID Sep 2026,,KHYBER,LANDI KOTAL,SULTAN KHEL A,Government,UCMO,,-11111-11-11-1-
SNID Sep 2026,,PESHAWAR,CITY,ASIA DABGARI,WHO,UCPO,,-11111-11-11-1-
SNID Sep 2026,,KHYBER,BARA,GANDAO,Government,UCMO,,-11111-11-11-1-
SNID Sep 2026,,PESHAWAR,SADDAR,SUREZAI PAYAN,WHO,UCPO,,-11111-11-11-1-
SNID Sep 2026,,PESHAWAR,SHAH ALAM,JOGANI,WHO,UCPO,,-11111-11-11-1-
SNID Sep 2026,,KHYBER,LANDI KOTAL,SULTAN KHEL B,WHO,UCPO,,-11111-11-11-1-
SNID Sep 2026,,NOWSHERA,NOWSHERA,BARA BANDA,WHO,UCPO,,-11111-11-11-0-
SNID Sep 2026,,KHYBER,LANDI KOTAL,KHUGA KHEL,WHO,UCPO,,-11111-11-11-1-
SNID Sep 2026,,KHYBER,JAMRUD,NEW ABADI,WHO,UCPO,,-11111-11-11-0-
SNID Sep 2026,,PESHAWAR,CITY,ASIA DABGARI,WHO,UCPO,,-11111-11-11-1-
SNID Sep 2026,,NOWSHERA,NOWSHERA,PAHARI KATTI KHEL,WHO,UCSP,,-11111-11-11-0-
SNID Sep 2026,,KHYBER,JAMRUD,LOWARA MIANA,WHO,UCPO,,-11111-11-11-1-
SNID Sep 2026,,NOWSHERA,NOWSHERA,PIRSABAQ,WHO,UCPO,,-11111-11-11-0-
SNID Sep 2026,,KHYBER,JAMRUD,LOWARA MIANA,WHO,Independent Monitor,,-11111-11-11-1-
SNID Sep 2026,,KHYBER,BARA,SPEEN QABAR,WHO,UCPO,,-11111-11-11-1-
SNID Sep 2026,,PESHAWAR,SMT,BHANA MARI,WHO,UCPO,,-11111111-01-0-
SNID Sep 2026,,NOWSHERA,PABBI,KHAN SHER GARHI KHU,Government,UCMO,,-11111-11-11-1-
SNID Sep 2026,1,KHYBER,LANDI KOTAL,MIRDAD KHEL,WHO,UCPO,5,111111-11111-11
SNID Sep 2026,,KHYBER,BARA,MILWARD A,Government,UCMO,,-11111-11-11-1-
SNID Sep 2026,,PESHAWAR,SHAH ALAM,SAEEDABAD,WHO,UCPO,,-11111-11-11-1-
SNID Sep 2026,,PESHAWAR,SHAH ALAM,KANKOLA,WHO,UCPO,,-11111-11-11-1-
SNID Sep 2026,,KHYBER,JAMRUD,MIA MORCHA,WHO,UCPO,,-11111-11-11-1-
SNID Sep 2026,,KHYBER,JAMRUD,SHAH KAS B,WHO,UCPO,,-11111-11-11-1-
SNID Sep 2026,,KHYBER,JAMRUD,ALI MASJID B,WHO,UCPO,,-11111-11-11-1-
SNID Sep 2026,,PESHAWAR,SHAH ALAM,DAG,WHO,UCPO,,-11111-11-11-1-
SNID Sep 2026,,PESHAWAR,CITY,PAWAKA,WHO,UCPO,,-11111-11-11-1-
SNID Sep 2026,,PESHAWAR,SHAH ALAM,PAKHA GHULAM,WHO,UCPO,,-11111-11-11-0-
SNID Sep 2026,,KHYBER,BARA,MILWARD A,UNICEF,CBO,,-11111-11-11-1-
SNID Sep 2026,,PESHAWAR,SHAH ALAM,GARHI SHER DAD,WHO,UCPO,,-11111-11-11-1-
SNID Sep 2026,,NOWSHERA,NOWSHERA,BARA BANDA,WHO,UCPO,,-11111-11-11-0-
SNID Sep 2026,,PESHAWAR,CITY,MEHAL TERAI 2,WHO,UCPO,,-11111-11-11-1-
SNID Sep 2026,,NOWSHERA,NOWSHERA,KHESHGI PAYAN,N-STOP,District NSTOP Officer,,-11111-11-11-1-
SNID Sep 2026,178,KHYBER,LANDI KOTAL,MIRDAD KHEL,WHO,UCPO,5,111011-11111111
SNID Sep 2026,,NOWSHERA,NOWSHERA,KHESHGI PAYAN,N-STOP,District NSTOP Officer,,-11111-11-11-1-
SNID Sep 2026,,CHARSADA,TANGI,MANDANI,Government,Area Incharge (AIC),,-11111-11-11-1-
SNID Sep 2026,,NOWSHERA,PABBI,CHOKI MAMREZ,WHO,UCPO,,-11011-11-11-1-
SNID Sep 2026,1,NOWSHERA,NOWSHERA,KHESHGI PAYAN,N-STOP,District NSTOP Officer,1,-11111-11-11-1-
SNID Sep 2026,,KHYBER,BARA,ABDULLAH JAN,WHO,UCPO,,-11111-11--1-1-
SNID Sep 2026,1,NOWSHERA,NOWSHERA,KHESHGI PAYAN,N-STOP,District NSTOP Officer,2,-11111-11-11-1-
SNID Sep 2026,,PESHAWAR,SHAH ALAM,KHAZANA,WHO,UCPO,,-11111-11-11-1-
SNID Sep 2026,,PESHAWAR,SHAH ALAM,JOGANI,WHO,UCPO,,-11111-11-11-0-
SNID Sep 2026,,PESHAWAR,SMT,SHAHEEN MUSLIM TWN1,WHO,UCPO,,-11111-11-11-0-
SNID Sep 2026,,KHYBER,BARA,ABDULLAH JAN,Government,UCMO,,-11111-11-11-1-
SNID Sep 2026,,KHYBER,LANDI KOTAL,KAM SHALMAN,WHO,UCPO,,-11111-11-11-1-
SNID Sep 2026,1,KHYBER,LANDI KOTAL,MIRDAD KHEL,Government,UCMO,179,-11111-11-11-1-
SNID Sep 2026,,PESHAWAR,SHAH ALAM,BUDHNI,WHO,UCPO,,-11111-11-11-1-
SNID Sep 2026,1,PESHAWAR,CITY,PALOSI,WHO,UCPO,2,-11111-11-11-0-
SNID Sep 2026,1,KHYBER,JAMRUD,ALI MASJID A,WHO,UCPO,3,-11111-11-11-1-
SNID Sep 2026,,PESHAWAR,SADDAR,ADEZAI,WHO,UCPO,,-11111-11-11-0-
SNID Sep 2026,,PESHAWAR,SHAH ALAM,KAFOOR DHERI,WHO,UCPO,,-11111-11-11-1-
SNID Sep 2026,1,KHYBER,BARA,MANDI KAS,Government,UCMO,5,-11111-11-11-1-
SNID Sep 2026,,PESHAWAR,SMT,HAZARKHWANI 1,WHO,District Polio Officer,,-11111-11-11-1-
SNID Sep 2026,,PESHAWAR,SADDAR,CHAMKANI,WHO,UCPO,,-11111-11-11-1-
SNID Sep 2026,1,KHYBER,LANDI KOTAL,SHEIKHMAL KHEL,WHO,UCPO,4,-11111-11-11-1-
SNID Sep 2026,,PESHAWAR,CITY,ASIA DABGARI,WHO,UCPO,,-11111-11-11-1-
SNID Sep 2026,,KHYBER,JAMRUD,SHAH KAS B,Government,UCMO,,-11111-11-11-1-
SNID Sep 2026,1,PESHAWAR,SMT,LANDI ARBAB,WHO,UCPO,6,-11111-11-11-1-
SNID Sep 2026,1,PESHAWAR,CITY,KHALSA 2,WHO,UCPO,6,-11111-11-11-1-
SNID Sep 2026,1,PESHAWAR,SMT,NOTHIA JADEED,WHO,UCPO,3,-11111-11-11-1-
SNID Sep 2026,,PESHAWAR,SHAH ALAM,PANAM DHERI,WHO,UCPO,,-11111-11-11-0-
SNID Sep 2026,1,CHARSADA,TANGI,DHAKKI,Government,UCMO,3,-11111-11-11-1-
SNID Sep 2026,,PESHAWAR,SMT,SHEIKH JUNAID ABAD,WHO,UCPO,,-11111-11-11-1-
SNID Sep 2026,1,PESHAWAR,CITY,MEHAL TERAI 1,WHO,UCSP,3,-11111-11-11-1-
SNID Sep 2026,,PESHAWAR,CITY,KHALSA 2,WHO,UCSP,,-11111-11-11-0-
SNID Sep 2026,,PESHAWAR,SADDAR,URMAR BALA,WHO,UCPO,,-11111-11-11-0-
SNID Sep 2026,1,PESHAWAR,SMT,HAZARKHWANI 1,WHO,UCPO,4,-11111-11-11-1-
SNID Sep 2026,,PESHAWAR,CITY,KHALSA 2,WHO,Other (Specify),,-11111-11-11-0-
SNID Sep 2026,1,PESHAWAR,SMT,BHANA MARI,Government,UCMO,1,-11111111-11-1-
SNID Sep 2026,1,PESHAWAR,CITY,ANDERSHEHER,WHO,Independent Monitor,1,-11111-11-11-1-
SNID Sep 2026,1,PESHAWAR,SMT,BHANA MARI,WHO,UCPO,1,-11111111-11-1-
SNID Sep 2026,,KHYBER,LANDI KOTAL,SULTAN KHEL B,WHO,UCPO,,-11111-11-11-1-
SNID Sep 2026,1,PESHAWAR,SHAH ALAM,PANAM DHERI,WHO,UCPO,2,-11111-11-11-1-
SNID Sep 2026,1,CHARSADA,TANGI,HARICHAND,Government,UCMO,5,111111-11111-00
SNID Sep 2026,1,PESHAWAR,CITY,SIKANDAR TOWN,WHO,UCPO,3,-11111-11-11-1-
SNID Sep 2026,1,KHYBER,BARA,MILWARD B,Government,UCMO,9,-11111-11-11-0-
SNID Sep 2026,,PESHAWAR,MATTANI,SULEMAN KHEIL,WHO,UCPO,,-11111-11-11-0-
SNID Sep 2026,1,PESHAWAR,SHAH ALAM,SAEEDABAD,Government,UCMO,5,-11111-11-11-0-
SNID Sep 2026,1,PESHAWAR,CITY,SUFAID DHERI,WHO,UCPO,5,-11111-11-11-0-
SNID Sep 2026,1,PESHAWAR,HASSAN KHEL,BARKI,WHO,TSA,1,111111-11111100
SNID Sep 2026,1,CHARSADA,TANGI,MC TANGI,Government,Area Incharge (AIC),10,-11111-11-11-1-
SNID Sep 2026,1,PESHAWAR,SMT,NOTHIA JADEED,WHO,UCPO,2,-11111-11-11-1-
SNID Sep 2026,1,PESHAWAR,SMT,DEH BAHADAR,WHO,UCPO,12,-11111-11-11-0-
SNID Sep 2026,1,PESHAWAR,CITY,GULBAHAR,WHO,UCSP,1,-11111-11-11-1-
SNID Sep 2026,,KHYBER,JAMRUD,LOWARA MIANA,WHO,Independent Monitor,,-11111-11-11-1-
SNID Sep 2026,1,NOWSHERA,NOWSHERA,NOWSHERA CANTT,Government,Other (Specify),1,-11111-11-11-1-
SNID Sep 2026,1,NOWSHERA,NOWSHERA,GANDHERI,WHO,TPO/ TDO,3,-11111-11-11-1-
SNID Sep 2026,1,KHYBER,JAMRUD,ALI MASJID A,WHO,TPO/ TDO,1,-11111-11-11-0-
SNID Sep 2026,,NOWSHERA,NOWSHERA,BARA BANDA,Government,Area Incharge (AIC),,-11111-11-11-1-
SNID Sep 2026,1,PESHAWAR,SHAH ALAM,CHAGARMATI,WHO,UCPO,7,-11111-11-11-0-
SNID Sep 2026,1,CHARSADA,CHARSADDA,TURNAB,UNICEF,CCO,1,-11111-11-11-1-
SNID Sep 2026,1,KHYBER,BARA,SRA CHEENA,Government,UCMO,5,111111-11111110
SNID Sep 2026,1,CHARSADA,SHABQADAR,MC-2 SHABQADAR,Government,UCMO,4,-11111-11-11-1-
SNID Sep 2026,,PESHAWAR,CITY,SHAHEEN TOWN,N-STOP,Provincial Facilitator (N-STOP Officer- TSO),,-11111-11-11-0-
SNID Sep 2026,1,PESHAWAR,SHAH ALAM,KHAZANA,WHO,UCPO,9,-11111-11-11-0-
SNID Sep 2026,1,NOWSHERA,PABBI,TARRU JABBA,Government,UCMO,2,-11111-11-11-1-
SNID Sep 2026,1,PESHAWAR,SHAH ALAM,WADPAGA,WHO,UCPO,2,-11111-11-11-0-
SNID Sep 2026,,PESHAWAR,CITY,UNIVERSITY TOWN,WHO,UCPO,,-11111-11-11-1-
SNID Sep 2026,1,PESHAWAR,CITY,MEHAL TERAI 2,WHO,UCPO,1,-11111-11-11-1-
SNID Sep 2026,,KHYBER,BARA,FORT SLOPE,WHO,UCPO,,-11111-11-11-1-
SNID Sep 2026,,PESHAWAR,SADDAR,URMAR BALA,WHO,UCPO,,-11111-11-11-1-
SNID Sep 2026,,PESHAWAR,SMT,AKHOON ABAD,WHO,UCPO,,-11111-11-11-1-
SNID Sep 2026,1,KHYBER,BARA,SRA CHEENA,UNICEF,CBO,1,-11111-11-11-0-
SNID Sep 2026,,PESHAWAR,SADDAR,CHAMKANI,WHO,UCPO,,-11111-11-00-1-
SNID Sep 2026,1,PESHAWAR,CITY,MALAKANDHER,WHO,UCPO,16,-11111-11-11-1-
SNID Sep 2026,1,NOWSHERA,NOWSHERA,NAWA KALY,Government,UCMO,6,-11111-11-11-1-
SNID Sep 2026,2,PESHAWAR,SADDAR,SUREZAI BALA,Government,UCMO,1,-11111111-11-1-
SNID Sep 2026,1,PESHAWAR,CITY,TEHKAL BALA,WHO,UCPO,3,111111-11111111
SNID Sep 2026,1,PESHAWAR,MATTANI,MATTANI,WHO,UCSP,5,-11111-11-11-0-
SNID Sep 2026,,PESHAWAR,MATTANI,MATTANI,WHO,UCPO,,-11111-11-11-0-
SNID Sep 2026,,PESHAWAR,SMT,YAKATOOT 2,WHO,UCPO,,-11111-11-11-0-
SNID Sep 2026,1,PESHAWAR,SHAH ALAM,TUKHTABAD,WHO,UCPO,5,-11111-11-11-0-
SNID Sep 2026,1,PESHAWAR,CITY,TEHKAL PAYAN 2 IRRIG,WHO,UCSP,1,-11111-11-11-1-
SNID Sep 2026,1,KHYBER,JAMRUD,SHAH KAS B,N-STOP,District NSTOP Officer,4,-11111-11-11-0-
SNID Sep 2026,1,NOWSHERA,NOWSHERA,GANDHERI,WHO,UCPO,4,-11111-11-11-0-
SNID Sep 2026,1,PESHAWAR,SADDAR,MARYAM ZAI,WHO,UCSP,5,-11111-11-11-0-
SNID Sep 2026,,KHYBER,LANDI KOTAL,SULTAN KHEL A,WHO,UCPO,,-01111011-11-0-
SNID Sep 2026,1,NOWSHERA,NOWSHERA,PAHARI KATTI KHEL,WHO,UCSP,1,-11111-11-11-0-
SNID Sep 2026,1,PESHAWAR,SMT,NOTHIA QADEEM,WHO,UCPO,1,-11111-11-11-1-
SNID Sep 2026,1,NOWSHERA,JEHANGIRA,MERA AKORA,WHO,UCPO,10,-11111-11-11-0-
SNID Sep 2026,1,PESHAWAR,MATTANI,SARBAND,WHO,UCPO,7,-11111-11-11-1-
SNID Sep 2026,,NOWSHERA,PABBI,SHAKOT,Government,UCMO,,-11111-11-11-0-
SNID Sep 2026,1,NOWSHERA,PABBI,KHAN SHER GARHI KHU,UNICEF,CBO,2,-11111-11-11-1-
SNID Sep 2026,1,PESHAWAR,CITY,TEHKAL BALA,WHO,UCPO,8,-11111-11-11-1-
SNID Sep 2026,1,KHYBER,BARA,JANBAZ B,Government,UCMO,4,-11111-11-11-1-
SNID Sep 2026,1,KHYBER,JAMRUD,SHAH KAS B,N-STOP,District NSTOP Officer,4,-11111-11-11-0-
SNID Sep 2026,1,PESHAWAR,CITY,KHALSA 1,UNICEF,CBO,6,111111-11111111
SNID Sep 2026,1,CHARSADA,TANGI,MC TANGI,Government,Area Incharge (AIC),10,-11111-11-11-1-
SNID Sep 2026,1,KHYBER,JAMRUD,LOWARA MIANA,WHO,UCPO,5,-11111-11-11-0-
SNID Sep 2026,1,PESHAWAR,CITY,GULBAHAR,WHO,UCSP,3,-11111-11-11-1-
SNID Sep 2026,1,PESHAWAR,SMT,SHAHEEN MUSLIM TWN1,UNICEF,CBO,8,-11111-11-11-1-
SNID Sep 2026,1,KHYBER,LANDI KOTAL,SULTAN KHEL A,WHO,TPO/ TDO,4,-00101-11-11-1-
SNID Sep 2026,,PESHAWAR,CITY,KHALSA 2,WHO,UCSP,,-11111-11-11-0-
SNID Sep 2026,1,PESHAWAR,CITY,FAQIR ABAD,WHO,UCSP,1,-11111-11-11-1-
SNID Sep 2026,1,PESHAWAR,CITY,SIKANDAR TOWN,WHO,UCPO,2,-11111-11-11-1-
SNID Sep 2026,,PESHAWAR,SADDAR,BADABER HUREZAI,WHO,UCPO,,-11111-11-11-1-
SNID Sep 2026,1,CHARSADA,CHARSADDA,RAJJAR 1,Government,UCMO,2,-11111-11-11-0-
SNID Sep 2026,1,PESHAWAR,SMT,NOTHIA QADEEM,WHO,UCPO,2,-11111011-11-0-
SNID Sep 2026,1,KHYBER,JAMRUD,CHAPARI,WHO,UCPO,4,-11111-11-11-0-
SNID Sep 2026,1,PESHAWAR,SHAH ALAM,LARAMA,WHO,UCPO,1,-11111-11-11-0-
SNID Sep 2026,,PESHAWAR,CITY,GULBAHAR,UNICEF,CBO,,-11111-11-11-1-
SNID Sep 2026,1,PESHAWAR,SMT,SHAHEEN MUSLIM TWN1,WHO,TPO/ TDO,1,111111-11111111
SNID Sep 2026,1,PESHAWAR,CITY,ANDERSHEHER,Government,UCMO,2,-11111-11-11-1-
SNID Sep 2026,1,PESHAWAR,SMT,NOTHIA JADEED,UNICEF,Provincial Facilitator (Health Specialists/Officers- Communication- SBC Specialists/Officers-VMO- M and E Officer- Media Specialist- Provincial Communication Officer-Training etc),6,-11011-11-11-0-
SNID Sep 2026,1,KHYBER,LANDI KOTAL,PIROKHEL,WHO,UCPO,1,-11111-11-11-1-
SNID Sep 2026,,PESHAWAR,CITY,KHALSA 1,WHO,UCPO,,-11111-11-11-1-
SNID Sep 2026,1,PESHAWAR,CITY,KHALSA 2,WHO,UCPO,1,-11111-11-11-0-
SNID Sep 2026,1,PESHAWAR,SHAH ALAM,PANAM DHERI,WHO,UCPO,3,-11111-11-11-0-
SNID Sep 2026,,PESHAWAR,CITY,KHALSA 1,WHO,UCPO,,-11111-11-11-1-
SNID Sep 2026,1,PESHAWAR,SHAH ALAM,MATHRA,WHO,UCPO,7,-11111-11-11-0-
SNID Sep 2026,,PESHAWAR,CITY,SHAHEEN TOWN,N-STOP,Provincial Facilitator (N-STOP Officer- TSO),,-11111-11-11-1-
SNID Sep 2026,1,PESHAWAR,CITY,KARIM PURA,WHO,UCPO,3,-11111-11-11-1-
SNID Sep 2026,1,PESHAWAR,CITY,SUFAID DHERI,UNICEF,CBO,2,-11111-11-11-1-
SNID Sep 2026,1,PESHAWAR,SADDAR,MUSAZAI,WHO,UCPO,8,-11111-11-11-1-
SNID Sep 2026,1,NOWSHERA,PABBI,TARRU JABBA,Government,UCMO,5,-11111-11-11-1-
SNID Sep 2026,1,NOWSHERA,NOWSHERA,BARA BANDA,Government,Area Incharge (AIC),3,-11111111-11-1-
SNID Sep 2026,1,PESHAWAR,CITY,MEHAL TERAI 1,WHO,UCSP,2,-11111-11-11-1-
SNID Sep 2026,1,PESHAWAR,CITY,TEHKAL BALA,Government,UCMO,1,-11111-11-11-1-
SNID Sep 2026,1,PESHAWAR,SADDAR,AZAKHEL TELABAND,WHO,UCSP,6,-11111-11-11-1-
SNID Sep 2026,1,NOWSHERA,NOWSHERA,BARA BANDA,Government,Area Incharge (AIC),7,-11111111-11-1-
SNID Sep 2026,1,PESHAWAR,HASSAN KHEL,FARIDI,WHO,UCPO,3,-11111-11-11-0-
SNID Sep 2026,1,PESHAWAR,SHAH ALAM,WADPAGA,WHO,UCPO,5,-11111-11-11-0-
SNID Sep 2026,1,NOWSHERA,NOWSHERA,BARA BANDA,Government,Area Incharge (AIC),7,-11111-11-11-1-
SNID Sep 2026,1,PESHAWAR,CITY,MEHAL TERAI 1,WHO,UCPO,4,-11111-11-11-0-
SNID Sep 2026,1,PESHAWAR,CITY,CANTT WARD 4,WHO,Independent Monitor,2,111111-11111-00
SNID Sep 2026,,CHARSADA,CHARSADDA,CHENDRO DAAG,WHO,Independent Monitor,,-11110-11-00-0-
SNID Sep 2026,1,PESHAWAR,CITY,TEHKAL PAYAN,WHO,UCPO,1,-11111-11-11-0-
SNID Sep 2026,1,PESHAWAR,SHAH ALAM,KANKOLA,WHO,UCPO,2,-11111-11-11-1-
SNID Sep 2026,1,PESHAWAR,MATTANI,PISHTAKHARA,WHO,UCPO,2,-11111-11-11-0-
SNID Sep 2026,1,PESHAWAR,SMT,SHAHEEN MUSLIM TWN2,WHO,UCPO,1,-11111-11-11-1-
SNID Sep 2026,,CHARSADA,TANGI,GANDHERI,Government,Other (Specify),,-11111-11-11-0-
SNID Sep 2026,1,KHYBER,BARA,GANDAO,Government,UCMO,1,-11111-11-11-1-
SNID Sep 2026,1,PESHAWAR,CITY,SHAHI BAGH,WHO,UCPO,3,-11111-11-11-0-
SNID Sep 2026,,PESHAWAR,SMT,YAKATOOT 3,WHO,UCSP,,-11111-11-11-0-
SNID Sep 2026,1,PESHAWAR,CITY,HAYAT ABAD 2,WHO,UCPO,2,-11111111-11-0-
SNID Sep 2026,1,CHARSADA,TANGI,KOZ BEHRAM DHERI,Government,UCMO,4,111111-11111100
SNID Sep 2026,1,NOWSHERA,NOWSHERA,NOWSHERA CANTT,Government,Other (Specify),4,-11111-11-11-0-
SNID Sep 2026,1,PESHAWAR,SADDAR,AZAKHEL TELABAND,WHO,UCPO,1,-11111-11-11-1-
SNID Sep 2026,,PESHAWAR,CITY,HASAN GARHI 2,WHO,UCSP,,-11111-11-11-1-
SNID Sep 2026,1,PESHAWAR,CITY,PALOSI,WHO,UCPO,4,-11111-11-11-1-
SNID Sep 2026,1,PESHAWAR,CITY,HAYAT ABAD 1,WHO,UCPO,7,-11111-11-01-0-
SNID Sep 2026,1,NOWSHERA,NOWSHERA,NOWSHERA CANTT,Government,UCMO,4,-11111-11-11-0-
SNID Sep 2026,,NOWSHERA,PABBI,CHOKI MAMREZ,WHO,District Polio Officer,,-11011-11-01-0-
SNID Sep 2026,1,PESHAWAR,SMT,HAZARKHWANI 2,WHO,UCSP,9,-11111-11-11-1-
SNID Sep 2026,,PESHAWAR,SADDAR,ADEZAI,WHO,UCPO,,-11111-11-11-1-
SNID Sep 2026,,KHYBER,LANDI KOTAL,SHEIKHMAL KHEL,Other Partner (BMGF/CDC/RIZ/ROTARY etc),Federal/Provincial/District Facilitator,,-11111-11-11-1-
SNID Sep 2026,1,KHYBER,LANDI KOTAL,SHEIKHMAL KHEL,WHO,UCPO,1,-11111-11-11-1-
SNID Sep 2026,1,PESHAWAR,CITY,HAYAT ABAD 1,Government,Other (Specify),7,-11111-11-11-1-
SNID Sep 2026,1,PESHAWAR,HASSAN KHEL,HASSAN KHEL,WHO,UCSP,2,-11111-11-11-1-
SNID Sep 2026,,NOWSHERA,NOWSHERA,NOWSHERA CITY,WHO,Independent Monitor,,-11111-11-11-0-
SNID Sep 2026,1,KHYBER,JAMRUD,SHAH KAS A,WHO,UCPO,3,-11111-11-11-1-
SNID Sep 2026,,KHYBER,BARA,MILWARD A,WHO,UCPO,,-11111-11-11-1-
SNID Sep 2026,1,PESHAWAR,SMT,DERI BAGHBANAN,WHO,UCPO,2,-11111-11-11-1-
SNID Sep 2026,1,PESHAWAR,SHAH ALAM,NAHAQI,WHO,UCPO,1,111111-11111111
SNID Sep 2026,1,PESHAWAR,SHAH ALAM,TUKHTABAD,WHO,UCPO,7,-11111-11-11-0-
SNID Sep 2026,,NOWSHERA,NOWSHERA,NOWSHERA CITY,WHO,Independent Monitor,,-11111-11-11-0-
SNID Sep 2026,1,PESHAWAR,CITY,CANTT WARD 2,WHO,Independent Monitor,3,-11111-11-11-1-
SNID Sep 2026,1,NOWSHERA,NOWSHERA,KABUL RIVER,WHO,UCPO,3,-11111-11-11-1-
SNID Sep 2026,,NOWSHERA,JEHANGIRA,MUGHALKI,WHO,Other (Specify),,-11111-10--1-0-
SNID Sep 2026,1,PESHAWAR,MATTANI,MASHOGAGAR,WHO,UCPO,10,-11111-11-11-0-
SNID Sep 2026,1,PESHAWAR,SADDAR,BADABER HUREZAI,WHO,UCPO,7,111111-11111111
SNID Sep 2026,1,PESHAWAR,CITY,UNIVERSITY TOWN,WHO,UCPO,1,-11111-11--1-0-
SNID Sep 2026,,CHARSADA,CHARSADDA,MC-4 CHARSADDA,N-STOP,District NSTOP Officer,,-11111-11-11-1-
SNID Sep 2026,,NOWSHERA,JEHANGIRA,JEHANGIRA,WHO,UCPO,,-11111-11-11-1-
SNID Sep 2026,1,KHYBER,BARA,JANBAZ B,Government,UCMO,4,-11111-11-11-1-
SNID Sep 2026,1,PESHAWAR,SHAH ALAM,HARYANA PAYAN,WHO,UCPO,5,-11111-11-11-0-
SNID Sep 2026,1,KHYBER,LANDI KOTAL,STATION,WHO,UCPO,1,-11111-11-11-1-
SNID Sep 2026,1,KHYBER,BARA,MANDI KAS,WHO,UCPO,4,-11111-11-11-1-
SNID Sep 2026,,PESHAWAR,SMT,SHEIKH JUNAID ABAD,WHO,UCPO,,-11111-11-11-1-
SNID Sep 2026,,PESHAWAR,SHAH ALAM,KANKOLA,WHO,UCPO,,-11111-11-11-0-
SNID Sep 2026,,PESHAWAR,SHAH ALAM,KANKOLA,WHO,UCPO,,-11111-11-11-0-
SNID Sep 2026,1,CHARSADA,TANGI,DHAKKI,Government,UCMO,2,-11111-11-11-1-
SNID Sep 2026,1,PESHAWAR,SMT,CANTT WARD 5,Government,UCMO,4,-11111-11-11-1-
SNID Sep 2026,1,PESHAWAR,SMT,NOTHIA JADEED,UNICEF,Provincial Facilitator (Health Specialists/Officers- Communication- SBC Specialists/Officers-VMO- M and E Officer- Media Specialist- Provincial Communication Officer-Training etc),5,-11011-11-11-0-
SNID Sep 2026,1,PESHAWAR,SHAH ALAM,CHAGARMATI,WHO,TPO/ TDO,3,-11111-11-11-0-
SNID Sep 2026,1,KHYBER,BARA,JANBAZ A,Government,Area Incharge (AIC),3,-11111-11-11-0-
SNID Sep 2026,1,KHYBER,BARA,GANDAO,WHO,UCPO,1,-11111-11-11-1-
SNID Sep 2026,1,PESHAWAR,CITY,HAYAT ABAD 2,WHO,UCPO,17,-11111-11-11-0-
SNID Sep 2026,1,PESHAWAR,SHAH ALAM,SHAHI BALA,WHO,UCPO,7,-11111-11-11-0-
SNID Sep 2026,,PESHAWAR,SMT,SHAHEEN MUSLIM TWN1,WHO,UCPO,,-11111-11-11-1-
SNID Sep 2026,,KHYBER,BARA,NOGAZI BABA,WHO,Other (Specify),,-11111-11-11-1-
SNID Sep 2026,1,PESHAWAR,CITY,PAWAKA,WHO,UCPO,7,-11111-11-11-1-
SNID Sep 2026,,PESHAWAR,CITY,KHALSA 1,WHO,UCPO,,-11111-11-11-0-
SNID Sep 2026,1,PESHAWAR,CITY,LAHORI,WHO,UCPO,1,-11111-11-11-0-
SNID Sep 2026,1,PESHAWAR,CITY,HASAN GARHI 2,WHO,UCPO,4,-11111-11-11-1-
SNID Sep 2026,1,PESHAWAR,SHAH ALAM,PAKHA GHULAM,WHO,UCPO,5,-11111-11-11-1-
SNID Sep 2026,1,PESHAWAR,SHAH ALAM,DAG,WHO,UCPO,4,-11111-11-11-1-
SNID Sep 2026,1,PESHAWAR,SHAH ALAM,DAG,WHO,UCPO,3,-11111-11-11-1-
SNID Sep 2026,1,PESHAWAR,CITY,TEHKAL BALA,WHO,UCPO,7,-11111-11-11-1-
SNID Sep 2026,,KHYBER,BARA,JANBAZ A,WHO,UCPO,,-11111011-11-0-
SNID Sep 2026,1,CHARSADA,CHARSADDA,SARKI TETARA,Government,UCMO,5,-11111-11-11-1-
SNID Sep 2026,1,PESHAWAR,MATTANI,MASHOGAGAR,WHO,UCPO,2,-11111-11-11-0-
SNID Sep 2026,1,PESHAWAR,SMT,HAZARKHWANI 2,WHO,UCPO,6,-11111011-11-1-
SNID Sep 2026,,PESHAWAR,CITY,KHALSA 2,WHO,Other (Specify),,-11111-11-11-0-
SNID Sep 2026,1,PESHAWAR,SMT,NOTHIA JADEED,WHO,UCPO,1,-11111-11-11-1-
SNID Sep 2026,1,PESHAWAR,SHAH ALAM,GARHI SHER DAD,WHO,UCPO,3,-11111-11-11-1-
SNID Sep 2026,1,NOWSHERA,PABBI,SHAKOT,Government,UCMO,4,-11111-11-00-0-
SNID Sep 2026,1,PESHAWAR,CITY,TEHKAL PAYAN,WHO,UCPO,2,-11111-11-11-0-
SNID Sep 2026,1,PESHAWAR,CITY,SUFAID DHERI,WHO,UCPO,6,-11111-11-11-0-
SNID Sep 2026,1,KHYBER,LANDI KOTAL,TORKHAM,Government,UCMO,3,-11111-11-11-1-
SNID Sep 2026,1,PESHAWAR,CITY,HAYAT ABAD 2,WHO,UCPO,16,-11111-11-11-1-
SNID Sep 2026,1,PESHAWAR,HASSAN KHEL,HASSAN KHEL,WHO,UCSP,3,-11110-11-11-1-
SNID Sep 2026,,PESHAWAR,SHAH ALAM,PAKHA GHULAM,Government,Area Incharge (AIC),,-11111111-11-1-
SNID Sep 2026,,PESHAWAR,SADDAR,URMAR PAYAN,WHO,UCPO,,-11111-11-11-0-
SNID Sep 2026,,PESHAWAR,SHAH ALAM,PAKHA GHULAM,Government,Area Incharge (AIC),,-11111111-11-1-
SNID Sep 2026,1,NOWSHERA,JEHANGIRA,JEHANGIRA,WHO,UCPO,4,-11111-11-11-1-
SNID Sep 2026,1,PESHAWAR,CITY,MEHAL TERAI 1,WHO,UCPO,1,-11111-11-11-1-
SNID Sep 2026,,CHARSADA,CHARSADDA,BAHLOLA,Government,UCMO,,-11111-11-11-0-
SNID Sep 2026,1,CHARSADA,TANGI,MC TANGI,Government,UCMO,9,-11111-11-11-1-
SNID Sep 2026,1,PESHAWAR,CITY,SUFAID DHERI,WHO,UCPO,11,-11111-11-11-1-
SNID Sep 2026,1,PESHAWAR,CITY,HASAN GARHI 1,WHO,District Polio Officer,2,-11111-11-11-1-
SNID Sep 2026,,PESHAWAR,CITY,MEHAL TERAI 2,WHO,UCPO,,-11111-11-11-1-
SNID Sep 2026,1,NOWSHERA,NOWSHERA,KABUL RIVER,WHO,UCPO,4,-11111-11-11-0-
SNID Sep 2026,1,PESHAWAR,CITY,MALAKANDHER,WHO,UCPO,3,-11111-11-11-0-
SNID Sep 2026,,PESHAWAR,SADDAR,URMAR BALA,WHO,UCPO,,-11111-11-11-1-
SNID Sep 2026,1,KHYBER,BARA,MASTAK,Government,UCMO,1,-11111-11-11-1-
SNID Sep 2026,1,PESHAWAR,SHAH ALAM,LARAMA,WHO,Other (Specify),5,-11111011-11-1-
SNID Sep 2026,1,PESHAWAR,SADDAR,MERA SUREZAI PAYAN,UNICEF,CBO,1,-11111-11-10-0-
SNID Sep 2026,1,PESHAWAR,SADDAR,MARYAM ZAI,WHO,UCPO,1,-11111-11-11-1-
SNID Sep 2026,1,NOWSHERA,NOWSHERA,GANDHERI,WHO,UCPO,5,-11111-11-11-1-
SNID Sep 2026,1,PESHAWAR,SMT,HAZARKHWANI 2,WHO,UCPO,5,-11111-11-11-1-
SNID Sep 2026,1,KHYBER,JAMRUD,SHAH KAS B,WHO,UCPO,6,-11111-11-11-0-
SNID Sep 2026,1,PESHAWAR,SMT,HAZARKHWANI 2,WHO,UCSP,10,-11111-11-11-1-
SNID Sep 2026,1,PESHAWAR,SMT,AKHOON ABAD,WHO,UCPO,2,-11111-11-11-0-
SNID Sep 2026,,CHARSADA,CHARSADDA,MC-3 CHARSADDA,WHO,Federal Facilitator (WHO),,-11111-11-01-0-
SNID Sep 2026,1,CHARSADA,TANGI,KOZ BEHRAM DHERI,WHO,TPO/ TDO,2,-11111-11-01-0-
SNID Sep 2026,1,NOWSHERA,JEHANGIRA,MERA AKORA,WHO,UCPO,3,-11111-11-11-0-
SNID Sep 2026,1,PESHAWAR,CITY,CANTT WARD 1,WHO,UCPO,1,-11111-11-11-1-
SNID Sep 2026,,PESHAWAR,CITY,UNIVERSITY TOWN,WHO,UCPO,,-11111-11-11-1-
SNID Sep 2026,,PESHAWAR,CITY,UNIVERSITY TOWN,WHO,UCPO,,-11111-11-11-0-
SNID Sep 2026,,PESHAWAR,CITY,REGI,WHO,UCPO,,-11111-11-11-0-
SNID Sep 2026,,NOWSHERA,PABBI,SPINKHAK,Government,UCMO,,-11111-11-11-1-
SNID Sep 2026,,NOWSHERA,PABBI,SPINKHAK,Government,UCMO,,-11111-11-11-1-
SNID Sep 2026,1,KHYBER,BARA,GANDAO,WHO,UCPO,5,-11111-11-11-1-
SNID Sep 2026,1,CHARSADA,SHABQADAR,MC-2 SHABQADAR,Government,UCMO,3,-11111-11-11-1-
SNID Sep 2026,,PESHAWAR,CITY,SUFAID DHERI,WHO,UCPO,,-11111-11-11-1-
SNID Sep 2026,,PESHAWAR,CITY,SUFAID DHERI,WHO,UCPO,,-11111-11-11-1-
SNID Sep 2026,1,CHARSADA,CHARSADDA,SARKI TETARA,Government,UCMO,1,-11111-11-11-1-
SNID Sep 2026,1,PESHAWAR,CITY,HAYAT ABAD 2,WHO,UCPO,14,-11111-11-11-1-
SNID Sep 2026,1,PESHAWAR,CITY,ASIA DABGARI,WHO,UCPO,1,-11111-11-11-1-
SNID Sep 2026,1,KHYBER,JAMRUD,NEW ABADI,WHO,UCPO,2,-01111-11-11-0-
SNID Sep 2026,2,CHARSADA,CHARSADDA,MC-4 CHARSADDA,N-STOP,District NSTOP Officer,2,-11111-11-11-0-
SNID Sep 2026,1,PESHAWAR,SHAH ALAM,SAEEDABAD,WHO,UCPO,1,-11111-11-11-1-
SNID Sep 2026,,KHYBER,LANDI KOTAL,KHUGA KHEL,WHO,Other (Specify),,-11111-11-11-0-
SNID Sep 2026,1,KHYBER,BARA,NOGAZI BABA,WHO,Other (Specify),2,-11111-11-11-0-
SNID Sep 2026,1,PESHAWAR,SHAH ALAM,BUDHNI,WHO,UCPO,4,-11111-11-11-1-
SNID Sep 2026,1,PESHAWAR,SMT,NOTHIA QADEEM,WHO,UCPO,3,-11111011-11-1-
SNID Sep 2026,,KHYBER,LANDI KOTAL,KHUGA KHEL,UNICEF,Other (Specify),,-11111111-11-0-
SNID Sep 2026,1,PESHAWAR,SHAH ALAM,LARAMA,WHO,UCPO,4,-11111-11-11-0-
SNID Sep 2026,1,PESHAWAR,SADDAR,MUSAZAI,WHO,UCPO,2,-11111-11--1-0-
SNID Sep 2026,1,PESHAWAR,CITY,TEHKAL PAYAN 2 IRRIG,WHO,UCPO,4,-11111-11-11-1-
SNID Sep 2026,1,KHYBER,LANDI KOTAL,TORKHAM,WHO,UCPO,1,-11111-11-11-1-
SNID Sep 2026,1,PESHAWAR,SMT,HAZARKHWANI 1,WHO,UCPO,2,-11111-11-11-1-
SNID Sep 2026,,KHYBER,LANDI KOTAL,TORKHAM,Government,UCMO,,-11111-11-11-1-
SNID Sep 2026,,KHYBER,LANDI KOTAL,LOE SHALMAN B,WHO,UCPO,,-11111-11-11-0-
SNID Sep 2026,1,NOWSHERA,PABBI,CHOKI MAMREZ,WHO,District Polio Officer,2,-11011-11-10-0-
SNID Sep 2026,1,PESHAWAR,SMT,NOTHIA JADEED,WHO,UCPO,4,-11111-11-11-1-
SNID Sep 2026,1,NOWSHERA,PABBI,CHOKI MAMREZ,WHO,UCPO,2,-11011-11-11-0-
SNID Sep 2026,1,PESHAWAR,SADDAR,BADABER HUREZAI,WHO,UCPO,6,-11111-11-11-1-
SNID Sep 2026,1,PESHAWAR,CITY,JEHANGIR PURA,WHO,UCPO,2,-11111-11-11-1-
SNID Sep 2026,1,PESHAWAR,CITY,MALAKANDHER,WHO,UCPO,17,-11111-11-11-0-
SNID Sep 2026,1,PESHAWAR,SMT,YAKATOOT 3,WHO,UCPO,4,-11111-11-11-0-
SNID Sep 2026,1,CHARSADA,SHABQADAR,BATTAGRAM,Government,UCMO,7,-11111-11-11-0-
SNID Sep 2026,1,PESHAWAR,SMT,BHANA MARI,WHO,UCPO,2,-11111-11-11-1-
SNID Sep 2026,1,PESHAWAR,MATTANI,MASHOGAGAR,WHO,UCPO,1,-11111-11-11-0-
SNID Sep 2026,1,PESHAWAR,SHAH ALAM,HARYANA PAYAN,WHO,UCPO,1,-11111-11-11-0-
SNID Sep 2026,1,PESHAWAR,SADDAR,AZAKHEL TELABAND,WHO,Independent Monitor,6,-11111-11-11-1-
SNID Sep 2026,1,PESHAWAR,SADDAR,AZAKHEL TELABAND,WHO,UCPO,2,-11111-11-11-1-
SNID Sep 2026,1,PESHAWAR,SADDAR,AZAKHEL TELABAND,WHO,Independent Monitor,7,-11111-11-11-1-
SNID Sep 2026,1,PESHAWAR,MATTANI,SARBAND,WHO,UCPO,6,-11111-11-11-1-
SNID Sep 2026,1,PESHAWAR,MATTANI,SULEMAN KHEIL,WHO,UCPO,3,-11111-11-11-0-
SNID Sep 2026,1,NOWSHERA,PABBI,DAG BESUD,Government,UCMO,2,-11111-11-11-1-
SNID Sep 2026,1,PESHAWAR,SHAH ALAM,GARHI SHER DAD,WHO,UCPO,2,-11111-11-11-1-
SNID Sep 2026,1,CHARSADA,CHARSADDA,BAHLOLA,Government,UCMO,4,-11111011-11-0-
SNID Sep 2026,1,PESHAWAR,CITY,HASAN GARHI 2,WHO,UCPO,1,-11111-11-11-1-
SNID Sep 2026,1,PESHAWAR,SHAH ALAM,NAHAQI,WHO,UCPO,2,-11111-11-11-1-
SNID Sep 2026,1,NOWSHERA,JEHANGIRA,KAHI,Government,Area Incharge (AIC),3,-11111111-11-1-
SNID Sep 2026,,PESHAWAR,SMT,CANTT WARD 5,WHO,UCPO,,-11111-11-11-1-
SNID Sep 2026,1,CHARSADA,CHARSADDA,TURANGZAI,Government,UCMO,2,111111-11111111
SNID Sep 2026,1,PESHAWAR,SADDAR,BADABER MARYAMZAI,Government,UCMO,4,-11111011-11-1-
SNID Sep 2026,1,PESHAWAR,SHAH ALAM,SAEEDABAD,WHO,UCPO,4,-11111-11-11-1-
SNID Sep 2026,,PESHAWAR,SMT,KAKSHAL 2,WHO,UCPO,,-11111-11-11-1-
SNID Sep 2026,1,NOWSHERA,JEHANGIRA,KAHI,Government,Area Incharge (AIC),3,-11111111-11-0-
SNID Sep 2026,1,NOWSHERA,PABBI,MOHIB BANDA,WHO,Other (Specify),6,-00101-11-00-0-
SNID Sep 2026,1,PESHAWAR,CITY,KHALSA 2,WHO,UCPO,5,-11111-11-11-1-
SNID Sep 2026,1,PESHAWAR,SMT,YAKATOOT 3,WHO,UCPO,3,-11111-11-11-0-
SNID Sep 2026,1,PESHAWAR,SHAH ALAM,TUKHTABAD,WHO,UCPO,4,-11111-11-11-1-
SNID Sep 2026,1,CHARSADA,SHABQADAR,HAJIZAI,WHO,UCPO,1,-11111-11-11-1-
SNID Sep 2026,1,NOWSHERA,NOWSHERA,NAWA KALY,Government,UCMO,5,-11111-11-11-1-
SNID Sep 2026,1,PESHAWAR,SADDAR,SUREZAI PAYAN,WHO,UCPO,3,-11111-11-11-1-
SNID Sep 2026,,PESHAWAR,SADDAR,URMAR MIANA,WHO,UCPO,,-11111-11-11-0-
SNID Sep 2026,,PESHAWAR,MATTANI,SHEIKH MOHAMMADI,WHO,UCPO,,-11111-11-11-0-
SNID Sep 2026,1,PESHAWAR,SADDAR,URMAR PAYAN,WHO,UCPO,1,-11111-11-11-0-
SNID Sep 2026,,PESHAWAR,MATTANI,SHEIKH MOHAMMADI,WHO,UCPO,,-11111-11-11-0-
SNID Sep 2026,1,KHYBER,BARA,MASTAK,WHO,UCPO,1,-11111-11-11-0-
SNID Sep 2026,1,KHYBER,LANDI KOTAL,KAM SHALMAN,UNICEF,CBO,1,-11111-11-11-0-
SNID Sep 2026,1,PESHAWAR,SMT,HAZARKHWANI 2,WHO,UCPO,7,-11111-11-11-1-
SNID Sep 2026,1,PESHAWAR,CITY,KHALSA 2,WHO,UCPO,2,-11111-11-11-0-
SNID Sep 2026,1,PESHAWAR,SHAH ALAM,PANAM DHERI,WHO,UCPO,1,-11111-11-11-1-
SNID Sep 2026,1,PESHAWAR,CITY,HAYAT ABAD 1,WHO,UCPO,2,-11111-11-11-0-
SNID Sep 2026,1,KHYBER,BARA,SPEEN QABAR,Government,UCMO,3,-11111-11-11-1-
SNID Sep 2026,,KHYBER,BARA,MILWARD A,WHO,Other (Specify),,-11011-11-11-0-
SNID Sep 2026,,PESHAWAR,SADDAR,URMAR MIANA,Government,UCMO,,-11111-11-11-0-
SNID Sep 2026,1,KHYBER,BARA,MASTAK,Government,UCMO,7,-11111011-11-1-
SNID Sep 2026,1,PESHAWAR,SADDAR,MUSAZAI,WHO,UCPO,1,-11111-11-11-0-
SNID Sep 2026,1,NOWSHERA,NOWSHERA,ZARA MAINA,Government,UCMO,1,-11111-11-11-0-
SNID Sep 2026,1,PESHAWAR,SMT,DEH BAHADAR,WHO,UCPO,1,-11111-11-11-1-
SNID Sep 2026,1,KHYBER,LANDI KOTAL,KAM SHALMAN,WHO,Independent Monitor,1,111111-11111-11
SNID Sep 2026,1,KHYBER,LANDI KOTAL,KAM SHALMAN,WHO,Independent Monitor,3,111111-11111-00
SNID Sep 2026,1,NOWSHERA,NOWSHERA,KABUL RIVER,WHO,UCPO,5,-11111-11-11-0-
SNID Sep 2026,1,PESHAWAR,SMT,DEH BAHADAR,WHO,District Polio Officer,7,-11111-11-11-1-
SNID Sep 2026,1,PESHAWAR,SHAH ALAM,JOGANI,WHO,UCPO,3,-11111-11-11-1-
SNID Sep 2026,,NOWSHERA,NOWSHERA,KHESHGI BALA,WHO,UCPO,,-11011-11-11-0-
SNID Sep 2026,,NOWSHERA,NOWSHERA,KHESHGI BALA,WHO,UCPO,,-11011-11-11-0-
SNID Sep 2026,1,CHARSADA,CHARSADDA,RAJJAR 1,WHO,Other (Specify),4,-11111-11--1-1-
SNID Sep 2026,1,KHYBER,LANDI KOTAL,SHEIKHMAL KHEL,Other Partner (BMGF/CDC/RIZ/ROTARY etc),Federal/Provincial/District Facilitator,1,-11111-11-11-0-
SNID Sep 2026,1,PESHAWAR,SHAH ALAM,WADPAGA,WHO,UCPO,1,-11111-11-11-0-
SNID Sep 2026,1,PESHAWAR,SADDAR,BADABER MARYAMZAI,WHO,UCPO,2,111111-11111100
SNID Sep 2026,,KHYBER,BARA,NOGAZI BABA,Government,UCMO,,-11111-11-11-0-
SNID Sep 2026,,NOWSHERA,JEHANGIRA,ADAMZAI,WHO,Independent Monitor,,-11111-11-11-1-
SNID Sep 2026,1,PESHAWAR,CITY,HASAN GARHI 1,WHO,UCPO,9,-11111-11-11-0-
SNID Sep 2026,,NOWSHERA,JEHANGIRA,ADAMZAI,WHO,Independent Monitor,,-11111-11-11-1-
SNID Sep 2026,,PESHAWAR,SHAH ALAM,PAJAGI,WHO,UCPO,,-11111-11-11-0-
SNID Sep 2026,,PESHAWAR,SHAH ALAM,PAJAGI,WHO,UCPO,,-11111-11-11-0-
SNID Sep 2026,1,PESHAWAR,SHAH ALAM,PAKHA GHULAM,Government,Area Incharge (AIC),8,-11111111-11-1-
SNID Sep 2026,1,PESHAWAR,SHAH ALAM,LALA KALAY,WHO,UCPO,5,-11111-11-11-1-
SNID Sep 2026,1,KHYBER,LANDI KOTAL,LOE SHALMAN A,WHO,UCPO,1,-11111-11--1-1-
SNID Sep 2026,1,KHYBER,BARA,SRA CHEENA,WHO,UCPO,7,-11111-11-11-1-
SNID Sep 2026,,KHYBER,LANDI KOTAL,STATION,WHO,UCPO,,-11111-11-11-1-
SNID Sep 2026,1,CHARSADA,CHARSADDA,UMERZAI,WHO,TTSP/TUSP,5,-00100-11-11-0-
SNID Sep 2026,1,CHARSADA,SHABQADAR,MATA MUGHAL KHEL,WHO,TPO/ TDO,7,-11111-11-11-0-
SNID Sep 2026,1,PESHAWAR,CITY,HASAN GARHI 2,WHO,UCPO,5,-11111-11-11-0-
SNID Sep 2026,1,PESHAWAR,SHAH ALAM,MATHRA,WHO,UCPO,8,-11111-11-11-0-
SNID Sep 2026,1,NOWSHERA,NOWSHERA,AZAKHEL BALA,UNICEF,CBO,3,-11111-11-11-0-
SNID Sep 2026,1,PESHAWAR,CITY,CANTT WARD 4,WHO,Independent Monitor,1,-11111-11-11-0-
SNID Sep 2026,1,PESHAWAR,CITY,PAWAKA,WHO,UCPO,2,-11111-11-11-1-
SNID Sep 2026,1,PESHAWAR,CITY,PAWAKA,WHO,UCPO,1,-11111-11-11-1-
SNID Sep 2026,1,PESHAWAR,CITY,JEHANGIR PURA,UNICEF,CBO,2,-11011-11-11-0-
SNID Sep 2026,,PESHAWAR,CITY,ANDERSHEHER,WHO,UCPO,,-11111-11-11-0-
SNID Sep 2026,1,NOWSHERA,PABBI,MOHIB BANDA,WHO,Other (Specify),5,-11111-11-11-1-
SNID Sep 2026,1,PESHAWAR,MATTANI,MATTANI,WHO,UCPO,3,-11111-11-11-1-
SNID Sep 2026,1,PESHAWAR,CITY,PALOSI,WHO,UCPO,1,-11111-11-11-1-
SNID Sep 2026,1,PESHAWAR,MATTANI,PISHTAKHARA,WHO,UCPO,1,-11111-11-11-0-
SNID Sep 2026,,KHYBER,BARA,JANBAZ A,WHO,UCPO,,-11111-11-11-1-
SNID Sep 2026,1,PESHAWAR,CITY,PALOSI,WHO,UCPO,2,-11111-11-11-1-
SNID Sep 2026,1,PESHAWAR,SADDAR,CHAMKANI,WHO,UCPO,4,-11111-11-11-1-
SNID Sep 2026,1,CHARSADA,TANGI,KOZ BEHRAM DHERI,Government,UCMO,5,-11111-11--1-1-
SNID Sep 2026,1,CHARSADA,TANGI,KOZ BEHRAM DHERI,Government,UCMO,2,-11111-11-11-1-
SNID Sep 2026,1,KHYBER,BARA,TAUDA CHEENA,WHO,UCPO,1,-11111-11-11-1-
SNID Sep 2026,1,PESHAWAR,SADDAR,URMAR BALA,WHO,UCPO,3,-11111-11-11-0-
SNID Sep 2026,1,PESHAWAR,SADDAR,URMAR BALA,WHO,UCPO,4,-11111-11-11-0-
SNID Sep 2026,1,CHARSADA,TANGI,SHERPAO,WHO,UCPO,2,-11111-11-11-1-
SNID Sep 2026,1,NOWSHERA,NOWSHERA,AZAKHEL BALA,UNICEF,CBO,1,-11111-11-11-0-
SNID Sep 2026,1,PESHAWAR,CITY,KHALSA 1,WHO,UCPO,7,-11111-11-11-0-
SNID Sep 2026,1,CHARSADA,CHARSADDA,CHENDRO DAAG,WHO,Independent Monitor,3,-00000-10-00-0-
SNID Sep 2026,1,PESHAWAR,SHAH ALAM,HARYANA PAYAN,WHO,UCPO,2,-11111-11-11-0-
SNID Sep 2026,1,PESHAWAR,CITY,MALAKANDHER,WHO,UCPO,2,-11111111-11-0-
SNID Sep 2026,1,PESHAWAR,SMT,DERI BAGHBANAN,WHO,UCPO,4,-11111-11-11-1-
SNID Sep 2026,,CHARSADA,SHABQADAR,MC-2 SHABQADAR,Government,UCMO,,-11111-11-11-1-
SNID Sep 2026,1,NOWSHERA,NOWSHERA,KHESHGI BALA,UNICEF,CCO,7,-11111-11-11-0-
SNID Sep 2026,1,KHYBER,JAMRUD,NEW ABADI,WHO,UCPO,1,-11111-11-11-0-
SNID Sep 2026,,KHYBER,JAMRUD,NEW ABADI,WHO,UCPO,,-11111-11-11-0-
SNID Sep 2026,1,CHARSADA,TANGI,SHERPAO,Government,UCMO,2,-11111-11-11-1-
SNID Sep 2026,,CHARSADA,CHARSADDA,MERA UMERZAI,WHO,Independent Monitor,,-11111-11-11-1-
SNID Sep 2026,,CHARSADA,CHARSADDA,MERA UMERZAI,WHO,Independent Monitor,,-11101-11-11-1-
SNID Sep 2026,1,KHYBER,BARA,SRA CHEENA,WHO,UCPO,1,-11111-11-11-1-
SNID Sep 2026,1,PESHAWAR,SHAH ALAM,SHAHI BALA,WHO,UCPO,1,-11111-11-11-1-
SNID Sep 2026,,CHARSADA,SHABQADAR,RASHAKI,WHO,UCPO,,-11111-11-11-0-
SNID Sep 2026,1,PESHAWAR,SMT,BHANA MARI,WHO,UCPO,4,-11111-11-11-0-
SNID Sep 2026,,CHARSADA,SHABQADAR,RASHAKI,WHO,UCPO,,-00101-10-10-0-
SNID Sep 2026,2,NOWSHERA,NOWSHERA,DHERI KATTI KHEL,WHO,Other (Specify),8,-11111011-11-0-
SNID Sep 2026,1,NOWSHERA,NOWSHERA,DHERI KATTI KHEL,WHO,Other (Specify),9,-11111011-01-0-
SNID Sep 2026,1,PESHAWAR,SADDAR,BADABER MARYAMZAI,WHO,UCSP,1,-11111-11-11-1-
SNID Sep 2026,1,NOWSHERA,NOWSHERA,KHESHGI PAYAN,UNICEF,CBO,5,-11111-11-11-0-
SNID Sep 2026,1,NOWSHERA,NOWSHERA,GANDHERI,UNICEF,CBO,4,-00101-11-11-0-
SNID Sep 2026,1,PESHAWAR,SMT,NOTHIA QADEEM,WHO,UCPO,2,-11111-11-11-1-
SNID Sep 2026,1,CHARSADA,TANGI,KOZ BEHRAM DHERI,WHO,TPO/ TDO,5,-11111-11-11-1-
SNID Sep 2026,1,PESHAWAR,MATTANI,MASHOGAGAR,WHO,UCPO,5,-11111-11-11-0-
SNID Sep 2026,1,NOWSHERA,NOWSHERA,AZAKHEL BALA,WHO,UCPO,3,-11111-11-11-0-
SNID Sep 2026,1,PESHAWAR,SHAH ALAM,KHAZANA,WHO,UCPO,4,-11111-11-11-0-
SNID Sep 2026,1,PESHAWAR,SHAH ALAM,KHAZANA,WHO,UCPO,5,-11111-11-11-0-
SNID Sep 2026,1,NOWSHERA,NOWSHERA,AZAKHEL BALA,WHO,UCPO,1,-11111-11-11-1-
SNID Sep 2026,1,PESHAWAR,SADDAR,MERA KACHORI,WHO,UCPO,13,-11111-11-11-1-
SNID Sep 2026,1,PESHAWAR,SADDAR,MERA KACHORI,WHO,UCPO,12,-11111-11-11-1-
SNID Sep 2026,1,NOWSHERA,NOWSHERA,GANDHERI,WHO,TPO/ TDO,1,-11111-11--1-0-
SNID Sep 2026,1,KHYBER,BARA,FORT SLOPE,WHO,UCPO,2,111111-11111-11
SNID Sep 2026,,KHYBER,BARA,MILWARD B,WHO,UCPO,,-11111-11-11-1-
SNID Sep 2026,,PESHAWAR,SMT,DEH BAHADAR,Government,Area Incharge (AIC),,-11111-11-11-0-
SNID Sep 2026,,PESHAWAR,SMT,DEH BAHADAR,Government,Area Incharge (AIC),,-11111-11-11-1-
SNID Sep 2026,,PESHAWAR,CITY,HASAN GARHI 2,WHO,UCSP,,-11111-11-11-1-
SNID Sep 2026,1,PESHAWAR,SADDAR,URMAR MIANA,WHO,UCPO,6,-11111-11-11-1-
SNID Sep 2026,1,PESHAWAR,SADDAR,URMAR MIANA,WHO,UCPO,5,-11111-11-11-1-
SNID Sep 2026,1,PESHAWAR,CITY,SHAHEEN TOWN,WHO,UCPO,5,-11111-11-11-0-
SNID Sep 2026,1,PESHAWAR,CITY,KAKSHAL,WHO,UCPO,5,-11111-11-11-0-
SNID Sep 2026,1,CHARSADA,CHARSADDA,BAHLOLA,WHO,TPO/ TDO,5,-11111-11-11-0-
SNID Sep 2026,1,PESHAWAR,SHAH ALAM,TUKHTABAD,WHO,UCPO,6,-11111-11-11-0-
SNID Sep 2026,1,PESHAWAR,CITY,KAKSHAL,WHO,UCPO,4,-11111-11-11-0-
SNID Sep 2026,1,NOWSHERA,JEHANGIRA,AKORA KHATTAK,Government,UCMO,4,-11111-11-11-1-
SNID Sep 2026,1,MOHMAND,PARANG GHAAR,UMAR KHEL,UNICEF,CBO,4,-11111-11-11-0-
SNID Sep 2026,1,PESHAWAR,SHAH ALAM,HARYANA PAYAN,WHO,UCPO,3,-11111-11-11-1-
SNID Sep 2026,,PESHAWAR,CITY,CANTT WARD 2,WHO,UCSP,,-11111-11-11-1-
SNID Sep 2026,1,PESHAWAR,CITY,HAYAT ABAD 1,WHO,UCPO,1,-11111-11-11-0-
SNID Sep 2026,1,PESHAWAR,CITY,KAKSHAL,WHO,UCPO,1,111111-11111111
SNID Sep 2026,1,PESHAWAR,CITY,ANDERSHEHER,WHO,Independent Monitor,2,-11111-11-11-0-
SNID Sep 2026,1,MOHMAND,PARANG GHAAR,NAO BUCHA,Government,UCMO,1,-11111-11-11-0-
SNID Sep 2026,1,PESHAWAR,MATTANI,ACHINI,WHO,UCPO,4,-11111-11-11-1-
SNID Sep 2026,1,PESHAWAR,SMT,SHAHEEN MUSLIM TWN1,WHO,UCPO,10,-11111-11-11-1-
SNID Sep 2026,1,PESHAWAR,CITY,HAYAT ABAD 1,WHO,Independent Monitor,9,-11111-11-11-1-
SNID Sep 2026,1,PESHAWAR,CITY,HAYAT ABAD 1,WHO,Independent Monitor,10,-11111-10-11-0-
SNID Sep 2026,1,PESHAWAR,MATTANI,SULEMAN KHEIL,WHO,UCPO,4,111111-11111100
SNID Sep 2026,1,CHARSADA,TANGI,MANDANI,Government,UCMO,1,-11111-11-11-0-
SNID Sep 2026,1,PESHAWAR,MATTANI,SULEMAN KHEIL,WHO,UCPO,2,111111-11111111
SNID Sep 2026,1,KHYBER,LANDI KOTAL,KAM SHALMAN,WHO,UCPO,2,-11111-11-11-1-
SNID Sep 2026,1,CHARSADA,TANGI,MANDANI,Government,UCMO,5,-11111-11-11-1-
SNID Sep 2026,,CHARSADA,CHARSADDA,UMERZAI,Government,UCMO,,-11111011-11-1-
SNID Sep 2026,1,PESHAWAR,SMT,DEH BAHADAR,WHO,UCPO,12,-11111-11-11-0-
SNID Sep 2026,,NOWSHERA,JEHANGIRA,NIZAMPUR,WHO,TPO/ TDO,,-11111-11-11-0-
SNID Sep 2026,,NOWSHERA,JEHANGIRA,NIZAMPUR,WHO,TPO/ TDO,,-00001-11-11-0-
SNID Sep 2026,1,PESHAWAR,CITY,JEHANGIR PURA,WHO,UCPO,3,-11111-11-11-0-
SNID Sep 2026,,NOWSHERA,NOWSHERA,NAWA KALY,WHO,UCPO,,-11111-11-11-1-
SNID Sep 2026,,NOWSHERA,NOWSHERA,NAWA KALY,WHO,UCPO,,-11111-11-11-0-
SNID Sep 2026,1,KHYBER,BARA,ABDULLAH JAN,WHO,TPO/ TDO,2,-11111-11-11-1-
SNID Sep 2026,,NOWSHERA,JEHANGIRA,NIZAMPUR,WHO,TPO/ TDO,,-11111-11-10-0-
SNID Sep 2026,,CHARSADA,SHABQADAR,KATOZAI,Government,Area Incharge (AIC),,-11111011-11-1-
SNID Sep 2026,,CHARSADA,SHABQADAR,KATOZAI,Government,Area Incharge (AIC),,-11111011-11-1-
SNID Sep 2026,1,NOWSHERA,JEHANGIRA,MISRI BANDA,Government,UCMO,5,-11111-11-11-1-
SNID Sep 2026,1,CHARSADA,TANGI,DHAKKI,WHO,UCSP,4,-11111-11-11-0-
SNID Sep 2026,1,CHARSADA,TANGI,DHAKKI,WHO,UCSP,6,-11111-11-11-0-
SNID Sep 2026,1,PESHAWAR,CITY,TEHKAL PAYAN,WHO,UCPO,4,-11111-11-11-0-
SNID Sep 2026,1,PESHAWAR,CITY,TEHKAL PAYAN,WHO,UCPO,4,-11111-11-11-0-
SNID Sep 2026,,PESHAWAR,HASSAN KHEL,MANDAI,WHO,UCPO,,-11111-11-11-1-
SNID Sep 2026,1,PESHAWAR,CITY,HASAN GARHI 1,WHO,UCPO,8,-11111-11-11-0-
SNID Sep 2026,,PESHAWAR,SADDAR,MERA SUREZAI PAYAN,WHO,UCPO,,-11111-11-11-0-
SNID Sep 2026,,PESHAWAR,SADDAR,MERA SUREZAI PAYAN,WHO,UCPO,,-11111-11-11-0-
SNID Sep 2026,1,PESHAWAR,SHAH ALAM,BUDHNI,WHO,Independent Monitor,7,-11111-11-10-0-
SNID Sep 2026,1,PESHAWAR,SHAH ALAM,WADPAGA,WHO,UCPO,6,-11111-11-11-0-
SNID Sep 2026,1,PESHAWAR,SHAH ALAM,BUDHNI,WHO,Independent Monitor,1,-11111-11-11-0-
SNID Sep 2026,1,PESHAWAR,SMT,NOTHIA JADEED,WHO,Other (Specify),1,-11111111-11-0-
SNID Sep 2026,2,MOHMAND,PARANG GHAAR,NAO BUCHA,Government,UCMO,2,-11111-11-11-1-
SNID Sep 2026,1,PESHAWAR,SMT,NOTHIA JADEED,WHO,Other (Specify),3,-11111-11-11-1-
SNID Sep 2026,1,KHYBER,JAMRUD,TIDI BAZAR,UNICEF,Provincial Facilitator (Health Specialists/Officers- Communication- SBC Specialists/Officers-VMO- M and E Officer- Media Specialist- Provincial Communication Officer-Training etc),3,111111-11111100
SNID Sep 2026,1,KHYBER,JAMRUD,TIDI BAZAR,UNICEF,Provincial Facilitator (Health Specialists/Officers- Communication- SBC Specialists/Officers-VMO- M and E Officer- Media Specialist- Provincial Communication Officer-Training etc),1,111111-11111100
SNID Sep 2026,1,MOHMAND,PARANG GHAAR,NAO BUCHA,WHO,Area Coordinator / District Coordinator,2,-11011-11-11-1-
SNID Sep 2026,1,CHARSADA,SHABQADAR,BATTAGRAM,WHO,UCPO,7,-11111-11-01-0-
SNID Sep 2026,1,PESHAWAR,CITY,CANTT WARD 4,WHO,UCPO,2,-11111-11-11-1-
SNID Sep 2026,1,KHYBER,BARA,FORT SLOPE,UNICEF,CBO,2,-11111-11--1-1-
SNID Sep 2026,1,CHARSADA,SHABQADAR,BATTAGRAM,WHO,UCPO,7,-11111-11-11-0-
SNID Sep 2026,1,PESHAWAR,SHAH ALAM,LALA KALAY,WHO,UCSP,1,-11111-11-11-1-
SNID Sep 2026,1,PESHAWAR,SHAH ALAM,LALA KALAY,WHO,UCSP,2,-11111-11-11-1-
SNID Sep 2026,1,PESHAWAR,SHAH ALAM,JOGANI,WHO,UCPO,1,-11111-11-11-0-
SNID Sep 2026,1,KHYBER,JAMRUD,ALI MASJID A,WHO,Independent Monitor,4,111011-11111-00
SNID Sep 2026,1,KHYBER,JAMRUD,ALI MASJID A,WHO,Independent Monitor,3,111011-11111-00
SNID Sep 2026,1,CHARSADA,CHARSADDA,NISATTA,WHO,Independent Monitor,1,-11111-11-11-1-
SNID Sep 2026,,KHYBER,LANDI KOTAL,KARAMNA,Government,UCMO,,-11111-11-11-1-
SNID Sep 2026,1,PESHAWAR,SADDAR,SUREZAI BALA,WHO,UCPO,1,-11111-11-11-1-
SNID Sep 2026,1,PESHAWAR,SADDAR,SUREZAI BALA,WHO,UCPO,2,-11111-11-11-1-
SNID Sep 2026,1,CHARSADA,CHARSADDA,NISATTA,WHO,Independent Monitor,3,-11111-11-11-1-
SNID Sep 2026,1,PESHAWAR,SHAH ALAM,HARYANA PAYAN,WHO,UCPO,6,-11111-11-11-0-
SNID Sep 2026,1,CHARSADA,TANGI,SHERPAO,WHO,UCPO,6,-11011111-11-0-
SNID Sep 2026,1,PESHAWAR,SMT,AKHOON ABAD,WHO,UCPO,4,-11111-11-11-1-
SNID Sep 2026,1,PESHAWAR,SMT,AKHOON ABAD,WHO,UCPO,3,-11111-11-11-1-
SNID Sep 2026,1,KHYBER,LANDI KOTAL,LOE SHALMAN B,WHO,UCPO,5,-11111-11-11-0-
SNID Sep 2026,,KHYBER,JAMRUD,PAINDI LALMA,WHO,UCPO,,-11111-11-11-0-
SNID Sep 2026,1,PESHAWAR,SHAH ALAM,KANIZA,WHO,UCPO,5,-11111111-11-1-
SNID Sep 2026,1,MOHMAND,HALEEMZAI,GHALLANAI,N-STOP,District NSTOP Officer,1,-11111-11-11-1-
SNID Sep 2026,,NOWSHERA,NOWSHERA,AZAKHEL BALA,WHO,Independent Monitor,,-11111-11-10-0-
SNID Sep 2026,,NOWSHERA,NOWSHERA,AZAKHEL BALA,WHO,Independent Monitor,,-11101-11-10-0-
SNID Sep 2026,1,PESHAWAR,HASSAN KHEL,BORA,WHO,UCPO,1,-11111-11-11-0-
SNID Sep 2026,1,PESHAWAR,SADDAR,AZAKHEL TELABAND,WHO,UCSP,7,-11111-11-11-1-
SNID Sep 2026,1,PESHAWAR,SMT,WAZIR BAGH,WHO,UCSP,2,111111-11111111
SNID Sep 2026,1,PESHAWAR,SMT,WAZIR BAGH,WHO,UCSP,3,111111-11111111
SNID Sep 2026,1,MOHMAND,PARANG GHAAR,UMAR KHEL,Government,UCMO,1,111111011111111
SNID Sep 2026,1,MOHMAND,PARANG GHAAR,UMAR KHEL,Government,UCMO,2,111111011111011
SNID Sep 2026,1,PESHAWAR,SHAH ALAM,MATHRA,WHO,UCPO,10,-11111-11-11-0-
SNID Sep 2026,1,PESHAWAR,SHAH ALAM,MATHRA,WHO,UCPO,9,-11111-11-11-0-
SNID Sep 2026,,KHYBER,TIRAH MAIDAN,SERAY,WHO,TPO/ TDO,,-11111-11-11-0-
SNID Sep 2026,1,PESHAWAR,CITY,SHAHEEN TOWN,WHO,UCPO,2,-11111-11-11-1-
SNID Sep 2026,,PESHAWAR,CITY,SHAHEEN TOWN,WHO,UCPO,,-11111-11-11-1-
SNID Sep 2026,1,MOHMAND,PARANG GHAAR,UMAR KHEL,WHO,UCPO,4,-11111-11-01-1-
SNID Sep 2026,,KHYBER,TIRAH MAIDAN,PAGDARA,Government,UCMO,,-11111-11-11-1-
SNID Sep 2026,1,PESHAWAR,CITY,SUFAID DHERI,WHO,UCPO,13,-11111-11-11-0-
SNID Sep 2026,1,PESHAWAR,CITY,SUFAID DHERI,WHO,UCPO,13,-11111-11-11-0-
SNID Sep 2026,,PESHAWAR,SHAH ALAM,MATHRA,WHO,UCPO,,-11111-11-11-1-
SNID Sep 2026,,PESHAWAR,SHAH ALAM,MATHRA,WHO,UCPO,,-11111-11-11-1-
SNID Sep 2026,,PESHAWAR,CITY,MALAKANDHER,WHO,UCSP,,-11111-11-11-1-
SNID Sep 2026,1,PESHAWAR,CITY,MALAKANDHER,WHO,UCSP,6,-11111-11-11-1-
SNID Sep 2026,1,PESHAWAR,CITY,HAYAT ABAD 1,WHO,UCPO,4,-11111-11-11-0-
SNID Sep 2026,1,PESHAWAR,CITY,HAYAT ABAD 1,WHO,UCPO,5,-11111-11-11-0-
SNID Sep 2026,1,PESHAWAR,CITY,HAYAT ABAD 1,WHO,UCPO,10,-11111111-11-1-
SNID Sep 2026,1,PESHAWAR,CITY,HAYAT ABAD 1,WHO,UCPO,9,-11111111-11-1-
SNID Sep 2026,1,KHYBER,BARA,JANBAZ A,UNICEF,CBO,4,-11111-11-11-0-
SNID Sep 2026,1,PESHAWAR,SHAH ALAM,LALA KALAY,WHO,UCSP,2,-11111-11-11-0-
SNID Sep 2026,1,PESHAWAR,SHAH ALAM,LALA KALAY,WHO,UCSP,1,-11111-11-11-1-
SNID Sep 2026,2,KHYBER,BARA,SRA CHEENA,Government,UCMO,1,-11111-11-11-1-
SNID Sep 2026,2,NOWSHERA,PABBI,BALU,Government,UCMO,2,-11111-11-11-0-
SNID Sep 2026,1,PESHAWAR,SADDAR,URMAR MIANA,Government,Area Incharge (AIC),5,-11111-11-11-1-
SNID Sep 2026,2,KHYBER,JAMRUD,NEW ABADI,WHO,UCPO,1,-11111-11-11-0-
SNID Sep 2026,2,PESHAWAR,CITY,SIKANDAR TOWN,UNICEF,CBO,4,-11111-11-11-1-
SNID Sep 2026,2,KHYBER,JAMRUD,NEW ABADI,Government,UCMO,5,-11111-11-11-1-
SNID Sep 2026,2,NOWSHERA,NOWSHERA,DHERI KATTI KHEL,N-STOP,District NSTOP Officer,8,-11111-11-11-1-
SNID Sep 2026,2,KHYBER,LANDI KOTAL,SULTAN KHEL A,Government,UCMO,2,-11111-11-11-0-
SNID Sep 2026,2,PESHAWAR,CITY,PAWAKA,WHO,UCPO,5,-11111-11-11-1-
SNID Sep 2026,2,PESHAWAR,SHAH ALAM,JOGANI,WHO,UCPO,4,-11111-11-11-1-
SNID Sep 2026,2,KHYBER,JAMRUD,LOWARA MIANA,WHO,UCPO,4,-11111-11-11-0-
SNID Sep 2026,2,NOWSHERA,PABBI,SHAKOT,Government,UCMO,7,-11111-11-00-0-
SNID Sep 2026,2,KHYBER,JAMRUD,MIA MORCHA,WHO,UCPO,1,-11111-11-11-1-
SNID Sep 2026,2,PESHAWAR,SMT,YAKATOOT 3,WHO,UCSP,5,-11111-11-11-0-
SNID Sep 2026,2,NOWSHERA,NOWSHERA,PIRSABAQ,WHO,UCPO,6,-11111-11-11-0-
SNID Sep 2026,2,PESHAWAR,SHAH ALAM,KHAZANA,WHO,UCPO,5,-11111-11-11-0-
SNID Sep 2026,2,KHYBER,LANDI KOTAL,MIRDAD KHEL,WHO,UCPO,4,-11111-11-11-1-
SNID Sep 2026,2,KHYBER,BARA,ABDULLAH JAN,Government,UCMO,5,-11111-11-11-1-
SNID Sep 2026,2,PESHAWAR,SHAH ALAM,CHAGARMATI,WHO,UCPO,1,-11111-11-11-1-
SNID Sep 2026,2,CHARSADA,TANGI,DHAKKI,Government,UCMO,3,-11111-11-11-1-
SNID Sep 2026,2,NOWSHERA,PABBI,BALU,Government,UCMO,1,-11111-11-11-0-
SNID Sep 2026,2,NOWSHERA,JEHANGIRA,MANDURI,Government,UCMO,5,-11111-11-11-1-
SNID Sep 2026,,MOHMAND,SAFI LAKARO,SAGAI,Government,UCMO,,-11111-11-11-0-
SNID Sep 2026,2,KHYBER,BARA,TAUDA CHEENA,WHO,UCPO,1,-11111-11-11-1-
SNID Sep 2026,2,KHYBER,JAMRUD,LOWARA MIANA,WHO,UCPO,2,-11111-11-11-1-
SNID Sep 2026,2,PESHAWAR,CITY,ASIA DABGARI,WHO,UCPO,2,-11111-11--1-1-
SNID Sep 2026,2,PESHAWAR,SADDAR,SUREZAI PAYAN,WHO,UCPO,4,-11111-11-11-0-
SNID Sep 2026,2,NOWSHERA,PABBI,SHAKOT,Government,UCMO,6,-11111-11-11-0-
SNID Sep 2026,2,NOWSHERA,NOWSHERA,BARA BANDA,Government,UCMO,10,-11111-11-11-0-
SNID Sep 2026,2,NOWSHERA,NOWSHERA,KHESHGI PAYAN,Government,UCMO,4,-11011-11-11-0-
SNID Sep 2026,2,PESHAWAR,SADDAR,URMAR BALA,WHO,UCPO,8,-11111-11-11-1-
SNID Sep 2026,2,NOWSHERA,JEHANGIRA,MERA AKORA,WHO,UCPO,7,-11111-11-11-0-
SNID Sep 2026,2,KHYBER,JAMRUD,SHAH KAS B,Government,UCMO,3,-11111-11-11-0-
SNID Sep 2026,2,KHYBER,JAMRUD,SHAH KAS B,WHO,UCPO,2,-11111-11-11-0-
SNID Sep 2026,2,PESHAWAR,SHAH ALAM,SAEEDABAD,WHO,UCPO,2,-11111-11-11-1-
SNID Sep 2026,2,KHYBER,BARA,JANBAZ A,WHO,UCPO,10,-11111-11-11-1-
SNID Sep 2026,2,PESHAWAR,SADDAR,URMAR MIANA,Government,Area Incharge (AIC),5,-11111-11-11-1-
SNID Sep 2026,1,PESHAWAR,CITY,CANTT WARD 3,WHO,UCSP,2,-11111-11-11-0-
SNID Sep 2026,1,PESHAWAR,SMT,HAZARKHWANI 1,WHO,UCPO,6,-11111-11-11-1-
SNID Sep 2026,2,PESHAWAR,CITY,SUFAID DHERI,WHO,UCPO,9,-11111-11-11-1-
SNID Sep 2026,2,KHYBER,JAMRUD,GHUNDI B,WHO,UCPO,7,-10111-11-11-0-
SNID Sep 2026,2,PESHAWAR,MATTANI,SARBAND,WHO,UCPO,7,-11111-11-11-1-
SNID Sep 2026,2,NOWSHERA,NOWSHERA,BARA BANDA,Government,Area Incharge (AIC),7,-11111-11-11-1-
SNID Sep 2026,2,CHARSADA,TANGI,GANDHERI,Government,UCMO,6,-11111-11-11-1-
SNID Sep 2026,2,NOWSHERA,NOWSHERA,BARA BANDA,WHO,UCPO,11,-11111-11-11-0-
SNID Sep 2026,2,KHYBER,BARA,AKAKHEL MAIRA,UNICEF,Provincial Facilitator (Health Specialists/Officers- Communication- SBC Specialists/Officers-VMO- M and E Officer- Media Specialist- Provincial Communication Officer-Training etc),2,-11111-11-11-0-
SNID Sep 2026,2,NOWSHERA,JEHANGIRA,SHAIDU,Government,UCMO,2,-11111-11-11-0-
SNID Sep 2026,2,PESHAWAR,CITY,ASIA DABGARI,WHO,UCPO,3,-11111-11-11-1-
SNID Sep 2026,2,KHYBER,LANDI KOTAL,SULTAN KHEL B,WHO,TPO/ TDO,1,-11111-11-11-1-
SNID Sep 2026,2,KHYBER,JAMRUD,ALI MASJID B,WHO,UCPO,1,-11111-11-11-1-
SNID Sep 2026,2,KHYBER,BARA,MILWARD B,Government,UCMO,1,-11111-11-11-0-
SNID Sep 2026,2,KHYBER,BARA,SPEEN QABAR,WHO,UCPO,1,-11111-11-11-1-
SNID Sep 2026,2,PESHAWAR,SHAH ALAM,GULBELA,WHO,UCPO,6,-11111-11-11-0-
SNID Sep 2026,2,NOWSHERA,PABBI,CHOKI MAMREZ,WHO,UCPO,5,-11011-11-11-1-
SNID Sep 2026,2,PESHAWAR,SHAH ALAM,KANKOLA,WHO,UCPO,7,-11111-11-11-1-
SNID Sep 2026,2,KHYBER,LANDI KOTAL,SHEIKHMAL KHEL,WHO,UCPO,5,-11111-11-11-1-
SNID Sep 2026,2,PESHAWAR,MATTANI,SARBAND,WHO,UCPO,1,-11111-11-11-1-
SNID Sep 2026,2,KHYBER,BARA,MASTAK,WHO,UCPO,3,111111-11111-11
SNID Sep 2026,2,PESHAWAR,SADDAR,MUSAZAI,WHO,UCPO,7,-11111-11-11-0-
SNID Sep 2026,2,PESHAWAR,CITY,PAWAKA,WHO,UCPO,5,-11111-11-11-1-
SNID Sep 2026,2,NOWSHERA,NOWSHERA,BARA BANDA,Government,Area Incharge (AIC),7,-11111-11-11-1-
SNID Sep 2026,2,PESHAWAR,SHAH ALAM,JOGANI,WHO,UCPO,2,-11111-11-11-0-
SNID Sep 2026,2,KHYBER,JAMRUD,ALI MASJID A,WHO,UCPO,3,-11111-11-11-1-
SNID Sep 2026,2,PESHAWAR,MATTANI,SHEIKHAN,WHO,UCPO,1,-11111-11-11-1-
SNID Sep 2026,2,KHYBER,LANDI KOTAL,KAM SHALMAN,WHO,UCPO,1,-11111-11-11-0-
SNID Sep 2026,2,PESHAWAR,SHAH ALAM,SAEEDABAD,WHO,UCPO,7,-11111-11-11-1-
SNID Sep 2026,2,PESHAWAR,SADDAR,MARYAM ZAI,WHO,UCSP,2,-11111-11-11-0-
SNID Sep 2026,1,MOHMAND,EKKAGHUND,MICHANI,WHO,Area Coordinator / District Coordinator,1,-11011-11-11-1-
SNID Sep 2026,2,PESHAWAR,SHAH ALAM,KANKOLA,UNICEF,CCO,8,-11111-11-11-1-
SNID Sep 2026,2,PESHAWAR,SMT,BHANA MARI,WHO,UCPO,1,-11111-11-11-0-
SNID Sep 2026,1,PESHAWAR,CITY,KHALSA 1,UNICEF,CCO,7,-11111-11--1-1-
SNID Sep 2026,1,PESHAWAR,SADDAR,URMAR MIANA,Government,Area Incharge (AIC),5,-11111-11-11-1-
SNID Sep 2026,2,PESHAWAR,SHAH ALAM,DAG,WHO,UCPO,5,-11111-11-11-1-
SNID Sep 2026,2,CHARSADA,CHARSADDA,DARGAY,WHO,Independent Monitor,1,-00000-11-11-0-
SNID Sep 2026,2,PESHAWAR,SMT,NOTHIA JADEED,WHO,UCPO,5,-11111-11-11-1-
SNID Sep 2026,2,MOHMAND,PARANG GHAAR,NAO BUCHA,Government,UCMO,1,-11111-11-11-0-
SNID Sep 2026,2,PESHAWAR,SHAH ALAM,KHAZANA,WHO,UCPO,7,-11111-11-11-0-
SNID Sep 2026,2,PESHAWAR,SHAH ALAM,LARAMA,WHO,UCPO,5,-11111-11-11-1-
SNID Sep 2026,2,PESHAWAR,SADDAR,SUREZAI BALA,Government,UCMO,1,-11111-11-11-1-
SNID Sep 2026,2,PESHAWAR,MATTANI,PISHTAKHARA,WHO,UCPO,6,-11111-11-11-0-
SNID Sep 2026,2,PESHAWAR,SMT,LANDI ARBAB,UNICEF,Provincial Facilitator (Health Specialists/Officers- Communication- SBC Specialists/Officers-VMO- M and E Officer- Media Specialist- Provincial Communication Officer-Training etc),7,-11111-11-11-0-
SNID Sep 2026,2,KHYBER,LANDI KOTAL,TORKHAM,Government,UCMO,2,-11111-11-11-1-
SNID Sep 2026,2,PESHAWAR,SADDAR,ADEZAI,WHO,UCPO,4,-11111111-11-0-
SNID Sep 2026,2,CHARSADA,CHARSADDA,MC-3 CHARSADDA,N-STOP,District NSTOP Officer,2,-11111-11-11-1-
SNID Sep 2026,2,PESHAWAR,SADDAR,URMAR MIANA,WHO,UCPO,1,-11111-11-11-1-
SNID Sep 2026,2,NOWSHERA,NOWSHERA,GANDHERI,WHO,UCPO,11,-11111-11-11-1-
SNID Sep 2026,2,NOWSHERA,PABBI,TARRU JABBA,Government,UCMO,2,-11111-11-11-1-
SNID Sep 2026,2,KHYBER,LANDI KOTAL,SHEIKHMAL KHEL,WHO,UCPO,3,-11111-11-11-1-
SNID Sep 2026,2,NOWSHERA,NOWSHERA,NOWSHERA CANTT,Government,UCMO,5,-11111-11-11-1-
SNID Sep 2026,2,KHYBER,JAMRUD,SHAH KAS A,WHO,UCPO,1,-11111-11-11-1-
SNID Sep 2026,2,PESHAWAR,CITY,FAQIR ABAD,WHO,UCSP,3,-11111-11-11-1-
SNID Sep 2026,2,PESHAWAR,MATTANI,PISHTAKHARA,WHO,UCPO,1,-11111-11-11-0-
SNID Sep 2026,2,PESHAWAR,MATTANI,PISHTAKHARA,Government,UCMO,1,-11111-11-11-0-
SNID Sep 2026,2,KHYBER,BARA,GANDAO,Government,UCMO,1,-11111-11-11-1-
SNID Sep 2026,2,PESHAWAR,CITY,PALOSI,WHO,UCPO,1,-11111011-11-1-
SNID Sep 2026,2,KHYBER,JAMRUD,SHAH KAS B,WHO,UCPO,8,-11111-11-11-0-
SNID Sep 2026,2,PESHAWAR,CITY,HASAN GARHI 2,WHO,UCPO,7,-11111-11-11-0-
SNID Sep 2026,1,MOHMAND,SAFI LAKARO,SAGAI,WHO,UCSP,1,-11111-11-11-1-
SNID Sep 2026,2,PESHAWAR,CITY,REGI,WHO,UCPO,3,-11111-11-11-0-
SNID Sep 2026,2,PESHAWAR,SHAH ALAM,KAFOOR DHERI,WHO,UCPO,4,-11111-11-11-1-
SNID Sep 2026,3,PESHAWAR,CITY,MALAKANDHER,N-STOP,Provincial Facilitator (N-STOP Officer- TSO),3,-11111-11-11-1-
SNID Sep 2026,2,PESHAWAR,SADDAR,AZAKHEL TELABAND,WHO,UCSP,7,-11111-11-11-0-
SNID Sep 2026,2,PESHAWAR,SMT,SHEIKH JUNAID ABAD,WHO,Other (Specify),1,-11111-11-11-1-
SNID Sep 2026,2,PESHAWAR,SHAH ALAM,DAG,WHO,UCPO,6,-11111-11-11-1-
SNID Sep 2026,2,KHYBER,BARA,SRA CHEENA,Government,UCMO,2,-11111-11-11-1-
SNID Sep 2026,2,PESHAWAR,SMT,NOTHIA QADEEM,WHO,UCPO,4,-11111-11-11-1-
SNID Sep 2026,2,PESHAWAR,SADDAR,MUSAZAI,WHO,UCPO,5,-11111-11-11-1-
SNID Sep 2026,2,PESHAWAR,SMT,LANDI ARBAB,WHO,UCPO,7,-11111-11-11-0-
SNID Sep 2026,2,PESHAWAR,SMT,SHAHEEN MUSLIM TWN1,WHO,UCPO,11,-11111-11-11-0-
SNID Sep 2026,2,PESHAWAR,SADDAR,SUREZAI PAYAN,WHO,UCPO,6,-11111-11-11-0-
SNID Sep 2026,2,PESHAWAR,SHAH ALAM,CHAGARMATI,WHO,UCPO,1,-11111-11-11-1-
SNID Sep 2026,2,KHYBER,JAMRUD,SHAH KAS A,WHO,UCPO,4,-11111-11-11-0-
SNID Sep 2026,1,MOHMAND,EKKAGHUND,MICHANI,WHO,Area Coordinator / District Coordinator,3,-11011-11-11-1-
SNID Sep 2026,2,KHYBER,BARA,MILWARD A,WHO,UCPO,6,-11111-11-11-1-
SNID Sep 2026,2,KHYBER,LANDI KOTAL,STATION,WHO,UCPO,3,-11111-11-11-1-
SNID Sep 2026,2,PESHAWAR,SADDAR,BADABER MARYAMZAI,WHO,UCSP,2,-11111-11-11-1-
SNID Sep 2026,2,PESHAWAR,CITY,GULBAHAR,WHO,UCSP,2,-11111-11-11-1-
SNID Sep 2026,2,KHYBER,JAMRUD,GHUNDI A,Government,Area Incharge (AIC),3,-11111-11-11-0-
SNID Sep 2026,2,PESHAWAR,CITY,SIKANDAR TOWN,WHO,UCPO,4,-11111-11-11-1-
SNID Sep 2026,2,NOWSHERA,PABBI,TARRU JABBA,Government,UCMO,1,-11111-11-11-1-
SNID Sep 2026,2,MOHMAND,PARANG GHAAR,ASGHAR,Government,UCMO,1,-11111-11-11-1-
SNID Sep 2026,2,PESHAWAR,SHAH ALAM,WADPAGA,WHO,UCPO,4,-11111-11-11-0-
SNID Sep 2026,2,MOHMAND,PARANG GHAAR,ASGHAR,Government,UCMO,2,-11111-11-11-1-
SNID Sep 2026,2,PESHAWAR,MATTANI,MASHOGAGAR,WHO,UCPO,9,-11111-11-11-0-
SNID Sep 2026,2,PESHAWAR,CITY,HASAN GARHI 2,WHO,UCPO,3,-11111-11-11-1-
SNID Sep 2026,2,NOWSHERA,JEHANGIRA,MERA AKORA,WHO,UCPO,11,-11111-11-11-0-
SNID Sep 2026,2,PESHAWAR,HASSAN KHEL,FARIDI,WHO,UCPO,2,-11111-11-10-1-
SNID Sep 2026,2,KHYBER,LANDI KOTAL,MIRDAD KHEL,WHO,UCPO,6,-11011-11-11-1-
SNID Sep 2026,2,PESHAWAR,SMT,DERI BAGHBANAN,WHO,UCPO,1,-11111-11-11-1-
SNID Sep 2026,2,NOWSHERA,NOWSHERA,BARA BANDA,Government,Area Incharge (AIC),7,-11111-11-11-1-
SNID Sep 2026,2,NOWSHERA,PABBI,TARRU JABBA,Government,UCMO,3,-11111-11-11-1-
SNID Sep 2026,2,NOWSHERA,NOWSHERA,NAWA KALY,Government,UCMO,3,-11111-11-11-1-
SNID Sep 2026,2,PESHAWAR,SHAH ALAM,SAEEDABAD,WHO,TPO/ TDO,6,-11111-11-11-0-
SNID Sep 2026,2,KHYBER,BARA,GANDAO,WHO,UCPO,1,-11111-11-11-1-
SNID Sep 2026,2,PESHAWAR,MATTANI,MASHOGAGAR,WHO,UCPO,7,-11111-11-11-0-
SNID Sep 2026,2,KHYBER,LANDI KOTAL,KHUGA KHEL,WHO,UCPO,3,-11111-11-11-1-
SNID Sep 2026,2,PESHAWAR,SADDAR,AZAKHEL TELABAND,WHO,UCPO,5,-11111-11-11-1-
SNID Sep 2026,2,PESHAWAR,HASSAN KHEL,BARKI,WHO,UCPO,2,-11111-11-11-0-
SNID Sep 2026,2,PESHAWAR,SMT,SHEIKH JUNAID ABAD,WHO,UCPO,1,-11111-11-11-1-
SNID Sep 2026,2,PESHAWAR,CITY,KHALSA 1,WHO,UCPO,1,-11111-11-11-0-
SNID Sep 2026,2,NOWSHERA,PABBI,TARRU JABBA,Government,UCMO,3,-11111-11-11-1-
SNID Sep 2026,2,PESHAWAR,SADDAR,URMAR MIANA,Government,Area Incharge (AIC),5,-11111111-11-1-
SNID Sep 2026,,MOHMAND,SAFI LAKARO,MAMAD GAT,WHO,Independent Monitor,,-00000-11-10-0-
SNID Sep 2026,2,KHYBER,LANDI KOTAL,TORKHAM,WHO,Other (Specify),1,-00000-11-11-0-
SNID Sep 2026,2,KHYBER,BARA,SPEEN QABAR,Government,UCMO,1,-11111-11-11-1-
SNID Sep 2026,2,NOWSHERA,PABBI,AMANKOT,Government,UCMO,3,-11111-11-11-1-
SNID Sep 2026,,PESHAWAR,SHAH ALAM,KHAZANA,UNICEF,CBO,,-11111-11-11-0-
SNID Sep 2026,2,PESHAWAR,CITY,KHALSA 2,WHO,UCPO,4,-11111-11-11-1-
SNID Sep 2026,2,PESHAWAR,SHAH ALAM,GARHI SHER DAD,WHO,UCPO,3,-11111-11-11-1-
SNID Sep 2026,2,PESHAWAR,SHAH ALAM,KHAZANA,UNICEF,CBO,1,-11111-11-11-1-
SNID Sep 2026,2,PESHAWAR,SMT,BHANA MARI,WHO,UCPO,3,-11111-11-11-1-
SNID Sep 2026,2,NOWSHERA,NOWSHERA,KABUL RIVER,WHO,UCPO,1,-11111-11-11-0-
SNID Sep 2026,,PESHAWAR,HASSAN KHEL,MANDAI,WHO,TSA,,-11111-11-11-0-
SNID Sep 2026,2,PESHAWAR,SMT,NOTHIA QADEEM,WHO,UCPO,1,-11111011-11-1-
SNID Sep 2026,2,PESHAWAR,CITY,GULBAHAR,WHO,Independent Monitor,2,-11111-11-11-0-
SNID Sep 2026,2,PESHAWAR,SHAH ALAM,GULBELA,WHO,UCPO,5,-11111-11-11-0-
SNID Sep 2026,2,PESHAWAR,SMT,BHANA MARI,Government,UCMO,2,-11111111-11-1-
SNID Sep 2026,2,NOWSHERA,NOWSHERA,DHERI KATTI KHEL,N-STOP,District NSTOP Officer,6,-11111-11-11-1-
SNID Sep 2026,2,KHYBER,JAMRUD,NEW ABADI,N-STOP,District NSTOP Officer,8,-11111-11-11-0-
SNID Sep 2026,2,PESHAWAR,CITY,LAHORI,WHO,UCPO,1,-11111-11-11-0-
SNID Sep 2026,2,PESHAWAR,SADDAR,MUSAZAI,WHO,UCPO,4,-11111-11-11-1-
SNID Sep 2026,2,PESHAWAR,CITY,KHALSA 2,WHO,UCSP,2,-11111-11-11-0-
SNID Sep 2026,2,KHYBER,LANDI KOTAL,SULTAN KHEL A,WHO,UCPO,2,-01111011-11-0-
SNID Sep 2026,2,PESHAWAR,SMT,NOTHIA JADEED,WHO,UCPO,3,-11111-11-11-1-
SNID Sep 2026,2,PESHAWAR,CITY,SHAHI BAGH,Government,UCMO,2,-11111-11-11-1-
SNID Sep 2026,2,PESHAWAR,SMT,LANDI ARBAB,UNICEF,Provincial Facilitator (Health Specialists/Officers- Communication- SBC Specialists/Officers-VMO- M and E Officer- Media Specialist- Provincial Communication Officer-Training etc),1,-11011-11-11-0-
SNID Sep 2026,2,KHYBER,BARA,JANBAZ A,Government,UCMO,2,-11111-11-11-1-
SNID Sep 2026,2,PESHAWAR,SADDAR,MARYAM ZAI,WHO,UCSP,1,-11111-11-11-0-
SNID Sep 2026,2,CHARSADA,CHARSADDA,MC-3 CHARSADDA,N-STOP,District NSTOP Officer,4,-11111-11--1-0-
SNID Sep 2026,2,KHYBER,LANDI KOTAL,LOE SHALMAN A,WHO,UCPO,2,-11111-11--1-1-
SNID Sep 2026,2,PESHAWAR,SMT,YAKATOOT 3,WHO,UCPO,1,-11111-11-11-0-
SNID Sep 2026,2,PESHAWAR,CITY,UNIVERSITY TOWN,WHO,UCPO,6,-11111-11-11-0-
SNID Sep 2026,2,PESHAWAR,SMT,HAZARKHWANI 2,WHO,UCPO,4,-11111-11-11-1-
SNID Sep 2026,2,NOWSHERA,JEHANGIRA,MANDURI,WHO,TPO/ TDO,5,-11111-11-11-0-
SNID Sep 2026,2,PESHAWAR,SHAH ALAM,PANAM DHERI,WHO,UCPO,1,-11111-11-11-0-
SNID Sep 2026,2,KHYBER,BARA,FORT SLOPE,WHO,TPO/ TDO,1,-11111-11-11-0-
SNID Sep 2026,1,PESHAWAR,SMT,HAZARKHWANI 2,WHO,UCPO,1,-11111-11-11-1-
SNID Sep 2026,2,PESHAWAR,CITY,MEHAL TERAI 2,WHO,UCPO,2,-11111-11-11-1-
SNID Sep 2026,2,KHYBER,JAMRUD,NEW ABADI,N-STOP,District NSTOP Officer,8,-11111-11-11-0-
SNID Sep 2026,2,NOWSHERA,PABBI,SHAKOT,Government,UCMO,6,-11111-11-11-1-
SNID Sep 2026,2,CHARSADA,SHABQADAR,RASHAKI,WHO,UCPO,6,-11111-11-11-0-
SNID Sep 2026,1,PESHAWAR,SMT,HAZARKHWANI 2,WHO,UCPO,2,-11111-11-11-1-
SNID Sep 2026,2,PESHAWAR,CITY,MEHAL TERAI 1,WHO,UCSP,3,-11111-11-11-1-
SNID Sep 2026,2,CHARSADA,CHARSADDA,RAJJAR 1,Government,UCMO,6,-11111-11-11-1-
SNID Sep 2026,2,PESHAWAR,CITY,JEHANGIR PURA,WHO,UCPO,3,-11111-11-11-0-
SNID Sep 2026,2,PESHAWAR,SADDAR,BADABER HUREZAI,WHO,UCPO,4,-11111-11-11-1-
SNID Sep 2026,,KHYBER,LANDI KOTAL,TORA WELA,Government,UCMO,,-11111-11-11-1-
SNID Sep 2026,2,PESHAWAR,CITY,HAYAT ABAD 2,WHO,UCPO,15,-11111-11-11-0-
SNID Sep 2026,2,PESHAWAR,SMT,HAZARKHWANI 2,WHO,UCSP,9,-11111-11-11-1-
SNID Sep 2026,2,PESHAWAR,SHAH ALAM,SHAHI BALA,WHO,UCPO,5,-11111-11-11-1-
SNID Sep 2026,,KHYBER,LANDI KOTAL,TORA WELA,Government,UCMO,,-11111-11-11-1-
SNID Sep 2026,2,PESHAWAR,SHAH ALAM,TUKHTABAD,WHO,UCPO,6,-11111-11-11-1-
SNID Sep 2026,2,PESHAWAR,SADDAR,URMAR MIANA,Government,Other (Specify),4,-11111-11-11-1-
SNID Sep 2026,2,KHYBER,BARA,NOGAZI BABA,WHO,UCPO,2,-11111-11-11-1-
SNID Sep 2026,2,CHARSADA,TANGI,ABAZAI,Government,Other (Specify),4,-11111-11-11-0-
SNID Sep 2026,2,PESHAWAR,SHAH ALAM,BUDHNI,WHO,UCPO,1,-11111-11-11-1-
SNID Sep 2026,,KHYBER,LANDI KOTAL,TORA WELA,Government,UCMO,,-11111-11-11-1-
SNID Sep 2026,2,PESHAWAR,SMT,SHAHEEN MUSLIM TWN2,WHO,UCPO,3,-11111-11-11-1-
SNID Sep 2026,2,MOHMAND,PARANG GHAAR,ASGHAR,UNICEF,CBO,1,-11111-11-11-0-
SNID Sep 2026,2,NOWSHERA,PABBI,AMANKOT,Government,UCMO,4,-11111-11-11-1-
SNID Sep 2026,2,PESHAWAR,CITY,TEHKAL BALA,WHO,UCPO,5,-11111-11-11-1-
SNID Sep 2026,2,CHARSADA,CHARSADDA,DARGAY,WHO,Independent Monitor,3,-11111-11-11-0-
SNID Sep 2026,2,PESHAWAR,SADDAR,MERA KACHORI,WHO,UCPO,11,-11111-11-11-1-
SNID Sep 2026,2,PESHAWAR,SHAH ALAM,KANKOLA,WHO,UCPO,8,-11111-11-11-1-
SNID Sep 2026,2,NOWSHERA,NOWSHERA,AMANGARH,Government,Other (Specify),6,-11111-11-11-0-
SNID Sep 2026,2,KHYBER,JAMRUD,SUR KAMAR,WHO,UCPO,1,-11111-11-11-1-
SNID Sep 2026,,KHYBER,JAMRUD,SUR KAMAR,WHO,UCPO,,-11111-11-11-0-
SNID Sep 2026,2,CHARSADA,CHARSADDA,TURANGZAI,WHO,Independent Monitor,3,-11111-11-11-1-
SNID Sep 2026,1,MOHMAND,SAFI LAKARO,SANDO KHEL,N-STOP,District NSTOP Officer,5,-11111-11-11-1-
SNID Sep 2026,2,PESHAWAR,SHAH ALAM,NAHAQI,WHO,UCPO,4,-11111-11-11-1-
SNID Sep 2026,2,PESHAWAR,SADDAR,MARYAM ZAI,WHO,Independent Monitor,3,-11111-11-11-0-
SNID Sep 2026,2,PESHAWAR,SADDAR,URMAR MIANA,WHO,UCPO,4,-11111-11-11-1-
SNID Sep 2026,2,PESHAWAR,SADDAR,MARYAM ZAI,WHO,UCPO,3,-11111-11-11-1-
SNID Sep 2026,2,PESHAWAR,MATTANI,SARBAND,WHO,UCPO,7,-11111-11-11-1-
SNID Sep 2026,2,PESHAWAR,SHAH ALAM,LARAMA,WHO,UCPO,6,-11111-11-11-1-
SNID Sep 2026,2,PESHAWAR,MATTANI,MASHOGAGAR,WHO,UCPO,8,-11111-11-11-0-
SNID Sep 2026,2,PESHAWAR,SADDAR,URMAR PAYAN,WHO,UCPO,3,-11111-11-11-0-
SNID Sep 2026,2,PESHAWAR,MATTANI,SHEIKH MOHAMMADI,WHO,UCPO,6,-11111-11-11-0-
SNID Sep 2026,1,MOHMAND,PANDIALI,ZAHOO,Government,UCMO,1,-11111-11-11-0-
SNID Sep 2026,2,PESHAWAR,SMT,DEH BAHADAR,WHO,UCPO,10,-00101-11-11-1-
SNID Sep 2026,2,KHYBER,BARA,TAUDA CHEENA,WHO,UCPO,2,-11111-11-11-1-
SNID Sep 2026,2,PESHAWAR,SMT,SHEIKH JUNAID ABAD,WHO,UCPO,3,-11111-11-11-1-
SNID Sep 2026,2,PESHAWAR,SMT,SHEIKH JUNAID ABAD,WHO,Other (Specify),2,-11111-11-11-0-
SNID Sep 2026,2,PESHAWAR,SHAH ALAM,JOGANI,WHO,UCPO,5,-11111-11-11-0-
SNID Sep 2026,2,PESHAWAR,CITY,UNIVERSITY TOWN,WHO,TPO/ TDO,6,-11111-11-11-0-
SNID Sep 2026,2,PESHAWAR,CITY,KHALSA 1,N-STOP,District NSTOP Officer,6,-11111011-11-0-
SNID Sep 2026,2,PESHAWAR,CITY,GULBAHAR,WHO,UCSP,4,-11111-11-11-1-
SNID Sep 2026,2,PESHAWAR,SADDAR,ADEZAI,WHO,UCPO,2,-11111-11-11-1-
SNID Sep 2026,2,KHYBER,LANDI KOTAL,PIROKHEL,Other Partner (BMGF/CDC/RIZ/ROTARY etc),Federal/Provincial/District Facilitator,3,-11111-11-11-0-
SNID Sep 2026,2,PESHAWAR,SHAH ALAM,SAEEDABAD,WHO,UCPO,1,-11111-11-11-1-
SNID Sep 2026,2,KHYBER,BARA,JANBAZ B,Government,UCMO,11,-11111-11-11-1-
SNID Sep 2026,2,PESHAWAR,CITY,TEHKAL BALA,WHO,UCPO,6,-11111-11-11-1-
SNID Sep 2026,2,KHYBER,JAMRUD,ALI MASJID B,WHO,TPO/ TDO,1,-11111-11-11-1-
SNID Sep 2026,1,MOHMAND,HALEEMZAI,GHALLANAI,Other Partner (BMGF/CDC/RIZ/ROTARY etc),Federal/Provincial/District Facilitator,4,-11111-11-11-0-
SNID Sep 2026,2,PESHAWAR,CITY,MEHAL TERAI 1,WHO,UCSP,2,-11111-11-11-1-
SNID Sep 2026,2,PESHAWAR,MATTANI,MASHOGAGAR,WHO,UCPO,6,-11111-11-11-0-
SNID Sep 2026,2,PESHAWAR,CITY,HAYAT ABAD 2,WHO,UCPO,4,-11111-11-11-0-
SNID Sep 2026,2,CHARSADA,TANGI,HARICHAND,Government,UCMO,1,-11111-11-11-1-
SNID Sep 2026,2,PESHAWAR,SHAH ALAM,WADPAGA,WHO,UCPO,3,-11111-11-11-0-
SNID Sep 2026,2,PESHAWAR,CITY,HAYAT ABAD 1,WHO,UCPO,11,-11111111-11-0-
SNID Sep 2026,2,PESHAWAR,SADDAR,CHAMKANI,WHO,TPO/ TDO,8,-11111-11-11-1-
SNID Sep 2026,2,PESHAWAR,SHAH ALAM,PAKHA GHULAM,WHO,UCPO,7,-11111-11-11-1-
SNID Sep 2026,2,PESHAWAR,SHAH ALAM,SAEEDABAD,Government,UCMO,3,-11111-11-11-0-
SNID Sep 2026,2,PESHAWAR,SHAH ALAM,LALA KALAY,WHO,UCPO,2,-11111-11-11-1-
SNID Sep 2026,2,CHARSADA,CHARSADDA,RAJJAR 1,UNICEF,CCO,3,-11111-11-11-1-
SNID Sep 2026,2,PESHAWAR,CITY,FAQIR ABAD,UNICEF,CBO,1,-11111-11-11-1-
SNID Sep 2026,2,PESHAWAR,CITY,SIKANDAR TOWN,WHO,UCPO,2,-11111-11-11-0-
SNID Sep 2026,2,PESHAWAR,CITY,KHALSA 2,WHO,UCSP,1,-11111-11-11-0-
SNID Sep 2026,2,PESHAWAR,SMT,HAZARKHWANI 2,WHO,UCSP,10,-11111-11-11-1-
SNID Sep 2026,2,PESHAWAR,SHAH ALAM,BUDHNI,WHO,UCPO,4,-11111-11-11-1-
SNID Sep 2026,2,PESHAWAR,SHAH ALAM,BUDHNI,WHO,UCPO,5,-11111-11-11-1-
SNID Sep 2026,2,KHYBER,BARA,FORT SLOPE,WHO,UCPO,2,-11111-11-11-1-
SNID Sep 2026,1,MOHMAND,EKKAGHUND,EKKAGHUND,UNICEF,CCO,2,-11111-11-11-0-
SNID Sep 2026,2,PESHAWAR,SADDAR,URMAR BALA,WHO,UCPO,9,-11111-11-11-1-
SNID Sep 2026,2,PESHAWAR,CITY,TEHKAL PAYAN,WHO,UCPO,3,-11111-11-11-0-
SNID Sep 2026,2,CHARSADA,TANGI,MC TANGI,Government,UCMO,5,-11111-11-11-0-
SNID Sep 2026,2,PESHAWAR,SHAH ALAM,SAEEDABAD,WHO,TPO/ TDO,5,-11111-11-11-0-
SNID Sep 2026,2,KHYBER,BARA,ABDULLAH JAN,WHO,UCPO,2,-11111-11-11-0-
SNID Sep 2026,2,MOHMAND,PARANG GHAAR,UMAR KHEL,Government,UCMO,2,111111011111111
SNID Sep 2026,2,PESHAWAR,CITY,CANTT WARD 1,WHO,UCPO,2,-11111-11-11-1-
SNID Sep 2026,2,PESHAWAR,CITY,MEHAL TERAI 2,WHO,UCPO,4,-11111-11-11-1-
SNID Sep 2026,2,PESHAWAR,MATTANI,PISHTAKHARA,WHO,UCPO,5,-11111-11-11-0-
SNID Sep 2026,2,KHYBER,BARA,MILWARD A,WHO,Other (Specify),4,-11111-11-11-1-
SNID Sep 2026,2,PESHAWAR,HASSAN KHEL,HASSAN KHEL,WHO,UCSP,1,-11110-11-11-1-
SNID Sep 2026,2,PESHAWAR,SADDAR,URMAR BALA,WHO,UCPO,1,-11111-11-11-0-
SNID Sep 2026,2,NOWSHERA,PABBI,SPINKHAK,Government,UCMO,6,-11111-11-11-1-
SNID Sep 2026,2,NOWSHERA,PABBI,SPINKHAK,Government,UCMO,5,-11111111-11-1-
SNID Sep 2026,2,PESHAWAR,MATTANI,SULEMAN KHEIL,WHO,UCPO,3,-11111-11-11-0-
SNID Sep 2026,1,MOHMAND,EKKAGHUND,AQRAB DAG,UNICEF,CBO,4,-11111-11-11-0-
SNID Sep 2026,2,KHYBER,BARA,MILWARD A,Government,UCMO,8,-11111-11-11-1-
SNID Sep 2026,2,NOWSHERA,NOWSHERA,AMANGARH,Government,Other (Specify),1,-11111-11-11-0-
SNID Sep 2026,2,PESHAWAR,SADDAR,URMAR BALA,WHO,UCPO,13,-11111-11-11-1-
SNID Sep 2026,2,PESHAWAR,SHAH ALAM,JOGANI,WHO,UCPO,3,-11111-11-11-1-
SNID Sep 2026,2,KHYBER,BARA,SHALOBAR,WHO,Other (Specify),3,-11111-11-11-1-
SNID Sep 2026,2,PESHAWAR,SADDAR,URMAR MIANA,WHO,UCPO,5,-11111-11-11-1-
SNID Sep 2026,2,PESHAWAR,SHAH ALAM,PANAM DHERI,WHO,UCPO,2,-11111-11-11-0-
SNID Sep 2026,2,KHYBER,JAMRUD,CHAPARI,WHO,UCPO,2,-11111-11-11-0-
SNID Sep 2026,2,NOWSHERA,PABBI,PABBI,Government,UCMO,2,-11111-11-11-0-
SNID Sep 2026,2,PESHAWAR,CITY,MALAKANDHER,WHO,UCPO,15,-11111-11-11-1-
SNID Sep 2026,2,PESHAWAR,CITY,REGI,WHO,UCPO,5,-11111-11-11-0-
SNID Sep 2026,1,PESHAWAR,SADDAR,URMAR MIANA,Government,Area Incharge (AIC),5,-11111-11-11-1-
SNID Sep 2026,2,NOWSHERA,NOWSHERA,PIRSABAQ,WHO,UCPO,5,-11111111--1-1-
SNID Sep 2026,1,MOHMAND,SAFI LAKARO,SAGAI,WHO,UCSP,2,-11111-11-11-1-
SNID Sep 2026,2,NOWSHERA,NOWSHERA,BARA BANDA,Government,UCMO,8,-11111-11-11-0-
SNID Sep 2026,2,PESHAWAR,SHAH ALAM,TUKHTABAD,WHO,UCPO,7,-11111-11-11-1-
SNID Sep 2026,2,NOWSHERA,NOWSHERA,BARA BANDA,UNICEF,CCO,3,-11111-11-11-1-
SNID Sep 2026,1,MOHMAND,EKKAGHUND,MICHANI,WHO,UCSP,2,-11111-11-11-1-
SNID Sep 2026,2,PESHAWAR,CITY,HAYAT ABAD 2,WHO,UCPO,11,-11111-11-11-1-
SNID Sep 2026,2,PESHAWAR,CITY,PALOSI,WHO,UCPO,2,-11111-11-11-1-
SNID Sep 2026,2,NOWSHERA,JEHANGIRA,MERA AKORA,Government,UCMO,4,-11111011-11-0-
SNID Sep 2026,2,PESHAWAR,SHAH ALAM,PAJAGI,WHO,Other (Specify),1,-11111011-11-0-
SNID Sep 2026,2,PESHAWAR,SHAH ALAM,KHAZANA,WHO,UCPO,6,-11111-11--1-1-
SNID Sep 2026,2,KHYBER,JAMRUD,SHAH KAS A,WHO,District Polio Officer,1,-11111-11-11-0-
SNID Sep 2026,2,PESHAWAR,MATTANI,SARBAND,WHO,UCPO,2,-11111-11-11-1-
SNID Sep 2026,2,PESHAWAR,SHAH ALAM,HARYANA PAYAN,WHO,UCPO,8,-11111-11-11-0-
SNID Sep 2026,2,NOWSHERA,NOWSHERA,PIRPAI,Government,UCMO,4,-11111011-11-0-
SNID Sep 2026,2,PESHAWAR,SMT,BHANA MARI,WHO,UCPO,4,-11111-11-11-1-
SNID Sep 2026,2,PESHAWAR,CITY,TEHKAL BALA,WHO,UCPO,1,-11111-11-11-1-
SNID Sep 2026,2,PESHAWAR,SHAH ALAM,WADPAGA,WHO,UCPO,7,-11111-11-11-0-
SNID Sep 2026,2,PESHAWAR,SADDAR,MUSAZAI,WHO,UCPO,6,-11111-11-11-0-
SNID Sep 2026,2,PESHAWAR,SMT,LANDI ARBAB,WHO,UCPO,3,-11111-11-11-0-
SNID Sep 2026,2,PESHAWAR,CITY,HAYAT ABAD 1,Government,Other (Specify),4,-11111-11-11-1-
SNID Sep 2026,2,PESHAWAR,CITY,TEHKAL BALA,WHO,UCPO,2,-11111-11-11-1-
SNID Sep 2026,2,PESHAWAR,SMT,HAZARKHWANI 2,WHO,UCPO,2,-11111-11-11-1-
SNID Sep 2026,2,PESHAWAR,SHAH ALAM,NAHAQI,WHO,UCPO,3,-11111-11-11-1-
SNID Sep 2026,2,PESHAWAR,CITY,MALAKANDHER,WHO,UCPO,6,-11111111-11-0-
SNID Sep 2026,2,PESHAWAR,SHAH ALAM,MATHRA,WHO,UCPO,9,-11111-11-11-0-
SNID Sep 2026,2,PESHAWAR,SMT,HAZARKHWANI 2,WHO,UCPO,1,-11111-11-11-1-
SNID Sep 2026,2,NOWSHERA,PABBI,MOHIB BANDA,WHO,Other (Specify),4,-11111-11-11-0-
SNID Sep 2026,2,KHYBER,BARA,MILWARD A,WHO,UCPO,1,-11111-11-11-1-
SNID Sep 2026,2,PESHAWAR,CITY,KARIM PURA,WHO,UCPO,1,-11111-11-11-1-
SNID Sep 2026,2,PESHAWAR,SMT,NOTHIA QADEEM,WHO,UCPO,1,-11111-11-11-1-
SNID Sep 2026,2,CHARSADA,CHARSADDA,SARKI TETARA,Government,UCMO,2,-11111-11-11-0-
SNID Sep 2026,2,PESHAWAR,SMT,AKHOON ABAD,WHO,UCPO,4,-11111-11-11-1-
SNID Sep 2026,2,PESHAWAR,SADDAR,MARYAM ZAI,WHO,UCPO,1,-11111-11-11-1-
SNID Sep 2026,2,PESHAWAR,SHAH ALAM,PANAM DHERI,WHO,UCPO,6,-11111-11-11-1-
SNID Sep 2026,2,PESHAWAR,SHAH ALAM,DAG,WHO,UCPO,1,-11111-11-11-1-
SNID Sep 2026,2,PESHAWAR,SMT,DERI BAGHBANAN,WHO,UCPO,3,-11111-11-11-1-
SNID Sep 2026,2,CHARSADA,CHARSADDA,SARKI TETARA,Government,UCMO,5,-11111-11-11-0-
SNID Sep 2026,2,PESHAWAR,SHAH ALAM,TUKHTABAD,WHO,UCPO,3,-11111-11-11-0-
SNID Sep 2026,2,PESHAWAR,SADDAR,MARYAM ZAI,WHO,Independent Monitor,1,-11111-11-11-0-
SNID Sep 2026,2,PESHAWAR,SHAH ALAM,PAJAGI,WHO,UCPO,2,-11111-11-11-1-
SNID Sep 2026,2,PESHAWAR,SHAH ALAM,KANKOLA,WHO,UCPO,10,-11111-11-11-0-
SNID Sep 2026,2,PESHAWAR,CITY,MEHAL TERAI 2,WHO,UCPO,1,-11111-11-11-1-
SNID Sep 2026,2,PESHAWAR,SHAH ALAM,KANKOLA,WHO,UCPO,9,-11111-11-11-0-
SNID Sep 2026,2,NOWSHERA,NOWSHERA,KABUL RIVER,WHO,UCPO,2,-11111-11-11-1-
SNID Sep 2026,2,PESHAWAR,CITY,HAYAT ABAD 2,WHO,UCPO,10,-11111-11-11-1-
SNID Sep 2026,2,PESHAWAR,CITY,TEHKAL PAYAN 2 IRRIG,WHO,UCPO,4,-11111-11-11-1-
SNID Sep 2026,2,NOWSHERA,NOWSHERA,KHESHGI BALA,WHO,UCPO,2,-11111-11-11-1-
SNID Sep 2026,2,NOWSHERA,NOWSHERA,KHESHGI BALA,WHO,UCPO,3,-11111-11-11-1-
SNID Sep 2026,2,PESHAWAR,MATTANI,PISHTAKHARA,WHO,UCPO,4,-11111-11-11-0-
SNID Sep 2026,2,KHYBER,BARA,AKAKHEL MAIRA,UNICEF,Provincial Facilitator (Health Specialists/Officers- Communication- SBC Specialists/Officers-VMO- M and E Officer- Media Specialist- Provincial Communication Officer-Training etc),1,-11111-11-11-0-
SNID Sep 2026,2,KHYBER,JAMRUD,GHUNDI A,WHO,Independent Monitor,2,-00101-11-11-0-
SNID Sep 2026,2,PESHAWAR,HASSAN KHEL,BORA,WHO,UCPO,2,-11111-11-11-1-
SNID Sep 2026,2,PESHAWAR,CITY,LAHORI,WHO,UCPO,2,-11111-11-11-0-
SNID Sep 2026,2,KHYBER,LANDI KOTAL,PIROKHEL,Other Partner (BMGF/CDC/RIZ/ROTARY etc),Federal/Provincial/District Facilitator,1,-11111-11-11-1-
SNID Sep 2026,2,PESHAWAR,SMT,NOTHIA JADEED,WHO,UCPO,6,-11111-11-11-1-
SNID Sep 2026,2,NOWSHERA,JEHANGIRA,MERA AKORA,WHO,UCPO,4,-11111-11-11-0-
SNID Sep 2026,2,NOWSHERA,NOWSHERA,KABUL RIVER,WHO,UCPO,6,-11111-11-11-0-
SNID Sep 2026,2,PESHAWAR,SHAH ALAM,LALA KALAY,WHO,UCSP,8,-11111-11-11-1-
SNID Sep 2026,2,KHYBER,BARA,JANBAZ B,Government,UCMO,11,-11111-11-11-1-
SNID Sep 2026,2,CHARSADA,CHARSADDA,TURANGZAI,WHO,Independent Monitor,1,-11111-11-11-1-
SNID Sep 2026,2,PESHAWAR,CITY,SUFAID DHERI,WHO,Other (Specify),1,-11111111-11-1-
SNID Sep 2026,2,PESHAWAR,SHAH ALAM,LALA KALAY,WHO,UCSP,7,-11111-11-11-1-
SNID Sep 2026,2,PESHAWAR,SMT,DEH BAHADAR,WHO,UCPO,6,-00001-11-11-0-
SNID Sep 2026,2,PESHAWAR,SADDAR,BADABER MARYAMZAI,WHO,UCPO,4,-11111-11-11-0-
SNID Sep 2026,2,PESHAWAR,SHAH ALAM,HARYANA PAYAN,WHO,UCPO,8,-11111-11-11-0-
SNID Sep 2026,2,KHYBER,BARA,ABDULLAH JAN,UNICEF,CBO,4,-11111-11-11-0-
SNID Sep 2026,2,KHYBER,LANDI KOTAL,KAM SHALMAN,UNICEF,CBO,2,-11111-11-11-1-
SNID Sep 2026,2,NOWSHERA,NOWSHERA,KHESHGI BALA,WHO,Independent Monitor,4,-11111-11-11-1-
SNID Sep 2026,1,MOHMAND,SAFI LAKARO,SAGAI,WHO,UCSP,2,-11111-11-11-1-
SNID Sep 2026,2,CHARSADA,SHABQADAR,BATTAGRAM,WHO,UCPO,8,-11111-11-11-1-
SNID Sep 2026,2,PESHAWAR,CITY,JEHANGIR PURA,WHO,UCPO,1,-11111-11-11-0-
SNID Sep 2026,2,NOWSHERA,NOWSHERA,KHESHGI BALA,WHO,Independent Monitor,5,-11111-11-11-1-
SNID Sep 2026,2,PESHAWAR,SHAH ALAM,KANIZA,Government,UCMO,1,-11111-11-11-1-
SNID Sep 2026,2,PESHAWAR,CITY,TEHKAL BALA,WHO,UCPO,4,-11111-11-11-1-
SNID Sep 2026,2,CHARSADA,SHABQADAR,HASSANZAI,WHO,TPO/ TDO,1,-11110-11-11-0-
SNID Sep 2026,2,NOWSHERA,NOWSHERA,GANDHERI,WHO,UCPO,10,-11111-11-11-1-
SNID Sep 2026,2,NOWSHERA,NOWSHERA,NOWSHERA CANTT,Government,UCMO,6,-11111-11-11-1-
SNID Sep 2026,2,PESHAWAR,SADDAR,BADABER MARYAMZAI,Government,UCMO,1,-11111011-11-0-
SNID Sep 2026,2,PESHAWAR,CITY,UNIVERSITY TOWN,WHO,UCPO,2,-11111-11-11-0-
SNID Sep 2026,2,PESHAWAR,CITY,UNIVERSITY TOWN,WHO,UCPO,1,-11111-11-11-0-
SNID Sep 2026,2,PESHAWAR,SADDAR,BADABER HUREZAI,WHO,UCPO,3,-11111-11-11-1-
SNID Sep 2026,2,PESHAWAR,SMT,HAZARKHWANI 2,WHO,UCPO,5,-11111-11-11-1-
SNID Sep 2026,2,PESHAWAR,SHAH ALAM,TUKHTABAD,WHO,UCPO,4,-11111-11-11-0-
SNID Sep 2026,2,PESHAWAR,CITY,SHAHI BAGH,WHO,UCPO,4,-11111-11-11-0-
SNID Sep 2026,2,PESHAWAR,MATTANI,SULEMAN KHEIL,WHO,UCPO,5,-11111-11-11-0-
SNID Sep 2026,1,MOHMAND,PANDIALI,ZAHOO,Government,UCMO,1,-11111-11-11-0-
SNID Sep 2026,2,PESHAWAR,SMT,AKHOON ABAD,WHO,UCPO,4,-11111-11-11-0-
SNID Sep 2026,2,PESHAWAR,SMT,AKHOON ABAD,WHO,UCPO,3,-11111-11-11-0-
SNID Sep 2026,2,KHYBER,BARA,MASTAK,Government,UCMO,5,-11111-11-11-1-
SNID Sep 2026,2,PESHAWAR,CITY,KHALSA 2,WHO,UCPO,5,-11111-11-11-0-
SNID Sep 2026,2,PESHAWAR,SHAH ALAM,HARYANA PAYAN,WHO,UCPO,9,-11111-11-11-1-
SNID Sep 2026,2,NOWSHERA,JEHANGIRA,AKORA KHATTAK,Government,UCMO,2,-11111-11-11-1-
SNID Sep 2026,2,PESHAWAR,SMT,HAZARKHWANI 1,WHO,UCPO,5,-11111-11-11-1-
SNID Sep 2026,2,PESHAWAR,CITY,TEHKAL PAYAN,WHO,UCPO,4,-11111-11-11-0-
SNID Sep 2026,2,PESHAWAR,SHAH ALAM,DAG,WHO,UCPO,3,-11111-11-11-1-
SNID Sep 2026,2,PESHAWAR,MATTANI,SHEIKH MOHAMMADI,WHO,UCPO,5,-11111-11-11-0-
SNID Sep 2026,2,KHYBER,BARA,MASTAK,Government,UCMO,5,-11111011-11-1-
SNID Sep 2026,2,NOWSHERA,NOWSHERA,RISALPUR CANTT,Other Partner (BMGF/CDC/RIZ/ROTARY etc),Federal/Provincial/District Facilitator,3,-11111-11-11-1-
SNID Sep 2026,2,NOWSHERA,PABBI,CHOKI MAMREZ,WHO,UCPO,4,-11011-11-11-1-
SNID Sep 2026,2,PESHAWAR,CITY,ASIA DABGARI,WHO,UCPO,1,-11111-11-11-1-
SNID Sep 2026,2,KHYBER,BARA,MASTAK,WHO,UCPO,7,-11111-11-11-0-
SNID Sep 2026,2,PESHAWAR,SHAH ALAM,MATHRA,WHO,UCPO,10,-11111-11-11-0-
SNID Sep 2026,2,PESHAWAR,SMT,YAKATOOT 2,WHO,UCPO,2,-11111-11-11-1-
SNID Sep 2026,2,KHYBER,BARA,NOGAZI BABA,Government,UCMO,1,-11111-11-11-0-
SNID Sep 2026,2,PESHAWAR,CITY,MEHAL TERAI 2,WHO,UCPO,9,-11111-11-11-1-
SNID Sep 2026,2,NOWSHERA,NOWSHERA,BARA BANDA,UNICEF,CCO,8,-11111-11-11-0-
SNID Sep 2026,2,PESHAWAR,CITY,SUFAID DHERI,UNICEF,CBO,11,-11111-11-00-0-
SNID Sep 2026,1,PESHAWAR,CITY,MEHAL TERAI 2,WHO,UCPO,5,-11111-11-11-1-
SNID Sep 2026,2,CHARSADA,SHABQADAR,HAJIZAI,WHO,UCPO,1,-11111-11-11-1-
SNID Sep 2026,2,PESHAWAR,CITY,MEHAL TERAI 1,WHO,UCPO,1,-11111-11-11-1-
SNID Sep 2026,1,PESHAWAR,CITY,MEHAL TERAI 2,WHO,UCPO,6,-11111-11-11-0-
SNID Sep 2026,2,PESHAWAR,SMT,HAZARKHWANI 2,WHO,UCPO,6,-11111-11-11-1-
SNID Sep 2026,2,MOHMAND,PARANG GHAAR,NAO BUCHA,Government,UCMO,1,-11111-11-11-0-
SNID Sep 2026,2,KHYBER,BARA,SRA CHEENA,UNICEF,CBO,7,-11011-11-11-0-
SNID Sep 2026,2,PESHAWAR,SMT,WAZIR BAGH,WHO,UCSP,1,-11111-11-11-1-
SNID Sep 2026,2,PESHAWAR,SMT,WAZIR BAGH,WHO,UCSP,2,-11111-11-11-1-
SNID Sep 2026,2,PESHAWAR,SMT,WAZIR BAGH,WHO,UCSP,1,-11111-11-11-1-
SNID Sep 2026,2,PESHAWAR,CITY,SUFAID DHERI,WHO,UCPO,4,-11111-11-11-1-
SNID Sep 2026,1,MOHMAND,PANDIALI,PANDIALI,Government,UCMO,2,-11111-11-11-0-
SNID Sep 2026,2,PESHAWAR,MATTANI,MATTANI,WHO,UCSP,1,-11111-11-11-1-
SNID Sep 2026,2,PESHAWAR,CITY,SUFAID DHERI,WHO,UCPO,7,-11111-11-11-1-
SNID Sep 2026,2,CHARSADA,CHARSADDA,UTMANZAI,WHO,Other (Specify),4,-11111-11-11-1-
SNID Sep 2026,2,PESHAWAR,CITY,KHALSA 1,WHO,UCPO,2,-11111-11-11-0-
SNID Sep 2026,2,PESHAWAR,SHAH ALAM,WADPAGA,WHO,UCPO,8,-11111-11-11-0-
SNID Sep 2026,2,PESHAWAR,SHAH ALAM,KHAZANA,WHO,UCPO,9,-11111-11-11-1-
SNID Sep 2026,2,PESHAWAR,SHAH ALAM,GARHI SHER DAD,WHO,UCPO,1,-11111-11-11-1-
SNID Sep 2026,2,KHYBER,LANDI KOTAL,SULTAN KHEL B,WHO,UCPO,1,-11111-11-11-1-
SNID Sep 2026,2,PESHAWAR,SHAH ALAM,KHAZANA,WHO,UCPO,10,-11111-11-11-1-
SNID Sep 2026,2,PESHAWAR,CITY,GUNJ,WHO,UCPO,1,-11111-11-11-1-
SNID Sep 2026,2,PESHAWAR,SHAH ALAM,KANIZA,WHO,UCPO,1,-11111-11-11-1-
SNID Sep 2026,2,NOWSHERA,NOWSHERA,NAWA KALY,Government,UCMO,4,-11111-11-11-1-
SNID Sep 2026,2,PESHAWAR,SHAH ALAM,PAJAGI,WHO,UCPO,8,-11111-11-11-0-
SNID Sep 2026,2,PESHAWAR,CITY,CANTT WARD 3,WHO,UCSP,2,-11111-11-11-0-
SNID Sep 2026,2,PESHAWAR,CITY,HASAN GARHI 2,WHO,UCSP,6,-11111-11-11-1-
SNID Sep 2026,2,NOWSHERA,JEHANGIRA,AKORA KHATTAK,Government,UCMO,1,-11111-11-11-1-
SNID Sep 2026,2,PESHAWAR,SADDAR,URMAR PAYAN,WHO,UCPO,2,-11111-11-11-0-
SNID Sep 2026,2,PESHAWAR,CITY,HASAN GARHI 1,WHO,UCPO,7,-11111-11-11-1-
SNID Sep 2026,2,PESHAWAR,SMT,LANDI ARBAB,WHO,UCPO,5,-11111-11-11-1-
SNID Sep 2026,2,PESHAWAR,CITY,PAWAKA,WHO,UCPO,3,-11111-11-11-1-
SNID Sep 2026,1,PESHAWAR,CITY,PAWAKA,WHO,UCPO,1,-11111-11-11-1-
SNID Sep 2026,2,PESHAWAR,CITY,KHALSA 1,WHO,UCPO,6,-11111-11-11-1-
SNID Sep 2026,2,PESHAWAR,CITY,KHALSA 1,WHO,UCPO,7,-11111-11-11-1-
SNID Sep 2026,2,PESHAWAR,SMT,NOTHIA QADEEM,WHO,UCPO,1,-11111011-11-1-
SNID Sep 2026,1,MOHMAND,PANDIALI,DANISHKOOL,WHO,UCSP,4,-00101111-11-0-
SNID Sep 2026,2,PESHAWAR,SHAH ALAM,KAFOOR DHERI,WHO,Independent Monitor,2,-11111-11-11-0-
SNID Sep 2026,2,NOWSHERA,NOWSHERA,AMANGARH,Government,UCMO,3,-11111-11-11-0-
SNID Sep 2026,1,MOHMAND,SAFI LAKARO,LAKARO,Government,UCMO,1,-11111-11-11-1-
SNID Sep 2026,1,MOHMAND,PANDIALI,DANISHKOOL,WHO,TPO/ TDO,1,-00101-11-11-0-
SNID Sep 2026,,MOHMAND,PANDIALI,DANISHKOOL,WHO,TPO/ TDO,,-11111-10-11-0-
SNID Sep 2026,2,PESHAWAR,CITY,SUFAID DHERI,Other Partner (BMGF/CDC/RIZ/ROTARY etc),Federal/Provincial/District Facilitator,5,-11111-11-10-0-
SNID Sep 2026,2,NOWSHERA,NOWSHERA,BARA BANDA,WHO,UCPO,12,-11111-11-11-1-
SNID Sep 2026,2,NOWSHERA,PABBI,AMANKOT,WHO,TPO/ TDO,3,-11111-11-11-0-
SNID Sep 2026,2,NOWSHERA,PABBI,AMANKOT,WHO,TPO/ TDO,4,-11110-11-11-0-
SNID Sep 2026,2,KHYBER,BARA,AJAB TALAB,WHO,Other (Specify),7,-11111-11-11-0-
SNID Sep 2026,2,NOWSHERA,NOWSHERA,PAHARI KATTI KHEL,WHO,Independent Monitor,1,-11111-11-11-0-
SNID Sep 2026,2,NOWSHERA,NOWSHERA,PAHARI KATTI KHEL,WHO,Independent Monitor,4,-11111-11-11-0-
SNID Sep 2026,2,MOHMAND,HALEEMZAI,KAMALI,WHO,Independent Monitor,2,-11000-11-01-0-
SNID Sep 2026,2,NOWSHERA,NOWSHERA,PAHARI KATTI KHEL,WHO,UCSP,5,-11111-11-11-0-
SNID Sep 2026,,KHYBER,BARA,JANBAZ A,WHO,UCPO,,-11111-11-11-1-
SNID Sep 2026,2,PESHAWAR,CITY,KHALSA 2,WHO,UCPO,6,-11111-11-11-0-
SNID Sep 2026,2,NOWSHERA,NOWSHERA,PIRPAI,UNICEF,CBO,5,-11111-11-11-0-
SNID Sep 2026,1,MOHMAND,KHAWEZAI,JUMA KHEL,Government,UCMO,1,111011-11111100
SNID Sep 2026,2,PESHAWAR,SADDAR,SHERAKERA,WHO,UCPO,1,-11111-11-11-0-
SNID Sep 2026,2,PESHAWAR,SADDAR,SHERAKERA,WHO,UCPO,3,-11111-11-01-0-
SNID Sep 2026,2,PESHAWAR,SHAH ALAM,SAEEDABAD,WHO,UCPO,6,-11111-11-11-1-
SNID Sep 2026,1,MOHMAND,EKKAGHUND,EKKAGHUND,Government,UCMO,3,-11111-11-11-0-
SNID Sep 2026,2,PESHAWAR,CITY,CANTT WARD 4,WHO,UCPO,1,-11111-11-11-0-
SNID Sep 2026,2,NOWSHERA,PABBI,MOHIB BANDA,WHO,Other (Specify),2,-11111-11-11-0-
SNID Sep 2026,2,KHYBER,LANDI KOTAL,PIROKHEL,WHO,UCPO,3,-11111-11-11-1-
SNID Sep 2026,2,PESHAWAR,SHAH ALAM,HARYANA PAYAN,WHO,UCPO,3,-11111-11-11-1-
SNID Sep 2026,2,KHYBER,JAMRUD,GHUNDI A,WHO,Independent Monitor,1,-00001-11-00-0-
SNID Sep 2026,2,CHARSADA,TANGI,DHAKKI,WHO,UCSP,2,-11111-11-11-0-
SNID Sep 2026,2,CHARSADA,SHABQADAR,RASHAKI,WHO,UCPO,7,-11111-11-01-0-
SNID Sep 2026,2,CHARSADA,TANGI,SHERPAO,WHO,UCPO,4,-11010-11-11-0-
SNID Sep 2026,2,CHARSADA,TANGI,DHAKKI,WHO,UCSP,1,-11111-11-11-0-
SNID Sep 2026,2,PESHAWAR,SADDAR,CHAMKANI,WHO,UCPO,1,-11111-11-11-1-
SNID Sep 2026,2,PESHAWAR,SADDAR,MERA KACHORI,WHO,UCPO,13,-11111-11-11-1-
SNID Sep 2026,2,NOWSHERA,JEHANGIRA,SHAIDU,WHO,Other (Specify),1,-11111-11-11-0-
SNID Sep 2026,2,NOWSHERA,NOWSHERA,NAWA KALY,WHO,UCPO,6,-11111-11-11-0-
SNID Sep 2026,2,NOWSHERA,NOWSHERA,NAWA KALY,WHO,UCPO,3,-11111-11-11-0-
SNID Sep 2026,2,KHYBER,LANDI KOTAL,STATION,WHO,UCPO,4,-11111-11-11-1-
SNID Sep 2026,2,NOWSHERA,JEHANGIRA,SHAIDU,WHO,Other (Specify),4,-11111-11-11-0-
SNID Sep 2026,2,KHYBER,BARA,SRA CHEENA,WHO,UCPO,7,-11111-11-11-1-
SNID Sep 2026,2,PESHAWAR,SMT,SHAHEEN MUSLIM TWN1,WHO,UCPO,4,-11111-11-11-1-
SNID Sep 2026,2,PESHAWAR,SMT,AKHOON ABAD,WHO,UCPO,3,-11111-11-11-1-
SNID Sep 2026,2,NOWSHERA,NOWSHERA,AZAKHEL BALA,WHO,UCPO,2,-11111-11-11-1-
SNID Sep 2026,2,PESHAWAR,CITY,JEHANGIR PURA,WHO,UCPO,2,-11111-11-11-0-
SNID Sep 2026,2,NOWSHERA,NOWSHERA,AZAKHEL BALA,WHO,UCPO,4,-11111-11-11-1-
SNID Sep 2026,2,NOWSHERA,NOWSHERA,ZARA MAINA,Government,UCMO,2,-11111-11-11-1-
SNID Sep 2026,2,CHARSADA,TANGI,MANDANI,WHO,TPO/ TDO,3,-11111-11-01-0-
SNID Sep 2026,2,PESHAWAR,CITY,ASIA DABGARI,WHO,UCPO,1,-11111-11-11-1-
SNID Sep 2026,2,PESHAWAR,SMT,HAZARKHWANI 2,WHO,UCPO,8,-11111-11-11-1-
SNID Sep 2026,4,NOWSHERA,NOWSHERA,ZARA MAINA,Government,UCMO,4,-11111-11-11-1-
SNID Sep 2026,2,CHARSADA,CHARSADDA,MERA UMERZAI,WHO,TPO/ TDO,1,-11111-11-11-0-
SNID Sep 2026,2,CHARSADA,CHARSADDA,MERA UMERZAI,WHO,TPO/ TDO,3,-11111-11-11-1-
SNID Sep 2026,2,NOWSHERA,JEHANGIRA,MISRI BANDA,Government,UCMO,4,-11111-11-11-1-
SNID Sep 2026,1,MOHMAND,SAFI LAKARO,LAKARO,WHO,TPO/ TDO,3,-11111-11-11-0-
SNID Sep 2026,2,PESHAWAR,CITY,HASAN GARHI 1,WHO,UCPO,6,-11111-11-11-1-
SNID Sep 2026,2,KHYBER,BARA,AKAKHEL MAIRA,WHO,UCPO,5,-11111-11-11-0-
SNID Sep 2026,1,MOHMAND,SAFI LAKARO,SANDO KHEL,WHO,Independent Monitor,6,-11011-11-00-0-
SNID Sep 2026,2,CHARSADA,SHABQADAR,BATTAGRAM,WHO,UCPO,6,-11111-11-10-0-
SNID Sep 2026,2,NOWSHERA,JEHANGIRA,JEHANGIRA,WHO,UCPO,2,-11111-11-11-1-
SNID Sep 2026,2,PESHAWAR,SADDAR,BADABER HUREZAI,WHO,UCPO,5,-11111-11-11-0-
SNID Sep 2026,2,PESHAWAR,SADDAR,URMAR BALA,WHO,UCPO,12,-11111-11-11-0-
SNID Sep 2026,2,NOWSHERA,JEHANGIRA,JEHANGIRA,WHO,UCPO,3,-11111-11-11-1-
SNID Sep 2026,2,PESHAWAR,SADDAR,BADABER HUREZAI,WHO,UCPO,4,-11111-11-11-1-
SNID Sep 2026,2,PESHAWAR,SHAH ALAM,PAKHA GHULAM,WHO,UCPO,8,-11111-11-11-0-
SNID Sep 2026,2,KHYBER,LANDI KOTAL,KAM SHALMAN,WHO,UCPO,2,-11111111-11-1-
SNID Sep 2026,1,PESHAWAR,HASSAN KHEL,KOHI,WHO,UCPO,1,-11111-10-11-0-
SNID Sep 2026,1,MOHMAND,SAFI LAKARO,SANDO KHEL,WHO,Independent Monitor,7,-11011-10-01-0-
SNID Sep 2026,1,MOHMAND,SAFI LAKARO,MAMAD GAT,WHO,Other (Specify),3,-11111-11-11-0-
SNID Sep 2026,2,CHARSADA,SHABQADAR,MC-2 SHABQADAR,Government,UCMO,2,-11111-11-11-1-
SNID Sep 2026,2,CHARSADA,SHABQADAR,MC-2 SHABQADAR,Government,UCMO,4,-11111-11-11-1-
SNID Sep 2026,2,PESHAWAR,CITY,FAQIR ABAD,WHO,Independent Monitor,3,-11111-11-11-0-
SNID Sep 2026,2,PESHAWAR,SHAH ALAM,KAFOOR DHERI,WHO,Independent Monitor,1,-11111-11-11-0-
SNID Sep 2026,2,NOWSHERA,NOWSHERA,NOWSHERA CANTT,WHO,Other (Specify),6,-11111011-11-1-
SNID Sep 2026,2,PESHAWAR,CITY,ANDERSHEHER,WHO,UCPO,2,-11111-11-11-0-
SNID Sep 2026,2,PESHAWAR,CITY,CANTT WARD 2,WHO,UCSP,2,-11111-11-11-0-
SNID Sep 2026,2,PESHAWAR,CITY,HAYAT ABAD 1,WHO,UCPO,10,-11111-11-11-0-
SNID Sep 2026,2,PESHAWAR,CITY,CANTT WARD 2,WHO,UCSP,1,-11111-11-11-0-
SNID Sep 2026,2,PESHAWAR,MATTANI,MATTANI,WHO,UCPO,6,-11111-11-11-1-
SNID Sep 2026,2,PESHAWAR,MATTANI,MATTANI,WHO,UCPO,5,-11111-11-11-0-
SNID Sep 2026,2,NOWSHERA,NOWSHERA,NOWSHERA CANTT,WHO,Other (Specify),2,-11111011-11-1-
SNID Sep 2026,2,PESHAWAR,HASSAN KHEL,MANDAI,WHO,UCPO,3,-11111-11-11-1-
SNID Sep 2026,2,PESHAWAR,CITY,KAKSHAL,WHO,UCPO,4,-11111-11-11-1-
SNID Sep 2026,2,NOWSHERA,JEHANGIRA,MANDURI,WHO,TPO/ TDO,1,-11111-11--1-0-
SNID Sep 2026,2,PESHAWAR,CITY,KAKSHAL,WHO,UCPO,3,-11111-11-11-0-
SNID Sep 2026,2,PESHAWAR,CITY,KAKSHAL,WHO,UCPO,2,-11111-11-11-0-
SNID Sep 2026,2,PESHAWAR,SMT,DEH BAHADAR,WHO,UCPO,5,-11111-11-11-0-
SNID Sep 2026,2,PESHAWAR,MATTANI,ACHINI,WHO,UCPO,2,-11111-11-11-1-
SNID Sep 2026,2,PESHAWAR,MATTANI,ACHINI,WHO,UCPO,1,-11111-11-11-1-
SNID Sep 2026,2,CHARSADA,TANGI,MANDANI,WHO,District Polio Officer,1,-11111-11-11-1-
SNID Sep 2026,2,PESHAWAR,MATTANI,SULEMAN KHEIL,WHO,District Polio Officer,3,-11111-11-11-1-
SNID Sep 2026,2,PESHAWAR,MATTANI,SULEMAN KHEIL,WHO,District Polio Officer,5,-11111-11-11-1-
SNID Sep 2026,2,CHARSADA,CHARSADDA,RAJJAR 2,WHO,Independent Monitor,1,-11111-11-11-1-
SNID Sep 2026,2,KHYBER,JAMRUD,PAINDI LALMA,WHO,UCPO,2,-00001-10-00-0-
SNID Sep 2026,2,PESHAWAR,CITY,GULBAHAR,WHO,Independent Monitor,3,-11111-11-11-0-
SNID Sep 2026,2,CHARSADA,CHARSADDA,RAJJAR 2,WHO,Independent Monitor,2,-11111-11-11-1-
SNID Sep 2026,1,MOHMAND,SAFI LAKARO,SANDO KHEL,N-STOP,District NSTOP Officer,6,-00101-11-11-1-
SNID Sep 2026,1,MOHMAND,HALEEMZAI,KAMALI,Government,UCMO,1,-11111-11-11-0-
SNID Sep 2026,2,PESHAWAR,CITY,HAYAT ABAD 2,WHO,UCPO,16,-11111-11-11-0-
SNID Sep 2026,2,PESHAWAR,CITY,MALAKANDHER,WHO,UCPO,8,-11111-11-11-1-
SNID Sep 2026,2,PESHAWAR,MATTANI,SULEMAN KHEIL,WHO,UCPO,4,-11111-11-11-0-
SNID Sep 2026,2,PESHAWAR,MATTANI,SULEMAN KHEIL,WHO,UCPO,5,-11110-11-11-0-
SNID Sep 2026,2,MOHMAND,HALEEMZAI,KAMALI,WHO,Independent Monitor,1,-11011-11-01-0-
SNID Sep 2026,2,PESHAWAR,MATTANI,SULEMAN KHEIL,WHO,UCPO,1,-11111-11-11-0-
SNID Sep 2026,2,PESHAWAR,SMT,CANTT WARD 5,WHO,UCPO,1,-11111-11-11-1-
SNID Sep 2026,2,PESHAWAR,CITY,PALOSI,WHO,UCPO,4,-11111-11-11-1-
SNID Sep 2026,1,MOHMAND,HALEEMZAI,KAMALI,WHO,UCSP,3,-11111-11-11-1-
SNID Sep 2026,2,PESHAWAR,CITY,PALOSI,WHO,UCPO,3,-11111-11-11-1-
SNID Sep 2026,2,KHYBER,JAMRUD,NEW ABADI,WHO,UCPO,6,-11111-11-11-0-
SNID Sep 2026,2,KHYBER,JAMRUD,NEW ABADI,WHO,UCPO,7,-11111-11-11-0-
SNID Sep 2026,2,PESHAWAR,SADDAR,MUSAZAI,UNICEF,CBO,8,-11111-11-10-0-
SNID Sep 2026,1,MOHMAND,BAIZAI,LANDI SHAH,WHO,UCSP,1,111111-11100-00
SNID Sep 2026,2,NOWSHERA,NOWSHERA,KHESHGI PAYAN,UNICEF,CBO,2,-11111-11-11-0-
SNID Sep 2026,2,NOWSHERA,NOWSHERA,GANDHERI,UNICEF,CBO,3,-11111-11-11-1-
SNID Sep 2026,,KHYBER,LANDI KOTAL,TIRAH BAZAR B,WHO,UCPO,,-11111-11-11-1-
SNID Sep 2026,2,PESHAWAR,CITY,HASAN GARHI 1,WHO,UCPO,5,-11111-11-11-1-
SNID Sep 2026,2,PESHAWAR,SADDAR,AZAKHEL TELABAND,WHO,UCPO,4,-11111-11-11-1-
SNID Sep 2026,2,KHYBER,LANDI KOTAL,LOE SHALMAN B,WHO,UCPO,2,-11111-11-11-0-
SNID Sep 2026,2,PESHAWAR,CITY,SUFAID DHERI,UNICEF,CBO,13,-11111-11-11-0-
SNID Sep 2026,1,MOHMAND,AMBAR,KHARAI,Government,UCMO,2,-11111-11-11-1-
SNID Sep 2026,2,KHYBER,LANDI KOTAL,LOE SHALMAN A,WHO,UCPO,1,-00111-11-11-1-
SNID Sep 2026,2,KHYBER,BARA,FORT SLOPE,WHO,UCPO,4,-11111-11-11-1-
SNID Sep 2026,2,PESHAWAR,SMT,SHAHEEN MUSLIM TWN2,WHO,UCPO,2,-11111-11-11-1-
SNID Sep 2026,2,KHYBER,BARA,NOGAZI BABA,WHO,UCPO,3,-11111-11-11-0-
SNID Sep 2026,1,MOHMAND,SAFI LAKARO,MAMAD GAT,Government,UCMO,1,-11111-11-11-0-
SNID Sep 2026,1,MOHMAND,SAFI LAKARO,MAMAD GAT,Government,UCMO,2,-11111-11-11-0-
SNID Sep 2026,2,PESHAWAR,CITY,HAYAT ABAD 2,WHO,Independent Monitor,18,-11111-11-11-1-
SNID Sep 2026,2,PESHAWAR,CITY,HAYAT ABAD 2,WHO,Independent Monitor,12,-11111-11-11-1-
SNID Sep 2026,,MOHMAND,SAFI LAKARO,ALINGAR,WHO,UCPO,,-11111-11-11-0-
SNID Sep 2026,,MOHMAND,BAIZAI,KODA KHEL,Government,UCMO,,-11111-11-11-1-
SNID Sep 2026,,MOHMAND,BAIZAI,KODA KHEL,Government,UCMO,,-11111-11-11-1-
SNID Sep 2026,2,PESHAWAR,SADDAR,MERA SUREZAI PAYAN,WHO,UCPO,3,-11111-11-11-0-
SNID Sep 2026,2,PESHAWAR,SADDAR,MERA SUREZAI PAYAN,WHO,UCPO,1,-11111-11-11-0-
SNID Sep 2026,1,KHYBER,TIRAH MAIDAN,PAGDARA,WHO,UCPO,1,-11111-11-11-1-
SNID Sep 2026,2,KHYBER,BARA,JANBAZ B,WHO,Independent Monitor,7,-11011-11-11-0-
SNID Sep 2026,2,KHYBER,BARA,JANBAZ B,WHO,Independent Monitor,5,-11011-11-11-0-
SNID Sep 2026,2,PESHAWAR,CITY,SHAHEEN TOWN,WHO,UCPO,1,-11111111-11-1-
SNID Sep 2026,1,MOHMAND,BAIZAI,GHANAM SHAH,Government,UCMO,1,-11111-11-11-1-
SNID Sep 2026,2,KHYBER,JAMRUD,CHAPARI,WHO,Independent Monitor,3,111011-11101100
SNID Sep 2026,2,KHYBER,JAMRUD,CHAPARI,WHO,Independent Monitor,2,111011-11111101
SNID Sep 2026,2,NOWSHERA,PABBI,DAG BESUD,Government,UCMO,2,-11111-11-11-1-
SNID Sep 2026,2,KHYBER,BARA,MILWARD B,WHO,UCPO,9,-11111-11-11-1-
SNID Sep 2026,2,KHYBER,LANDI KOTAL,LOE SHALMAN B,WHO,UCPO,5,-11111-11-11-0-
SNID Sep 2026,2,PESHAWAR,SHAH ALAM,PAJAGI,WHO,UCPO,7,-11111-11-11-0-
SNID Sep 2026,2,PESHAWAR,SHAH ALAM,MATHRA,WHO,UCPO,5,-11111-11-11-0-
SNID Sep 2026,1,MOHMAND,PANDIALI,PANDIALI,WHO,District Polio Officer,1,-11111-11-11-0-
SNID Sep 2026,2,PESHAWAR,SMT,KAKSHAL 2,WHO,UCPO,1,-11111-11-11-1-
SNID Sep 2026,2,PESHAWAR,SHAH ALAM,KANIZA,WHO,UCPO,6,-11111-11-11-0-
SNID Sep 2026,2,MOHMAND,PARANG GHAAR,UMAR KHEL,WHO,UCPO,2,-11111-11-01-1-
SNID Sep 2026,2,PESHAWAR,SADDAR,SUREZAI BALA,WHO,UCPO,2,-11111-11-11-1-
SNID Sep 2026,2,PESHAWAR,CITY,TEHKAL PAYAN,WHO,UCPO,1,-11111-11-11-0-
SNID Sep 2026,1,MOHMAND,KHAWEZAI,JUMA KHEL,WHO,TPO/ TDO,3,-00001-11-01-0-
SNID Sep 2026,2,KHYBER,TIRAH MAIDAN,NAKAY,WHO,TPO/ TDO,4,-11111-11-11-1-
SNID Sep 2026,1,MOHMAND,EKKAGHUND,EKKAGHUND,UNICEF,CCO,1,-11111-11-11-0-
SNID Sep 2026,2,PESHAWAR,SHAH ALAM,MATHRA,WHO,UCPO,8,-11111-11-11-1-
SNID Sep 2026,2,PESHAWAR,SHAH ALAM,MATHRA,WHO,UCPO,7,-11111-11-11-1-
SNID Sep 2026,1,KHYBER,LANDI KOTAL,TIRAH BAZAR A,WHO,UCPO,4,-11111-11-11-0-
SNID Sep 2026,2,PESHAWAR,CITY,HAYAT ABAD 1,WHO,UCPO,2,-11111-11-11-0-
SNID Sep 2026,2,PESHAWAR,CITY,HAYAT ABAD 1,WHO,UCPO,1,-11111-11-11-0-
SNID Sep 2026,3,PESHAWAR,SHAH ALAM,JOGANI,WHO,UCPO,3,-11111-11-11-0-
SNID Sep 2026,3,KHYBER,BARA,SRA CHEENA,Government,UCMO,5,-11111-11-11-0-
SNID Sep 2026,3,PESHAWAR,SADDAR,URMAR MIANA,Government,Other (Specify),4,-11111-11-11-1-
SNID Sep 2026,3,KHYBER,JAMRUD,NEW ABADI,Government,UCMO,6,-11111-11-11-1-
SNID Sep 2026,2,NOWSHERA,NOWSHERA,PIRSABAQ,WHO,District Polio Officer,5,-11111-11--1-0-
SNID Sep 2026,3,KHYBER,LANDI KOTAL,SULTAN KHEL A,Government,UCMO,3,-11111-11-11-1-
SNID Sep 2026,1,PESHAWAR,SMT,CANTT WARD 5,Government,Area Incharge (AIC),3,-11111-11-11-1-
SNID Sep 2026,3,KHYBER,BARA,SRA CHEENA,Government,UCMO,3,-11111-11-11-0-
SNID Sep 2026,3,NOWSHERA,PABBI,TARRU JABBA,Government,UCMO,4,-11111-11-11-1-
SNID Sep 2026,3,PESHAWAR,SHAH ALAM,GULBELA,WHO,UCPO,3,-11111-11-11-0-
SNID Sep 2026,3,KHYBER,BARA,MANDI KAS,Government,UCMO,4,-11111-11-11-1-
SNID Sep 2026,3,KHYBER,JAMRUD,NEW ABADI,WHO,UCPO,8,-11111-11-11-0-
SNID Sep 2026,3,KHYBER,BARA,GANDAO,Government,UCMO,5,-11111111-11-1-
SNID Sep 2026,3,PESHAWAR,SMT,YAKATOOT 3,WHO,UCSP,2,-11111-11-11-0-
SNID Sep 2026,3,KHYBER,JAMRUD,GHUNDI B,WHO,Independent Monitor,10,-11111-11-11-1-
SNID Sep 2026,1,MOHMAND,SAFI LAKARO,SANDO KHEL,WHO,UCPO,1,-11111-10-11-0-
SNID Sep 2026,1,MOHMAND,SAFI LAKARO,SANDO KHEL,WHO,UCPO,2,-11111-11-11-0-
SNID Sep 2026,3,KHYBER,BARA,ABDULLAH JAN,Government,UCMO,2,-11111-11-11-1-
SNID Sep 2026,3,PESHAWAR,SHAH ALAM,GULBELA,WHO,UCPO,4,-11111-11-11-0-
SNID Sep 2026,3,KHYBER,BARA,MILWARD B,Government,UCMO,4,-11111-11-11-0-
SNID Sep 2026,3,KHYBER,JAMRUD,GHUNDI B,WHO,UCPO,11,-11111-11-11-0-
SNID Sep 2026,3,PESHAWAR,SMT,SHEIKH JUNAID ABAD,UNICEF,Provincial Facilitator (Health Specialists/Officers- Communication- SBC Specialists/Officers-VMO- M and E Officer- Media Specialist- Provincial Communication Officer-Training etc),1,-11011-11-11-0-
SNID Sep 2026,3,PESHAWAR,SADDAR,URMAR MIANA,Government,Area Incharge (AIC),5,-11111-11-11-1-
SNID Sep 2026,3,NOWSHERA,JEHANGIRA,MERA AKORA,N-STOP,District NSTOP Officer,5,-11111-11-11-1-
SNID Sep 2026,3,PESHAWAR,CITY,ASIA DABGARI,WHO,UCPO,3,-11111-11--1-1-
SNID Sep 2026,3,NOWSHERA,NOWSHERA,PIRSABAQ,WHO,UCPO,3,-11111-11-11-0-
SNID Sep 2026,2,MOHMAND,SAFI LAKARO,SAGAI,WHO,UCSP,4,-11111-11-11-1-
SNID Sep 2026,3,PESHAWAR,HASSAN KHEL,BARKI,WHO,UCPO,2,-11111-11-11-1-
SNID Sep 2026,2,CHARSADA,CHARSADDA,TURANGZAI,Government,UCMO,1,-11111-11-11-0-
SNID Sep 2026,3,PESHAWAR,SMT,HAZARKHWANI 1,WHO,UCPO,1,-11111-11-11-1-
SNID Sep 2026,3,PESHAWAR,SMT,SHEIKH JUNAID ABAD,WHO,UCPO,2,-11111-11-11-1-
SNID Sep 2026,3,CHARSADA,CHARSADDA,MIRA PRANG,WHO,Independent Monitor,1,-11110-11-11-0-
SNID Sep 2026,3,KHYBER,JAMRUD,CHAPARI,WHO,UCPO,3,-11111-11-11-0-
SNID Sep 2026,3,KHYBER,BARA,ABDULLAH JAN,WHO,UCPO,5,-11111-11-11-1-
SNID Sep 2026,3,PESHAWAR,SMT,YAKATOOT 1,N-STOP,District NSTOP Officer,1,-11110-11-11-1-
SNID Sep 2026,3,PESHAWAR,CITY,PAWAKA,WHO,UCPO,1,-11111-11-11-1-
SNID Sep 2026,3,KHYBER,LANDI KOTAL,KHUGA KHEL,Other Partner (BMGF/CDC/RIZ/ROTARY etc),Federal/Provincial/District Facilitator,2,-11111-11-11-0-
SNID Sep 2026,3,NOWSHERA,JEHANGIRA,SHAIDU,Government,UCMO,4,-11111-11-11-1-
SNID Sep 2026,2,MOHMAND,SAFI LAKARO,SAGAI,Government,UCMO,1,-11111-11-11-1-
SNID Sep 2026,3,NOWSHERA,JEHANGIRA,MERA AKORA,N-STOP,District NSTOP Officer,9,-11111-11-11-0-
SNID Sep 2026,3,PESHAWAR,SADDAR,SUREZAI PAYAN,WHO,UCPO,1,-11111-11-11-1-
SNID Sep 2026,2,CHARSADA,TANGI,MANDANI,WHO,TPO/ TDO,5,-11111-11-01-0-
SNID Sep 2026,3,KHYBER,BARA,TAUDA CHEENA,WHO,UCPO,1,-11111-11-11-1-
SNID Sep 2026,3,KHYBER,LANDI KOTAL,KHUGA KHEL,WHO,UCPO,2,-11111-11-11-1-
SNID Sep 2026,3,PESHAWAR,SHAH ALAM,WADPAGA,WHO,UCPO,3,-11111-11-11-0-
SNID Sep 2026,3,KHYBER,BARA,MANDI KAS,WHO,Other (Specify),3,-11111-11-11-1-
SNID Sep 2026,3,NOWSHERA,NOWSHERA,NAWA KALY,Government,UCMO,1,-11111-11-11-1-
SNID Sep 2026,3,PESHAWAR,SMT,SHAHEEN MUSLIM TWN2,WHO,TPO/ TDO,1,-11111-11-11-1-
SNID Sep 2026,3,PESHAWAR,SMT,SHAHEEN MUSLIM TWN2,WHO,UCPO,1,-11111-11-11-1-
SNID Sep 2026,3,PESHAWAR,SMT,NOTHIA JADEED,WHO,UCPO,1,-11111-11-11-1-
SNID Sep 2026,3,NOWSHERA,NOWSHERA,KABUL RIVER,WHO,UCPO,7,-11111-11-11-0-
SNID Sep 2026,3,NOWSHERA,PABBI,CHOKI MAMREZ,WHO,UCPO,3,-11111-11-11-1-
SNID Sep 2026,3,CHARSADA,SHABQADAR,MC-2 SHABQADAR,Government,UCMO,4,-11111-11-11-1-
SNID Sep 2026,1,KHYBER,TIRAH MAIDAN,SERAY,WHO,UCPO,6,-11111-11-11-0-
SNID Sep 2026,3,PESHAWAR,CITY,KHALSA 2,WHO,UCPO,3,-11111-11-11-1-
SNID Sep 2026,3,PESHAWAR,CITY,MEHAL TERAI 1,WHO,UCSP,3,-11111-11-11-1-
SNID Sep 2026,3,KHYBER,JAMRUD,LOWARA MIANA,WHO,UCPO,3,-11111-11-11-1-
SNID Sep 2026,3,PESHAWAR,MATTANI,SARBAND,WHO,UCPO,1,-11111-11-11-0-
SNID Sep 2026,3,PESHAWAR,SHAH ALAM,CHAGARMATI,WHO,UCPO,4,-11111-11-11-1-
SNID Sep 2026,3,PESHAWAR,MATTANI,PISHTAKHARA,WHO,UCPO,7,-11111-11-11-0-
SNID Sep 2026,3,NOWSHERA,JEHANGIRA,JEHANGIRA,WHO,UCPO,3,-11111-11-11-1-
SNID Sep 2026,3,PESHAWAR,CITY,GULBAHAR,WHO,UCSP,1,-11111-11-11-1-
SNID Sep 2026,3,PESHAWAR,SADDAR,AZAKHEL TELABAND,WHO,UCPO,1,-11111-11-11-1-
SNID Sep 2026,3,NOWSHERA,NOWSHERA,CHOCKI TOWN,WHO,Independent Monitor,2,-11111-11--1-1-
SNID Sep 2026,3,PESHAWAR,SHAH ALAM,CHAGARMATI,WHO,Independent Monitor,1,-11111-11-11-1-
SNID Sep 2026,3,PESHAWAR,SMT,SHEIKH JUNAID ABAD,UNICEF,Provincial Facilitator (Health Specialists/Officers- Communication- SBC Specialists/Officers-VMO- M and E Officer- Media Specialist- Provincial Communication Officer-Training etc),3,-11011-11-11-0-
SNID Sep 2026,3,NOWSHERA,PABBI,AMANKOT,Government,UCMO,1,-11111-11-11-1-
SNID Sep 2026,3,PESHAWAR,SHAH ALAM,SAEEDABAD,WHO,UCPO,5,-11111-11-11-1-
SNID Sep 2026,3,PESHAWAR,MATTANI,BAZID KHEL,WHO,UCPO,1,-11111-11-11-1-
SNID Sep 2026,3,CHARSADA,SHABQADAR,MC-3 SHABQADAR,Government,UCMO,4,-11111-11-11-1-
SNID Sep 2026,3,PESHAWAR,CITY,SHAHEEN TOWN,N-STOP,Provincial Facilitator (N-STOP Officer- TSO),14,-11111-11-11-1-
SNID Sep 2026,3,KHYBER,JAMRUD,ALI MASJID A,WHO,UCPO,4,-11111-11-11-0-
SNID Sep 2026,3,PESHAWAR,SHAH ALAM,KAFOOR DHERI,WHO,UCPO,3,-11111-11-11-1-
SNID Sep 2026,3,PESHAWAR,SHAH ALAM,PANAM DHERI,WHO,UCPO,3,-11111011-11-1-
SNID Sep 2026,3,PESHAWAR,SHAH ALAM,CHAGARMATI,WHO,UCPO,1,-11111-11-11-1-
SNID Sep 2026,3,PESHAWAR,SMT,AKHOON ABAD,WHO,UCPO,2,-11111-11-11-1-
SNID Sep 2026,3,KHYBER,LANDI KOTAL,SULTAN KHEL A,WHO,UCPO,3,-01111011-11-1-
SNID Sep 2026,3,NOWSHERA,NOWSHERA,BARA BANDA,WHO,UCPO,6,-11111-11-11-0-
SNID Sep 2026,3,NOWSHERA,JEHANGIRA,MERA AKORA,WHO,UCPO,9,-11111-11-11-0-
SNID Sep 2026,3,NOWSHERA,NOWSHERA,AMANGARH,Government,UCMO,4,-11111-11-11-0-
SNID Sep 2026,3,PESHAWAR,SHAH ALAM,DAG,WHO,UCPO,2,-11111-11-11-1-
SNID Sep 2026,3,PESHAWAR,SHAH ALAM,SHAHI BALA,WHO,UCPO,2,-11111-11-11-1-
SNID Sep 2026,2,MOHMAND,SAFI LAKARO,MASOOD,Government,UCMO,1,-11111-11-11-0-
SNID Sep 2026,3,PESHAWAR,SHAH ALAM,KANKOLA,WHO,UCPO,3,-11111-11-11-1-
SNID Sep 2026,2,PESHAWAR,CITY,MALAKANDHER,WHO,UCSP,5,-11111-11-11-1-
SNID Sep 2026,3,PESHAWAR,SMT,SHEIKH JUNAID ABAD,WHO,UCPO,1,-11111-11-11-1-
SNID Sep 2026,2,PESHAWAR,CITY,MALAKANDHER,WHO,UCSP,4,-11111-11-11-1-
SNID Sep 2026,3,PESHAWAR,CITY,PAWAKA,WHO,UCDO,2,-11111-11-11-1-
SNID Sep 2026,3,KHYBER,LANDI KOTAL,KAM SHALMAN,WHO,UCPO,1,-11111-11-11-1-
SNID Sep 2026,2,MOHMAND,SAFI LAKARO,LAKARO,Government,UCMO,2,-11111-11-11-1-
SNID Sep 2026,3,PESHAWAR,CITY,SHAHEEN TOWN,N-STOP,Provincial Facilitator (N-STOP Officer- TSO),13,-11111-11-11-1-
SNID Sep 2026,3,PESHAWAR,CITY,TEHKAL BALA,WHO,UCPO,4,-11111-11-11-1-
SNID Sep 2026,2,KHYBER,BARA,FORT SLOPE,WHO,UCPO,4,-11111-11-11-1-
SNID Sep 2026,3,PESHAWAR,SMT,SHAHEEN MUSLIM TWN1,WHO,UCPO,6,-11111-11-11-0-
SNID Sep 2026,3,KHYBER,BARA,MILWARD A,Government,UCMO,6,-11111-11-11-1-
SNID Sep 2026,3,KHYBER,BARA,JANBAZ A,WHO,UCPO,2,-11111-11-11-1-
SNID Sep 2026,3,KHYBER,BARA,SRA CHEENA,UNICEF,CBO,3,-11011-11-11-0-
SNID Sep 2026,3,PESHAWAR,CITY,LAHORI,WHO,UCPO,1,-11111-11-11-0-
SNID Sep 2026,3,PESHAWAR,SADDAR,ADEZAI,WHO,UCPO,1,-11111-11-11-0-
SNID Sep 2026,3,PESHAWAR,MATTANI,MASHOGAGAR,WHO,UCPO,3,-11111-11-11-1-
SNID Sep 2026,3,PESHAWAR,SMT,AKHOON ABAD,WHO,UCPO,1,-11111-11-11-1-
SNID Sep 2026,3,PESHAWAR,SHAH ALAM,KANIZA,WHO,UCPO,2,-11111-11-11-1-
SNID Sep 2026,,PESHAWAR,HASSAN KHEL,BARKI,WHO,TSA,,-11111-11-11-0-
SNID Sep 2026,3,NOWSHERA,PABBI,SHAKOT,Government,UCMO,3,-11111-11-11-0-
SNID Sep 2026,3,CHARSADA,CHARSADDA,AGRA,UNICEF,CCO,5,-11111-11-11-1-
SNID Sep 2026,3,NOWSHERA,PABBI,TARRU JABBA,Government,UCMO,3,-11111-11-11-1-
SNID Sep 2026,3,PESHAWAR,SHAH ALAM,SAEEDABAD,Government,UCMO,6,-11111-11-11-0-
SNID Sep 2026,3,PESHAWAR,SHAH ALAM,LARAMA,WHO,UCPO,2,-11111-11-11-0-
SNID Sep 2026,3,KHYBER,JAMRUD,SHAH KAS A,WHO,UCPO,2,-11111-11-10-0-
SNID Sep 2026,3,PESHAWAR,SHAH ALAM,PAKHA GHULAM,WHO,UCPO,1,-11111-11-11-0-
SNID Sep 2026,3,PESHAWAR,SADDAR,BADABER HUREZAI,WHO,UCPO,5,-11111-11-11-1-
SNID Sep 2026,3,PESHAWAR,MATTANI,SULEMAN KHEIL,WHO,UCPO,1,-11111-11-11-0-
SNID Sep 2026,3,PESHAWAR,MATTANI,SULEMAN KHEIL,WHO,UCPO,4,-11111-11-11-0-
SNID Sep 2026,3,KHYBER,BARA,SRA CHEENA,WHO,UCPO,8,-11111-11-11-1-
SNID Sep 2026,3,KHYBER,BARA,JANBAZ A,WHO,UCPO,10,-11111011-11-1-
SNID Sep 2026,3,CHARSADA,CHARSADDA,MIRA PRANG,WHO,Independent Monitor,2,-00000-00-00-0-
SNID Sep 2026,3,PESHAWAR,CITY,ANDERSHEHER,WHO,UCPO,1,-11111-11-11-0-
SNID Sep 2026,3,PESHAWAR,SADDAR,MARYAM ZAI,WHO,UCSP,3,-11111-11-11-0-
SNID Sep 2026,3,PESHAWAR,SHAH ALAM,TUKHTABAD,WHO,UCPO,1,-11111-11-11-1-
SNID Sep 2026,3,PESHAWAR,CITY,TEHKAL BALA,WHO,UCPO,8,-11111-11-11-1-
SNID Sep 2026,3,NOWSHERA,NOWSHERA,BARA BANDA,Government,Area Incharge (AIC),7,-11111-11-11-1-
SNID Sep 2026,3,KHYBER,JAMRUD,GHUNDI B,WHO,UCPO,4,-11111-11-11-0-
SNID Sep 2026,3,KHYBER,BARA,MASTAK,WHO,UCPO,5,-11111-11-11-1-
SNID Sep 2026,3,PESHAWAR,SHAH ALAM,PANAM DHERI,WHO,UCPO,6,-11111-11-11-0-
SNID Sep 2026,3,PESHAWAR,SMT,HAZARKHWANI 1,Government,UCMO,6,-11111-11-11-0-
SNID Sep 2026,3,KHYBER,JAMRUD,PAINDI LALMA,WHO,UCPO,3,-11111-11-11-1-
SNID Sep 2026,3,KHYBER,JAMRUD,MIA MORCHA,WHO,UCPO,1,-11111-11-11-1-
SNID Sep 2026,3,PESHAWAR,SMT,HAZARKHWANI 2,WHO,UCSP,10,-11111-11-11-1-
SNID Sep 2026,3,CHARSADA,TANGI,MANDANI,Government,UCMO,3,-11111-11-11-1-
SNID Sep 2026,3,KHYBER,LANDI KOTAL,PIROKHEL,WHO,UCPO,4,-11111-11-11-1-
SNID Sep 2026,3,PESHAWAR,CITY,MEHAL TERAI 2,WHO,UCPO,9,-11111-11-11-1-
SNID Sep 2026,3,PESHAWAR,MATTANI,SHEIKH MOHAMMADI,WHO,UCPO,3,-11111-11-11-1-
SNID Sep 2026,3,PESHAWAR,CITY,MEHAL TERAI 2,WHO,UCPO,5,-11111-11--1-1-
SNID Sep 2026,3,CHARSADA,SHABQADAR,RASHAKI,WHO,UCPO,7,-11111-11-11-0-
SNID Sep 2026,3,KHYBER,BARA,NOGAZI BABA,Government,UCMO,3,-11111-11-11-0-
SNID Sep 2026,2,KHYBER,TIRAH MAIDAN,SERAY,WHO,UCPO,2,-11111-11-11-1-
SNID Sep 2026,3,PESHAWAR,CITY,PALOSI,WHO,UCPO,2,-11111-11-11-0-
SNID Sep 2026,3,PESHAWAR,CITY,HAYAT ABAD 2,WHO,UCPO,2,-11111-11-11-1-
SNID Sep 2026,3,CHARSADA,CHARSADDA,MC-1 CHARSADDA,N-STOP,District NSTOP Officer,4,-11111-11-11-1-
SNID Sep 2026,3,PESHAWAR,SHAH ALAM,LALA KALAY,WHO,UCPO,1,-11111-11-11-1-
SNID Sep 2026,3,PESHAWAR,CITY,MEHAL TERAI 2,WHO,UCPO,2,-11111-11-11-0-
SNID Sep 2026,2,PESHAWAR,SMT,SHAHEEN MUSLIM TWN2,WHO,UCPO,2,-11111-11-11-1-
SNID Sep 2026,3,KHYBER,JAMRUD,SHAH KAS A,WHO,UCPO,5,-11111-11-11-1-
SNID Sep 2026,3,KHYBER,BARA,SPEEN QABAR,Government,UCMO,1,-11111-11-11-1-
SNID Sep 2026,3,PESHAWAR,SHAH ALAM,LALA KALAY,WHO,UCPO,6,-11111-11-11-1-
SNID Sep 2026,3,CHARSADA,TANGI,KOZ BEHRAM DHERI,Government,UCMO,1,-11111-11-11-0-
SNID Sep 2026,3,KHYBER,JAMRUD,SHAH KAS B,WHO,TPO/ TDO,1,-11111-11-11-1-
SNID Sep 2026,3,NOWSHERA,NOWSHERA,KABUL RIVER,WHO,UCPO,8,-11111-11-11-1-
SNID Sep 2026,2,MOHMAND,PANDIALI,PANDIALI,Government,UCMO,5,-11111-11-11-0-
SNID Sep 2026,3,PESHAWAR,CITY,FAQIR ABAD,WHO,UCSP,3,-11111-11-11-1-
SNID Sep 2026,3,PESHAWAR,CITY,SUFAID DHERI,WHO,UCPO,15,-11111-11-11-1-
SNID Sep 2026,2,KHYBER,TIRAH MAIDAN,SERAY,WHO,UCPO,5,-11111-11-11-1-
SNID Sep 2026,3,PESHAWAR,SHAH ALAM,KAFOOR DHERI,WHO,UCPO,3,-11111-11-11-1-
SNID Sep 2026,3,PESHAWAR,CITY,TEHKAL PAYAN,WHO,UCPO,2,-11111-11-11-0-
SNID Sep 2026,2,PESHAWAR,SADDAR,URMAR MIANA,Government,Area Incharge (AIC),5,-11111-11-11-1-
SNID Sep 2026,3,PESHAWAR,SHAH ALAM,CHAGARMATI,WHO,Independent Monitor,7,-11111-11-11-1-
SNID Sep 2026,3,PESHAWAR,CITY,MALAKANDHER,WHO,UCPO,2,-11111-11-11-0-
SNID Sep 2026,3,PESHAWAR,CITY,HAYAT ABAD 2,WHO,UCPO,10,-11111-11-11-0-
SNID Sep 2026,3,PESHAWAR,SADDAR,MARYAM ZAI,WHO,UCSP,2,-11111-11-11-0-
SNID Sep 2026,3,KHYBER,LANDI KOTAL,MIRDAD KHEL,WHO,UCPO,7,-11111-11-11-0-
SNID Sep 2026,3,PESHAWAR,SHAH ALAM,SAEEDABAD,Government,UCMO,7,-11111-11-11-1-
SNID Sep 2026,3,KHYBER,LANDI KOTAL,KHUGA KHEL,Other Partner (BMGF/CDC/RIZ/ROTARY etc),Federal/Provincial/District Facilitator,1,-11111-11-11-0-
SNID Sep 2026,3,KHYBER,JAMRUD,SHAH KAS B,WHO,UCPO,1,-11111-11-11-0-
SNID Sep 2026,3,PESHAWAR,SADDAR,AZAKHEL TELABAND,WHO,UCPO,2,-11111-11-11-1-
SNID Sep 2026,3,NOWSHERA,PABBI,TARRU JABBA,Government,UCMO,1,-11111-11-11-1-
SNID Sep 2026,3,NOWSHERA,NOWSHERA,BARA BANDA,Government,Area Incharge (AIC),7,-11111-11-11-1-
SNID Sep 2026,3,PESHAWAR,SADDAR,MARYAM ZAI,WHO,UCPO,5,-11011-11-01-0-
SNID Sep 2026,3,PESHAWAR,MATTANI,PISHTAKHARA,WHO,UCPO,4,-11111-11-11-0-
SNID Sep 2026,3,PESHAWAR,SMT,HAZARKHWANI 2,WHO,UCSP,9,-11111-11-11-1-
SNID Sep 2026,3,PESHAWAR,CITY,TEHKAL PAYAN 2 IRRIG,WHO,UCSP,1,-11111-11-11-1-
SNID Sep 2026,3,PESHAWAR,CITY,MEHAL TERAI 1,WHO,UCPO,4,-11111-11-11-0-
SNID Sep 2026,3,PESHAWAR,CITY,HAYAT ABAD 2,WHO,UCPO,7,-11111-11-11-0-
SNID Sep 2026,3,PESHAWAR,SADDAR,SUREZAI BALA,Government,UCMO,2,-11111111-11-1-
SNID Sep 2026,2,MOHMAND,PANDIALI,ZAHOO,WHO,Independent Monitor,6,-11011-11-11-0-
SNID Sep 2026,3,PESHAWAR,CITY,KHALSA 1,WHO,UCPO,1,-11111-11-11-1-
SNID Sep 2026,3,KHYBER,BARA,ABDULLAH JAN,WHO,UCPO,1,-11111-11-11-0-
SNID Sep 2026,3,PESHAWAR,CITY,SIKANDAR TOWN,WHO,UCPO,4,-11111-11-11-1-
SNID Sep 2026,3,PESHAWAR,SHAH ALAM,WADPAGA,WHO,UCPO,8,-11111-11-11-0-
SNID Sep 2026,3,PESHAWAR,CITY,FAQIR ABAD,WHO,UCSP,2,-11111-11-11-1-
SNID Sep 2026,2,MOHMAND,SAFI LAKARO,LAKARO,Government,UCMO,2,-11111-11-11-1-
SNID Sep 2026,3,NOWSHERA,PABBI,AKBARPURA,WHO,Independent Monitor,6,-11101-11-11-0-
SNID Sep 2026,3,PESHAWAR,SMT,NOTHIA QADEEM,WHO,UCPO,3,-11111-11-11-1-
SNID Sep 2026,3,PESHAWAR,CITY,TEHKAL PAYAN 2 IRRIG,WHO,UCPO,4,-11111-11-11-1-
SNID Sep 2026,3,PESHAWAR,SHAH ALAM,KANIZA,WHO,TPO/ TDO,5,-11111-11-11-0-
SNID Sep 2026,3,PESHAWAR,CITY,ANDERSHEHER,Government,UCMO,3,-11111-11-11-1-
SNID Sep 2026,3,KHYBER,BARA,SPEEN QABAR,WHO,UCPO,2,-11111-11-11-1-
SNID Sep 2026,3,PESHAWAR,SMT,HAZARKHWANI 2,WHO,UCPO,6,-11111-11-11-1-
SNID Sep 2026,3,PESHAWAR,SADDAR,MERA KACHORI,WHO,UCPO,5,-11111-11-11-1-
SNID Sep 2026,3,PESHAWAR,SADDAR,MERA KACHORI,WHO,UCPO,4,-11111-11-11-1-
SNID Sep 2026,3,PESHAWAR,SADDAR,MERA KACHORI,WHO,UCPO,8,-11111-11-10-0-
SNID Sep 2026,3,PESHAWAR,SMT,NOTHIA QADEEM,WHO,UCPO,2,-11111011-11-1-
SNID Sep 2026,3,PESHAWAR,SADDAR,URMAR BALA,WHO,UCPO,2,-11111-11-11-0-
SNID Sep 2026,3,KHYBER,LANDI KOTAL,MIRDAD KHEL,WHO,UCPO,1,-11111-11-11-1-
SNID Sep 2026,3,CHARSADA,CHARSADDA,BAHLOLA,Government,UCMO,5,-11111-11-11-0-
SNID Sep 2026,3,PESHAWAR,CITY,TEHKAL PAYAN,UNICEF,CCO,2,-11111-11-11-1-
SNID Sep 2026,3,PESHAWAR,SHAH ALAM,KANKOLA,WHO,UCPO,4,-11111-11-11-1-
SNID Sep 2026,3,KHYBER,TIRAH MAIDAN,SERAY,WHO,UCPO,4,-11111-11-11-0-
SNID Sep 2026,3,PESHAWAR,CITY,HAYAT ABAD 2,WHO,UCPO,3,-11111-11-11-1-
SNID Sep 2026,3,KHYBER,BARA,SPEEN QABAR,WHO,UCPO,2,-11111-11-11-1-
SNID Sep 2026,3,PESHAWAR,SMT,DEH BAHADAR,WHO,UCPO,4,-11111-11-11-0-
SNID Sep 2026,3,PESHAWAR,SMT,SHAHEEN MUSLIM TWN1,WHO,UCPO,7,-11111-11-11-0-
SNID Sep 2026,1,NOWSHERA,NOWSHERA,ZARA MAINA,Government,UCMO,1,-11111-11-11-1-
SNID Sep 2026,3,PESHAWAR,SADDAR,URMAR MIANA,Government,Area Incharge (AIC),5,-11111-11-11-1-
SNID Sep 2026,3,PESHAWAR,SMT,NOTHIA JADEED,WHO,UCPO,4,-11111-11-11-1-
SNID Sep 2026,3,PESHAWAR,SHAH ALAM,HARYANA PAYAN,WHO,UCPO,2,-11111-11-11-0-
SNID Sep 2026,3,KHYBER,LANDI KOTAL,SHEIKHMAL KHEL,WHO,UCPO,2,-11111-11-11-1-
SNID Sep 2026,3,PESHAWAR,CITY,SHAHI BAGH,WHO,UCPO,1,-11111-11-11-0-
SNID Sep 2026,3,PESHAWAR,CITY,TEHKAL BALA,WHO,TPO/ TDO,3,-11111-11-11-1-
SNID Sep 2026,3,KHYBER,BARA,JANBAZ B,Government,UCMO,5,-11111-11-11-1-
SNID Sep 2026,3,KHYBER,JAMRUD,MIA MORCHA,UNICEF,Provincial Facilitator (Health Specialists/Officers- Communication- SBC Specialists/Officers-VMO- M and E Officer- Media Specialist- Provincial Communication Officer-Training etc),1,-11111-11-11-0-
SNID Sep 2026,3,PESHAWAR,SHAH ALAM,GARHI SHER DAD,WHO,UCPO,1,-11111-11-11-1-
SNID Sep 2026,3,PESHAWAR,CITY,MEHAL TERAI 1,WHO,UCSP,2,-11111-11-11-1-
SNID Sep 2026,3,KHYBER,JAMRUD,SHAH KAS B,Government,UCMO,4,-11111-11-11-1-
SNID Sep 2026,3,KHYBER,JAMRUD,LOWARA MIANA,WHO,UCPO,4,-11111-11-11-0-
SNID Sep 2026,3,CHARSADA,CHARSADDA,MC-1 CHARSADDA,Government,EPI Coordinator,3,-11111-11-11-1-
SNID Sep 2026,3,PESHAWAR,SHAH ALAM,KHAZANA,WHO,UCPO,3,-11111-11-11-1-
SNID Sep 2026,3,PESHAWAR,SHAH ALAM,JOGANI,WHO,UCPO,2,-11111-11-11-1-
SNID Sep 2026,3,KHYBER,BARA,MASTAK,Government,UCMO,3,-11111011-11-1-
SNID Sep 2026,3,PESHAWAR,SADDAR,MUSAZAI,WHO,UCPO,9,-11111-11-11-0-
SNID Sep 2026,3,KHYBER,BARA,MANDI KAS,WHO,UCPO,3,-11111-11-11-1-
SNID Sep 2026,3,PESHAWAR,CITY,UNIVERSITY TOWN,WHO,UCPO,3,-11111-11-11-0-
SNID Sep 2026,3,PESHAWAR,CITY,UNIVERSITY TOWN,WHO,UCPO,2,-11111-11-11-0-
SNID Sep 2026,3,PESHAWAR,CITY,ASIA DABGARI,WHO,UCPO,1,-11111-11-11-1-
SNID Sep 2026,3,CHARSADA,TANGI,HARICHAND,Government,UCMO,2,-11111-11-11-0-
SNID Sep 2026,3,PESHAWAR,CITY,SHAHI BAGH,UNICEF,CBO,2,-11111-11-11-1-
SNID Sep 2026,3,NOWSHERA,NOWSHERA,DHERI KATTI KHEL,Government,Other (Specify),6,-11111-11-11-1-
SNID Sep 2026,3,CHARSADA,TANGI,MANDANI,Government,UCMO,4,-11111-11-11-1-
SNID Sep 2026,2,MOHMAND,PANDIALI,ZAHOO,Government,UCMO,3,-11111-11-11-0-
SNID Sep 2026,3,PESHAWAR,SMT,CANTT WARD 5,Government,UCMO,3,-11111-11-11-1-
SNID Sep 2026,3,KHYBER,LANDI KOTAL,SULTAN KHEL B,WHO,TPO/ TDO,3,-11111111-11-1-
SNID Sep 2026,3,KHYBER,JAMRUD,ALI MASJID B,WHO,UCPO,4,-11111-11-11-1-
SNID Sep 2026,3,KHYBER,BARA,AKAKHEL MAIRA,WHO,Other (Specify),2,-11111-11-11-0-
SNID Sep 2026,3,KHYBER,JAMRUD,TIDI BAZAR,N-STOP,District NSTOP Officer,2,-11111-11-11-0-
SNID Sep 2026,3,KHYBER,JAMRUD,TIDI BAZAR,N-STOP,District NSTOP Officer,2,-11111-11-11-0-
SNID Sep 2026,3,PESHAWAR,CITY,KHALSA 2,WHO,UCSP,6,-11111-11-11-0-
SNID Sep 2026,3,NOWSHERA,NOWSHERA,BARA BANDA,Government,Area Incharge (AIC),7,-11111-11-11-1-
SNID Sep 2026,3,PESHAWAR,CITY,TEHKAL PAYAN 2 IRRIG,WHO,UCSP,4,-11111-11-11-1-
SNID Sep 2026,3,PESHAWAR,CITY,HASAN GARHI 2,WHO,UCSP,1,-11111-11-11-1-
SNID Sep 2026,3,PESHAWAR,SADDAR,BADABER MARYAMZAI,Government,UCMO,2,-11111011-11-1-
SNID Sep 2026,3,PESHAWAR,SHAH ALAM,KANIZA,WHO,UCPO,1,-11111-11-11-1-
SNID Sep 2026,3,NOWSHERA,PABBI,KHAN SHER GARHI KHU,WHO,TPO/ TDO,3,-11111-11-11-0-
SNID Sep 2026,3,KHYBER,BARA,NOGAZI BABA,WHO,UCPO,1,-11111-11-11-0-
SNID Sep 2026,3,PESHAWAR,CITY,HAYAT ABAD 2,WHO,UCPO,4,-11111-11-11-1-
SNID Sep 2026,3,PESHAWAR,SADDAR,BADABER HUREZAI,WHO,UCPO,4,-11111111-11-1-
SNID Sep 2026,3,NOWSHERA,NOWSHERA,NOWSHERA CANTT,Government,UCMO,4,-11111-11-11-1-
SNID Sep 2026,3,PESHAWAR,CITY,PALOSI,WHO,UCPO,3,-11111-11-11-1-
SNID Sep 2026,3,CHARSADA,CHARSADDA,SARKI TETARA,Government,UCMO,2,-11111-11-11-0-
SNID Sep 2026,3,PESHAWAR,CITY,MALAKANDHER,WHO,UCPO,1,-11111-11-11-0-
SNID Sep 2026,3,KHYBER,BARA,MASTAK,WHO,UCPO,1,-11111-11-11-1-
SNID Sep 2026,3,KHYBER,LANDI KOTAL,STATION,WHO,UCPO,1,-11111-11-11-1-
SNID Sep 2026,3,PESHAWAR,SADDAR,CHAMKANI,WHO,UCPO,3,-11111-11-11-1-
SNID Sep 2026,3,MOHMAND,PARANG GHAAR,UMAR KHEL,Government,UCMO,3,-11111011-01-1-
SNID Sep 2026,3,PESHAWAR,SHAH ALAM,JOGANI,WHO,UCPO,4,-11111-11-11-0-
SNID Sep 2026,3,PESHAWAR,SHAH ALAM,GARHI SHER DAD,WHO,UCPO,2,-11111-11-11-1-
SNID Sep 2026,3,PESHAWAR,SADDAR,ADEZAI,WHO,UCPO,3,-11111-11-11-1-
SNID Sep 2026,3,KHYBER,JAMRUD,SUR KAMAR,WHO,UCPO,1,-11111-11-11-0-
SNID Sep 2026,3,NOWSHERA,PABBI,SPINKHAK,Government,UCMO,3,-11111111-11-1-
SNID Sep 2026,3,PESHAWAR,SMT,LANDI ARBAB,WHO,UCPO,5,-11111-11-11-0-
SNID Sep 2026,3,NOWSHERA,PABBI,SPINKHAK,Government,UCMO,4,-11111111-11-1-
SNID Sep 2026,3,NOWSHERA,NOWSHERA,AMANGARH,Government,UCMO,6,-11111-11-11-1-
SNID Sep 2026,3,PESHAWAR,SADDAR,URMAR PAYAN,WHO,UCPO,2,-11111111-11-0-
SNID Sep 2026,3,PESHAWAR,CITY,KAKSHAL,WHO,UCPO,2,-11111-11-11-0-
SNID Sep 2026,2,MOHMAND,PANDIALI,ZAHOO,WHO,Independent Monitor,4,-11111-11-11-0-
SNID Sep 2026,3,NOWSHERA,PABBI,SHAKOT,Government,UCMO,5,-11111-11-11-0-
SNID Sep 2026,3,CHARSADA,TANGI,ABAZAI,WHO,TPO/ TDO,3,-11110-11-00-0-
SNID Sep 2026,3,PESHAWAR,SADDAR,URMAR MIANA,WHO,UCPO,1,-11111-11-11-1-
SNID Sep 2026,3,NOWSHERA,NOWSHERA,NOWSHERA CANTT,Government,UCMO,2,-11111-11-11-1-
SNID Sep 2026,2,MOHMAND,BAIZAI,GHANAM SHAH,Government,UCMO,4,-11111-11-11-1-
SNID Sep 2026,3,PESHAWAR,SADDAR,MERA KACHORI,Government,UCMO,3,-11111-11-11-1-
SNID Sep 2026,3,CHARSADA,CHARSADDA,RAJJAR 1,Government,UCMO,7,-11111-11-11-0-
SNID Sep 2026,3,KHYBER,BARA,JANBAZ B,Government,UCMO,5,-11111-11-11-1-
SNID Sep 2026,3,KHYBER,JAMRUD,GHUNDI B,WHO,Independent Monitor,3,-00101-11-00-0-
SNID Sep 2026,3,PESHAWAR,SMT,YAKATOOT 2,WHO,District Polio Officer,2,-11111-11-11-1-
SNID Sep 2026,3,PESHAWAR,SHAH ALAM,BUDHNI,WHO,UCPO,6,-11111-11-11-1-
SNID Sep 2026,3,PESHAWAR,CITY,KHALSA 1,WHO,UCPO,5,-11111-11-01-0-
SNID Sep 2026,3,PESHAWAR,SHAH ALAM,LALA KALAY,WHO,UCSP,3,-11111-11-11-1-
SNID Sep 2026,3,PESHAWAR,CITY,REGI,WHO,UCPO,2,-11111-11-11-0-
SNID Sep 2026,3,PESHAWAR,CITY,SUFAID DHERI,UNICEF,CBO,3,-11101-11-11-0-
SNID Sep 2026,3,PESHAWAR,SHAH ALAM,LALA KALAY,WHO,UCSP,4,-11111-11--1-1-
SNID Sep 2026,3,PESHAWAR,SADDAR,MERA KACHORI,Government,UCMO,2,-11111-11-11-0-
SNID Sep 2026,3,PESHAWAR,MATTANI,SHEIKH MOHAMMADI,WHO,UCPO,4,-11111-11-11-0-
SNID Sep 2026,3,PESHAWAR,SHAH ALAM,HARYANA PAYAN,WHO,UCPO,1,-11111-11-11-0-
SNID Sep 2026,3,PESHAWAR,CITY,HAYAT ABAD 1,Other Partner (BMGF/CDC/RIZ/ROTARY etc),Federal/Provincial/District Facilitator,6,-11111-11-11-0-
SNID Sep 2026,3,NOWSHERA,PABBI,DAG BESUD,Government,UCMO,2,-11111-11-11-1-
SNID Sep 2026,3,MOHMAND,PARANG GHAAR,NAO BUCHA,Government,UCMO,2,-11111-11-11-1-
SNID Sep 2026,3,PESHAWAR,SADDAR,URMAR BALA,WHO,UCPO,3,-11111-11-11-0-
SNID Sep 2026,3,PESHAWAR,MATTANI,SARBAND,WHO,UCPO,4,-11111-11-11-1-
SNID Sep 2026,3,NOWSHERA,NOWSHERA,GANDHERI,WHO,UCPO,6,-11111-11-11-0-
SNID Sep 2026,3,NOWSHERA,PABBI,AMANKOT,Government,UCMO,2,-11111-11-11-1-
SNID Sep 2026,3,PESHAWAR,SMT,YAKATOOT 3,WHO,UCPO,5,-11111-11-11-0-
SNID Sep 2026,3,PESHAWAR,CITY,LAHORI,WHO,UCPO,2,-11111-11-11-0-
SNID Sep 2026,3,PESHAWAR,MATTANI,MASHOGAGAR,WHO,UCPO,4,-11111-11-11-0-
SNID Sep 2026,3,PESHAWAR,SMT,HAZARKHWANI 2,WHO,UCPO,3,-11111-11-11-1-
SNID Sep 2026,3,PESHAWAR,CITY,KHALSA 2,WHO,UCSP,9,-11111-11-11-1-
SNID Sep 2026,3,CHARSADA,CHARSADDA,SARKI TETARA,Government,UCMO,4,-11111-11-11-0-
SNID Sep 2026,3,NOWSHERA,JEHANGIRA,MERA AKORA,WHO,UCPO,5,-11111-11-11-0-
SNID Sep 2026,3,MOHMAND,PARANG GHAAR,UMAR KHEL,Government,UCMO,4,-11111011-11-1-
SNID Sep 2026,3,NOWSHERA,NOWSHERA,GANDHERI,WHO,UCPO,9,-11111-11-11-1-
SNID Sep 2026,2,MOHMAND,SAFI LAKARO,MASOOD,Government,UCMO,2,-11111-11-11-1-
SNID Sep 2026,3,PESHAWAR,CITY,HAYAT ABAD 1,WHO,UCPO,6,-11111-11-11-1-
SNID Sep 2026,3,PESHAWAR,SHAH ALAM,LALA KALAY,WHO,UCPO,8,-11111-11-11-1-
SNID Sep 2026,3,KHYBER,BARA,NOGAZI BABA,WHO,UCPO,3,-11111-11-11-1-
SNID Sep 2026,3,PESHAWAR,SHAH ALAM,MATHRA,WHO,UCPO,3,-11111-11-11-0-
SNID Sep 2026,3,KHYBER,LANDI KOTAL,STATION,WHO,Other (Specify),2,-11111-11-11-0-
SNID Sep 2026,3,KHYBER,LANDI KOTAL,STATION,WHO,Other (Specify),1,-11111-11-11-0-
SNID Sep 2026,3,PESHAWAR,MATTANI,MATTANI,WHO,UCSP,3,-11111-11-11-1-
SNID Sep 2026,3,PESHAWAR,SMT,DEH BAHADAR,WHO,UCPO,7,-11111-11-11-1-
SNID Sep 2026,3,PESHAWAR,MATTANI,MASHOGAGAR,WHO,UCPO,3,-11111111-10-0-
SNID Sep 2026,3,PESHAWAR,CITY,MEHAL TERAI 1,WHO,UCPO,5,-11111-11-11-0-
SNID Sep 2026,3,NOWSHERA,PABBI,KHAN SHER GARHI KHU,WHO,TPO/ TDO,4,-11111111-11-1-
SNID Sep 2026,3,PESHAWAR,SADDAR,BADABER MARYAMZAI,WHO,UCSP,4,-11111-11-11-1-
SNID Sep 2026,3,NOWSHERA,PABBI,DAG BESUD,Government,UCMO,2,-11111-11-11-1-
SNID Sep 2026,3,PESHAWAR,SHAH ALAM,WADPAGA,WHO,UCPO,9,-11111-11-11-0-
SNID Sep 2026,2,MOHMAND,SAFI LAKARO,MASOOD,WHO,Independent Monitor,3,-11010-01-11-0-
SNID Sep 2026,3,PESHAWAR,SADDAR,BADABER HUREZAI,WHO,UCPO,1,-11111-11-11-1-
SNID Sep 2026,3,PESHAWAR,CITY,TEHKAL PAYAN,WHO,UCPO,1,-11111-11-11-0-
SNID Sep 2026,3,PESHAWAR,SMT,HAZARKHWANI 2,WHO,UCPO,8,-11111-11-11-1-
SNID Sep 2026,3,NOWSHERA,PABBI,CHOKI MAMREZ,WHO,UCPO,4,-11111-11-11-1-
SNID Sep 2026,3,PESHAWAR,CITY,SHAHI BAGH,N-STOP,District NSTOP Officer,1,-11111-11-11-0-
SNID Sep 2026,3,KHYBER,BARA,GANDAO,WHO,UCPO,1,-11111-11-11-1-
SNID Sep 2026,3,PESHAWAR,MATTANI,SHEIKH MOHAMMADI,WHO,UCPO,2,-11111-11-11-0-
SNID Sep 2026,3,PESHAWAR,CITY,SIKANDAR TOWN,WHO,UCPO,1,-11111-11-11-1-
SNID Sep 2026,3,PESHAWAR,MATTANI,PISHTAKHARA,WHO,UCPO,3,-11111-11-11-0-
SNID Sep 2026,3,NOWSHERA,NOWSHERA,KHESHGI PAYAN,WHO,Independent Monitor,1,-11111-11-11-1-
SNID Sep 2026,2,MOHMAND,SAFI LAKARO,SAGAI,WHO,UCSP,4,-11111-11-11-1-
SNID Sep 2026,3,PESHAWAR,CITY,KARIM PURA,WHO,UCPO,2,-11111-11-11-1-
SNID Sep 2026,3,PESHAWAR,SHAH ALAM,KHAZANA,WHO,UCPO,4,-11111-11-11-0-
SNID Sep 2026,3,CHARSADA,CHARSADDA,HISARA YASENZAI,WHO,Other (Specify),5,-11111-11-11-1-
SNID Sep 2026,3,PESHAWAR,SHAH ALAM,HARYANA PAYAN,WHO,UCPO,3,-11111-11-11-1-
SNID Sep 2026,3,PESHAWAR,HASSAN KHEL,HASSAN KHEL,WHO,UCSP,1,-11110-11-11-1-
SNID Sep 2026,3,PESHAWAR,SMT,DERI BAGHBANAN,WHO,UCPO,2,-11111-11-11-1-
SNID Sep 2026,3,NOWSHERA,NOWSHERA,KHESHGI BALA,WHO,UCPO,8,-11111-11-11-0-
SNID Sep 2026,3,CHARSADA,CHARSADDA,UMERZAI,WHO,Independent Monitor,3,-11111-11-11-1-
SNID Sep 2026,2,MOHMAND,SAFI LAKARO,SANDO KHEL,WHO,UCPO,7,-11111-11-11-0-
SNID Sep 2026,3,PESHAWAR,SADDAR,CHAMKANI,WHO,UCPO,1,-11111-11-11-1-
SNID Sep 2026,3,PESHAWAR,CITY,ASIA DABGARI,WHO,UCPO,1,-11111-11-11-1-
SNID Sep 2026,3,PESHAWAR,SMT,HAZARKHWANI 2,WHO,UCPO,7,-11111-11-11-1-
SNID Sep 2026,3,CHARSADA,CHARSADDA,UMERZAI,WHO,Independent Monitor,5,-11111-11-11-1-
SNID Sep 2026,2,MOHMAND,SAFI LAKARO,SANDO KHEL,WHO,UCPO,5,-11111-11-11-0-
SNID Sep 2026,3,CHARSADA,CHARSADDA,MC-1 CHARSADDA,N-STOP,District NSTOP Officer,4,-11111-11--1-0-
SNID Sep 2026,3,PESHAWAR,SHAH ALAM,NAHAQI,WHO,UCPO,5,-11111-11-11-1-
SNID Sep 2026,3,PESHAWAR,CITY,HAYAT ABAD 2,WHO,UCPO,6,-11111-11-11-0-
SNID Sep 2026,3,PESHAWAR,SMT,LANDI ARBAB,WHO,UCPO,7,-11111-11-11-1-
SNID Sep 2026,3,PESHAWAR,SHAH ALAM,MATHRA,WHO,Provincial Facilitator (M&E- Campaign- HRMP- EPI-PEI Syn- Training etc),2,-11111-11-11-0-
SNID Sep 2026,3,NOWSHERA,NOWSHERA,AZAKHEL PAYAN,UNICEF,CCO,4,-11111-11-11-1-
SNID Sep 2026,3,PESHAWAR,SMT,BHANA MARI,WHO,UCPO,4,-11111-11-11-0-
SNID Sep 2026,3,KHYBER,BARA,TAUDA CHEENA,WHO,UCPO,2,-11111-11-11-1-
SNID Sep 2026,3,NOWSHERA,PABBI,AKBARPURA,WHO,Independent Monitor,1,-11111-11-11-0-
SNID Sep 2026,3,PESHAWAR,HASSAN KHEL,BORA,WHO,UCPO,3,-11111-11--1-1-
SNID Sep 2026,3,NOWSHERA,NOWSHERA,KHESHGI PAYAN,WHO,Independent Monitor,2,-11101-11-11-1-
SNID Sep 2026,3,PESHAWAR,SHAH ALAM,KHAZANA,WHO,UCPO,6,-11111-11-11-1-
SNID Sep 2026,3,PESHAWAR,SHAH ALAM,TUKHTABAD,WHO,UCPO,3,-11111-11-11-0-
SNID Sep 2026,3,PESHAWAR,SHAH ALAM,KHAZANA,WHO,UCPO,7,-11111-11-11-1-
SNID Sep 2026,3,KHYBER,BARA,FORT SLOPE,WHO,UCPO,3,-11011-11-11-0-
SNID Sep 2026,3,NOWSHERA,JEHANGIRA,AKORA KHATTAK,Government,UCMO,3,-11111-11-11-1-
SNID Sep 2026,3,PESHAWAR,SHAH ALAM,TUKHTABAD,WHO,UCPO,5,-11111-11-11-0-
SNID Sep 2026,3,KHYBER,LANDI KOTAL,LOE SHALMAN B,WHO,UCPO,3,-11111-11-11-0-
SNID Sep 2026,3,PESHAWAR,CITY,KHALSA 2,WHO,UCPO,2,-11111-11-11-1-
SNID Sep 2026,3,KHYBER,BARA,GANDAO,WHO,UCPO,1,-11111-11-11-1-
SNID Sep 2026,3,NOWSHERA,NOWSHERA,BARA BANDA,WHO,UCPO,9,-11111-11-11-0-
SNID Sep 2026,3,PESHAWAR,SHAH ALAM,KANIZA,WHO,UCPO,3,-11111-11-11-1-
SNID Sep 2026,3,PESHAWAR,SHAH ALAM,LARAMA,WHO,UCPO,3,-11111-11-11-0-
SNID Sep 2026,3,PESHAWAR,CITY,HAYAT ABAD 1,Other Partner (BMGF/CDC/RIZ/ROTARY etc),Federal/Provincial/District Facilitator,7,-11111-11-11-0-
SNID Sep 2026,3,PESHAWAR,CITY,TEHKAL BALA,WHO,UCPO,3,-11111-11-11-1-
SNID Sep 2026,3,PESHAWAR,SMT,DEH BAHADAR,WHO,UCPO,5,-11111-11-11-1-
SNID Sep 2026,3,PESHAWAR,SHAH ALAM,NAHAQI,WHO,UCPO,3,-11111-11-11-1-
SNID Sep 2026,3,NOWSHERA,NOWSHERA,PAHARI KATTI KHEL,WHO,UCSP,1,-11111-11-11-0-
SNID Sep 2026,3,CHARSADA,CHARSADDA,MOHAMMAD NARI,WHO,TPO/ TDO,4,-10110-10-00-0-
SNID Sep 2026,3,PESHAWAR,CITY,TEHKAL BALA,WHO,UCPO,2,-11111-11-11-1-
SNID Sep 2026,2,KHYBER,BARA,MASTAK,UNICEF,CBO,1,-11111-11-11-1-
SNID Sep 2026,3,KHYBER,BARA,MASTAK,UNICEF,CBO,8,-11111-11-11-1-
SNID Sep 2026,1,KHYBER,BARA,MASTAK,UNICEF,CBO,3,-11111-11-11-1-
SNID Sep 2026,3,NOWSHERA,JEHANGIRA,JEHANGIRA,WHO,UCPO,1,-11111-11-11-1-
SNID Sep 2026,3,PESHAWAR,CITY,KHALSA 2,WHO,UCPO,7,-11111-11-11-0-
SNID Sep 2026,3,PESHAWAR,SHAH ALAM,SAEEDABAD,WHO,UCPO,4,-11111-11-11-1-
SNID Sep 2026,3,CHARSADA,SHABQADAR,MC-2 SHABQADAR,WHO,TPO/ TDO,2,-11111-11-11-0-
SNID Sep 2026,3,PESHAWAR,SHAH ALAM,TUKHTABAD,WHO,UCPO,2,-11111-11-11-1-
SNID Sep 2026,3,CHARSADA,TANGI,HARICHAND,Government,UCMO,5,-11111-11-11-0-
SNID Sep 2026,3,NOWSHERA,NOWSHERA,KABUL RIVER,WHO,UCPO,5,-11111-11-11-0-
SNID Sep 2026,3,PESHAWAR,CITY,KHALSA 2,WHO,UCPO,8,-11111-11-11-0-
SNID Sep 2026,3,CHARSADA,SHABQADAR,MC-2 SHABQADAR,Government,UCMO,2,-11111-11-11-1-
SNID Sep 2026,3,MOHMAND,PARANG GHAAR,NAO BUCHA,Government,UCMO,1,-11111-11-11-0-
SNID Sep 2026,3,PESHAWAR,SHAH ALAM,DAG,WHO,UCPO,1,-11111-11-11-1-
SNID Sep 2026,3,PESHAWAR,SHAH ALAM,BUDHNI,WHO,UCPO,3,-11111-11-11-0-
SNID Sep 2026,3,PESHAWAR,CITY,KHALSA 1,WHO,UCPO,6,-11111-11-11-0-
SNID Sep 2026,3,PESHAWAR,CITY,CANTT WARD 1,WHO,UCPO,3,-11111-11-11-1-
SNID Sep 2026,3,PESHAWAR,SHAH ALAM,PANAM DHERI,WHO,UCPO,5,-11111-11-11-0-
SNID Sep 2026,3,PESHAWAR,CITY,HASAN GARHI 2,WHO,UCPO,9,-11111-11-11-1-
SNID Sep 2026,3,KHYBER,LANDI KOTAL,TORKHAM,WHO,UCPO,1,-11111-11-11-1-
SNID Sep 2026,3,PESHAWAR,CITY,HASAN GARHI 1,WHO,UCPO,1,-11111-11-11-1-
SNID Sep 2026,3,PESHAWAR,SHAH ALAM,KANKOLA,WHO,UCPO,5,-11111-11-11-0-
SNID Sep 2026,3,PESHAWAR,SHAH ALAM,KANKOLA,WHO,UCPO,6,-11111-11-11-0-
SNID Sep 2026,2,KHYBER,JAMRUD,TIDI BAZAR,UNICEF,CBO,2,-11111011-01-0-
SNID Sep 2026,2,MOHMAND,BAIZAI,LANDI SHAH,WHO,UCSP,2,-11111-11-00-0-
SNID Sep 2026,3,PESHAWAR,SMT,DERI BAGHBANAN,WHO,UCPO,4,-11111-11-11-1-
SNID Sep 2026,3,PESHAWAR,SMT,WAZIR BAGH,WHO,UCSP,3,-11111-11-11-1-
SNID Sep 2026,3,PESHAWAR,SMT,WAZIR BAGH,WHO,UCSP,2,-11111-11-11-1-
SNID Sep 2026,3,PESHAWAR,CITY,SUFAID DHERI,WHO,UCPO,8,-11111-11-11-0-
SNID Sep 2026,3,PESHAWAR,CITY,SUFAID DHERI,WHO,UCPO,5,-11111-11-11-0-
SNID Sep 2026,1,MOHMAND,SAFI LAKARO,MAMAD GAT,WHO,Independent Monitor,1,-11111-11-11-0-
SNID Sep 2026,3,PESHAWAR,SHAH ALAM,KHAZANA,WHO,UCPO,2,-11111-11-11-0-
SNID Sep 2026,3,PESHAWAR,SADDAR,MERA KACHORI,WHO,UCPO,8,-11111-11-11-1-
SNID Sep 2026,3,PESHAWAR,SHAH ALAM,HARYANA PAYAN,WHO,UCPO,5,-11111-11-11-0-
SNID Sep 2026,3,PESHAWAR,SHAH ALAM,HARYANA PAYAN,WHO,UCPO,6,-11111-11-11-0-
SNID Sep 2026,3,PESHAWAR,CITY,MALAKANDHER,WHO,UCPO,8,-11111-11-11-1-
SNID Sep 2026,2,PESHAWAR,CITY,SHAHEEN TOWN,WHO,UCPO,6,-11111-11-11-1-
SNID Sep 2026,2,MOHMAND,SAFI LAKARO,LAKARO,N-STOP,District NSTOP Officer,1,-11111-11-11-1-
SNID Sep 2026,2,MOHMAND,SAFI LAKARO,LAKARO,N-STOP,District NSTOP Officer,3,-11111-11-11-1-
SNID Sep 2026,3,PESHAWAR,MATTANI,MASHOGAGAR,Government,UCMO,5,-11111-11-11-0-
SNID Sep 2026,1,NOWSHERA,NOWSHERA,ZARA MAINA,Government,UCMO,1,-11111-11-11-1-
SNID Sep 2026,2,PESHAWAR,CITY,SHAHEEN TOWN,WHO,UCPO,5,-11111-11-11-1-
SNID Sep 2026,3,PESHAWAR,SHAH ALAM,DAG,WHO,UCPO,4,-11111-11-11-1-
SNID Sep 2026,3,PESHAWAR,SHAH ALAM,NAHAQI,WHO,Other (Specify),4,-11111-11--1-1-
SNID Sep 2026,3,PESHAWAR,SHAH ALAM,SHAHI BALA,WHO,UCPO,3,-11111-11-11-1-
SNID Sep 2026,3,PESHAWAR,SMT,AKHOON ABAD,WHO,UCPO,2,-11111-11-11-0-
SNID Sep 2026,3,PESHAWAR,CITY,HASAN GARHI 2,WHO,UCSP,2,-11111-11-11-1-
SNID Sep 2026,3,CHARSADA,SHABQADAR,MATA MUGHAL KHEL,WHO,Independent Monitor,5,-01110-11-11-1-
SNID Sep 2026,3,CHARSADA,SHABQADAR,MATA MUGHAL KHEL,WHO,Independent Monitor,4,-01111-11-11-1-
SNID Sep 2026,3,PESHAWAR,CITY,SHAHEEN TOWN,WHO,UCPO,1,-11111-11-11-0-
SNID Sep 2026,3,PESHAWAR,SMT,BHANA MARI,WHO,UCPO,1,-11111-11-11-1-
SNID Sep 2026,3,CHARSADA,TANGI,SHERPAO,Government,UCMO,7,-11011111-11-1-
SNID Sep 2026,3,MOHMAND,PARANG GHAAR,NAO BUCHA,UNICEF,CBO,3,-11111-11-11-0-
SNID Sep 2026,3,PESHAWAR,CITY,KHALSA 2,WHO,UCPO,1,-11111-11-11-1-
SNID Sep 2026,2,MOHMAND,AMBAR,HAD KOR,UNICEF,CBO,3,-11111-11-11-0-
SNID Sep 2026,3,PESHAWAR,MATTANI,SARBAND,WHO,UCPO,5,-11111-11-11-1-
SNID Sep 2026,3,NOWSHERA,PABBI,KHAN SHER GARHI KHU,WHO,TPO/ TDO,5,-11111-11-11-1-
SNID Sep 2026,2,MOHMAND,EKKAGHUND,EKKAGHUND,Government,UCMO,5,-11111-11-11-0-
SNID Sep 2026,3,PESHAWAR,SADDAR,SUREZAI PAYAN,WHO,UCPO,5,-11111-11-11-0-
SNID Sep 2026,3,PESHAWAR,SADDAR,MUSAZAI,WHO,UCPO,3,-11111-11-11-1-
SNID Sep 2026,3,NOWSHERA,NOWSHERA,ZIARAT KAKA SAHIB,WHO,Other (Specify),2,-11111011-11-1-
SNID Sep 2026,3,NOWSHERA,NOWSHERA,ZIARAT KAKA SAHIB,WHO,Other (Specify),3,-11111011-11-1-
SNID Sep 2026,3,PESHAWAR,SHAH ALAM,MATHRA,WHO,UCPO,4,-11111-11-11-0-
SNID Sep 2026,3,PESHAWAR,SADDAR,MUSAZAI,WHO,UCPO,1,-11111-11-11-0-
SNID Sep 2026,2,MOHMAND,SAFI LAKARO,MAMAD GAT,Government,UCMO,2,-11111-11-11-0-
SNID Sep 2026,2,MOHMAND,SAFI LAKARO,MAMAD GAT,Government,UCMO,1,-11111-11-11-0-
SNID Sep 2026,3,PESHAWAR,SHAH ALAM,PAKHA GHULAM,WHO,UCPO,3,-11111-11-11-1-
SNID Sep 2026,3,CHARSADA,TANGI,SHERPAO,WHO,UCPO,6,-11011-11-11-1-
SNID Sep 2026,3,CHARSADA,TANGI,SHERPAO,WHO,UCPO,7,-11011-11-11-1-
SNID Sep 2026,3,CHARSADA,SHABQADAR,BATTAGRAM,WHO,UCPO,1,-11111-11-11-1-
SNID Sep 2026,2,MOHMAND,PANDIALI,PANDIALI,UNICEF,CCO,3,-11111-11-11-0-
SNID Sep 2026,3,CHARSADA,SHABQADAR,BATTAGRAM,WHO,UCPO,2,-11111-11-11-0-
SNID Sep 2026,3,PESHAWAR,CITY,SUFAID DHERI,WHO,UCPO,2,-11111-11-11-1-
SNID Sep 2026,3,PESHAWAR,CITY,SUFAID DHERI,WHO,UCPO,3,-11111-11-11-1-
SNID Sep 2026,3,KHYBER,LANDI KOTAL,LOE SHALMAN A,WHO,UCPO,3,-11111-11-11-1-
SNID Sep 2026,3,PESHAWAR,SADDAR,MERA KACHORI,WHO,UCPO,7,-11111-11-11-1-
SNID Sep 2026,3,KHYBER,LANDI KOTAL,KAM SHALMAN,WHO,UCPO,3,-11111111-11-1-
SNID Sep 2026,3,PESHAWAR,MATTANI,ACHINI,WHO,UCPO,7,-11111-11-11-1-
SNID Sep 2026,3,PESHAWAR,HASSAN KHEL,MANDAI,WHO,Independent Monitor,4,-11111-11-11-0-
SNID Sep 2026,3,PESHAWAR,HASSAN KHEL,MANDAI,WHO,Independent Monitor,2,-11111-11-11-0-
SNID Sep 2026,5,NOWSHERA,NOWSHERA,AZAKHEL BALA,WHO,UCPO,5,-11111-11-11-1-
SNID Sep 2026,3,PESHAWAR,CITY,PALOSI,WHO,UCPO,6,-11111-11-11-1-
SNID Sep 2026,3,NOWSHERA,NOWSHERA,NAWA KALY,WHO,UCPO,6,-11111-11-11-0-
SNID Sep 2026,3,NOWSHERA,NOWSHERA,NAWA KALY,WHO,UCPO,4,-11111-11-11-0-
SNID Sep 2026,3,PESHAWAR,CITY,JEHANGIR PURA,WHO,UCPO,2,-11111-11-11-0-
SNID Sep 2026,3,KHYBER,JAMRUD,NEW ABADI,WHO,UCPO,3,-11111-11-11-0-
SNID Sep 2026,3,PESHAWAR,HASSAN KHEL,BORA,WHO,Independent Monitor,1,-11110-11--1-0-
SNID Sep 2026,3,PESHAWAR,CITY,CANTT WARD 4,WHO,UCPO,2,-11111-11-11-0-
SNID Sep 2026,2,MOHMAND,PANDIALI,PANDIALI,UNICEF,CCO,4,-11111-11-11-0-
SNID Sep 2026,3,CHARSADA,SHABQADAR,BATTAGRAM,Government,UCMO,8,-11111-11-11-0-
SNID Sep 2026,2,MOHMAND,KHAWEZAI,JUMA KHEL,WHO,Area Coordinator / District Coordinator,1,-11011-11--1-1-
SNID Sep 2026,2,MOHMAND,KHAWEZAI,JUMA KHEL,WHO,Area Coordinator / District Coordinator,3,-00001-11--1-0-
SNID Sep 2026,3,PESHAWAR,SADDAR,URMAR BALA,WHO,UCPO,13,-11111-11-11-1-
SNID Sep 2026,3,PESHAWAR,SADDAR,URMAR BALA,WHO,UCPO,6,-11111-11-11-1-
SNID Sep 2026,3,PESHAWAR,CITY,HASAN GARHI 1,WHO,UCPO,8,-11111-11-11-0-
SNID Sep 2026,3,PESHAWAR,SADDAR,URMAR PAYAN,WHO,UCPO,4,-11111-11-11-0-
SNID Sep 2026,3,KHYBER,LANDI KOTAL,KARAMNA,Government,UCMO,2,-11111-11-11-1-
SNID Sep 2026,3,PESHAWAR,SADDAR,URMAR MIANA,WHO,UCPO,2,-11111-11-11-0-
SNID Sep 2026,3,PESHAWAR,SHAH ALAM,GULBELA,WHO,UCPO,7,-11111-11-11-0-
SNID Sep 2026,2,MOHMAND,PANDIALI,TAMANZAI,WHO,TPO/ TDO,2,-11111-11--1-0-
SNID Sep 2026,2,MOHMAND,PANDIALI,TAMANZAI,WHO,TPO/ TDO,3,-11111-11-11-0-
SNID Sep 2026,3,NOWSHERA,PABBI,SPINKHAK,WHO,Other (Specify),6,-11111-11-11-1-
SNID Sep 2026,2,MOHMAND,SAFI LAKARO,MASOOD,WHO,Independent Monitor,2,-11011-10-11-0-
SNID Sep 2026,3,PESHAWAR,SMT,HAZARKHWANI 2,WHO,UCPO,4,-11111-11-11-1-
SNID Sep 2026,3,PESHAWAR,SHAH ALAM,PANAM DHERI,WHO,UCPO,4,-11111-11-11-1-
SNID Sep 2026,3,KHYBER,LANDI KOTAL,KARAMNA,WHO,UCPO,3,-11111-11-11-0-
SNID Sep 2026,3,PESHAWAR,SHAH ALAM,KANIZA,WHO,UCPO,5,-11111-11-11-0-
SNID Sep 2026,3,PESHAWAR,SMT,KAKSHAL 2,WHO,Other (Specify),1,-11111-11-11-0-
SNID Sep 2026,3,PESHAWAR,SMT,KAKSHAL 2,WHO,Other (Specify),2,-11111-11-11-1-
SNID Sep 2026,2,KHYBER,BARA,GANDAO,WHO,TPO/ TDO,2,-11111-11-11-0-
SNID Sep 2026,2,MOHMAND,HALEEMZAI,KAMALI,Government,UCMO,5,-11111-11-11-0-
SNID Sep 2026,3,KHYBER,LANDI KOTAL,STATION,WHO,UCPO,2,-11111-11-11-1-
SNID Sep 2026,3,KHYBER,LANDI KOTAL,LOE SHALMAN B,WHO,UCPO,4,-11111-11-11-1-
SNID Sep 2026,3,PESHAWAR,HASSAN KHEL,KOHI,WHO,UCPO,1,-11111-11-10-0-
SNID Sep 2026,3,PESHAWAR,HASSAN KHEL,KOHI,WHO,UCPO,2,-11111-11-10-0-
SNID Sep 2026,3,PESHAWAR,CITY,HASAN GARHI 1,WHO,UCPO,1,-11111-11-11-1-
SNID Sep 2026,3,NOWSHERA,NOWSHERA,AZAKHEL BALA,UNICEF,CBO,1,-11111-11-11-0-
SNID Sep 2026,3,NOWSHERA,JEHANGIRA,ADAMZAI,WHO,Other (Specify),2,-11111-11--1-0-
SNID Sep 2026,3,NOWSHERA,NOWSHERA,AZAKHEL BALA,UNICEF,CBO,4,-11111-11-11-0-
SNID Sep 2026,3,PESHAWAR,SADDAR,AZAKHEL TELABAND,WHO,UCSP,3,-11111-11-11-1-
SNID Sep 2026,2,MOHMAND,BAIZAI,KODA KHEL,Government,UCMO,3,-11111-11-11-1-
SNID Sep 2026,3,NOWSHERA,JEHANGIRA,ADAMZAI,WHO,Other (Specify),4,-11111-11--1-0-
SNID Sep 2026,2,MOHMAND,BAIZAI,KODA KHEL,Government,UCMO,3,-11111-11-11-1-
SNID Sep 2026,3,PESHAWAR,SADDAR,AZAKHEL TELABAND,WHO,UCSP,5,-11111-11-11-1-
SNID Sep 2026,3,PESHAWAR,SHAH ALAM,CHAGARMATI,WHO,UCPO,5,-11111-11-11-1-
SNID Sep 2026,3,PESHAWAR,SHAH ALAM,PAJAGI,WHO,UCPO,6,-11111-11-11-1-
SNID Sep 2026,3,PESHAWAR,SMT,SHAHEEN MUSLIM TWN1,WHO,UCPO,2,-11111-11-11-1-
SNID Sep 2026,3,PESHAWAR,SMT,SHAHEEN MUSLIM TWN1,WHO,UCPO,3,-11111-11-11-1-
SNID Sep 2026,3,PESHAWAR,SADDAR,URMAR MIANA,WHO,UCPO,3,-11111-11-11-0-
SNID Sep 2026,3,PESHAWAR,CITY,KAKSHAL,WHO,UCPO,4,-11111-11-11-0-
SNID Sep 2026,3,PESHAWAR,CITY,KAKSHAL,WHO,UCPO,4,-11111-11--1-0-
SNID Sep 2026,3,MOHMAND,PARANG GHAAR,UMAR KHEL,WHO,UCPO,5,-11111-11-01-1-
SNID Sep 2026,3,PESHAWAR,CITY,JEHANGIR PURA,WHO,UCPO,2,-11111-11-11-0-
SNID Sep 2026,3,PESHAWAR,CITY,JEHANGIR PURA,WHO,UCPO,1,-11111-11-11-0-
SNID Sep 2026,3,NOWSHERA,PABBI,SPINKHAK,WHO,Other (Specify),3,-00100-00-00-0-
SNID Sep 2026,2,MOHMAND,AMBAR,KHARAI,Government,UCMO,1,-11111-11-11-1-
SNID Sep 2026,2,MOHMAND,SAFI LAKARO,SANDO KHEL,Other Partner (BMGF/CDC/RIZ/ROTARY etc),Federal/Provincial/District Facilitator,4,-11010-11-00-0-
SNID Sep 2026,3,NOWSHERA,JEHANGIRA,KAHI,WHO,TPO/ TDO,6,-11111-11-11-0-
SNID Sep 2026,3,NOWSHERA,JEHANGIRA,KAHI,WHO,TPO/ TDO,7,-00101-11-11-0-
SNID Sep 2026,3,CHARSADA,SHABQADAR,RASHAKI,WHO,UCPO,2,-11111-11-11-0-
SNID Sep 2026,3,PESHAWAR,SADDAR,MUSAZAI,UNICEF,CBO,2,-11111-11-11-0-
SNID Sep 2026,3,KHYBER,BARA,MILWARD B,WHO,UCPO,5,-11111-11-11-1-
SNID Sep 2026,2,MOHMAND,HALEEMZAI,GHALLANAI,Government,Area Incharge (AIC),1,-11111-11-11-0-
SNID Sep 2026,3,PESHAWAR,HASSAN KHEL,MANDAI,WHO,UCPO,1,-11111-11-11-1-
SNID Sep 2026,3,KHYBER,LANDI KOTAL,TORA WELA,WHO,Independent Monitor,1,-11011-11-11-1-
SNID Sep 2026,3,KHYBER,LANDI KOTAL,TORA WELA,WHO,Independent Monitor,2,-11011-11-11-1-
SNID Sep 2026,2,MOHMAND,PANDIALI,ZAHOO,WHO,UCPO,2,-11111-11-11-0-
SNID Sep 2026,3,PESHAWAR,HASSAN KHEL,BARKI,WHO,Independent Monitor,2,-11011-11-11-0-
SNID Sep 2026,2,MOHMAND,HALEEMZAI,KAMALI,Government,Area Incharge (AIC),1,-11111-11-11-0-
SNID Sep 2026,2,MOHMAND,HALEEMZAI,KAMALI,WHO,TPO/ TDO,2,-11111-11-11-0-
SNID Sep 2026,3,KHYBER,BARA,SHALOBAR,WHO,Independent Monitor,1,-11011-11-11-1-
SNID Sep 2026,3,PESHAWAR,CITY,KHALSA 1,WHO,UCPO,2,-11111-11-11-1-
SNID Sep 2026,3,KHYBER,BARA,SHALOBAR,WHO,Independent Monitor,3,-11011-11-11-1-
SNID Sep 2026,3,KHYBER,BARA,MILWARD A,WHO,UCPO,6,-11111-11-11-1-
SNID Sep 2026,3,KHYBER,LANDI KOTAL,LOE SHALMAN A,WHO,UCPO,3,-11111-11-11-1-
SNID Sep 2026,2,MOHMAND,SAFI LAKARO,MAMAD GAT,WHO,Other (Specify),3,-11111-11-11-0-
SNID Sep 2026,2,MOHMAND,SAFI LAKARO,MAMAD GAT,WHO,TPO/ TDO,2,-11110-10-01-0-
SNID Sep 2026,3,PESHAWAR,SADDAR,SHERAKERA,WHO,UCPO,2,-11111-11-11-0-
SNID Sep 2026,3,PESHAWAR,SADDAR,SHERAKERA,WHO,UCPO,4,-11111-11-01-0-
SNID Sep 2026,2,MOHMAND,HALEEMZAI,KAMALI,WHO,UCSP,2,-11111-11-00-0-
SNID Sep 2026,3,KHYBER,JAMRUD,PAINDI LALMA,WHO,UCPO,2,-11111-11-11-0-
SNID Sep 2026,3,KHYBER,JAMRUD,PAINDI LALMA,WHO,UCPO,4,-11111-11-11-0-
SNID Sep 2026,2,KHYBER,TIRAH MAIDAN,PAGDARA,WHO,UCPO,4,-11111-11-11-1-
SNID Sep 2026,3,KHYBER,JAMRUD,CHAPARI,WHO,UCPO,1,-11111-11-11-0-
SNID Sep 2026,2,MOHMAND,SAFI LAKARO,ALINGAR,WHO,UCPO,2,-11111-11-11-0-
SNID Sep 2026,3,PESHAWAR,HASSAN KHEL,KOHI,WHO,Independent Monitor,2,-11111-11-10-0-
SNID Sep 2026,3,PESHAWAR,HASSAN KHEL,KOHI,WHO,Independent Monitor,1,-11111-11-10-0-
SNID Sep 2026,3,KHYBER,BARA,FORT SLOPE,WHO,UCPO,1,-11111-11-11-1-
SNID Sep 2026,3,PESHAWAR,SHAH ALAM,JOGANI,WHO,UCPO,1,-11111-11-11-1-
SNID Sep 2026,3,PESHAWAR,SHAH ALAM,HARYANA PAYAN,WHO,District Polio Officer,6,-11111-11-11-0-
SNID Sep 2026,3,PESHAWAR,SHAH ALAM,MATHRA,WHO,UCPO,2,-11111-11-11-0-
SNID Sep 2026,3,PESHAWAR,SADDAR,SUREZAI BALA,WHO,UCPO,5,-11111-11-11-0-
SNID Sep 2026,3,PESHAWAR,SADDAR,SUREZAI BALA,WHO,UCPO,4,-11111-11-11-1-
SNID Sep 2026,2,MOHMAND,SAFI LAKARO,MAMAD GAT,WHO,District Polio Officer,1,-11010-11-11-0-
SNID Sep 2026,3,PESHAWAR,CITY,HAYAT ABAD 1,WHO,UCPO,7,-11111-11-11-0-
SNID Sep 2026,3,PESHAWAR,SMT,CANTT WARD 5,WHO,UCPO,2,-11111-11-11-1-
SNID Sep 2026,3,PESHAWAR,SMT,CANTT WARD 5,WHO,UCPO,4,-11111-11-11-1-
SNID Sep 2026,3,PESHAWAR,SHAH ALAM,SAEEDABAD,WHO,UCPO,2,-11111-11-11-1-
SNID Sep 2026,3,PESHAWAR,SHAH ALAM,SAEEDABAD,WHO,UCPO,3,-11111-11-11-1-
SNID Sep 2026,2,KHYBER,LANDI KOTAL,SULTAN KHEL B,WHO,UCPO,2,-11111-11-11-1-
SNID Sep 2026,3,KHYBER,LANDI KOTAL,SULTAN KHEL B,WHO,UCPO,3,-11111-11-11-1-
SNID Sep 2026,3,KHYBER,JAMRUD,GHUNDI A,WHO,UCPO,13,-11111-11-11-0-
SNID Sep 2026,3,MOHMAND,PARANG GHAAR,ASGHAR,Government,UCMO,1,-11111-11-11-1-
SNID Sep 2026,3,MOHMAND,PARANG GHAAR,ASGHAR,Government,UCMO,3,-11111-11-11-1-
SNID Sep 2026,3,PESHAWAR,HASSAN KHEL,FARIDI,WHO,Independent Monitor,4,-11111-11-11-1-
SNID Sep 2026,3,PESHAWAR,HASSAN KHEL,FARIDI,WHO,Independent Monitor,1,-11111-11-11-1-
SNID Sep 2026,3,PESHAWAR,CITY,TEHKAL PAYAN,WHO,UCPO,3,-11111-11-11-0-
SNID Sep 2026,3,NOWSHERA,NOWSHERA,KHESHGI PAYAN,UNICEF,CBO,6,-11111-11-01-0-
SNID Sep 2026,3,NOWSHERA,NOWSHERA,KHESHGI PAYAN,UNICEF,CBO,4,-11111-11-11-1-
SNID Sep 2026,2,MOHMAND,BAIZAI,KODA KHEL,WHO,TPO/ TDO,2,-00101-11-11-0-
SNID Sep 2026,3,PESHAWAR,CITY,HAYAT ABAD 1,WHO,UCPO,4,-11111-11-11-0-
SNID Sep 2026,3,KHYBER,LANDI KOTAL,TIRAH BAZAR B,Government,UCMO,10,-11111-11-11-1-
SNID Sep 2026,3,KHYBER,LANDI KOTAL,SULTAN KHEL B,WHO,UCPO,6,-11111-11-11-1-
SNID Sep 2026,2,MOHMAND,AMBAR,CHARGOLAI,WHO,Independent Monitor,4,-00000-01-11-0-
SNID Sep 2026,2,MOHMAND,AMBAR,CHARGOLAI,WHO,Independent Monitor,3,-00100-01-11-0-
SNID Sep 2026,3,PESHAWAR,CITY,CANTT WARD 2,WHO,UCSP,2,-11111-11-11-0-
SNID Sep 2026,3,PESHAWAR,CITY,CANTT WARD 2,WHO,UCSP,1,-11111-11-11-0-
SNID Sep 2026,4,KHYBER,BARA,SRA CHEENA,Government,UCMO,2,-11111-11-11-1-
SNID Sep 2026,4,KHYBER,JAMRUD,NEW ABADI,Government,UCMO,7,-11111-11-11-1-
SNID Sep 2026,4,KHYBER,JAMRUD,NEW ABADI,WHO,UCPO,2,-11111-11-11-0-
SNID Sep 2026,3,PESHAWAR,SADDAR,MERA SUREZAI PAYAN,WHO,UCPO,4,-11111-11-11-0-
SNID Sep 2026,3,PESHAWAR,SADDAR,MERA SUREZAI PAYAN,WHO,UCPO,3,-11111-11-11-0-
SNID Sep 2026,3,PESHAWAR,CITY,MALAKANDHER,WHO,UCSP,5,-11111-11-11-1-
SNID Sep 2026,3,PESHAWAR,CITY,MALAKANDHER,WHO,UCSP,4,-11111-11-11-1-
SNID Sep 2026,4,KHYBER,JAMRUD,MIA MORCHA,WHO,UCPO,1,-11111-11-11-1-
SNID Sep 2026,2,MOHMAND,BAIZAI,WARSAK,Government,UCMO,2,-11111-11-11-1-
SNID Sep 2026,4,PESHAWAR,SADDAR,URMAR MIANA,Government,Area Incharge (AIC),5,-11111-11-11-1-
SNID Sep 2026,4,PESHAWAR,SADDAR,SUREZAI PAYAN,WHO,UCPO,1,-11111-11-11-0-
SNID Sep 2026,4,KHYBER,BARA,GANDAO,UNICEF,Provincial Facilitator (Health Specialists/Officers- Communication- SBC Specialists/Officers-VMO- M and E Officer- Media Specialist- Provincial Communication Officer-Training etc),1,-11111-11-11-0-
SNID Sep 2026,4,NOWSHERA,JEHANGIRA,MERA AKORA,WHO,UCPO,14,-11111-11-11-0-
SNID Sep 2026,4,PESHAWAR,CITY,ASIA DABGARI,WHO,UCPO,2,-11111-11--1-1-
SNID Sep 2026,3,PESHAWAR,MATTANI,MATTANI,WHO,UCPO,2,-11111-11-11-1-
SNID Sep 2026,3,PESHAWAR,MATTANI,MATTANI,WHO,UCPO,1,-11111-11-11-1-
SNID Sep 2026,4,KHYBER,JAMRUD,LOWARA MIANA,WHO,UCPO,1,-11111-11-11-1-
SNID Sep 2026,4,NOWSHERA,JEHANGIRA,MERA AKORA,WHO,UCPO,12,-11111-11-11-0-
SNID Sep 2026,4,KHYBER,JAMRUD,SUR KAMAR,WHO,Independent Monitor,4,-11111-11-11-1-
SNID Sep 2026,4,PESHAWAR,SADDAR,MUSAZAI,WHO,UCPO,4,-11111-11-11-1-
SNID Sep 2026,4,KHYBER,BARA,JANBAZ A,WHO,UCPO,2,-11111011-11-1-
SNID Sep 2026,4,PESHAWAR,SMT,HAZARKHWANI 1,WHO,UCPO,2,-11111-11-11-1-
SNID Sep 2026,4,NOWSHERA,JEHANGIRA,MERA AKORA,WHO,UCPO,13,-11111-11-11-0-
SNID Sep 2026,4,PESHAWAR,SHAH ALAM,JOGANI,WHO,UCPO,3,-11111-11-11-0-
SNID Sep 2026,4,PESHAWAR,CITY,PAWAKA,WHO,UCPO,7,-11111-11-11-1-
SNID Sep 2026,4,PESHAWAR,SMT,SHEIKH JUNAID ABAD,WHO,UCPO,3,-11111-11-11-1-
SNID Sep 2026,4,PESHAWAR,SHAH ALAM,KANIZA,WHO,UCPO,4,-11111-11-11-1-
SNID Sep 2026,4,PESHAWAR,CITY,MEHAL TERAI 2,WHO,UCPO,8,-11111-11-11-1-
SNID Sep 2026,4,PESHAWAR,SMT,DEH BAHADAR,WHO,Independent Monitor,4,-11111-11-11-0-
SNID Sep 2026,4,KHYBER,BARA,FORT SLOPE,WHO,UCPO,4,-11011-11-11-1-
SNID Sep 2026,4,PESHAWAR,MATTANI,SARBAND,WHO,UCPO,5,-11111-11-11-0-
SNID Sep 2026,4,PESHAWAR,SHAH ALAM,GULBELA,WHO,UCPO,8,-11111-11-11-0-
SNID Sep 2026,1,KHYBER,BARA,NOGAZI BABA,WHO,UCPO,2,-11111-11-11-0-
SNID Sep 2026,4,KHYBER,BARA,NOGAZI BABA,Government,UCMO,1,-11111-11-11-0-
SNID Sep 2026,4,PESHAWAR,SADDAR,URMAR MIANA,Government,Area Incharge (AIC),5,-11111-11-11-1-
SNID Sep 2026,4,KHYBER,JAMRUD,GHUNDI B,WHO,UCPO,6,-11111-11-11-0-
SNID Sep 2026,4,PESHAWAR,CITY,TEHKAL BALA,WHO,UCPO,8,-11111-11-11-1-
SNID Sep 2026,4,KHYBER,JAMRUD,LOWARA MIANA,WHO,UCPO,2,-11111-11-11-0-
SNID Sep 2026,4,PESHAWAR,SMT,DEH BAHADAR,WHO,UCPO,4,-11111-11-11-1-
SNID Sep 2026,4,KHYBER,LANDI KOTAL,MIRDAD KHEL,WHO,UCPO,4,-11111-11-11-1-
SNID Sep 2026,4,KHYBER,JAMRUD,SHAH KAS B,WHO,UCPO,6,-11111-11-11-0-
SNID Sep 2026,4,KHYBER,JAMRUD,GHUNDI A,WHO,UCPO,2,-11111-11-11-0-
SNID Sep 2026,4,PESHAWAR,CITY,TEHKAL PAYAN,UNICEF,Provincial Facilitator (Health Specialists/Officers- Communication- SBC Specialists/Officers-VMO- M and E Officer- Media Specialist- Provincial Communication Officer-Training etc),3,-11111-11-11-0-
SNID Sep 2026,4,PESHAWAR,SADDAR,URMAR BALA,WHO,UCPO,17,-11111-11-11-1-
SNID Sep 2026,4,KHYBER,LANDI KOTAL,KHUGA KHEL,WHO,UCPO,5,-11111-11-11-1-
SNID Sep 2026,4,PESHAWAR,SMT,NOTHIA QADEEM,WHO,UCPO,1,-11111-11-11-1-
SNID Sep 2026,4,PESHAWAR,SMT,NOTHIA QADEEM,Government,UCMO,1,-11111-11-11-1-
SNID Sep 2026,4,PESHAWAR,SHAH ALAM,PANAM DHERI,WHO,UCPO,1,-11111-11-11-1-
SNID Sep 2026,4,PESHAWAR,SMT,NOTHIA QADEEM,Government,UCMO,1,-11111-11-11-1-
SNID Sep 2026,4,CHARSADA,CHARSADDA,MC-1 CHARSADDA,N-STOP,District NSTOP Officer,2,-11111-11-11-0-
SNID Sep 2026,4,PESHAWAR,SMT,HAZARKHWANI 1,WHO,UCPO,3,-11111-11-11-1-
SNID Sep 2026,3,MOHMAND,EKKAGHUND,EKKAGHUND,Other Partner (BMGF/CDC/RIZ/ROTARY etc),Federal/Provincial/District Facilitator,3,-11011-11-11-0-
SNID Sep 2026,4,CHARSADA,SHABQADAR,MC-2 SHABQADAR,Government,UCMO,1,-11111-11-11-1-
SNID Sep 2026,4,PESHAWAR,SHAH ALAM,KHAZANA,WHO,UCPO,5,-11111-11-11-0-
SNID Sep 2026,4,PESHAWAR,SMT,NOTHIA JADEED,WHO,UCPO,2,-11111-11-11-1-
SNID Sep 2026,4,KHYBER,LANDI KOTAL,SULTAN KHEL A,WHO,UCPO,3,-01111011-11-1-
SNID Sep 2026,4,PESHAWAR,MATTANI,SULEMAN KHEIL,WHO,UCPO,1,-11111-11-11-0-
SNID Sep 2026,1,KHYBER,LANDI KOTAL,TIRAH BAZAR A,WHO,UCPO,6,-11111-11-11-1-
SNID Sep 2026,2,KHYBER,LANDI KOTAL,TIRAH BAZAR A,WHO,UCPO,7,-11111-11-11-1-
SNID Sep 2026,3,PESHAWAR,CITY,PAWAKA,WHO,UCPO,5,-11111-11-11-1-
SNID Sep 2026,3,PESHAWAR,CITY,PAWAKA,WHO,UCPO,4,-11111-11-11-1-
SNID Sep 2026,4,PESHAWAR,SHAH ALAM,JOGANI,WHO,UCPO,4,-11111-11-11-0-
SNID Sep 2026,4,PESHAWAR,SADDAR,URMAR BALA,WHO,UCPO,3,-11111-11-11-0-
SNID Sep 2026,3,PESHAWAR,SADDAR,URMAR BALA,WHO,UCPO,8,-11111-11-11-0-
SNID Sep 2026,3,PESHAWAR,SADDAR,URMAR BALA,WHO,UCPO,9,-11111-11-11-0-
SNID Sep 2026,4,PESHAWAR,SADDAR,ADEZAI,WHO,UCPO,7,-11111-11-11-0-
SNID Sep 2026,4,PESHAWAR,CITY,KHALSA 1,WHO,UCPO,4,-11111-11-11-0-
SNID Sep 2026,4,KHYBER,BARA,ABDULLAH JAN,Government,UCMO,1,-11111-11-11-1-
SNID Sep 2026,4,PESHAWAR,SHAH ALAM,JOGANI,WHO,UCPO,5,-11111-11-11-1-
SNID Sep 2026,4,PESHAWAR,SHAH ALAM,KAFOOR DHERI,WHO,UCPO,3,-11111-11-11-1-
SNID Sep 2026,4,PESHAWAR,CITY,MEHAL TERAI 1,WHO,UCSP,3,-11111-11-11-1-
SNID Sep 2026,4,PESHAWAR,CITY,TEHKAL PAYAN 2 IRRIG,WHO,UCSP,3,-11111-11-11-1-
SNID Sep 2026,4,KHYBER,LANDI KOTAL,SULTAN KHEL A,Government,UCMO,1,-11111-11-11-1-
SNID Sep 2026,4,PESHAWAR,SADDAR,ADEZAI,WHO,Independent Monitor,7,-11111-11-11-1-
SNID Sep 2026,4,PESHAWAR,SMT,AKHOON ABAD,WHO,UCPO,3,-11111-11-11-0-
SNID Sep 2026,4,PESHAWAR,SADDAR,AZAKHEL TELABAND,WHO,UCPO,1,-11111-11-11-1-
SNID Sep 2026,4,PESHAWAR,CITY,HASAN GARHI 2,WHO,UCSP,9,-11111-11-11-1-
SNID Sep 2026,3,KHYBER,LANDI KOTAL,TIRAH BAZAR A,WHO,UCPO,1,-11111-11-11-1-
SNID Sep 2026,4,PESHAWAR,MATTANI,MATTANI,WHO,UCSP,5,-11111-11-11-0-
SNID Sep 2026,4,PESHAWAR,CITY,ASIA DABGARI,WHO,UCPO,3,-11111-11-11-1-
SNID Sep 2026,4,NOWSHERA,PABBI,AMANKOT,WHO,Other (Specify),2,-11111-11-11-1-
SNID Sep 2026,4,KHYBER,BARA,MANDI KAS,WHO,UCPO,4,-11111-11-11-1-
SNID Sep 2026,4,PESHAWAR,SHAH ALAM,WADPAGA,WHO,UCPO,6,-11111-11-11-0-
SNID Sep 2026,4,PESHAWAR,SADDAR,MARYAM ZAI,WHO,UCSP,5,-11111-11-11-0-
SNID Sep 2026,4,PESHAWAR,SMT,YAKATOOT 3,WHO,UCPO,1,-11111-11-11-0-
SNID Sep 2026,4,KHYBER,BARA,MASTAK,WHO,UCPO,8,-11111-11-11-1-
SNID Sep 2026,4,NOWSHERA,NOWSHERA,NOWSHERA CITY,N-STOP,District NSTOP Officer,1,-11111-11-11-1-
SNID Sep 2026,3,MOHMAND,SAFI LAKARO,MASOOD,Government,UCMO,3,-11111-11-11-1-
SNID Sep 2026,4,PESHAWAR,CITY,PALOSI,WHO,UCPO,1,-11111-11-11-1-
SNID Sep 2026,4,PESHAWAR,CITY,GULBAHAR,WHO,UCSP,3,-11111-11-11-1-
SNID Sep 2026,3,PESHAWAR,SMT,YAKATOOT 3,WHO,UCSP,4,-11111-11-11-0-
SNID Sep 2026,4,PESHAWAR,SHAH ALAM,JOGANI,WHO,UCPO,2,-11111-11-11-1-
SNID Sep 2026,4,PESHAWAR,SHAH ALAM,SAEEDABAD,WHO,UCPO,7,-11111-11-11-1-
SNID Sep 2026,4,KHYBER,JAMRUD,ALI MASJID A,WHO,UCPO,1,-11111-11-11-1-
SNID Sep 2026,4,PESHAWAR,SMT,BHANA MARI,WHO,UCPO,1,-11111-11-11-0-
SNID Sep 2026,4,PESHAWAR,MATTANI,PISHTAKHARA,WHO,UCPO,7,-11111-11-11-0-
SNID Sep 2026,4,KHYBER,LANDI KOTAL,TORKHAM,Government,UCMO,2,-11111-11-11-1-
SNID Sep 2026,4,PESHAWAR,SMT,NOTHIA JADEED,WHO,UCPO,1,-11111-11-11-1-
SNID Sep 2026,4,PESHAWAR,SMT,NOTHIA JADEED,N-STOP,District NSTOP Officer,1,-11111-11-11-1-
SNID Sep 2026,4,CHARSADA,SHABQADAR,MC-2 SHABQADAR,Government,UCMO,2,-11111-11-11-1-
SNID Sep 2026,3,MOHMAND,SAFI LAKARO,LAKARO,Government,UCMO,3,-11111-11-11-1-
SNID Sep 2026,4,PESHAWAR,SMT,HAZARKHWANI 2,WHO,UCPO,6,-11111-11-11-1-
SNID Sep 2026,4,NOWSHERA,JEHANGIRA,SHAIDU,Government,UCMO,1,-11111-11-11-0-
SNID Sep 2026,4,PESHAWAR,SMT,HAZARKHWANI 1,WHO,UCPO,5,-11111-11-11-1-
SNID Sep 2026,3,MOHMAND,SAFI LAKARO,ALINGAR,WHO,Independent Monitor,1,-11010-01-11-0-
SNID Sep 2026,4,NOWSHERA,PABBI,CHOKI MAMREZ,WHO,UCPO,5,-11111-11-11-0-
SNID Sep 2026,4,KHYBER,BARA,GANDAO,Government,UCMO,3,-11111-11-11-1-
SNID Sep 2026,4,NOWSHERA,NOWSHERA,GANDHERI,WHO,UCPO,2,-11111-11-11-1-
SNID Sep 2026,4,PESHAWAR,CITY,ASIA DABGARI,WHO,UCPO,6,-11111-11-11-1-
SNID Sep 2026,4,CHARSADA,TANGI,HARICHAND,Government,UCMO,1,-11111-11-11-1-
SNID Sep 2026,4,PESHAWAR,SADDAR,CHAMKANI,WHO,UCPO,6,-11111-11-11-1-
SNID Sep 2026,4,PESHAWAR,CITY,SHAHEEN TOWN,UNICEF,CBO,6,-11111-11-11-0-
SNID Sep 2026,4,KHYBER,BARA,MASTAK,WHO,UCPO,2,-11111-11-11-0-
SNID Sep 2026,3,MOHMAND,PANDIALI,ZAHOO,Government,UCMO,4,-11111-11-11-0-
SNID Sep 2026,4,PESHAWAR,SADDAR,URMAR MIANA,WHO,UCPO,3,-11111-11-11-0-
SNID Sep 2026,4,PESHAWAR,SMT,HAZARKHWANI 2,WHO,UCSP,10,-11111-11-11-1-
SNID Sep 2026,4,PESHAWAR,CITY,KHALSA 2,WHO,UCPO,3,-11111-11-11-0-
SNID Sep 2026,4,PESHAWAR,MATTANI,BAZID KHEL,UNICEF,CBO,6,-11111-11-11-1-
SNID Sep 2026,4,KHYBER,LANDI KOTAL,KHUGA KHEL,WHO,UCPO,3,-11111-11-11-1-
SNID Sep 2026,4,PESHAWAR,SADDAR,URMAR BALA,WHO,UCPO,16,-11111-11-11-1-
SNID Sep 2026,3,MOHMAND,EKKAGHUND,AQRAB DAG,WHO,Area Coordinator / District Coordinator,1,-11011-11-11-1-
SNID Sep 2026,4,PESHAWAR,CITY,TEHKAL BALA,WHO,UCPO,6,-11111-11-11-0-
SNID Sep 2026,4,PESHAWAR,CITY,TEHKAL PAYAN 2 IRRIG,N-STOP,Provincial Facilitator (N-STOP Officer- TSO),2,-11111-11-11-0-
SNID Sep 2026,4,PESHAWAR,SADDAR,MARYAM ZAI,WHO,UCPO,1,-11111-11-11-0-
SNID Sep 2026,4,PESHAWAR,SHAH ALAM,GULBELA,WHO,UCPO,9,-11111-11-11-0-
SNID Sep 2026,4,PESHAWAR,CITY,TEHKAL BALA,WHO,UCPO,7,-11111-11-11-1-
SNID Sep 2026,4,PESHAWAR,CITY,TEHKAL BALA,WHO,UCPO,1,-11111-11-11-1-
SNID Sep 2026,4,KHYBER,JAMRUD,TIDI BAZAR,WHO,TPO/ TDO,1,-11111-11-11-0-
SNID Sep 2026,4,KHYBER,BARA,MASTAK,Government,UCMO,8,-11111-11-11-1-
SNID Sep 2026,4,PESHAWAR,SHAH ALAM,KANKOLA,WHO,UCPO,9,-11111-11-11-1-
SNID Sep 2026,4,PESHAWAR,CITY,SIKANDAR TOWN,WHO,UCPO,2,-11111-11-11-1-
SNID Sep 2026,4,KHYBER,BARA,ABDULLAH JAN,WHO,UCPO,2,-11111-11-11-0-
SNID Sep 2026,4,NOWSHERA,PABBI,TARRU JABBA,Government,UCMO,1,-11111-11-11-1-
SNID Sep 2026,4,NOWSHERA,PABBI,AMANKOT,Government,UCMO,1,-11111-11-11-1-
SNID Sep 2026,4,PESHAWAR,SMT,HAZARKHWANI 2,WHO,UCSP,11,-11111-11-11-1-
SNID Sep 2026,4,CHARSADA,CHARSADDA,MC-1 CHARSADDA,N-STOP,District NSTOP Officer,2,-11111-11--1-1-
SNID Sep 2026,4,PESHAWAR,SADDAR,BADABER HUREZAI,WHO,UCPO,1,-11111-11-11-1-
SNID Sep 2026,4,PESHAWAR,SADDAR,BADABER MARYAMZAI,Government,UCMO,3,-11111011-11-1-
SNID Sep 2026,4,PESHAWAR,SHAH ALAM,CHAGARMATI,WHO,UCPO,3,-11111-11-11-1-
SNID Sep 2026,4,PESHAWAR,SADDAR,ADEZAI,WHO,UCPO,4,-11111-11-11-1-
SNID Sep 2026,4,PESHAWAR,CITY,TEHKAL PAYAN 2 IRRIG,N-STOP,Provincial Facilitator (N-STOP Officer- TSO),1,-11111-11-11-1-
SNID Sep 2026,4,PESHAWAR,SHAH ALAM,MATHRA,WHO,UCPO,5,-11111-11-11-0-
SNID Sep 2026,4,PESHAWAR,SHAH ALAM,WADPAGA,WHO,UCPO,1,-11111-11-11-0-
SNID Sep 2026,4,PESHAWAR,SHAH ALAM,TUKHTABAD,WHO,UCPO,3,-11111-11-11-1-
SNID Sep 2026,4,PESHAWAR,CITY,TEHKAL PAYAN 2 IRRIG,WHO,UCPO,2,-11111-11-11-1-
SNID Sep 2026,4,KHYBER,LANDI KOTAL,STATION,WHO,UCPO,3,-11111-11-11-1-
SNID Sep 2026,4,PESHAWAR,SHAH ALAM,GULBELA,WHO,TPO/ TDO,7,-11111-11-11-0-
SNID Sep 2026,4,PESHAWAR,SHAH ALAM,WADPAGA,WHO,UCPO,5,-11111-11-11-0-
SNID Sep 2026,4,KHYBER,JAMRUD,SHAH KAS A,WHO,UCPO,3,-11111-11-11-1-
SNID Sep 2026,4,PESHAWAR,SMT,NOTHIA JADEED,WHO,UCPO,3,-11111-11-11-1-
SNID Sep 2026,4,PESHAWAR,SHAH ALAM,DAG,WHO,UCPO,1,-11111-11-11-1-
SNID Sep 2026,4,PESHAWAR,SHAH ALAM,GARHI SHER DAD,WHO,UCPO,2,-11111-11-11-1-
SNID Sep 2026,4,NOWSHERA,NOWSHERA,KABUL RIVER,WHO,UCPO,2,-11111-11-11-0-
SNID Sep 2026,4,KHYBER,BARA,SRA CHEENA,Government,UCMO,1,-11111-11-11-1-
SNID Sep 2026,4,NOWSHERA,JEHANGIRA,SHAIDU,Government,UCMO,2,-11111-11-11-0-
SNID Sep 2026,4,NOWSHERA,PABBI,TARRU JABBA,Government,UCMO,2,-11111-11-11-1-
SNID Sep 2026,4,PESHAWAR,SMT,HAZARKHWANI 2,WHO,UCPO,5,-11111-11-11-1-
SNID Sep 2026,4,PESHAWAR,CITY,KHALSA 1,WHO,Provincial Facilitator (M&E- Campaign- HRMP- EPI-PEI Syn- Training etc),6,-11111-11-10-0-
SNID Sep 2026,4,PESHAWAR,CITY,MEHAL TERAI 2,WHO,UCPO,4,-11111-11-11-1-
SNID Sep 2026,3,MOHMAND,EKKAGHUND,AQRAB DAG,UNICEF,CBO,5,-11111-11-11-0-
SNID Sep 2026,4,PESHAWAR,CITY,LAHORI,WHO,UCPO,2,-11111-11-11-0-
SNID Sep 2026,4,PESHAWAR,SMT,DERI BAGHBANAN,WHO,UCPO,1,-11111-11-11-1-
SNID Sep 2026,4,KHYBER,JAMRUD,SHAH KAS B,Government,UCMO,4,-11111-11-11-1-
SNID Sep 2026,4,PESHAWAR,SADDAR,BADABER HUREZAI,WHO,UCPO,5,-11111-11-11-1-
SNID Sep 2026,4,PESHAWAR,SMT,NOTHIA JADEED,N-STOP,District NSTOP Officer,2,-11111-11-11-1-
SNID Sep 2026,4,PESHAWAR,SHAH ALAM,KHAZANA,WHO,UCPO,4,-11111-11-11-0-
SNID Sep 2026,4,PESHAWAR,CITY,MEHAL TERAI 1,WHO,UCSP,2,-11111-11-11-1-
SNID Sep 2026,4,PESHAWAR,SADDAR,SUREZAI PAYAN,WHO,UCPO,6,-11111-11-11-0-
SNID Sep 2026,4,PESHAWAR,HASSAN KHEL,BARKI,WHO,UCPO,1,-11111-11-11-0-
SNID Sep 2026,4,KHYBER,BARA,GANDAO,WHO,UCPO,3,-11111-11-11-1-
SNID Sep 2026,4,KHYBER,BARA,SHALOBAR,WHO,UCPO,2,-11111-11-11-0-
SNID Sep 2026,4,NOWSHERA,PABBI,TARRU JABBA,Government,UCMO,3,-11111-11-11-1-
SNID Sep 2026,4,PESHAWAR,SHAH ALAM,SAEEDABAD,WHO,UCPO,6,-11111-11-11-1-
SNID Sep 2026,4,NOWSHERA,NOWSHERA,GANDHERI,WHO,UCPO,1,-11111-11-11-1-
SNID Sep 2026,4,NOWSHERA,JEHANGIRA,JEHANGIRA,WHO,UCPO,6,-11111-11-11-0-
SNID Sep 2026,4,PESHAWAR,CITY,PAWAKA,WHO,UCPO,1,-11111-11-11-1-
SNID Sep 2026,4,PESHAWAR,CITY,KHALSA 2,WHO,UCPO,9,-11111-11-11-1-
SNID Sep 2026,4,CHARSADA,SHABQADAR,RASHAKI,WHO,UCPO,5,-11111-11-11-0-
SNID Sep 2026,4,KHYBER,JAMRUD,NEW ABADI,Government,UCMO,5,-11111-11-11-1-
SNID Sep 2026,4,PESHAWAR,CITY,KHALSA 2,WHO,UCSP,5,-11111-11-11-0-
SNID Sep 2026,4,PESHAWAR,SHAH ALAM,LALA KALAY,WHO,UCPO,3,-11111-11-11-1-
SNID Sep 2026,4,PESHAWAR,CITY,GULBAHAR,WHO,UCSP,2,-11111-11-11-1-
SNID Sep 2026,4,PESHAWAR,CITY,MALAKANDHER,WHO,UCPO,9,-11111-11-11-0-
SNID Sep 2026,4,KHYBER,LANDI KOTAL,SULTAN KHEL A,WHO,TPO/ TDO,6,-00001-11-11-1-
SNID Sep 2026,4,PESHAWAR,SHAH ALAM,PAKHA GHULAM,WHO,UCPO,9,-11111-11-11-1-
SNID Sep 2026,4,PESHAWAR,SMT,DEH BAHADAR,WHO,UCPO,2,-00001-11-11-1-
SNID Sep 2026,4,PESHAWAR,SADDAR,MUSAZAI,WHO,UCPO,5,-11111-11-11-0-
SNID Sep 2026,3,NOWSHERA,JEHANGIRA,MERA AKORA,WHO,UCPO,1,-11111-11-11-0-
SNID Sep 2026,1,NOWSHERA,NOWSHERA,BARA BANDA,WHO,TPO/ TDO,11,-11111-11-11-0-
SNID Sep 2026,4,PESHAWAR,CITY,UNIVERSITY TOWN,WHO,UCPO,5,-11111-11--1-1-
SNID Sep 2026,4,NOWSHERA,PABBI,CHOKI MAMREZ,WHO,UCPO,2,-11111-11-11-0-
SNID Sep 2026,4,KHYBER,BARA,JANBAZ A,Government,UCMO,3,-11111-11-11-1-
SNID Sep 2026,4,KHYBER,BARA,MILWARD A,WHO,UCPO,6,-11111-11-11-1-
SNID Sep 2026,4,PESHAWAR,SADDAR,BADABER MARYAMZAI,WHO,UCPO,3,-11111-11-11-0-
SNID Sep 2026,4,PESHAWAR,CITY,REGI,WHO,UCPO,4,-11111-11-11-0-
SNID Sep 2026,4,PESHAWAR,MATTANI,MASHOGAGAR,WHO,UCPO,11,-11111-11-11-0-
SNID Sep 2026,4,PESHAWAR,SHAH ALAM,DAG,WHO,UCPO,4,-11111-11-11-1-
SNID Sep 2026,4,PESHAWAR,SADDAR,MUSAZAI,UNICEF,CBO,2,-11111-11-11-0-
SNID Sep 2026,4,PESHAWAR,CITY,TEHKAL BALA,WHO,UCPO,2,-11111-11-11-1-
SNID Sep 2026,2,PESHAWAR,SADDAR,URMAR MIANA,Government,Area Incharge (AIC),5,-11111-11-11-1-
SNID Sep 2026,4,PESHAWAR,CITY,HAYAT ABAD 2,WHO,UCPO,12,-11111-11-11-1-
SNID Sep 2026,4,PESHAWAR,SADDAR,BADABER HUREZAI,WHO,UCPO,2,-11111-11-11-1-
SNID Sep 2026,4,PESHAWAR,CITY,UNIVERSITY TOWN,WHO,UCPO,6,-11111-11-11-0-
SNID Sep 2026,4,PESHAWAR,CITY,UNIVERSITY TOWN,WHO,UCPO,6,-11111-11-11-0-
SNID Sep 2026,4,PESHAWAR,CITY,ANDERSHEHER,Government,UCMO,1,-11111-11-11-1-
SNID Sep 2026,1,KHYBER,LANDI KOTAL,TIRAH BAZAR B,WHO,UCPO,1,-11111-11-11-1-
SNID Sep 2026,3,KHYBER,LANDI KOTAL,TIRAH BAZAR B,WHO,UCPO,3,-11111-11-11-1-
SNID Sep 2026,4,PESHAWAR,CITY,PALOSI,WHO,UCPO,3,-11111-11-11-1-
SNID Sep 2026,2,KHYBER,LANDI KOTAL,TIRAH BAZAR B,WHO,UCPO,2,-11111-11-11-1-
SNID Sep 2026,4,KHYBER,BARA,SPEEN QABAR,WHO,UCPO,2,-11111-11-11-1-
SNID Sep 2026,4,PESHAWAR,CITY,MEHAL TERAI 1,WHO,UCPO,4,-11111-11-11-0-
SNID Sep 2026,4,NOWSHERA,JEHANGIRA,JEHANGIRA,WHO,UCPO,2,-11111-11-11-1-
SNID Sep 2026,4,NOWSHERA,NOWSHERA,AZAKHEL BALA,WHO,UCPO,3,-11111-11-11-0-
SNID Sep 2026,4,KHYBER,BARA,SRA CHEENA,UNICEF,CBO,7,-11011-11-11-0-
SNID Sep 2026,4,PESHAWAR,SHAH ALAM,WADPAGA,WHO,UCPO,2,-11111-11-11-0-
SNID Sep 2026,4,MOHMAND,HALEEMZAI,GHALLANAI,Government,Area Incharge (AIC),1,-11111-11-11-0-
SNID Sep 2026,4,PESHAWAR,MATTANI,MASHOGAGAR,WHO,UCPO,8,-11111-11-11-0-
SNID Sep 2026,4,PESHAWAR,SMT,NOTHIA QADEEM,WHO,UCPO,4,-11111011-11-1-
SNID Sep 2026,4,KHYBER,BARA,JANBAZ B,Government,UCMO,6,-11111-11-11-1-
SNID Sep 2026,4,MOHMAND,PARANG GHAAR,NAO BUCHA,Government,UCMO,1,-11111-11-11-0-
SNID Sep 2026,4,MOHMAND,PARANG GHAAR,UMAR KHEL,Government,UCMO,2,-11111011-11-1-
SNID Sep 2026,4,PESHAWAR,SADDAR,MERA KACHORI,Government,UCMO,4,-11111-11-11-0-
SNID Sep 2026,4,NOWSHERA,PABBI,AMANKOT,WHO,Other (Specify),3,-11111-11-11-1-
SNID Sep 2026,4,PESHAWAR,CITY,KHALSA 2,WHO,UCPO,6,-11111-11-11-0-
SNID Sep 2026,4,PESHAWAR,SADDAR,MERA KACHORI,Government,UCMO,5,-11111-11-11-0-
SNID Sep 2026,4,PESHAWAR,SHAH ALAM,PAKHA GHULAM,WHO,Other (Specify),4,-11111011-11-1-
SNID Sep 2026,4,KHYBER,LANDI KOTAL,SHEIKHMAL KHEL,WHO,UCPO,3,-11111-11-11-1-
SNID Sep 2026,4,PESHAWAR,CITY,KHALSA 2,WHO,UCPO,8,-11111-11-11-1-
SNID Sep 2026,4,CHARSADA,SHABQADAR,MC-3 SHABQADAR,Government,UCMO,4,-11111-11-11-1-
SNID Sep 2026,4,PESHAWAR,SHAH ALAM,GARHI SHER DAD,WHO,UCPO,3,-11111-11-11-1-
SNID Sep 2026,4,PESHAWAR,SHAH ALAM,NAHAQI,WHO,UCPO,1,-11111-11-11-1-
SNID Sep 2026,4,NOWSHERA,JEHANGIRA,SHAIDU,Government,UCMO,3,-11111-11-11-1-
SNID Sep 2026,4,PESHAWAR,SMT,NOTHIA JADEED,WHO,UCPO,1,-11111-11-11-1-
SNID Sep 2026,4,PESHAWAR,SMT,NOTHIA JADEED,WHO,UCPO,2,-11111-11-11-1-
SNID Sep 2026,4,PESHAWAR,SMT,YAKATOOT 2,WHO,TPO/ TDO,1,-11111-11-11-1-
SNID Sep 2026,4,PESHAWAR,CITY,HAYAT ABAD 2,WHO,UCPO,13,-11111-11-11-0-
SNID Sep 2026,4,PESHAWAR,MATTANI,SHEIKH MOHAMMADI,WHO,UCPO,2,-11111-11-11-0-
SNID Sep 2026,4,NOWSHERA,JEHANGIRA,SHAIDU,Government,UCMO,4,-11111-11-11-1-
SNID Sep 2026,4,PESHAWAR,SHAH ALAM,BUDHNI,WHO,UCPO,7,-11111-11-11-0-
SNID Sep 2026,4,PESHAWAR,SMT,LANDI ARBAB,WHO,UCPO,2,-11111-11-11-1-
SNID Sep 2026,4,PESHAWAR,SADDAR,ADEZAI,WHO,Independent Monitor,6,-11111-11-11-1-
SNID Sep 2026,4,PESHAWAR,CITY,HASAN GARHI 1,WHO,UCPO,4,-11111-11-11-1-
SNID Sep 2026,4,PESHAWAR,SMT,BHANA MARI,WHO,UCPO,2,-11111-11-11-0-
SNID Sep 2026,4,PESHAWAR,CITY,CANTT WARD 2,Government,UCMO,1,-11111011-11-0-
SNID Sep 2026,4,PESHAWAR,SHAH ALAM,KANKOLA,WHO,UCPO,10,-11111-11-11-1-
SNID Sep 2026,4,PESHAWAR,SHAH ALAM,HARYANA PAYAN,WHO,UCPO,3,-11111-11-11-0-
SNID Sep 2026,4,PESHAWAR,CITY,PALOSI,WHO,UCPO,4,-11111-11-11-1-
SNID Sep 2026,4,KHYBER,JAMRUD,GHUNDI B,WHO,UCPO,1,-11111-11-11-1-
SNID Sep 2026,4,MOHMAND,PARANG GHAAR,ASGHAR,Government,UCMO,1,-11111-11-11-1-
SNID Sep 2026,4,PESHAWAR,SADDAR,CHAMKANI,WHO,UCPO,7,-11111111-11-1-
SNID Sep 2026,4,PESHAWAR,CITY,SHAHI BAGH,WHO,UCPO,2,-11111-11-11-0-
SNID Sep 2026,4,PESHAWAR,CITY,REGI,Other Partner (BMGF/CDC/RIZ/ROTARY etc),Federal/Provincial/District Facilitator,4,-11101-11-11-1-
SNID Sep 2026,4,PESHAWAR,CITY,FAQIR ABAD,WHO,UCSP,3,-11111-11-11-1-
SNID Sep 2026,4,PESHAWAR,SADDAR,CHAMKANI,WHO,UCPO,3,-11111-11-11-1-
SNID Sep 2026,4,PESHAWAR,SADDAR,SUREZAI BALA,Government,UCMO,3,-11111-11-11-1-
SNID Sep 2026,4,PESHAWAR,SHAH ALAM,PANAM DHERI,WHO,UCPO,3,-11111-11-11-0-
SNID Sep 2026,2,PESHAWAR,SADDAR,CHAMKANI,WHO,UCPO,4,-11111-11-11-1-
SNID Sep 2026,1,PESHAWAR,SADDAR,CHAMKANI,WHO,UCPO,1,-11111-11-11-1-
SNID Sep 2026,3,MOHMAND,PANDIALI,PANDIALI,Government,UCMO,4,-11111-11-11-0-
SNID Sep 2026,4,KHYBER,BARA,MILWARD A,Government,UCMO,7,-11111-11-11-1-
SNID Sep 2026,4,KHYBER,JAMRUD,SHAH KAS A,WHO,Other (Specify),5,-11111-11--1-0-
SNID Sep 2026,4,NOWSHERA,NOWSHERA,KABUL RIVER,WHO,UCPO,3,-11111-11-11-0-
SNID Sep 2026,4,KHYBER,LANDI KOTAL,KAM SHALMAN,WHO,UCPO,1,-11111-11-11-1-
SNID Sep 2026,4,PESHAWAR,SHAH ALAM,SAEEDABAD,Government,UCMO,1,-11111-11-11-0-
SNID Sep 2026,4,KHYBER,BARA,SPEEN QABAR,WHO,UCPO,1,-11111-11-11-1-
SNID Sep 2026,4,KHYBER,BARA,TAUDA CHEENA,WHO,UCPO,2,-11111-11-11-1-
SNID Sep 2026,4,KHYBER,LANDI KOTAL,KHUGA KHEL,WHO,UCPO,4,-11111-11-11-1-
SNID Sep 2026,4,PESHAWAR,CITY,SUFAID DHERI,WHO,UCPO,10,-11111-11-11-1-
SNID Sep 2026,4,PESHAWAR,MATTANI,SHEIKH MOHAMMADI,WHO,UCPO,1,-11111-11-11-0-
SNID Sep 2026,4,PESHAWAR,SHAH ALAM,SHAHI BALA,WHO,UCPO,4,-11111-11-11-1-
SNID Sep 2026,4,PESHAWAR,SADDAR,URMAR PAYAN,WHO,UCPO,2,-11111-11-11-0-
SNID Sep 2026,4,KHYBER,JAMRUD,NEW ABADI,N-STOP,District NSTOP Officer,1,-11111-11-11-0-
SNID Sep 2026,4,PESHAWAR,CITY,TEHKAL BALA,WHO,UCPO,5,-11111-11-11-0-
SNID Sep 2026,4,NOWSHERA,JEHANGIRA,MERA AKORA,WHO,UCPO,8,-11111-11-11-0-
SNID Sep 2026,4,KHYBER,LANDI KOTAL,SULTAN KHEL B,WHO,UCPO,1,-11111-11-11-1-
SNID Sep 2026,5,KHYBER,JAMRUD,PAINDI LALMA,WHO,UCPO,1,-11111-11-11-0-
SNID Sep 2026,4,KHYBER,JAMRUD,NEW ABADI,N-STOP,District NSTOP Officer,1,-11111-11-11-0-
SNID Sep 2026,4,PESHAWAR,MATTANI,MATTANI,WHO,UCPO,3,-11111-11-11-1-
SNID Sep 2026,4,PESHAWAR,CITY,MALAKANDHER,WHO,UCPO,2,-11111-11-11-0-
SNID Sep 2026,4,KHYBER,BARA,MASTAK,UNICEF,CBO,1,-11111-11-11-1-
SNID Sep 2026,4,PESHAWAR,CITY,MEHAL TERAI 2,WHO,UCPO,9,-11111-11-11-1-
SNID Sep 2026,4,PESHAWAR,CITY,KHALSA 1,WHO,UCPO,3,-11111-11-11-0-
SNID Sep 2026,4,PESHAWAR,MATTANI,SARBAND,WHO,UCPO,3,-11111-11-11-1-
SNID Sep 2026,4,PESHAWAR,SMT,SHEIKH JUNAID ABAD,WHO,UCPO,1,-11111-11-11-1-
SNID Sep 2026,4,KHYBER,LANDI KOTAL,SHEIKHMAL KHEL,WHO,UCPO,4,-11111111-11-1-
SNID Sep 2026,4,PESHAWAR,CITY,MEHAL TERAI 1,WHO,UCPO,1,-11111-11-11-0-
SNID Sep 2026,4,KHYBER,JAMRUD,MIA MORCHA,WHO,UCPO,1,-11111-11-11-1-
SNID Sep 2026,4,KHYBER,JAMRUD,MIA MORCHA,WHO,UCPO,2,-11111-11-11-1-
SNID Sep 2026,4,KHYBER,LANDI KOTAL,SULTAN KHEL B,WHO,UCPO,2,-11111-11-11-1-
SNID Sep 2026,4,PESHAWAR,CITY,HAYAT ABAD 1,WHO,UCPO,8,-11111-11-11-0-
SNID Sep 2026,4,PESHAWAR,SMT,CANTT WARD 5,WHO,Other (Specify),4,-11111111-11-1-
SNID Sep 2026,4,PESHAWAR,CITY,HAYAT ABAD 2,WHO,UCPO,13,-11111-11-11-1-
SNID Sep 2026,4,PESHAWAR,SHAH ALAM,PANAM DHERI,WHO,UCPO,6,-11111-11-11-0-
SNID Sep 2026,4,KHYBER,JAMRUD,SUR KAMAR,WHO,Independent Monitor,2,-11111-11-11-1-
SNID Sep 2026,4,PESHAWAR,CITY,TEHKAL PAYAN,WHO,UCPO,4,-11111-11-11-0-
SNID Sep 2026,4,PESHAWAR,CITY,HASAN GARHI 2,WHO,UCPO,4,-11111-11-11-1-
SNID Sep 2026,4,PESHAWAR,MATTANI,MASHOGAGAR,WHO,UCPO,9,-11111-11-11-0-
SNID Sep 2026,4,KHYBER,BARA,JANBAZ B,Government,UCMO,12,-11111-11-11-1-
SNID Sep 2026,4,PESHAWAR,SMT,NOTHIA QADEEM,Government,UCMO,2,-11111-11-11-1-
SNID Sep 2026,4,PESHAWAR,SADDAR,MUSAZAI,WHO,UCPO,9,-11111-11-11-1-
SNID Sep 2026,4,PESHAWAR,SHAH ALAM,GARHI SHER DAD,WHO,UCPO,4,-11111-11-11-1-
SNID Sep 2026,4,PESHAWAR,CITY,HASAN GARHI 2,WHO,Independent Monitor,2,-11111-11-11-0-
SNID Sep 2026,4,PESHAWAR,SADDAR,AZAKHEL TELABAND,WHO,UCPO,2,-11111-11-11-1-
SNID Sep 2026,4,PESHAWAR,SHAH ALAM,DAG,WHO,UCPO,2,-11111-11-11-1-
SNID Sep 2026,4,PESHAWAR,CITY,HAYAT ABAD 2,WHO,UCPO,9,-11111-11--1-1-
SNID Sep 2026,3,MOHMAND,BAIZAI,GHANAM SHAH,Government,UCMO,1,-11110-11-11-0-
SNID Sep 2026,5,PESHAWAR,SADDAR,MUSAZAI,WHO,UCPO,3,-11111-11-11-0-
SNID Sep 2026,4,PESHAWAR,CITY,SUFAID DHERI,WHO,UCPO,6,-11111-11-11-0-
SNID Sep 2026,4,PESHAWAR,SADDAR,URMAR BALA,WHO,UCPO,11,-11111-11-11-0-
SNID Sep 2026,4,CHARSADA,SHABQADAR,DAULAT PURA,WHO,Independent Monitor,1,-11111-11--0-1-
SNID Sep 2026,4,PESHAWAR,SMT,YAKATOOT 3,WHO,UCPO,3,-11111-11-11-0-
SNID Sep 2026,4,PESHAWAR,CITY,SUFAID DHERI,WHO,UCPO,7,-11111-11-11-0-
SNID Sep 2026,4,PESHAWAR,CITY,KHALSA 2,WHO,UCSP,7,-11111-11-11-1-
SNID Sep 2026,4,PESHAWAR,SHAH ALAM,GULBELA,WHO,TPO/ TDO,8,-11111-11-11-1-
SNID Sep 2026,4,CHARSADA,SHABQADAR,DAULAT PURA,WHO,Independent Monitor,2,-11111-11--0-1-
SNID Sep 2026,4,PESHAWAR,CITY,ASIA DABGARI,WHO,UCPO,1,-11111-11-11-1-
SNID Sep 2026,4,CHARSADA,CHARSADDA,MC-1 CHARSADDA,WHO,Other (Specify),4,-11111-11-11-1-
SNID Sep 2026,4,KHYBER,LANDI KOTAL,TORKHAM,Other Partner (BMGF/CDC/RIZ/ROTARY etc),Federal/Provincial/District Facilitator,2,-11111-11-11-1-
SNID Sep 2026,4,PESHAWAR,SMT,YAKATOOT 2,WHO,UCPO,1,-11111-11-11-0-
SNID Sep 2026,4,KHYBER,JAMRUD,MIA MORCHA,Government,UCMO,3,-11111-11-11-1-
SNID Sep 2026,4,KHYBER,LANDI KOTAL,MIRDAD KHEL,WHO,Other (Specify),4,-11111-11-11-1-
SNID Sep 2026,4,KHYBER,LANDI KOTAL,MIRDAD KHEL,WHO,Other (Specify),5,-11111-11-11-0-
SNID Sep 2026,3,MOHMAND,PANDIALI,ZAHOO,Government,UCMO,3,-11111-11-11-0-
SNID Sep 2026,4,PESHAWAR,CITY,GULBAHAR,N-STOP,District NSTOP Officer,2,-11111-11-11-1-
SNID Sep 2026,4,PESHAWAR,CITY,GULBAHAR,N-STOP,District NSTOP Officer,4,-11111-11-11-1-
SNID Sep 2026,4,PESHAWAR,SMT,HAZARKHWANI 2,WHO,UCPO,7,-11111-11-11-1-
SNID Sep 2026,4,PESHAWAR,SMT,HAZARKHWANI 2,WHO,UCPO,8,-11111-11--1-1-
SNID Sep 2026,4,KHYBER,BARA,FORT SLOPE,WHO,UCPO,1,-11111-11-11-1-
SNID Sep 2026,4,PESHAWAR,SHAH ALAM,HARYANA PAYAN,WHO,UCPO,5,-11111-11-11-0-
SNID Sep 2026,4,KHYBER,JAMRUD,TIDI BAZAR,UNICEF,CCO,4,-11111-11-11-0-
SNID Sep 2026,4,PESHAWAR,SMT,LANDI ARBAB,WHO,UCPO,7,-11111-11-11-0-
SNID Sep 2026,4,PESHAWAR,SMT,LANDI ARBAB,WHO,UCPO,1,-11111-11-11-0-
SNID Sep 2026,3,MOHMAND,HALEEMZAI,KAMALI,Government,UCMO,4,-11111-11-11-1-
SNID Sep 2026,4,PESHAWAR,CITY,SIKANDAR TOWN,WHO,UCPO,1,-11111-11-11-1-
SNID Sep 2026,3,MOHMAND,SAFI LAKARO,SAGAI,WHO,UCSP,3,-11111-11-11-1-
SNID Sep 2026,4,PESHAWAR,SADDAR,AZAKHEL TELABAND,WHO,UCSP,6,-11111-11-11-1-
SNID Sep 2026,4,PESHAWAR,SADDAR,AZAKHEL TELABAND,WHO,UCSP,7,-11111-11-11-1-
SNID Sep 2026,4,KHYBER,BARA,MILWARD A,WHO,UCPO,5,-11111-11-11-1-
SNID Sep 2026,3,MOHMAND,SAFI LAKARO,MAMAD GAT,Government,UCMO,2,-11110-11-11-0-
SNID Sep 2026,3,MOHMAND,SAFI LAKARO,MAMAD GAT,Government,UCMO,1,-11110-11-10-0-
SNID Sep 2026,4,PESHAWAR,SMT,DEH BAHADAR,WHO,Independent Monitor,2,-00001-01-11-0-
SNID Sep 2026,4,PESHAWAR,SHAH ALAM,KHAZANA,WHO,UCPO,4,-11111-11-11-0-
SNID Sep 2026,4,NOWSHERA,JEHANGIRA,KHAIRABAD,WHO,TPO/ TDO,1,-11111-11-11-0-
SNID Sep 2026,4,NOWSHERA,JEHANGIRA,KHAIRABAD,WHO,TPO/ TDO,8,-11111-11-11-0-
SNID Sep 2026,4,PESHAWAR,CITY,HAYAT ABAD 2,WHO,UCPO,14,-11111-11-11-0-
SNID Sep 2026,4,PESHAWAR,SMT,HAZARKHWANI 2,WHO,UCPO,3,-11111-11-11-1-
SNID Sep 2026,4,PESHAWAR,SMT,HAZARKHWANI 2,WHO,UCPO,4,-11111-11-11-1-
SNID Sep 2026,4,PESHAWAR,SADDAR,CHAMKANI,WHO,UCPO,2,-11111-11-11-1-
SNID Sep 2026,4,PESHAWAR,CITY,HASAN GARHI 2,WHO,Independent Monitor,3,-11111-11-11-0-
SNID Sep 2026,3,MOHMAND,HALEEMZAI,KASSI,UNICEF,CCO,3,-11111-11-11-0-
SNID Sep 2026,4,KHYBER,BARA,GANDAO,WHO,UCPO,4,-11111-11-11-1-
SNID Sep 2026,4,PESHAWAR,SHAH ALAM,MATHRA,WHO,UCPO,6,-11111-11-11-0-
SNID Sep 2026,4,PESHAWAR,CITY,SUFAID DHERI,WHO,UCPO,9,-11111-11-11-1-
SNID Sep 2026,4,KHYBER,JAMRUD,CHAPARI,WHO,UCPO,4,-11111-11-11-0-
SNID Sep 2026,4,PESHAWAR,SMT,DERI BAGHBANAN,WHO,UCPO,3,-11111-11-11-1-
SNID Sep 2026,4,PESHAWAR,SMT,SHAHEEN MUSLIM TWN2,WHO,UCPO,3,-11111-11-11-1-
SNID Sep 2026,3,MOHMAND,SAFI LAKARO,SANDO KHEL,WHO,UCPO,5,-11111-11-11-0-
SNID Sep 2026,3,MOHMAND,SAFI LAKARO,SANDO KHEL,WHO,UCPO,5,-11111-11-11-0-
SNID Sep 2026,4,NOWSHERA,NOWSHERA,NAWA KALY,WHO,UCPO,6,-11111-11-11-0-
SNID Sep 2026,3,MOHMAND,HALEEMZAI,KASSI,UNICEF,CCO,2,-11111-11-11-0-
SNID Sep 2026,4,KHYBER,BARA,TAUDA CHEENA,WHO,UCPO,1,-11111-11-11-1-
SNID Sep 2026,5,PESHAWAR,SADDAR,MUSAZAI,WHO,UCPO,1,-11111-11-11-0-
SNID Sep 2026,,KHYBER,LANDI KOTAL,TORA WELA,WHO,UCPO,,-10111-11-11-1-
SNID Sep 2026,,KHYBER,LANDI KOTAL,TORA WELA,WHO,UCPO,,-11111-11-11-1-
SNID Sep 2026,3,MOHMAND,HALEEMZAI,KAMALI,WHO,Independent Monitor,4,-11010-11-00-0-
SNID Sep 2026,4,NOWSHERA,NOWSHERA,NAWA KALY,WHO,UCPO,3,-11111-11-11-0-
SNID Sep 2026,,KHYBER,LANDI KOTAL,TORA WELA,WHO,UCPO,,-11111-11-11-1-
SNID Sep 2026,4,PESHAWAR,SHAH ALAM,PAKHA GHULAM,WHO,UCPO,10,-11111-11-11-1-
SNID Sep 2026,4,PESHAWAR,CITY,SHAHI BAGH,Government,UCMO,1,-11111011-11-1-
SNID Sep 2026,,KHYBER,LANDI KOTAL,TORA WELA,WHO,UCPO,,-11111-11-11-1-
SNID Sep 2026,4,PESHAWAR,MATTANI,PISHTAKHARA,WHO,UCPO,3,-11111-11-11-0-
SNID Sep 2026,4,KHYBER,LANDI KOTAL,STATION,WHO,UCPO,4,-11111-11-11-1-
SNID Sep 2026,3,MOHMAND,SAFI LAKARO,MASOOD,WHO,Other (Specify),2,-11111-11-11-0-
SNID Sep 2026,5,PESHAWAR,SADDAR,BADABER HUREZAI,WHO,UCPO,3,-11111-11-11-1-
SNID Sep 2026,4,PESHAWAR,SMT,SHAHEEN MUSLIM TWN1,WHO,UCPO,8,-11111-11-11-1-
SNID Sep 2026,4,PESHAWAR,SMT,SHAHEEN MUSLIM TWN1,WHO,UCPO,9,-11111-11-11-1-
SNID Sep 2026,4,NOWSHERA,NOWSHERA,PIRSABAQ,WHO,Independent Monitor,1,-11111-11-11-1-
SNID Sep 2026,4,NOWSHERA,NOWSHERA,PIRSABAQ,WHO,Independent Monitor,2,-11101-11-11-1-
SNID Sep 2026,3,CHARSADA,TANGI,KOZ BEHRAM DHERI,Government,UCMO,4,-11111-11-11-0-
SNID Sep 2026,2,CHARSADA,TANGI,KOZ BEHRAM DHERI,Government,UCMO,4,-11111-11-11-0-
SNID Sep 2026,3,MOHMAND,SAFI LAKARO,ALINGAR,WHO,UCPO,1,-11111-10-11-0-
SNID Sep 2026,5,PESHAWAR,SADDAR,ADEZAI,WHO,UCPO,5,-11111-11-11-1-
SNID Sep 2026,4,PESHAWAR,SHAH ALAM,KANIZA,WHO,UCPO,1,-11111-11-11-0-
SNID Sep 2026,4,KHYBER,LANDI KOTAL,TORKHAM,WHO,UCPO,1,-11111-11-11-1-
SNID Sep 2026,4,PESHAWAR,SHAH ALAM,SAEEDABAD,WHO,UCPO,4,-11111-11-11-1-
SNID Sep 2026,4,PESHAWAR,SHAH ALAM,SAEEDABAD,WHO,UCPO,5,-11111-11-11-1-
SNID Sep 2026,3,PESHAWAR,SHAH ALAM,LARAMA,WHO,UCPO,1,-11111-11-11-1-
SNID Sep 2026,5,KHYBER,LANDI KOTAL,TORKHAM,Government,UCMO,2,-11111-11-11-1-
SNID Sep 2026,3,MOHMAND,SAFI LAKARO,SAGAI,WHO,TPO/ TDO,1,-11011-00-01-0-
SNID Sep 2026,3,NOWSHERA,NOWSHERA,BADRASHI,WHO,Other (Specify),6,-11111011-11-1-
SNID Sep 2026,4,PESHAWAR,SMT,AKHOON ABAD,WHO,UCPO,4,-11111-11-11-0-
SNID Sep 2026,4,PESHAWAR,CITY,HAYAT ABAD 1,WHO,UCPO,7,-11111-11-11-0-
SNID Sep 2026,4,KHYBER,JAMRUD,NEW ABADI,WHO,UCPO,1,-11111-11-11-0-
SNID Sep 2026,4,NOWSHERA,NOWSHERA,BADRASHI,WHO,Other (Specify),1,-11111011-11-1-
SNID Sep 2026,4,PESHAWAR,SHAH ALAM,KHAZANA,WHO,UCPO,3,-11111-11-11-1-
SNID Sep 2026,4,PESHAWAR,SHAH ALAM,KHAZANA,WHO,UCPO,2,-11111-11-11-1-
SNID Sep 2026,4,KHYBER,LANDI KOTAL,KAM SHALMAN,WHO,UCPO,2,-11111111-11-1-
SNID Sep 2026,4,PESHAWAR,SHAH ALAM,SHAHI BALA,WHO,UCPO,2,-11111-11-11-1-
SNID Sep 2026,4,PESHAWAR,CITY,KHALSA 1,WHO,Other (Specify),2,-11111-11-11-0-
SNID Sep 2026,4,PESHAWAR,CITY,KHALSA 1,WHO,Other (Specify),1,-11111-11-11-1-
SNID Sep 2026,4,PESHAWAR,SHAH ALAM,CHAGARMATI,WHO,UCPO,4,-11111-11-11-1-
SNID Sep 2026,4,NOWSHERA,NOWSHERA,KABUL RIVER,WHO,UCPO,4,-11111-11-11-0-
SNID Sep 2026,4,CHARSADA,TANGI,SHERPAO,WHO,UCPO,5,-11011-11-11-0-
SNID Sep 2026,4,KHYBER,LANDI KOTAL,LOE SHALMAN A,WHO,UCPO,1,-11111-11--1-1-
SNID Sep 2026,4,NOWSHERA,NOWSHERA,BADRASHI,WHO,Other (Specify),4,-11111011-11-1-
SNID Sep 2026,4,CHARSADA,SHABQADAR,BATTAGRAM,WHO,UCPO,3,-11111-11-11-0-
SNID Sep 2026,4,CHARSADA,SHABQADAR,BATTAGRAM,WHO,UCPO,4,-11111-11-11-0-
SNID Sep 2026,4,CHARSADA,SHABQADAR,BATTAGRAM,WHO,UCPO,5,-11111-10-00-0-
SNID Sep 2026,4,PESHAWAR,CITY,CANTT WARD 1,WHO,UCPO,1,-11111-11-11-1-
SNID Sep 2026,4,PESHAWAR,CITY,HAYAT ABAD 1,WHO,UCPO,6,-11111-11-11-0-
SNID Sep 2026,4,PESHAWAR,SHAH ALAM,BUDHNI,WHO,UCPO,5,-11111-11-11-1-
SNID Sep 2026,4,PESHAWAR,SHAH ALAM,BUDHNI,WHO,UCPO,4,-11111-11-11-1-
SNID Sep 2026,4,KHYBER,LANDI KOTAL,PIROKHEL,WHO,UCPO,2,-11111-11-11-1-
SNID Sep 2026,4,PESHAWAR,SHAH ALAM,LALA KALAY,WHO,UCSP,5,-11111-11-11-1-
SNID Sep 2026,4,PESHAWAR,CITY,HASAN GARHI 1,WHO,UCPO,8,-11111-11-11-1-
SNID Sep 2026,4,PESHAWAR,SHAH ALAM,LALA KALAY,WHO,UCSP,4,-11111-11-11-1-
SNID Sep 2026,4,CHARSADA,SHABQADAR,BATTAGRAM,Government,UCMO,8,-11111-11-11-0-
SNID Sep 2026,4,CHARSADA,CHARSADDA,SARKI TETARA,WHO,Independent Monitor,1,-11111-11-11-0-
SNID Sep 2026,4,KHYBER,BARA,NOGAZI BABA,WHO,UCPO,2,-11111-11-11-0-
SNID Sep 2026,4,PESHAWAR,CITY,KHALSA 1,WHO,UCPO,6,-11111-11-11-0-
SNID Sep 2026,4,PESHAWAR,CITY,KHALSA 1,WHO,UCPO,5,-11111-11-11-0-
SNID Sep 2026,4,PESHAWAR,SHAH ALAM,TUKHTABAD,WHO,UCPO,6,-11111-11-11-0-
SNID Sep 2026,4,PESHAWAR,SHAH ALAM,TUKHTABAD,WHO,UCPO,7,-11111-11-11-0-
SNID Sep 2026,4,PESHAWAR,SADDAR,URMAR PAYAN,WHO,UCPO,1,-11111-11-11-0-
