camp,ts,dist,teh,uc,ucode,tier,cat,upecdate,mt,ft,tp,aic,aicF,aicG,aicT,zs,hh,sch,fix,trn,m18,gov,loc,fem,tmT,upec,ucmo,ucsec,sho,inCh,inAr,dr1,dr2,dr3,fv1,fv2,fv3,mpuc,stall,hml,newA,walk,hrm,hrmp,zd,vca,vcr
NID DEC 2025,2025-12-14 00:00,NOWSHERA,JEHANGIRA,ADAMZAI,33203001,2,Non CBV,2025-12-05 00:00,25,2,0,6,2,4,6,1,5152,360,55,0,25,23,24,23,52,1,1,1,0,,,6,0,0,6,0,0,1,1,304,0,25,25,597,32,25,0
NID DEC 2025,2025-12-11 00:00,NOWSHERA,PABBI,AKBARPURA,33204001,2,Non CBV,2025-12-05 00:00,27,2,3,6,1,3,6,1,6102,1019,45,606,27,25,26,27,62,1,1,1,1,,,6,0,0,6,0,0,1,1,752,0,27,27,1064,33,40,0
NID DEC 2025,2025-12-15 00:00,NOWSHERA,JEHANGIRA,AKORA CAMP,33203002,2,Non CBV,2025-12-05 00:00,22,1,1,7,3,2,7,1,6138,53,36,137,22,1,1,22,47,1,1,,0,,,7,0,0,7,0,0,1,1,198,0,0,22,6072,85,32,0
NID DEC 2025,2025-12-11 00:00,NOWSHERA,JEHANGIRA,AKORA KHATTAK,33203003,2,Non CBV,2025-12-05 00:00,18,1,6,4,2,2,4,1,3374,388,50,980,18,16,18,18,49,1,1,1,0,,,4,0,0,4,0,0,1,1,256,0,0,0,428,17,25,4
NID DEC 2025,2025-12-15 00:00,NOWSHERA,NOWSHERA,AMANGARH,33202004,2,Non CBV,2025-12-05 00:00,28,2,0,6,1,3,6,1,6137,646,42,0,28,18,28,28,58,1,1,1,1,,,6,0,0,6,0,0,1,1,0,0,28,28,655,17,36,0
NID DEC 2025,2025-12-09 00:00,NOWSHERA,PABBI,AMANKOT,33204002,2,Non CBV,2025-12-05 00:00,16,1,0,4,1,3,4,1,3851,138,32,0,16,6,16,16,33,1,1,1,0,,,4,0,0,4,0,0,1,1,333,0,0,16,672,25,20,1
NID DEC 2025,2025-12-09 00:00,NOWSHERA,NOWSHERA,AZAKHEL BALA,33202006,2,Non CBV,2025-12-05 00:00,24,1,0,6,3,3,6,1,4700,367,14,0,24,12,24,18,49,1,1,1,0,,,6,0,0,6,0,0,1,1,344,0,0,24,1105,55,32,0
NID DEC 2025,2025-12-15 00:00,NOWSHERA,NOWSHERA,AZAKHEL PAYAN,33202007,2,Non CBV,2025-12-05 00:00,22,1,1,6,4,1,6,1,4124,267,42,59,22,9,22,22,47,1,1,1,0,,,6,0,0,6,0,0,1,1,0,0,22,22,1305,47,28,2
NID DEC 2025,2025-12-15 00:00,NOWSHERA,NOWSHERA,BADRASHI,33202008,2,Non CBV,2025-12-05 00:00,49,1,0,10,4,9,10,1,6262,456,17,0,49,23,49,49,99,1,1,1,0,,,10,0,0,10,0,0,1,1,598,0,49,49,613,25,55,5
NID DEC 2025,2025-12-10 00:00,NOWSHERA,PABBI,BALU,33204003,2,Non CBV,2025-12-05 00:00,31,0,1,7,1,1,7,1,6519,567,0,38,31,21,22,30,64,1,1,1,0,,,7,0,0,7,0,0,1,1,630,0,30,30,1141,53,35,0
NID DEC 2025,2025-12-15 00:00,NOWSHERA,NOWSHERA,BARA BANDA,33202010,2,Non CBV,2025-12-05 00:00,49,1,4,12,3,4,12,1,10689,561,57,292,49,12,49,49,107,1,1,1,0,,,12,0,0,12,0,0,1,1,798,0,49,49,3598,101,72,0
NID DEC 2025,2025-12-10 00:00,NOWSHERA,NOWSHERA,CHOCKI TOWN,33202011,2,Non CBV,2025-12-05 00:00,13,0,1,3,2,2,3,1,2487,280,0,73,13,6,13,13,28,1,1,1,0,,,3,0,0,3,0,0,1,1,200,0,0,13,100,29,18,0
NID DEC 2025,2025-12-15 00:00,NOWSHERA,PABBI,CHOKI MAMREZ,33204004,2,Non CBV,2025-12-05 00:00,23,2,1,5,0,5,5,1,6299,312,32,101,23,17,23,23,50,1,1,1,0,,,5,0,0,5,0,0,1,1,544,0,0,23,1758,66,22,5
NID DEC 2025,2025-12-09 00:00,NOWSHERA,PABBI,DAG BESUD,33204005,2,Non CBV,2025-12-05 00:00,25,2,0,6,0,3,6,1,6342,384,110,0,25,23,25,23,52,1,1,1,0,,,6,0,0,6,0,0,1,1,0,0,25,25,1075,55,24,1
NID DEC 2025,2025-12-09 00:00,NOWSHERA,PABBI,DAG ISMAIL KHEL,33204006,2,Non CBV,2025-12-05 00:00,22,1,0,5,1,4,5,1,2796,369,100,0,22,9,12,21,45,1,1,1,0,,,5,0,0,5,0,0,1,1,338,0,22,21,410,21,25,0
NID DEC 2025,2025-12-09 00:00,NOWSHERA,PABBI,DAGAI,33204007,2,Non CBV,2025-12-05 00:00,28,2,1,6,0,2,6,1,6852,704,63,99,28,22,20,28,60,1,1,1,0,,,6,0,0,6,0,0,1,1,534,0,0,28,790,98,34,0
NID DEC 2025,2025-12-09 00:00,MOHMAND,EKKAGHUND,DAB KOR,33502013,2,Non CBV,2025-12-05 00:00,14,1,0,4,1,4,4,1,2985,122,47,0,14,14,14,12,29,1,1,1,1,,,4,0,0,4,0,0,1,0,,,,,23,37,0,0
NID DEC 2025,2025-12-13 00:00,MOHMAND,AMBAR,CHARGOLAI,33501010,2,Non CBV,2025-12-05 00:00,19,0,1,5,0,2,5,1,5666,89,0,45,19,1,19,0,40,1,1,1,1,,,5,0,0,5,0,0,1,0,,,,,0,30,0,0
NID DEC 2025,2025-12-10 00:00,MOHMAND,AMBAR,HAD KOR,33501011,2,Non CBV,2025-12-05 00:00,26,0,0,6,0,3,6,1,7986,28,0,0,26,8,26,0,52,1,1,,1,,,6,0,0,6,0,0,1,0,,,,,0,46,0,0
NID DEC 2025,2025-12-09 00:00,MOHMAND,AMBAR,KHARAI,33501012,2,Non CBV,2025-12-05 00:00,13,0,0,3,0,1,3,1,3594,1,0,0,13,7,13,0,26,1,1,1,1,,,3,0,0,3,0,0,1,0,,,,,9,30,0,0
NID DEC 2025,2025-12-09 00:00,MOHMAND,EKKAGHUND,EKKAGHUND,33502014,2,Non CBV,2025-12-05 00:00,23,1,2,6,0,4,6,1,4416,63,92,518,23,20,23,23,51,1,1,1,1,,,6,0,0,6,0,0,1,0,,,,,575,40,0,0
NID DEC 2025,2025-12-09 00:00,MOHMAND,EKKAGHUND,AQRAB DAG,33502016,2,Non CBV,2025-12-05 00:00,21,1,0,5,0,4,5,1,3900,146,5,0,21,19,21,21,43,1,1,1,1,,,5,0,0,5,0,0,1,0,,,,,390,26,0,0
NID DEC 2025,2025-12-09 00:00,MOHMAND,EKKAGHUND,MICHANI,33502015,2,Non CBV,2025-12-05 00:00,12,1,0,3,1,3,3,1,2936,113,82,0,12,12,12,12,25,1,1,1,1,,,3,0,0,3,0,0,1,0,,,,,90,23,0,0
NID DEC 2025,2025-12-10 00:00,MOHMAND,HALEEMZAI,GHALLANAI,33503011,2,Non CBV,2025-12-05 00:00,22,1,1,5,0,4,5,1,4945,333,15,284,22,20,21,20,47,1,1,1,0,,,5,0,0,5,0,0,1,0,,,,,,57,0,0
NID DEC 2025,2025-12-10 00:00,MOHMAND,HALEEMZAI,KAMALI,33503012,2,Non CBV,2025-12-05 00:00,21,2,0,5,0,5,5,1,4896,208,30,0,21,18,21,9,44,1,1,1,1,,,5,0,0,5,0,0,1,0,,,,,27,48,0,0
NID DEC 2025,2025-12-09 00:00,MOHMAND,HALEEMZAI,KASSI,33503013,2,Non CBV,2025-12-05 00:00,25,1,1,6,0,5,6,1,5374,366,9,151,25,19,25,21,53,1,1,1,1,,,6,0,0,6,0,0,1,0,,,,,41,62,0,0
NID DEC 2025,2025-12-09 00:00,MOHMAND,PANDIALI,DANISHKOOL,33505017,2,Non CBV,2025-12-05 00:00,18,1,0,4,0,4,4,1,5052,100,23,0,18,2,18,0,37,1,1,1,1,,,4,0,0,4,0,0,1,0,,,,,7,56,0,0
NID DEC 2025,2025-12-12 00:00,MOHMAND,PANDIALI,PANDIALI,33505018,2,Non CBV,2025-12-05 00:00,23,2,0,5,0,4,5,1,5118,184,79,0,23,17,23,17,48,1,1,1,1,,,5,0,0,5,0,0,1,0,18,23,17,,0,90,0,0
NID DEC 2025,2025-12-09 00:00,MOHMAND,PANDIALI,TAMANZAI,33505019,2,Non CBV,2025-12-05 00:00,10,2,0,3,0,0,3,1,2196,76,48,0,10,7,10,0,22,1,1,1,1,,,3,0,0,3,0,0,1,0,,,,,0,17,0,0
NID DEC 2025,2025-12-13 00:00,MOHMAND,PANDIALI,ZAHOO,33505020,2,Non CBV,2025-12-05 00:00,23,0,0,6,0,0,6,1,5395,229,0,0,23,11,23,1,46,1,1,1,0,,,6,0,0,6,0,0,1,0,289,0,0,23,0,39,0,0
NID DEC 2025,2025-12-15 00:00,NOWSHERA,NOWSHERA,DHERI KATTI KHEL,33202016,2,Non CBV,2025-12-05 00:00,45,2,2,10,1,3,10,1,8367,658,37,234,45,45,45,45,96,1,1,1,1,,,10,0,0,10,0,0,1,1,666,0,45,45,1204,97,58,0
NID DEC 2025,2025-12-09 00:00,MOHMAND,PARANG GHAAR,ASGHAR,33506009,2,Non CBV,2025-12-05 00:00,14,2,1,3,1,3,3,1,2846,136,112,70,14,14,14,14,32,1,1,1,1,,,3,0,0,3,0,0,1,0,,,,,0,20,0,0
NID DEC 2025,2025-12-09 00:00,MOHMAND,PARANG GHAAR,NAO BUCHA,33506010,2,Non CBV,2025-12-05 00:00,13,1,0,3,2,3,3,1,2708,115,51,0,13,13,13,13,27,1,1,1,1,,,3,0,0,3,0,0,1,0,,,,,0,19,0,0
NID DEC 2025,2025-12-15 00:00,NOWSHERA,NOWSHERA,GANDHERI,33202017,2,Non CBV,2025-12-05 00:00,41,2,1,11,3,4,11,1,8333,546,48,49,41,17,34,40,86,1,1,1,0,,,11,0,0,11,0,0,1,1,593,0,41,41,2940,55,55,0
NID DEC 2025,2025-12-09 00:00,MOHMAND,PARANG GHAAR,UMAR KHEL,33506011,2,Non CBV,2025-12-05 00:00,17,1,1,5,0,4,5,1,3177,83,19,53,17,10,17,1,37,1,1,1,1,,,5,0,0,5,0,0,1,0,,,,,32,24,0,0
NID DEC 2025,2025-12-11 00:00,NOWSHERA,JEHANGIRA,INZARI,33203004,2,Non CBV,2025-12-05 00:00,21,1,0,5,0,3,5,1,3376,420,8,0,21,16,21,21,43,1,1,1,0,,,5,0,0,5,0,0,1,1,198,0,0,21,15,31,30,0
NID DEC 2025,2025-12-12 00:00,MOHMAND,SAFI LAKARO,ALINGAR,33507020,2,Non CBV,2025-12-05 00:00,12,2,0,4,0,4,4,1,1952,22,18,0,12,8,8,0,19,1,1,1,1,,,4,0,0,4,0,0,1,0,,,,,0,10,0,0
NID DEC 2025,2025-12-15 00:00,NOWSHERA,PABBI,JALOZAI,33204008,2,Non CBV,2025-12-05 00:00,35,1,1,9,2,3,9,1,8673,629,50,36,35,3,10,33,73,1,1,1,1,,,9,0,0,9,0,0,1,1,741,0,0,0,4750,114,47,0
NID DEC 2025,2025-12-10 00:00,MOHMAND,SAFI LAKARO,LAKARO,33507021,2,Non CBV,2025-12-05 00:00,12,1,0,3,0,3,3,1,2849,96,21,0,12,9,12,0,25,1,1,1,1,,,3,0,0,3,0,0,1,0,121,0,0,121,0,17,0,0
NID DEC 2025,2025-12-15 00:00,NOWSHERA,JEHANGIRA,JEHANGIRA,33203005,2,Non CBV,2025-12-05 00:00,27,1,3,7,3,4,7,1,6136,585,19,228,27,6,27,27,61,1,1,1,0,,,7,0,0,7,0,0,1,1,0,0,0,27,1911,59,32,0
NID DEC 2025,2025-12-13 00:00,MOHMAND,SAFI LAKARO,MAMAD GAT,33507022,2,Non CBV,2025-12-05 00:00,12,1,0,3,0,3,3,1,2424,180,3,0,12,12,12,0,25,1,1,1,1,,,3,0,0,3,0,0,1,0,,,,,41,20,0,0
NID DEC 2025,2025-12-09 00:00,MOHMAND,SAFI LAKARO,MASOOD,33507023,2,Non CBV,2025-12-05 00:00,11,2,0,3,0,3,3,1,2992,132,154,0,11,8,11,3,24,1,1,1,1,,,3,0,0,3,0,0,1,0,,,,,23,32,0,0
NID DEC 2025,2025-12-10 00:00,NOWSHERA,NOWSHERA,KABUL RIVER,33202021,2,Non CBV,2025-12-05 00:00,31,1,6,8,2,1,8,1,6284,529,25,1395,31,14,31,31,75,1,1,1,1,,,8,0,0,8,0,0,1,1,506,4,31,31,728,74,53,0
NID DEC 2025,2025-12-11 00:00,NOWSHERA,JEHANGIRA,KAHI,33203006,2,Non CBV,2025-12-05 00:00,28,2,1,7,1,4,7,1,5074,538,67,84,28,6,28,26,60,1,1,1,0,,,7,0,0,7,0,0,1,1,0,0,0,28,12,35,30,0
NID DEC 2025,2025-12-12 00:00,MOHMAND,SAFI LAKARO,SAGAI,33507024,2,Non CBV,2025-12-05 00:00,20,1,0,5,0,1,5,1,5073,137,21,0,20,6,16,0,37,1,1,,0,,,5,0,0,5,0,0,1,0,,,,,0,47,0,0
NID DEC 2025,2025-12-15 00:00,NOWSHERA,JEHANGIRA,KHAIRABAD,33203007,2,Non CBV,2025-12-05 00:00,20,2,2,7,1,5,7,1,3650,342,325,28,20,8,20,20,46,1,1,1,0,,,7,0,0,7,0,0,1,1,373,0,0,20,53,27,32,2
NID DEC 2025,2025-12-09 00:00,MOHMAND,SAFI LAKARO,SANDO KHEL,33507025,2,Non CBV,2025-12-05 00:00,28,1,0,7,0,7,7,1,7514,221,17,0,28,5,28,3,57,1,1,,0,,,7,0,0,7,0,0,1,0,,,,,8,54,0,0
NID DEC 2025,2025-12-15 00:00,NOWSHERA,JEHANGIRA,KHAIRABAD CAMP,33203008,2,Non CBV,2025-12-05 00:00,21,1,1,6,0,1,6,1,4669,26,61,49,21,0,3,21,45,1,1,,0,,,6,0,0,6,0,0,1,1,0,0,21,21,4382,109,23,0
NID DEC 2025,2025-12-11 00:00,CHARSADA,CHARSADDA,MC-4 CHARSADDA,33101013,2,Non CBV,2025-12-05 00:00,28,0,3,6,2,5,6,1,5597,437,0,599,28,14,28,28,62,1,1,1,1,,,6,,,6,,,1,1,,,,,408,21,31,31
NID DEC 2025,2025-12-12 00:00,MOHMAND,BAIZAI,GHANAM SHAH,33508014,2,Non CBV,2025-12-05 00:00,15,1,0,4,0,3,4,1,1943,51,12,0,15,10,8,0,19,1,1,1,1,,,4,0,0,4,0,0,1,0,,,,,0,11,0,0
NID DEC 2025,2025-12-10 00:00,NOWSHERA,PABBI,KHAN SHER GARHI KHU,33204009,2,Non CBV,2025-12-05 00:00,22,1,1,5,3,3,5,1,5696,494,14,51,22,12,21,22,47,1,1,1,0,,,5,0,0,5,0,0,1,1,0,0,0,22,1211,41,29,0
NID DEC 2025,2025-12-12 00:00,MOHMAND,BAIZAI,KODA KHEL,33508015,2,Non CBV,2025-12-05 00:00,12,1,0,4,0,3,4,1,2264,98,0,0,12,3,12,0,23,1,1,,0,,,4,0,0,4,0,0,1,0,,,,,5,24,0,0
NID DEC 2025,2025-12-09 00:00,CHARSADA,CHARSADDA,MERA UMERZAI,33101014,2,Non CBV,2025-12-05 00:00,12,1,0,3,1,1,3,1,2219,147,11,0,12,10,12,12,25,1,1,1,1,,,3,,,3,,,1,1,,,,,0,23,0,0
NID DEC 2025,2025-12-11 00:00,MOHMAND,BAIZAI,LANDI SHAH,33508016,2,Non CBV,2025-12-05 00:00,9,0,0,3,0,3,3,1,445,0,0,0,9,7,9,0,14,1,1,,0,,,3,0,0,3,0,0,1,0,44,0,0,9,0,4,0,0
NID DEC 2025,2025-12-10 00:00,NOWSHERA,NOWSHERA,KHESHGI BALA,33202025,2,Non CBV,2025-12-05 00:00,32,1,0,9,4,4,9,1,8514,899,43,0,32,18,32,32,65,1,1,1,1,,,9,0,0,9,0,0,1,1,370,7,0,32,1283,118,41,0
NID DEC 2025,2025-12-13 00:00,MOHMAND,BAIZAI,WARSAK,33508017,2,Non CBV,2025-12-05 00:00,10,0,0,3,0,3,3,1,1410,54,0,0,10,6,10,0,17,1,1,,0,,,3,0,0,3,0,0,1,0,86,0,0,5,8,22,0,0
NID DEC 2025,2025-12-15 00:00,NOWSHERA,NOWSHERA,KHESHGI PAYAN,33202026,2,Non CBV,2025-12-05 00:00,28,1,2,7,2,1,7,1,6185,535,58,275,28,19,28,28,61,1,1,1,1,,,7,0,0,7,0,0,1,1,351,0,0,28,997,70,33,0
NID DEC 2025,2025-12-11 00:00,CHARSADA,CHARSADDA,AGRA,33101001,2,Non CBV,2025-12-05 00:00,24,3,2,6,4,6,6,1,5152,216,75,358,24,18,24,24,55,1,1,1,1,,,6,,,6,,,1,1,,,,,252,49,29,29
NID DEC 2025,2025-12-11 00:00,CHARSADA,CHARSADDA,BAHLOLA,33101002,2,Non CBV,2025-12-05 00:00,24,2,1,5,3,4,5,1,5603,426,38,57,24,19,24,24,52,1,1,1,1,,,5,,,5,,,1,1,,,,,270,35,27,27
NID DEC 2025,2025-12-11 00:00,MOHMAND,KHAWEZAI,JUMA KHEL,33509006,2,Non CBV,2025-12-05 00:00,10,1,1,3,0,3,3,1,2237,100,70,131,10,7,4,4,23,1,1,1,1,,,3,0,0,3,0,0,1,0,,,,,20,20,0,0
NID DEC 2025,2025-12-11 00:00,NOWSHERA,PABBI,KURVI,33204010,2,Non CBV,2025-12-05 00:00,12,1,1,4,0,3,4,1,3521,327,18,65,12,10,12,12,27,1,1,1,0,,,4,0,0,4,0,0,1,1,317,0,12,12,232,23,17,2
NID DEC 2025,2025-12-09 00:00,CHARSADA,CHARSADDA,CHENDRO DAAG,33101003,2,Non CBV,2025-12-05 00:00,15,1,1,3,2,1,3,1,3320,233,26,126,15,9,15,15,33,1,1,1,0,,,3,,,3,,,1,1,,,,,491,10,17,17
NID DEC 2025,2025-12-09 00:00,CHARSADA,CHARSADDA,DARGAY,33101004,2,Non CBV,2025-12-05 00:00,19,2,0,4,0,2,4,1,3911,180,71,0,19,19,19,19,40,1,1,1,0,,,4,,,4,,,1,1,,,,,126,18,21,21
NID DEC 2025,2025-12-13 00:00,MOHMAND,KHAWEZAI,KHADI KHEL,33509007,2,Non CBV,2025-12-05 00:00,11,0,0,3,0,3,3,1,2378,138,0,0,11,7,10,1,22,1,1,,1,,,3,0,0,3,0,0,1,0,,,,,34,20,0,0
NID DEC 2025,2025-12-11 00:00,NOWSHERA,JEHANGIRA,MANDURI,33203009,2,Non CBV,2025-12-05 00:00,25,2,0,7,3,4,7,1,3414,328,8,0,25,15,25,25,52,1,1,1,1,,,7,0,0,7,0,0,1,1,256,0,25,25,0,20,32,1
NID DEC 2025,2025-12-11 00:00,CHARSADA,CHARSADDA,DHERI ZARDAD,33101005,2,Non CBV,2025-12-05 00:00,42,2,1,9,7,9,9,1,8842,532,51,100,42,29,42,42,88,1,1,,1,,,9,,,9,,,1,1,,,,,1129,43,45,45
NID DEC 2025,2025-12-11 00:00,CHARSADA,CHARSADDA,DOSEHRA,33101006,2,Non CBV,2025-12-05 00:00,35,2,0,8,5,6,8,1,6393,461,32,0,35,22,35,35,72,1,1,1,1,,,8,,,8,,,1,1,,,,,422,71,37,37
NID DEC 2025,2025-12-14 00:00,NOWSHERA,NOWSHERA,MANKI SHAREEF,33202029,2,Non CBV,2025-12-05 00:00,21,1,1,5,1,3,5,1,3822,399,42,194,21,15,21,14,45,1,1,1,0,,,5,0,0,5,0,0,1,1,0,0,10,21,521,41,27,1
NID DEC 2025,2025-12-11 00:00,CHARSADA,CHARSADDA,GHONDA KARKANA,33101007,2,Non CBV,2025-12-05 00:00,17,2,1,4,3,3,4,1,3429,275,53,108,17,11,17,17,38,1,1,1,0,,,4,,,4,,,1,1,,,,,0,8,20,20
NID DEC 2025,2025-12-11 00:00,CHARSADA,CHARSADDA,HISARA YASENZAI,33101008,2,Non CBV,2025-12-05 00:00,34,1,1,8,3,5,8,1,7587,806,25,83,34,25,34,34,71,1,1,1,1,,,8,,,8,,,1,1,,,,,1126,74,36,36
NID DEC 2025,2025-12-09 00:00,CHARSADA,CHARSADDA,KHANMAI,33101009,2,Non CBV,2025-12-05 00:00,17,1,1,4,1,1,4,1,3555,267,34,128,17,9,17,17,37,1,1,1,1,,,4,,,4,,,1,1,,,,,150,16,19,19
NID DEC 2025,2025-12-15 00:00,NOWSHERA,JEHANGIRA,MERA AKORA,33203010,2,Non CBV,2025-12-05 00:00,41,1,2,9,1,7,9,1,9643,785,10,213,41,18,41,41,87,1,1,,0,,,9,0,0,9,0,0,1,1,555,0,0,0,2877,56,48,6
NID DEC 2025,2025-12-09 00:00,CHARSADA,CHARSADDA,MC-1 CHARSADDA,33101010,2,Non CBV,2025-12-05 00:00,24,1,4,6,2,4,6,1,4775,367,49,623,24,22,24,24,57,1,1,1,1,,,6,,,6,,,1,1,,,,,647,6,29,29
NID DEC 2025,2025-12-09 00:00,CHARSADA,CHARSADDA,MC-2 CHARSADDA,33101011,2,Non CBV,2025-12-05 00:00,24,1,1,5,2,2,5,1,5459,270,27,111,24,12,24,24,51,1,1,1,1,,,5,,,5,,,1,1,,,,,151,29,26,26
NID DEC 2025,2025-12-09 00:00,CHARSADA,CHARSADDA,MC-3 CHARSADDA,33101012,2,Non CBV,2025-12-05 00:00,17,1,0,4,3,4,4,1,3402,187,22,0,17,13,17,17,35,1,1,1,0,,,4,,,4,,,1,1,,,,,138,5,18,18
NID DEC 2025,2025-12-10 00:00,NOWSHERA,JEHANGIRA,MISRI BANDA,33203011,2,Non CBV,2025-12-05 00:00,20,2,2,5,1,5,5,1,4230,557,58,106,20,8,20,18,46,1,1,1,1,,,5,0,0,5,0,0,1,1,299,0,20,20,666,35,28,0
NID DEC 2025,2025-12-11 00:00,CHARSADA,CHARSADDA,MIRA PRANG,33101015,2,Non CBV,2025-12-05 00:00,18,2,0,4,2,4,4,1,3843,192,67,0,18,11,18,18,38,1,1,1,1,,,4,,,4,,,1,1,,,,,74,8,20,20
NID DEC 2025,2025-12-14 00:00,NOWSHERA,PABBI,MOHIB BANDA,33204011,2,Non CBV,2025-12-05 00:00,21,1,0,6,2,4,6,1,4866,613,30,0,21,18,21,21,43,1,1,1,0,,,6,0,0,6,0,0,1,1,389,0,0,0,219,19,22,0
NID DEC 2025,2025-12-11 00:00,NOWSHERA,JEHANGIRA,MUGHALKI,33203012,2,Non CBV,2025-12-05 00:00,31,3,1,8,1,2,8,1,6934,391,37,26,31,20,31,27,67,1,1,1,1,,,8,0,0,8,0,0,1,1,478,0,0,31,255,92,35,1
NID DEC 2025,2025-12-15 00:00,NOWSHERA,NOWSHERA,NAWA KALY,33202034,2,Non CBV,2025-12-05 00:00,25,1,2,6,3,6,6,1,5030,510,111,111,25,5,22,25,55,1,1,,0,,,6,0,0,6,0,0,1,1,0,0,25,25,218,68,32,3
NID DEC 2025,2025-12-15 00:00,NOWSHERA,JEHANGIRA,NIZAMPUR,33203013,2,Non CBV,2025-12-05 00:00,27,1,2,7,1,5,7,1,3448,195,33,190,27,21,27,25,59,1,1,1,0,,,7,0,0,7,0,0,1,1,232,0,0,27,10,44,30,0
NID DEC 2025,2025-12-15 00:00,NOWSHERA,NOWSHERA,NOWSHERA CANTT,33202048,2,Non CBV,2025-12-05 00:00,24,1,7,6,1,3,6,1,3160,570,26,1251,24,5,24,24,63,1,1,,1,,,6,0,0,6,0,0,1,1,423,0,0,24,73,16,29,3
NID DEC 2025,2025-12-15 00:00,NOWSHERA,NOWSHERA,NOWSHERA CITY,33202036,2,Non CBV,2025-12-05 00:00,17,1,6,4,1,2,4,1,3000,451,45,648,17,7,17,17,47,1,1,,1,,,4,0,0,4,0,0,1,1,262,0,0,17,99,15,24,8
NID DEC 2025,2025-12-11 00:00,NOWSHERA,PABBI,PABBI,33204012,2,Non CBV,2025-12-05 00:00,23,1,6,5,3,1,5,1,5479,517,63,1482,23,13,23,23,59,1,1,1,0,,,5,0,0,5,0,0,1,1,533,0,23,23,1260,15,35,0
NID DEC 2025,2025-12-10 00:00,NOWSHERA,NOWSHERA,PAHARI KATTI KHEL,33202038,2,Non CBV,2025-12-05 00:00,21,3,0,6,0,5,6,1,3712,234,164,0,21,9,11,21,45,1,1,1,0,,,6,0,0,6,0,0,1,1,327,3,0,21,254,80,30,0
NID DEC 2025,2025-12-15 00:00,NOWSHERA,NOWSHERA,PIRPAI,33202039,2,Non CBV,2025-12-05 00:00,19,1,2,5,2,2,5,1,3432,363,51,137,19,13,19,19,43,1,1,1,0,,,5,0,0,5,0,0,1,1,426,0,19,19,665,22,21,0
NID DEC 2025,2025-12-11 00:00,NOWSHERA,NOWSHERA,PIRSABAQ,33202040,2,Non CBV,2025-12-05 00:00,28,2,1,6,1,3,6,1,7014,532,105,105,28,25,28,26,60,1,1,1,1,,,6,0,0,6,0,0,1,1,489,0,28,28,1015,142,34,2
NID DEC 2025,2025-12-15 00:00,NOWSHERA,NOWSHERA,RASHAKAI,33202041,2,Non CBV,2025-12-05 00:00,25,1,0,6,2,5,6,1,5690,294,60,0,25,17,25,25,51,1,1,1,0,,,6,0,0,6,0,0,1,1,325,0,25,25,1540,48,31,1
NID DEC 2025,2025-12-15 00:00,NOWSHERA,NOWSHERA,RISALPUR CANTT,33202049,2,Non CBV,2025-12-05 00:00,36,3,2,8,4,4,8,1,4867,771,68,192,36,11,36,36,79,1,1,,1,,,8,0,0,8,0,0,1,1,313,0,0,20,84,34,41,0
NID DEC 2025,2025-12-10 00:00,NOWSHERA,JEHANGIRA,SHAIDU,33203014,2,Non CBV,2025-12-05 00:00,25,1,0,5,4,5,5,1,6216,755,51,0,25,19,25,24,51,1,1,1,1,,,5,0,0,5,0,0,1,1,0,0,0,25,619,36,31,0
NID DEC 2025,2025-12-14 00:00,NOWSHERA,PABBI,SHAKOT,33204013,2,Non CBV,2025-12-05 00:00,32,4,0,8,0,4,8,1,4759,332,82,0,32,17,32,32,68,1,1,1,1,,,8,0,0,8,0,0,1,1,300,0,32,32,615,20,44,0
NID DEC 2025,2025-12-09 00:00,NOWSHERA,PABBI,SPINKHAK,33204014,2,Non CBV,2025-12-05 00:00,17,1,0,4,1,4,4,1,3671,138,31,0,17,14,17,17,35,1,1,1,1,,,4,0,0,4,0,0,1,1,212,0,0,17,639,37,20,3
NID DEC 2025,2025-12-10 00:00,NOWSHERA,PABBI,TARRU JABBA,33204015,2,Non CBV,2025-12-05 00:00,21,1,2,5,0,2,5,1,4176,410,59,387,21,13,21,21,47,1,1,1,0,,,5,0,0,5,0,0,1,1,368,0,0,21,580,29,32,2
NID DEC 2025,2025-12-14 00:00,NOWSHERA,PABBI,TURKMEN CAMP,33204016,2,Non CBV,2025-12-05 00:00,6,1,0,2,1,0,2,1,777,30,16,0,6,0,1,5,13,1,1,,0,,,2,0,0,2,0,0,1,1,60,0,6,6,777,7,10,0
NID DEC 2025,2025-12-11 00:00,NOWSHERA,NOWSHERA,ZARA MAINA,33202046,2,Non CBV,2025-12-05 00:00,21,1,1,5,0,2,5,1,4594,343,37,67,21,11,21,21,45,1,1,1,1,,,5,0,0,5,0,0,1,1,293,0,21,21,690,62,29,0
NID DEC 2025,2025-12-10 00:00,NOWSHERA,NOWSHERA,ZIARAT KAKA SAHIB,33202047,2,Non CBV,2025-12-05 00:00,25,2,2,7,1,7,7,1,3908,405,76,220,25,15,25,21,56,1,1,1,1,,,7,0,0,7,0,0,1,1,353,0,25,25,289,54,37,3
NID DEC 2025,2025-12-10 00:00,CHARSADA,CHARSADDA,MOHAMMAD NARI,33101016,2,Non CBV,2025-12-05 00:00,37,2,0,8,0,2,8,1,9032,387,43,0,37,21,37,37,76,1,1,1,0,,,8,,,8,,,1,1,,,,,2624,38,39,39
NID DEC 2025,2025-12-09 00:00,CHARSADA,CHARSADDA,NISATTA,33101017,2,Non CBV,2025-12-05 00:00,22,2,2,5,1,2,5,1,5437,246,70,210,22,8,22,22,50,1,1,1,1,,,5,,,5,,,1,1,,,,,0,61,26,26
NID DEC 2025,2025-12-10 00:00,CHARSADA,CHARSADDA,RAJJAR 1,33101018,2,Non CBV,2025-12-05 00:00,31,2,3,7,7,6,7,1,7318,291,107,781,31,22,31,31,70,1,1,1,0,,,7,,,7,,,1,1,,,,,648,23,36,36
NID DEC 2025,2025-12-09 00:00,CHARSADA,CHARSADDA,RAJJAR 2,33101019,2,Non CBV,2025-12-05 00:00,15,1,0,3,0,3,3,1,3583,207,10,0,15,7,15,15,31,1,1,1,1,,,3,,,3,,,1,1,,,,,0,17,16,16
NID DEC 2025,2025-12-09 00:00,CHARSADA,CHARSADDA,SARKI TETARA,33101020,2,Non CBV,2025-12-05 00:00,23,1,0,5,3,2,5,1,4745,339,37,0,23,23,23,23,47,1,1,1,1,,,5,,,5,,,1,1,,,,,460,27,24,24
NID DEC 2025,2025-12-09 00:00,CHARSADA,CHARSADDA,SHEIKHO,33101021,2,Non CBV,2025-12-05 00:00,22,1,1,5,1,2,5,1,4904,344,40,66,22,6,22,22,47,1,1,1,0,,,5,,,5,,,1,1,,,,,234,7,24,24
NID DEC 2025,2025-12-09 00:00,CHARSADA,CHARSADDA,TURANGZAI,33101022,2,Non CBV,2025-12-05 00:00,18,2,0,4,1,2,4,1,3749,249,53,0,18,18,18,18,38,1,1,1,1,,,4,,,4,,,1,1,,,,,200,30,20,20
NID DEC 2025,2025-12-09 00:00,CHARSADA,CHARSADDA,TURNAB,33101023,2,Non CBV,2025-12-05 00:00,20,1,1,4,2,1,4,1,3518,293,30,48,20,18,20,20,43,1,1,1,1,,,4,,,4,,,1,1,,,,,44,16,22,22
NID DEC 2025,2025-12-10 00:00,CHARSADA,CHARSADDA,UMERZAI,33101024,2,Non CBV,2025-12-05 00:00,38,1,2,8,6,6,8,1,7480,453,25,174,38,23,38,38,81,1,1,1,1,,,8,,,8,,,1,1,,,,,212,44,41,41
NID DEC 2025,2025-12-11 00:00,CHARSADA,CHARSADDA,UTMANZAI,33101025,2,Non CBV,2025-12-05 00:00,34,1,1,7,4,6,7,1,6921,465,54,73,34,30,34,34,71,1,1,1,0,,,7,,,7,,,1,1,,,,,1654,21,36,36
NID DEC 2025,2025-12-11 00:00,CHARSADA,SHABQADAR,BATTAGRAM,33102001,2,Non CBV,2025-12-05 00:00,40,2,3,9,6,8,9,1,8582,556,13,351,40,38,40,40,88,1,1,1,0,,,9,,,9,,,1,1,,,,,254,61,45,45
NID DEC 2025,2025-12-11 00:00,CHARSADA,SHABQADAR,DAULAT PURA,33102002,2,Non CBV,2025-12-05 00:00,26,1,2,6,5,5,6,1,5264,226,38,74,26,26,26,26,57,1,1,,1,,,6,,,6,,,1,1,,,,,151,13,29,29
NID DEC 2025,2025-12-09 00:00,CHARSADA,SHABQADAR,HAJIZAI,33102003,2,Non CBV,2025-12-05 00:00,21,1,2,5,2,2,5,1,5466,317,32,173,21,11,21,21,47,1,1,1,1,,,5,,,5,,,1,1,,,,,247,11,24,24
NID DEC 2025,2025-12-11 00:00,CHARSADA,SHABQADAR,HASSANZAI,33102004,2,Non CBV,2025-12-05 00:00,29,1,0,6,0,1,6,1,6203,328,26,0,29,24,29,29,59,1,1,1,1,,,6,,,6,,,1,1,,,,,,28,30,30
NID DEC 2025,2025-12-11 00:00,CHARSADA,SHABQADAR,KANGRA,33102005,2,Non CBV,2025-12-05 00:00,12,1,1,3,3,3,3,1,2653,92,19,76,12,11,12,12,27,1,1,1,1,,,3,,,3,,,1,1,,,,,150,12,14,14
NID DEC 2025,2025-12-09 00:00,CHARSADA,SHABQADAR,KATOZAI,33102006,2,Non CBV,2025-12-05 00:00,20,1,2,4,1,1,4,1,3494,269,20,144,20,16,20,20,45,1,1,1,1,,,4,,,4,,,1,1,,,,,259,14,23,23
NID DEC 2025,2025-12-11 00:00,CHARSADA,SHABQADAR,MATA MUGHAL KHEL,33102007,2,Non CBV,2025-12-05 00:00,24,1,2,6,1,3,6,1,5070,217,65,236,24,24,24,24,53,1,1,1,0,,,6,,,6,,,1,1,,,,,,12,27,27
NID DEC 2025,2025-12-09 00:00,CHARSADA,SHABQADAR,MC-1 SHABQADAR,33102008,2,Non CBV,2025-12-05 00:00,18,1,3,4,0,1,4,1,5538,412,56,682,18,12,18,18,43,1,1,1,1,,,4,,,4,,,1,1,,,,,319,18,23,23
NID DEC 2025,2025-12-11 00:00,CHARSADA,SHABQADAR,MC-2 SHABQADAR,33102009,2,Non CBV,2025-12-05 00:00,17,0,3,4,1,3,4,1,4155,307,0,363,17,13,17,17,40,1,1,1,1,,,4,,,4,,,1,1,,,,,280,14,20,20
NID DEC 2025,2025-12-11 00:00,CHARSADA,SHABQADAR,MC-3 SHABQADAR,33102010,2,Non CBV,2025-12-05 00:00,28,0,1,6,1,3,6,1,6134,424,0,281,28,14,28,28,58,1,1,1,1,,,6,,,6,,,1,1,,,,,491,30,29,29
NID DEC 2025,2025-12-09 00:00,CHARSADA,SHABQADAR,PANJPAO,33102011,2,Non CBV,2025-12-05 00:00,21,1,0,5,2,3,5,1,6003,228,92,0,21,17,21,21,43,1,1,1,0,,,5,,,5,,,1,1,,,,,2862,62,22,22
NID DEC 2025,2025-12-11 00:00,CHARSADA,SHABQADAR,RASHAKI,33102012,2,Non CBV,2025-12-05 00:00,36,1,1,8,1,4,8,1,8919,590,63,71,36,9,36,36,75,1,1,1,1,,,8,,,8,,,1,1,,,,,423,22,38,38
NID DEC 2025,2025-12-11 00:00,CHARSADA,TANGI,ABAZAI,33103001,2,Non CBV,2025-12-05 00:00,28,1,0,6,1,1,6,1,7723,426,13,0,28,18,28,27,57,1,1,1,1,,,6,,,6,,,1,1,,,,,2324,17,29,29
NID DEC 2025,2025-12-11 00:00,CHARSADA,TANGI,DHAKKI,33103002,2,Non CBV,2025-12-05 00:00,37,2,1,8,3,6,8,1,8840,362,77,108,37,32,37,36,78,1,1,1,1,,,8,,,8,,,1,1,,,,,8492,58,40,40
NID DEC 2025,2025-12-11 00:00,CHARSADA,TANGI,GANDHERI,33103003,2,Non CBV,2025-12-05 00:00,36,2,0,8,1,1,8,1,10961,437,27,0,36,25,36,36,74,1,1,1,1,,,8,,,8,,,1,1,,,,,9205,49,38,38
NID DEC 2025,2025-12-11 00:00,CHARSADA,TANGI,HARICHAND,33103004,2,Non CBV,2025-12-05 00:00,21,1,2,5,1,1,5,1,5707,342,9,340,21,17,21,21,47,1,1,1,1,,,5,,,5,,,1,1,,,,,5591,29,24,24
NID DEC 2025,2025-12-11 00:00,CHARSADA,TANGI,HISARA NEHRI,33103005,2,Non CBV,2025-12-05 00:00,18,1,0,4,2,3,4,1,4309,251,20,0,18,12,18,18,37,1,1,1,1,,,4,,,4,,,1,1,,,,,3319,24,19,19
NID DEC 2025,2025-12-11 00:00,CHARSADA,TANGI,KOZ BEHRAM DHERI,33103006,2,Non CBV,2025-12-05 00:00,17,1,0,5,2,2,5,1,4300,306,23,0,17,10,17,17,35,1,1,,0,,,5,,,5,,,1,1,,,,,,23,18,18
NID DEC 2025,2025-12-09 00:00,CHARSADA,TANGI,MANDANI,33103007,2,Non CBV,2025-12-05 00:00,18,1,0,5,1,4,5,1,5016,340,38,0,18,18,18,18,37,1,1,1,1,,,5,,,5,,,1,1,,,,,4828,35,19,19
NID DEC 2025,2025-12-11 00:00,CHARSADA,TANGI,MC TANGI,33103008,2,Non CBV,2025-12-05 00:00,45,1,7,10,5,4,10,1,9689,562,74,1052,45,41,45,45,105,1,1,1,1,,,10,,,10,,,1,1,,,,,613,52,53,53
NID DEC 2025,2025-12-09 00:00,CHARSADA,TANGI,MIRZA DHER,33103009,2,Non CBV,2025-12-05 00:00,17,1,0,4,0,0,4,1,3516,193,19,0,17,10,17,17,35,1,1,1,1,,,4,,,4,,,1,1,,,,,67,31,18,18
NID DEC 2025,2025-12-10 00:00,CHARSADA,TANGI,SHERPAO,33103010,2,Non CBV,2025-12-05 00:00,30,1,2,7,5,6,7,1,6942,346,12,138,30,18,30,30,65,1,1,,1,,,7,,,7,,,1,1,,,,,958,58,33,33
NID DEC 2025,2025-12-11 00:00,CHARSADA,TANGI,SHODAAG,33103011,2,Non CBV,2025-12-05 00:00,21,2,0,5,2,4,5,1,6281,388,73,0,21,21,21,21,44,1,1,1,0,,,5,,,5,,,1,1,,,,,5367,17,23,23
NID DEC 2025,2025-12-11 00:00,CHARSADA,TANGI,ZIAM,33103012,2,Non CBV,2025-12-05 00:00,17,1,0,4,2,2,4,1,3844,282,4,0,17,11,17,17,35,1,1,1,1,,,4,,,4,,,1,1,,,,,2348,20,18,18
NID DEC 2025,2025-12-11 00:00,CHARSADA,TANGI,AR MUNDA,33103015,2,Non CBV,2025-12-05 00:00,11,1,0,3,0,0,3,1,2158,163,32,0,11,5,11,11,23,1,1,1,1,,,3,,,3,,,1,1,,,,,854,19,12,12
NID DEC 2025,2025-12-09 00:00,KHYBER,LANDI KOTAL,TORKHAM,33404078,1,CBV,2025-12-06 00:00,14,1,0,3,0,0,3,,2565,72,15,0,14,0,14,0,15,1,1,,0,,,3,0,0,3,0,0,1,1,324,0,14,14,287,18,17,17
NID DEC 2025,2025-12-10 00:00,KHYBER,LANDI KOTAL,LOE SHALMAN B,33404068,1,CBV,2025-12-06 00:00,16,1,0,4,0,0,4,1,3236,45,7,0,16,0,16,0,17,1,1,,1,,,4,0,0,4,0,0,1,1,359,0,16,16,0,66,26,26
NID DEC 2025,2025-12-09 00:00,KHYBER,TIRAH MAIDAN,MALAKDIN KHEL A TIRAH,33405001,1,CBV,2025-12-06 00:00,17,1,0,5,0,0,5,,2185,0,79,0,17,0,17,0,18,1,1,,0,,,5,0,0,5,0,0,1,1,195,0,17,17,0,6,0,0
NID DEC 2025,2025-12-09 00:00,KHYBER,TIRAH MAIDAN,MALAKDIN KHEL B TIRAH,33405002,1,CBV,2025-12-06 00:00,17,0,0,5,0,0,5,,1440,0,0,0,17,0,17,0,17,1,1,,0,,,5,0,0,5,0,0,1,1,195,0,17,17,0,26,0,0
NID DEC 2025,2025-12-09 00:00,KHYBER,TIRAH MAIDAN,NAKAY,33405003,1,CBV,2025-12-06 00:00,32,0,0,8,0,0,8,,1411,0,0,0,32,0,32,0,32,1,1,,0,,,8,0,0,8,0,0,1,1,330,0,32,32,0,14,0,0
NID DEC 2025,2025-12-09 00:00,KHYBER,TIRAH MAIDAN,QAMBAR KHEL A TIRAH,33405004,1,CBV,2025-12-06 00:00,16,1,0,6,0,0,6,,948,0,20,0,16,0,16,0,17,1,1,,0,,,6,0,0,6,0,0,1,1,181,0,16,16,0,12,0,0
NID DEC 2025,2025-12-09 00:00,KHYBER,TIRAH MAIDAN,QAMBAR KHEL B TIRAH,33405005,1,CBV,2025-12-06 00:00,10,0,0,4,0,0,4,,946,0,0,0,10,0,10,0,10,1,1,,0,,,4,0,0,4,0,0,1,1,58,0,10,10,0,7,0,0
NID DEC 2025,2025-12-09 00:00,KHYBER,TIRAH MAIDAN,SHALOBAR TIRAH,33405006,1,CBV,2025-12-06 00:00,20,1,0,5,0,0,5,,2462,0,20,0,20,0,20,0,21,1,1,,0,,,5,0,0,5,0,0,1,1,165,0,20,20,0,118,0,0
NID DEC 2025,2025-12-09 00:00,KHYBER,TIRAH MAIDAN,ZAKHAKHEL TIRAH,33405007,1,CBV,2025-12-06 00:00,37,1,0,10,0,0,10,,4305,0,16,0,37,0,37,0,38,1,1,,0,,,10,0,0,10,0,0,1,1,517,0,37,37,0,62,0,0
NID DEC 2025,2025-12-09 00:00,KHYBER,TIRAH MAIDAN,Seray,33405008,1,CBV,2025-12-06 00:00,22,0,0,6,0,0,6,,465,0,0,0,22,0,22,0,22,1,1,,0,,,6,0,0,6,0,0,1,0,111,0,22,22,0,0,0,0
NID DEC 2025,2025-12-09 00:00,KHYBER,TIRAH MAIDAN,PAGDARA,33405009,1,CBV,2025-12-06 00:00,15,0,0,2,0,0,2,,177,0,0,0,15,0,15,0,15,1,1,,0,,,2,0,0,2,0,0,1,1,75,0,15,15,0,1,0,0
NID DEC 2025,2025-12-14 00:00,PESHAWAR,CITY,ANDERSHEHER,33004001,1,CBV,2025-12-08 00:00,8,2,4,2,2,2,2,1,953,54,289,839,8,8,7,8,18,1,1,1,1,,,2,,,2,,,1,1,162,0,8,8,230,8,14,14
NID DEC 2025,2025-12-14 00:00,PESHAWAR,CITY,ASIA DABGARI,33004002,1,CBV,2025-12-08 00:00,14,1,2,3,3,3,3,1,2983,135,38,256,14,14,10,14,19,1,1,1,1,,,3,,,3,,,1,1,331,0,14,14,1083,20,23,23
NID DEC 2025,2025-12-15 00:00,PESHAWAR,CITY,FAQIR ABAD,33004007,1,CBV,2025-12-08 00:00,14,1,1,3,3,3,3,1,2617,268,49,84,14,14,8,14,17,1,1,1,0,,,3,,,3,,,1,1,389,0,14,14,851,23,23,23
NID DEC 2025,2025-12-14 00:00,PESHAWAR,CITY,GULBAHAR,33004008,1,CBV,2025-12-08 00:00,15,3,1,4,4,4,4,1,3339,572,215,91,15,15,9,15,20,1,1,1,1,,,4,,,4,,,1,1,379,0,0,0,907,16,20,23
NID DEC 2025,2025-12-15 00:00,PESHAWAR,CITY,GUNJ,33004009,1,CBV,2025-12-08 00:00,10,1,3,2,2,2,2,1,1967,100,56,504,10,10,9,10,17,1,1,,1,,,2,,,2,,,1,0,207,0,10,10,321,20,15,15
NID DEC 2025,2025-12-14 00:00,PESHAWAR,CITY,HASAN GARHI 1,33004010,1,CBV,2025-12-08 00:00,35,1,1,9,9,9,9,1,11810,352,58,122,35,35,33,35,38,1,1,1,1,,,9,,,9,,,1,1,902,0,34,34,7644,238,51,52
NID DEC 2025,2025-12-14 00:00,PESHAWAR,CITY,HASAN GARHI 2,33004011,1,CBV,2025-12-08 00:00,40,1,1,9,8,9,9,1,8660,539,61,105,40,40,30,40,43,1,1,1,0,,,9,,,9,,,1,1,553,0,40,40,2077,91,50,50
NID DEC 2025,2025-12-15 00:00,PESHAWAR,CITY,HAYAT ABAD 1,33004012,1,CBV,2025-12-08 00:00,44,1,15,11,9,11,11,1,5975,696,227,2825,44,44,20,40,75,1,1,,0,,,11,,,11,,,1,1,468,0,44,44,2925,53,63,66
NID DEC 2025,2025-12-14 00:00,PESHAWAR,CITY,HAYAT ABAD 2,33004013,1,CBV,2025-12-08 00:00,69,1,5,18,13,18,18,1,11943,664,109,672,69,69,30,67,80,1,1,1,1,,,18,,,18,,,1,1,621,0,69,69,6618,68,100,102
NID DEC 2025,2025-12-15 00:00,PESHAWAR,CITY,JEHANGIR PURA,33004014,1,CBV,2025-12-08 00:00,13,0,1,3,3,3,3,1,1699,45,0,224,13,13,11,13,15,1,1,1,1,,,3,,,3,,,1,1,324,0,13,13,443,10,20,20
NID DEC 2025,2025-12-15 00:00,PESHAWAR,CITY,KAKSHAL,33004015,1,CBV,2025-12-08 00:00,22,1,0,5,5,5,5,1,7286,290,72,0,22,22,11,22,23,1,1,,1,,,5,,,5,,,1,1,675,0,22,22,3070,64,34,34
NID DEC 2025,2025-12-14 00:00,PESHAWAR,CITY,KARIM PURA,33004016,1,CBV,2025-12-08 00:00,11,3,5,3,3,3,3,1,1975,134,220,1019,11,11,5,11,24,1,1,1,1,,,3,,,3,,,1,1,239,0,11,11,425,16,16,17
NID DEC 2025,2025-12-15 00:00,PESHAWAR,CITY,KHALSA 1,33004017,1,CBV,2025-10-02 00:00,33,1,7,7,7,7,7,1,8658,356,78,1751,33,33,27,33,48,1,1,1,0,,,7,,,7,,,1,1,1104,0,33,33,4540,80,49,49
NID DEC 2025,2025-12-14 00:00,PESHAWAR,CITY,KHALSA 2,33004018,1,CBV,2025-12-08 00:00,41,1,2,9,9,9,9,1,14732,342,72,734,41,41,38,41,46,1,1,1,1,,,9,,,9,,,1,1,76,4,41,41,7082,163,59,59
NID DEC 2025,2025-12-12 00:00,PESHAWAR,CITY,LAHORI,33004019,1,CBV,2025-12-08 00:00,9,1,4,2,2,2,2,1,1900,116,42,376,9,9,8,9,18,1,1,,1,,,2,,,2,,,1,1,214,0,9,9,147,16,15,15
NID DEC 2025,2025-12-15 00:00,PESHAWAR,CITY,MALAKANDHER,33004020,1,CBV,2025-12-08 00:00,60,3,3,17,14,17,17,1,18561,348,138,355,60,60,47,52,69,1,1,1,1,,,17,,,17,,,1,1,1067,2,60,60,10822,157,85,85
NID DEC 2025,2025-12-14 00:00,PESHAWAR,CITY,MEHAL TERAI 1,33004021,1,CBV,2025-12-08 00:00,23,1,5,5,5,5,5,1,6284,280,42,727,23,23,19,23,34,1,1,1,0,,,5,,,5,,,1,1,463,0,23,23,2673,72,36,36
NID DEC 2025,2025-12-14 00:00,PESHAWAR,CITY,MEHAL TERAI 2,33004022,1,CBV,2025-12-08 00:00,43,1,3,9,9,9,9,1,12530,859,129,622,43,43,36,43,50,1,1,1,0,,,9,,,9,,,1,1,731,0,43,43,4364,262,63,63
NID DEC 2025,2025-12-14 00:00,PESHAWAR,CITY,PALOSI,33004023,1,CBV,2025-12-08 00:00,26,1,4,7,5,7,7,1,9807,173,138,610,26,26,26,26,35,1,1,1,1,,,7,,,7,,,1,1,728,0,26,26,1655,75,44,44
NID DEC 2025,2025-12-14 00:00,PESHAWAR,CITY,PAWAKA,33004024,1,CBV,2025-12-08 00:00,29,2,0,7,6,7,7,1,7690,345,101,0,29,29,26,29,31,1,1,1,1,,,7,,,7,,,1,1,864,0,29,29,1421,114,32,43
NID DEC 2025,2025-12-14 00:00,PESHAWAR,CITY,REGI,33004025,1,CBV,2025-12-08 00:00,20,1,3,5,5,5,5,1,6994,126,70,225,20,20,17,20,27,1,1,1,1,,,5,,,5,,,1,1,1047,0,20,20,626,139,30,30
NID DEC 2025,2025-12-14 00:00,PESHAWAR,CITY,SHAHEEN TOWN,33004026,1,CBV,2025-12-08 00:00,23,2,2,6,6,6,6,1,4557,329,99,202,23,23,20,23,29,1,1,,0,,,6,,,6,,,1,1,571,8,23,23,933,53,41,41
NID DEC 2025,2025-12-14 00:00,PESHAWAR,CITY,SHAHI BAGH,33004027,1,CBV,2025-12-08 00:00,17,2,6,4,4,4,4,1,4176,91,81,1026,17,17,13,17,31,1,1,1,1,,,4,,,4,,,1,1,279,0,17,17,2378,28,25,25
NID DEC 2025,2025-12-15 00:00,PESHAWAR,CITY,SIKANDAR TOWN,33004028,1,CBV,2025-12-08 00:00,16,4,7,4,3,4,4,1,4045,226,473,1160,16,16,10,16,34,1,1,1,1,,,4,,,4,,,1,1,302,1,16,16,1474,35,25,25
NID DEC 2025,2025-12-14 00:00,PESHAWAR,CITY,SUFAID DHERI,33004029,1,CBV,2025-12-08 00:00,63,3,4,15,15,15,15,1,18788,496,181,493,63,63,52,63,74,1,1,1,1,,,15,,,15,,,1,1,902,66,63,63,9406,266,93,94
NID DEC 2025,2025-12-14 00:00,PESHAWAR,CITY,TEHKAL BALA,33004030,1,CBV,2025-12-08 00:00,33,2,3,8,8,8,8,1,10851,405,112,183,33,33,30,33,41,1,1,1,1,,,8,,,8,,,1,1,487,0,33,33,2368,218,56,56
NID DEC 2025,2025-12-14 00:00,PESHAWAR,CITY,TEHKAL PAYAN,33004031,1,CBV,2025-12-08 00:00,19,1,2,4,3,4,4,1,5673,144,59,125,19,19,17,19,24,1,1,1,0,,,4,,,4,,,1,1,487,0,19,19,1029,371,29,29
NID DEC 2025,2025-12-14 00:00,PESHAWAR,CITY,TEHKAL PAYAN 2 IRRIG,33004032,1,CBV,2025-12-08 00:00,14,3,0,4,4,4,4,1,4443,284,145,0,14,14,13,14,17,1,1,1,1,,,4,,,4,,,1,1,285,0,14,14,1672,91,24,25
NID DEC 2025,2025-12-15 00:00,PESHAWAR,CITY,UNIVERSITY TOWN,33004033,1,CBV,2025-12-09 00:00,24,1,12,6,6,6,6,1,3216,509,94,1834,24,24,6,24,49,1,1,1,1,,,6,,,6,,,1,1,738,0,24,24,1434,48,36,36
NID DEC 2025,2025-12-14 00:00,PESHAWAR,CITY,CANTT WARD 1,33004003,1,SMT,2025-12-08 00:00,11,0,2,3,3,3,3,1,752,219,0,549,11,11,1,11,26,1,1,,1,,,3,,,3,,,1,0,151,0,0,11,71,5,17,17
NID DEC 2025,2025-12-15 00:00,PESHAWAR,CITY,CANTT WARD 2,33004004,1,SMT,2025-12-08 00:00,11,2,3,3,3,3,3,1,1997,486,107,193,11,11,0,11,30,1,1,,1,,,3,,,3,,,1,1,446,0,0,11,0,14,16,16
NID DEC 2025,2025-12-12 00:00,PESHAWAR,CITY,CANTT WARD 3,33004005,1,SMT,2025-12-08 00:00,8,1,4,2,2,2,2,1,840,178,128,788,8,8,4,8,25,1,1,,1,,,2,,,2,,,1,1,132,3,0,8,66,9,13,13
NID DEC 2025,2025-12-14 00:00,PESHAWAR,CITY,CANTT WARD 4,33004006,1,SMT,2025-12-08 00:00,9,1,2,2,2,2,2,1,1200,150,54,366,9,9,0,9,23,1,1,,0,,,2,,,2,,,1,1,207,0,0,2,48,3,13,13
NID DEC 2025,2025-12-14 00:00,PESHAWAR,SHAH ALAM,KANIZA,33007009,1,CBV,2025-12-08 00:00,22,1,3,7,7,7,7,1,8009,226,61,244,22,22,22,22,29,1,1,1,0,,,7,,,7,,,1,1,683,1,22,22,1940,196,34,34
NID DEC 2025,2025-12-14 00:00,PESHAWAR,SHAH ALAM,KANKOLA,33007010,1,CBV,2025-12-08 00:00,32,2,1,10,10,10,10,1,11452,480,34,131,32,32,28,32,36,1,1,1,1,,,10,,,10,,,1,1,812,0,32,32,3940,147,45,46
NID DEC 2025,2025-12-15 00:00,PESHAWAR,SHAH ALAM,KHAZANA,33007011,1,CBV,2025-12-08 00:00,39,1,1,10,10,10,10,1,15079,526,243,400,39,39,25,39,42,1,1,1,0,,,10,,,10,,,1,1,1114,0,39,39,7834,225,54,54
NID DEC 2025,2025-12-14 00:00,PESHAWAR,SHAH ALAM,LALA KALAY,33007012,1,CBV,2025-12-08 00:00,28,2,3,8,8,8,8,1,7622,480,71,189,28,28,26,28,36,1,1,,0,,,8,,,8,,,1,1,787,26,28,28,2323,63,40,40
NID DEC 2025,2025-12-14 00:00,PESHAWAR,SHAH ALAM,LARAMA,33007013,1,CBV,2025-12-08 00:00,31,1,0,7,7,7,7,1,10803,209,49,0,31,31,16,31,32,1,1,,1,,,7,,,7,,,1,0,524,0,31,31,7730,157,50,50
NID DEC 2025,2025-12-14 00:00,PESHAWAR,SHAH ALAM,MATHRA,33007014,1,CBV,2025-12-08 00:00,36,2,4,10,10,10,10,1,12219,375,80,915,36,36,33,36,46,1,1,1,0,,,10,,,10,,,1,0,727,0,36,36,2650,265,54,54
NID DEC 2025,2025-12-14 00:00,PESHAWAR,SHAH ALAM,NAHAQI,33007015,1,CBV,2025-12-08 00:00,27,2,2,7,7,7,7,1,8525,464,68,320,27,27,27,27,33,1,1,,0,,,7,,,7,,,1,0,842,6,27,27,1445,88,38,38
NID DEC 2025,2025-12-14 00:00,PESHAWAR,SHAH ALAM,PAJAGI,33007016,1,CBV,2025-12-08 00:00,41,2,1,10,10,10,10,1,15903,403,125,209,41,41,37,41,45,1,1,,0,,,10,,,10,,,1,0,695,0,41,41,8906,293,61,64
NID DEC 2025,2025-12-14 00:00,PESHAWAR,MATTANI,ACHINI,33005001,1,CBV,2025-12-08 00:00,30,2,2,7,3,7,7,1,11343,285,107,193,30,30,20,24,36,1,1,1,1,,,7,,,7,,,1,1,548,0,30,30,5766,227,37,47
NID DEC 2025,2025-12-14 00:00,PESHAWAR,SHAH ALAM,PAKHA GHULAM,33007017,1,CBV,2025-12-08 00:00,42,3,4,11,9,11,11,1,13454,508,187,367,42,42,39,42,53,1,1,1,1,,,11,,,11,,,1,0,1120,9,42,42,4523,145,48,50
NID DEC 2025,2025-12-14 00:00,PESHAWAR,SHAH ALAM,PANAM DHERI,33007018,1,CBV,2025-12-08 00:00,23,1,0,6,6,6,6,1,7917,240,39,0,23,23,21,23,24,1,1,1,0,,,6,,,6,,,1,0,494,3,23,23,1748,192,35,35
NID DEC 2025,2025-12-14 00:00,PESHAWAR,MATTANI,BAZID KHEL,33005002,1,CBV,2025-12-08 00:00,27,1,2,7,6,7,7,1,9612,244,55,312,27,27,27,27,32,1,1,1,1,,,7,,,7,,,1,1,420,5,27,27,1542,329,47,47
NID DEC 2025,2025-12-14 00:00,PESHAWAR,SHAH ALAM,SAEEDABAD,33007019,1,CBV,2025-12-08 00:00,25,3,0,7,7,7,7,1,6411,191,70,0,25,25,23,25,28,1,1,1,1,,,7,,,7,,,1,0,740,0,25,25,1844,82,37,37
NID DEC 2025,2025-12-15 00:00,PESHAWAR,SHAH ALAM,SHAHI BALA,33007020,1,CBV,2025-12-08 00:00,27,1,1,7,3,7,7,1,7158,115,5,80,27,27,26,26,30,1,1,1,1,,,7,,,7,,,1,0,329,0,27,27,1908,247,42,42
NID DEC 2025,2025-12-14 00:00,PESHAWAR,MATTANI,MASHOGAGAR,33005003,1,CBV,2025-12-08 00:00,44,3,3,11,7,11,11,1,14371,387,234,353,44,44,38,31,53,1,1,1,1,,,11,,,11,,,1,1,0,0,44,44,8560,267,65,65
NID DEC 2025,2025-12-14 00:00,PESHAWAR,SHAH ALAM,TUKHTABAD,33007021,1,CBV,2025-12-08 00:00,26,1,1,7,6,7,7,1,8115,222,51,237,26,26,26,26,29,1,1,,0,,,7,,,7,,,1,0,750,0,26,26,1589,154,39,39
NID DEC 2025,2025-12-14 00:00,PESHAWAR,SHAH ALAM,WADPAGA,33007022,1,CBV,2025-12-08 00:00,30,3,0,9,9,9,9,1,10490,529,117,0,30,30,30,30,33,1,1,1,0,,,9,,,9,,,1,0,961,2,30,30,2639,121,42,42
NID DEC 2025,2025-12-14 00:00,PESHAWAR,MATTANI,MATTANI,33005004,1,CBV,2025-12-08 00:00,26,1,3,6,0,6,6,1,9710,275,25,399,26,26,20,16,33,1,1,,1,,,6,,,6,,,1,1,190,0,26,26,1893,273,42,42
NID DEC 2025,2025-12-14 00:00,PESHAWAR,MATTANI,PISHTAKHARA,33005005,1,CBV,2025-12-08 00:00,29,1,2,7,7,7,7,1,11393,457,108,286,29,29,2,29,34,1,1,1,1,,,7,,,7,,,1,1,465,0,29,29,4740,190,42,44
NID DEC 2025,2025-12-15 00:00,PESHAWAR,SMT,AKHOON ABAD,33008001,1,CBV,2025-12-08 00:00,16,2,1,4,4,4,4,1,5246,91,182,168,16,16,13,16,20,1,1,1,0,,,4,,,4,,,1,0,296,0,16,16,3996,88,25,26
NID DEC 2025,2025-12-14 00:00,PESHAWAR,SMT,BHANA MARI,33008002,1,CBV,2025-12-08 00:00,15,2,2,4,4,4,4,1,3481,15,83,594,15,15,14,15,21,1,1,1,1,,,4,,,4,,,1,0,400,15,15,15,1059,31,25,27
NID DEC 2025,2025-12-14 00:00,PESHAWAR,MATTANI,SARBAND,33005006,1,CBV,2025-12-08 00:00,28,1,3,7,7,7,7,1,11252,291,86,446,28,28,25,28,35,1,1,1,0,,,7,,,7,,,1,1,657,0,28,28,5669,237,47,47
NID DEC 2025,2025-12-15 00:00,PESHAWAR,SMT,DEH BAHADAR,33008004,1,CBV,2025-12-08 00:00,37,4,9,12,12,12,12,1,12074,337,321,1403,37,37,30,37,59,1,1,1,1,,,12,,,12,,,1,0,763,14,37,37,4495,227,53,53
NID DEC 2025,2025-12-14 00:00,PESHAWAR,MATTANI,SHEIKH MOHAMMADI,33005007,1,CBV,2025-12-08 00:00,23,1,2,6,5,6,6,1,8319,185,38,160,23,23,22,23,28,1,1,1,1,,,6,,,6,,,1,1,405,7,23,23,1640,182,35,37
NID DEC 2025,2025-12-14 00:00,PESHAWAR,SMT,DERI BAGHBANAN,33008005,1,CBV,2025-12-08 00:00,16,2,2,4,4,4,4,1,3871,139,183,209,16,16,12,16,22,1,1,,0,,,4,,,4,,,1,0,179,0,16,16,1013,48,27,29
NID DEC 2025,2025-12-14 00:00,PESHAWAR,SMT,HAZARKHWANI 1,33008006,1,CBV,2025-12-08 00:00,26,3,2,6,6,6,6,1,8704,189,388,612,26,26,16,26,33,1,1,,1,,,6,,,6,,,1,1,637,0,26,26,3131,100,42,42
NID DEC 2025,2025-12-14 00:00,PESHAWAR,MATTANI,SHEIKHAN,33005008,1,CBV,2025-12-08 00:00,26,2,3,7,7,7,7,1,9802,400,136,317,26,26,26,26,34,1,1,1,0,,,7,,,7,,,1,1,501,0,26,26,4079,288,38,40
NID DEC 2025,2025-12-14 00:00,PESHAWAR,SMT,HAZARKHWANI 2,33008007,1,CBV,2025-12-08 00:00,42,3,3,11,11,11,11,1,17066,361,507,552,42,42,28,42,51,1,1,1,1,,,11,,,11,,,1,0,689,0,42,42,8880,236,65,65
NID DEC 2025,2025-12-14 00:00,PESHAWAR,MATTANI,SULEMAN KHEIL,33005009,1,CBV,2025-12-08 00:00,16,1,2,5,2,5,5,1,6281,97,80,137,16,16,15,16,21,1,1,1,0,,,5,,,5,,,1,1,272,1,16,16,1805,146,24,27
NID DEC 2025,2025-12-14 00:00,PESHAWAR,SMT,KAKSHAL 2,33008008,1,CBV,2025-12-08 00:00,8,2,3,2,2,2,2,1,1941,96,170,515,8,8,1,8,16,1,1,1,1,,,2,,,2,,,1,0,112,0,8,8,699,25,12,13
NID DEC 2025,2025-12-14 00:00,PESHAWAR,SMT,LANDI ARBAB,33008009,1,CBV,2025-12-08 00:00,27,2,3,7,7,7,7,1,7588,35,174,378,27,27,25,27,35,1,1,1,1,,,7,,,7,,,1,0,672,1,27,27,2172,106,42,44
NID DEC 2025,2025-12-14 00:00,PESHAWAR,SADDAR,ADEZAI,33006001,1,CBV,2025-12-08 00:00,24,1,1,7,5,7,7,1,6202,113,31,59,24,24,22,20,27,1,1,1,0,,,7,,,7,,,1,1,526,0,24,24,1489,185,35,35
NID DEC 2025,2025-12-15 00:00,PESHAWAR,SMT,NOTHIA JADEED,33008010,1,CBV,2025-12-08 00:00,30,3,3,6,6,6,6,1,8187,282,342,306,30,30,25,30,39,1,1,1,0,,,6,,,6,,,1,0,594,0,30,30,3797,164,42,47
NID DEC 2025,2025-12-15 00:00,PESHAWAR,SADDAR,AZAKHEL TELABAND,33006002,1,CBV,2025-12-08 00:00,21,3,0,7,3,7,7,1,7251,149,145,0,21,21,19,15,24,1,1,,0,,,7,,,7,,,1,1,513,21,21,21,269,216,35,35
NID DEC 2025,2025-12-15 00:00,PESHAWAR,SADDAR,BADABER HUREZAI,33006003,1,CBV,2025-12-08 00:00,20,2,1,7,3,7,7,1,7097,84,98,209,20,20,20,17,24,1,1,1,0,,,7,,,7,,,1,1,341,0,20,20,3508,113,32,32
NID DEC 2025,2025-12-14 00:00,PESHAWAR,SADDAR,BADABER MARYAMZAI,33006004,1,CBV,2025-12-08 00:00,15,1,3,4,3,4,4,1,5653,291,67,272,15,15,14,15,22,1,1,,0,,,4,,,4,,,1,1,238,0,15,15,630,182,27,28
NID DEC 2025,2025-12-15 00:00,PESHAWAR,SMT,NOTHIA QADEEM,33008011,1,CBV,2025-12-08 00:00,17,2,0,4,4,4,4,1,3424,215,142,0,17,17,15,17,19,1,1,1,0,,,4,,,4,,,1,0,231,0,17,17,495,31,30,30
NID DEC 2025,2025-12-14 00:00,PESHAWAR,SADDAR,CHAMKANI,33006005,1,CBV,2025-12-08 00:00,27,1,1,8,8,8,8,1,9391,287,100,88,27,27,27,27,30,1,1,1,0,,,8,,,8,,,1,1,992,1,27,27,3058,132,41,41
NID DEC 2025,2025-12-14 00:00,PESHAWAR,SMT,SHAHEEN MUSLIM TWN1,33008012,1,CBV,2025-12-08 00:00,38,4,2,11,10,11,11,1,12813,290,818,389,38,38,29,38,46,1,1,,1,,,11,,,11,,,1,0,846,0,38,38,3679,168,56,56
NID DEC 2025,2025-12-12 00:00,PESHAWAR,SMT,SHAHEEN MUSLIM TWN2,33008013,1,CBV,2025-12-08 00:00,14,1,2,3,3,3,3,1,4339,115,122,237,14,14,14,14,19,1,1,1,1,,,3,,,3,,,1,0,72,0,14,14,1879,46,18,18
NID DEC 2025,2025-12-15 00:00,PESHAWAR,SADDAR,MARYAM ZAI,33006006,1,CBV,2025-12-08 00:00,15,1,1,5,4,5,5,1,5400,154,83,102,15,15,15,12,18,1,1,,0,,,5,,,5,,,1,1,244,0,15,15,230,183,26,26
NID DEC 2025,2025-12-14 00:00,PESHAWAR,SMT,SHEIKH JUNAID ABAD,33008014,1,CBV,2025-12-08 00:00,13,2,1,3,3,3,3,1,3987,189,155,390,13,13,11,13,17,1,1,1,1,,,3,,,3,,,1,0,277,0,13,13,1239,67,22,22
NID DEC 2025,2025-12-15 00:00,PESHAWAR,SADDAR,MERA KACHORI,33006007,1,CBV,2025-12-08 00:00,43,2,3,13,9,13,13,1,14333,368,108,273,43,43,36,43,51,1,1,,1,,,13,,,13,,,1,1,1268,0,43,43,7264,155,62,62
NID DEC 2025,2025-12-14 00:00,PESHAWAR,SMT,WAZIR BAGH,33008015,1,CBV,2025-12-08 00:00,13,1,2,3,3,3,3,1,3467,122,62,243,13,13,7,13,18,1,1,,1,,,3,,,3,,,1,0,50,0,13,13,1890,30,23,23
NID DEC 2025,2025-12-12 00:00,PESHAWAR,SMT,YAKATOOT 1,33008016,1,CBV,2025-12-08 00:00,15,1,0,3,3,3,3,1,4710,169,85,0,15,15,13,15,16,1,1,1,1,,,3,,,3,,,1,0,190,0,15,15,3850,39,21,21
NID DEC 2025,2025-12-14 00:00,PESHAWAR,SMT,YAKATOOT 2,33008017,1,CBV,2025-12-08 00:00,12,1,1,3,3,3,3,1,4008,20,151,433,12,12,6,12,15,1,1,,1,,,3,,,3,,,1,0,162,0,12,12,3844,34,18,18
NID DEC 2025,2025-12-12 00:00,PESHAWAR,SMT,YAKATOOT 3,33008018,1,CBV,2025-12-08 00:00,25,1,2,5,5,5,5,1,9078,146,100,464,25,25,13,25,30,1,1,1,1,,,5,,,5,,,1,1,404,0,25,25,7375,104,42,42
NID DEC 2025,2025-12-11 00:00,PESHAWAR,SMT,CANTT WARD 5,33008003,1,SMT,2025-12-08 00:00,12,2,3,4,4,4,4,1,1587,154,87,651,12,12,0,12,32,1,1,,1,,,4,,,4,,,0,0,145,0,12,12,5,9,18,18
NID DEC 2025,2025-12-14 00:00,PESHAWAR,SADDAR,MERA SUREZAI PAYAN,33006008,1,CBV,2025-12-08 00:00,26,1,3,8,5,8,8,1,8534,92,25,409,26,26,24,7,33,1,1,1,0,,,8,,,8,,,1,1,269,3,26,26,5331,139,38,38
NID DEC 2025,2025-12-15 00:00,PESHAWAR,SADDAR,MUSAZAI,33006009,1,CBV,2025-12-08 00:00,31,2,3,9,7,9,9,1,11618,262,81,344,31,31,23,31,39,1,1,1,1,,,9,,,9,,,1,1,287,9,31,31,6254,128,47,47
NID DEC 2025,2025-12-14 00:00,PESHAWAR,SADDAR,SHERAKERA,33006010,1,CBV,2025-12-08 00:00,11,1,2,4,3,4,4,1,2971,86,81,96,11,11,9,11,16,1,1,1,0,,,4,,,4,,,1,1,186,1,11,11,392,95,16,17
NID DEC 2025,2025-12-14 00:00,PESHAWAR,SADDAR,SUREZAI BALA,33006011,1,CBV,2025-12-08 00:00,14,1,2,5,2,5,5,1,3650,45,37,155,14,14,14,9,19,1,1,,1,,,5,,,5,,,1,1,196,0,14,14,535,155,25,25
NID DEC 2025,2025-12-14 00:00,PESHAWAR,SADDAR,SUREZAI PAYAN,33006012,1,CBV,2025-12-08 00:00,25,1,3,7,7,7,7,1,8764,98,19,169,25,25,22,25,32,1,1,,0,,,7,,,7,,,1,1,352,0,25,25,2413,189,40,43
NID DEC 2025,2025-12-10 00:00,KHYBER,JAMRUD,ALI MASJID A,33402070,1,CBV,2025-12-06 00:00,15,2,0,4,0,0,4,0,2859,113,53,0,15,0,15,0,17,1,1,,0,,,4,0,0,4,0,0,1,1,245,0,15,15,226,30,20,20
NID DEC 2025,2025-12-15 00:00,PESHAWAR,SADDAR,URMAR BALA,33006013,1,CBV,2025-12-08 00:00,60,7,4,18,7,18,18,1,18486,233,293,280,60,60,52,20,75,1,1,,1,,,18,,,18,,,1,1,631,1,60,60,12867,162,86,86
NID DEC 2025,2025-12-15 00:00,PESHAWAR,SADDAR,URMAR MIANA,33006014,1,CBV,2025-12-08 00:00,22,2,1,6,5,6,6,1,7028,273,107,40,22,22,22,19,26,1,1,1,1,,,6,,,6,,,1,1,300,0,22,22,1902,132,35,36
NID DEC 2025,2025-12-14 00:00,PESHAWAR,SADDAR,URMAR PAYAN,33006015,1,CBV,2025-12-08 00:00,13,2,4,4,4,4,4,1,4198,119,95,185,13,13,10,13,23,1,1,1,1,,,4,,,4,,,1,1,218,1,13,13,126,62,20,20
NID DEC 2025,2025-12-10 00:00,KHYBER,JAMRUD,ALI MASJID B,33402071,1,CBV,2025-12-06 00:00,12,2,1,4,0,0,4,0,1595,32,25,90,12,0,12,0,16,1,1,,0,,,4,0,0,4,0,0,1,1,203,0,12,12,74,21,21,21
NID DEC 2025,2025-12-12 00:00,KHYBER,JAMRUD,CHAPARI,33402072,1,CBV,2025-12-06 00:00,10,1,0,4,0,0,4,0,2302,50,8,0,10,0,10,0,11,1,1,,0,,,4,0,0,4,0,0,1,1,104,0,10,10,16,5,20,20
NID DEC 2025,2025-12-14 00:00,PESHAWAR,SHAH ALAM,BUDHNI,33007001,1,CBV,2025-12-08 00:00,21,2,0,7,7,7,7,1,5761,302,69,0,21,21,21,21,23,1,1,1,0,,,7,,,7,,,1,1,331,0,21,21,812,48,32,32
NID DEC 2025,2025-12-14 00:00,PESHAWAR,SHAH ALAM,CHAGARMATI,33007002,1,CBV,2025-12-08 00:00,24,2,1,7,7,7,7,1,5594,182,59,65,24,24,24,24,28,1,1,1,1,,,7,,,7,,,1,1,845,0,24,24,775,103,35,35
NID DEC 2025,2025-12-14 00:00,PESHAWAR,SHAH ALAM,DAG,33007003,1,CBV,2025-12-08 00:00,24,2,0,6,6,6,6,1,9362,390,155,0,24,24,23,24,26,1,1,1,1,,,6,,,6,,,1,1,763,0,24,24,3616,146,37,37
NID DEC 2025,2025-12-14 00:00,PESHAWAR,SHAH ALAM,GARHI SHER DAD,33007004,1,CBV,2025-12-08 00:00,16,1,1,4,4,4,4,1,5159,181,18,258,16,16,15,16,19,1,1,1,0,,,4,,,4,,,1,1,259,0,16,16,605,72,27,27
NID DEC 2025,2025-12-10 00:00,KHYBER,JAMRUD,GHUNDI A,33402073,1,CBV,2025-12-06 00:00,20,1,0,6,0,0,6,1,4985,79,75,0,20,0,20,0,21,1,1,,0,,,6,0,0,6,0,0,1,1,206,0,16,20,113,3,29,27
NID DEC 2025,2025-12-14 00:00,PESHAWAR,SHAH ALAM,GULBELA,33007005,1,CBV,2025-12-08 00:00,31,1,2,10,10,10,10,1,8659,270,87,305,31,31,26,31,36,1,1,1,1,,,10,,,10,,,1,1,1267,0,30,30,1734,84,46,46
NID DEC 2025,2025-12-14 00:00,PESHAWAR,SHAH ALAM,HARYANA PAYAN,33007006,1,CBV,2025-12-08 00:00,30,2,0,9,9,9,9,1,13133,341,71,0,30,30,26,30,32,1,1,1,0,,,9,,,9,,,1,1,913,0,30,30,5583,235,45,46
NID DEC 2025,2025-12-14 00:00,PESHAWAR,SHAH ALAM,JOGANI,33007007,1,CBV,2025-12-08 00:00,20,2,3,5,2,5,5,1,5183,156,77,244,20,20,18,20,28,1,1,,1,,,5,,,5,,,1,1,385,0,20,20,2822,100,31,31
NID DEC 2025,2025-12-14 00:00,PESHAWAR,SHAH ALAM,KAFOOR DHERI,33007008,1,CBV,2025-12-08 00:00,15,2,3,4,1,4,4,1,5464,70,35,331,15,15,12,9,23,1,1,1,1,,,4,,,4,,,1,1,189,0,15,15,1748,131,28,28
NID DEC 2025,2025-12-14 00:00,PESHAWAR,HASSAN KHEL,BARKI,33003003,1,Non CBV,2025-12-08 00:00,11,3,0,3,0,3,3,1,1608,18,19,0,11,11,11,6,25,1,1,,0,,,3,,,3,,,1,0,208,0,0,0,0,33,11,11
NID DEC 2025,2025-12-12 00:00,PESHAWAR,HASSAN KHEL,BORA,33003004,1,Non CBV,2025-12-08 00:00,7,2,0,3,0,3,3,1,706,27,9,0,7,7,6,0,16,1,1,,1,,,3,,,3,,,1,1,122,0,0,7,0,5,13,13
NID DEC 2025,2025-12-14 00:00,PESHAWAR,HASSAN KHEL,FARIDI,33003001,1,Non CBV,2025-12-08 00:00,17,4,3,5,1,5,5,1,2998,52,57,105,17,17,17,11,44,1,1,1,1,,,5,,,5,,,1,1,330,0,0,0,0,28,29,29
NID DEC 2025,2025-12-14 00:00,PESHAWAR,HASSAN KHEL,HASSAN KHEL,33003005,1,Non CBV,2025-12-08 00:00,11,2,1,3,0,3,3,1,1671,114,19,40,11,11,11,0,26,1,1,,1,,,3,,,3,,,1,1,1533,0,0,0,0,12,14,14
NID DEC 2025,2025-12-15 00:00,PESHAWAR,HASSAN KHEL,KOHI,33003006,1,Non CBV,2025-12-08 00:00,6,1,0,2,1,2,2,1,719,14,26,0,6,6,6,6,13,1,1,1,1,,,2,,,2,,,1,0,18,0,0,6,0,11,6,6
NID DEC 2025,2025-12-15 00:00,PESHAWAR,HASSAN KHEL,MANDAI,33003002,1,Non CBV,2025-12-08 00:00,15,4,2,4,0,4,4,1,2578,38,40,300,15,15,15,2,38,1,1,1,1,,,4,,,4,,,1,1,45,0,15,15,0,27,29,29
NID DEC 2025,2025-12-10 00:00,KHYBER,JAMRUD,GHUNDI B,33402074,1,CBV,2025-12-06 00:00,26,0,1,8,0,0,8,1,6176,159,0,209,26,0,26,0,28,1,1,,0,,,8,0,0,8,0,0,1,1,240,0,26,26,143,26,34,34
NID DEC 2025,2025-12-10 00:00,KHYBER,JAMRUD,LOWARA MIANA,33402075,1,CBV,2025-12-06 00:00,15,3,0,5,0,0,5,0,2987,59,99,0,15,0,15,0,18,1,1,,1,,,5,0,0,5,0,0,1,1,216,0,15,15,,31,24,24
NID DEC 2025,2025-12-10 00:00,KHYBER,JAMRUD,MIA MORCHA,33402076,1,CBV,2025-12-06 00:00,9,1,0,3,0,0,3,0,2516,20,60,0,9,0,9,0,10,1,1,,0,,,3,0,0,3,0,0,1,1,213,0,9,9,,14,16,16
NID DEC 2025,2025-12-10 00:00,KHYBER,JAMRUD,NEW ABADI,33402077,1,CBV,2025-12-06 00:00,28,0,0,8,0,0,8,0,7048,158,0,0,28,0,28,1,28,1,1,,1,,,8,0,0,8,0,0,1,1,600,0,28,28,2134,37,36,36
NID DEC 2025,2025-12-10 00:00,KHYBER,JAMRUD,PAINDI LALMA,33402079,1,CBV,2025-12-06 00:00,12,1,1,3,0,0,3,,3096,51,60,345,12,0,12,0,15,1,1,,1,,,3,0,0,3,0,0,1,1,391,0,12,12,0,23,21,21
NID DEC 2025,2025-12-10 00:00,KHYBER,JAMRUD,SHAH KAS A,33402081,1,CBV,2025-12-06 00:00,17,0,0,5,0,0,5,0,4137,29,0,0,17,0,17,0,17,1,1,,1,,,5,0,0,5,0,0,1,1,229,0,17,17,2221,46,25,25
NID DEC 2025,2025-12-10 00:00,KHYBER,JAMRUD,SHAH KAS B,33402082,1,CBV,2025-12-06 00:00,24,0,1,7,0,0,7,,6067,85,0,120,24,0,24,0,26,1,1,,0,,,7,0,0,7,0,0,1,1,379,0,24,24,2454,43,31,31
NID DEC 2025,2025-12-09 00:00,KHYBER,JAMRUD,SUR KAMAR,33402083,1,CBV,2025-12-06 00:00,19,0,0,6,0,0,6,,4115,71,0,0,19,0,19,0,19,1,1,,1,,,6,0,0,6,0,0,1,1,276,0,19,19,285,8,25,25
NID DEC 2025,2025-12-09 00:00,KHYBER,JAMRUD,TIDI BAZAR,33402084,1,CBV,2025-12-06 00:00,15,5,1,5,0,0,5,,2969,15,483,396,15,0,15,0,22,1,1,,1,,,5,0,0,5,0,0,1,1,198,0,15,15,302,17,23,26
NID DEC 2025,2025-12-10 00:00,KHYBER,LANDI KOTAL,SULTAN KHEL A,33404073,1,CBV,2025-12-06 00:00,18,1,0,6,0,0,6,0,4264,100,100,0,18,0,18,4,19,1,1,,1,,,6,0,0,6,0,0,1,1,430,0,18,18,478,16,23,27
NID DEC 2025,2025-12-10 00:00,KHYBER,LANDI KOTAL,SULTAN KHEL B,33404074,1,CBV,2025-12-06 00:00,24,0,1,6,0,0,6,0,5751,164,0,64,24,0,24,0,26,1,1,,1,,,6,0,0,6,0,0,1,1,757,0,24,24,23,36,31,31
NID DEC 2025,2025-12-10 00:00,KHYBER,LANDI KOTAL,PIROKHEL,33404070,1,CBV,2025-12-06 00:00,18,0,1,4,0,0,4,1,3451,131,0,200,18,0,18,0,20,1,1,,1,,,4,0,0,4,0,0,1,1,784,0,18,18,342,38,25,25
NID DEC 2025,2025-12-10 00:00,KHYBER,LANDI KOTAL,KAM SHALMAN,33404064,1,CBV,2025-12-06 00:00,12,3,0,3,0,0,3,1,3048,113,74,0,12,0,12,0,15,1,1,,1,,,3,0,0,3,0,0,1,1,420,0,12,12,87,41,22,0
NID DEC 2025,2025-12-09 00:00,KHYBER,BARA,JANBAZ B,33401108,1,CBV,2025-12-06 00:00,18,1,0,6,0,0,6,1,3716,20,11,0,18,0,18,0,19,1,1,,1,,,6,0,0,6,0,0,1,1,257,0,16,18,14,56,25,25
NID DEC 2025,2025-12-09 00:00,KHYBER,BARA,MANDI KAS,33401111,1,CBV,2025-12-06 00:00,17,1,2,5,0,0,5,1,4324,23,74,356,17,0,17,4,22,1,1,,1,,,5,0,0,5,0,0,1,1,209,0,17,17,336,14,28,28
NID DEC 2025,2025-12-09 00:00,KHYBER,LANDI KOTAL,TORA WELA,33404077,1,CBV,2025-12-06 00:00,16,0,0,4,0,0,4,1,3238,113,0,0,16,0,16,0,16,1,1,,1,,,4,0,0,4,0,0,1,1,192,0,16,16,0,38,21,22
NID DEC 2025,2025-12-09 00:00,KHYBER,BARA,MILWARD A,33401113,1,CBV,2025-12-06 00:00,23,2,0,6,0,0,6,0,5336,0,53,0,23,0,23,0,25,1,1,,1,,,6,0,0,6,0,0,1,1,346,0,22,22,101,50,33,33
NID DEC 2025,2025-12-09 00:00,KHYBER,BARA,MILWARD B,33401114,1,CBV,2025-12-06 00:00,19,0,0,6,0,0,6,,4724,28,0,0,19,0,19,0,19,1,1,,1,,,6,0,0,6,0,0,1,1,276,0,19,19,45,21,32,33
NID DEC 2025,2025-12-10 00:00,KHYBER,BARA,NOGAZI BABA,33401116,1,CBV,2025-12-06 00:00,15,0,1,3,0,0,3,,4175,12,0,221,15,0,15,0,17,1,1,,0,,,3,0,0,3,0,0,0,1,200,0,15,15,203,43,21,21
NID DEC 2025,2025-12-09 00:00,KHYBER,BARA,SHALOBAR,33401119,1,CBV,2025-12-06 00:00,12,1,0,3,0,0,3,,3627,38,35,0,12,0,12,0,13,1,1,,0,,,3,0,0,3,0,0,1,1,235,0,12,12,18,38,17,17
NID DEC 2025,2025-12-10 00:00,KHYBER,BARA,SPEEN QABAR,33401121,1,CBV,2025-12-06 00:00,14,1,0,3,0,0,3,,4046,126,88,0,14,0,14,0,15,1,1,,1,,,3,0,0,3,0,0,1,1,260,0,14,14,0,20,17,17
NID DEC 2025,2025-12-10 00:00,KHYBER,BARA,ABDULLAH JAN,33401102,1,CBV,2025-12-06 00:00,17,1,0,5,0,0,5,1,4084,25,19,0,17,0,17,0,18,1,1,,0,,,5,0,0,5,0,0,1,1,261,0,17,17,0,16,24,24
NID DEC 2025,2025-12-10 00:00,KHYBER,BARA,AJAB TALAB,33401103,1,CBV,2025-12-06 00:00,25,2,1,6,0,0,6,,6037,31,79,195,25,0,25,0,29,1,1,,0,,,6,0,0,6,0,0,1,1,341,0,25,25,27,39,33,33
NID DEC 2025,2025-12-09 00:00,KHYBER,BARA,AKAKHEL MAIRA,33401104,1,CBV,2025-12-06 00:00,23,1,0,7,0,0,7,1,5806,27,50,0,23,0,23,0,24,1,1,,0,,,7,0,0,7,0,0,1,1,231,0,23,23,2,37,31,31
NID DEC 2025,2025-12-10 00:00,KHYBER,BARA,FORT SLOPE,33401105,1,CBV,2025-12-06 00:00,16,1,0,4,0,0,4,1,3196,30,23,0,16,0,16,0,17,1,1,,0,,,4,0,0,4,0,0,1,1,271,0,16,16,53,43,24,24
NID DEC 2025,2025-12-09 00:00,KHYBER,BARA,GANDAO,33401106,1,CBV,2025-12-06 00:00,13,0,0,5,0,0,5,1,3077,2,0,0,13,0,13,0,13,1,1,,0,,,5,0,0,5,0,0,1,1,187,0,12,12,21,49,18,18
NID DEC 2025,2025-12-09 00:00,KHYBER,BARA,JANBAZ A,33401107,1,CBV,2025-12-06 00:00,24,1,2,6,0,0,6,1,5907,218,26,571,24,0,24,0,29,1,1,,1,,,6,0,0,6,0,0,1,1,355,0,24,24,37,37,31,31
NID DEC 2025,2025-12-09 00:00,KHYBER,BARA,MASTAK,33401112,1,CBV,2025-12-06 00:00,25,0,0,8,0,0,8,1,3798,0,0,0,25,0,25,0,25,1,1,,1,,,8,0,0,8,0,0,1,1,233,0,25,25,2,68,35,35
NID DEC 2025,2025-12-09 00:00,KHYBER,BARA,SRA CHEENA,33401122,1,CBV,2025-12-06 00:00,30,2,0,8,0,0,8,1,6318,83,170,0,30,0,30,0,32,1,1,,1,,,8,0,0,8,0,0,1,1,354,0,28,14,11,18,44,44
NID DEC 2025,2025-12-09 00:00,KHYBER,BARA,TAUDA CHEENA,33401123,1,CBV,2025-12-06 00:00,12,1,0,3,0,0,3,1,1858,29,14,0,12,0,12,0,13,1,1,,1,,,3,0,0,3,0,0,1,1,223,0,12,12,9,30,15,15
NID DEC 2025,2025-12-09 00:00,KHYBER,LANDI KOTAL,KARAMNA,33404065,1,CBV,2025-12-06 00:00,12,3,0,3,0,0,3,1,1880,25,58,0,12,0,12,0,15,1,1,,1,,,3,0,0,3,0,0,1,1,180,0,12,12,14,34,0,0
NID DEC 2025,2025-12-10 00:00,KHYBER,LANDI KOTAL,KHUGA KHEL,33404066,1,CBV,2025-12-07 00:00,20,0,0,4,0,0,4,1,4091,320,0,0,20,0,20,0,20,1,1,,1,,,4,0,0,4,0,0,1,1,407,0,20,20,210,37,28,28
NID DEC 2025,2025-12-10 00:00,KHYBER,LANDI KOTAL,LOE SHALMAN A,33404067,1,CBV,2025-12-06 00:00,16,1,0,4,0,0,4,,3742,23,10,0,16,0,16,0,17,1,1,,1,,,4,0,0,4,0,0,1,1,290,0,16,16,0,43,0,0
NID DEC 2025,2025-12-10 00:00,KHYBER,LANDI KOTAL,MIRDAD KHEL,33404069,1,CBV,2025-12-06 00:00,22,0,0,7,0,0,7,,5195,297,0,0,22,0,22,0,22,1,1,,0,,,7,0,0,7,0,0,1,1,531,0,22,22,179,33,0,0
NID DEC 2025,2025-12-10 00:00,KHYBER,LANDI KOTAL,SHEIKHMAL KHEL,33404071,1,CBV,2025-12-06 00:00,18,1,1,5,0,0,5,1,4090,181,31,99,18,0,18,0,21,1,1,,0,,,5,0,0,5,0,0,1,1,243,0,18,18,294,55,27,0
NID DEC 2025,2025-12-10 00:00,KHYBER,LANDI KOTAL,STATION,33404072,1,CBV,2025-12-08 00:00,14,1,4,4,0,0,4,1,2672,190,150,923,14,0,14,3,23,1,1,,0,,,4,0,0,4,0,0,1,1,306,0,14,14,1016,36,27,27
NID DEC 2025,2025-12-10 00:00,KHYBER,LANDI KOTAL,TIRAH BAZAR A,33404075,1,CBV,2025-12-06 00:00,31,0,1,6,0,0,6,1,5529,0,0,79,31,0,31,0,33,1,1,,1,,,6,0,0,6,0,0,1,1,1027,0,31,31,16,36,43,43
NID DEC 2025,2025-12-10 00:00,KHYBER,LANDI KOTAL,TIRAH BAZAR B,33404076,1,CBV,2025-12-06 00:00,23,0,1,4,0,0,4,1,4301,0,0,32,23,0,23,0,25,1,1,,1,,,4,0,0,4,0,0,1,1,135,0,23,23,45,69,24,24
NID FEB 2026,2026-01-27 00:00,MOHMAND,AMBAR,CHARGOLAI,33501010,2,Non CBV,2026-01-16 00:00,19,0,1,5,0,2,5,1,5573,41,0,42,19,3,19,0,40,1,1,1,1,,,5,0,0,5,0,0,1,0,,,,,0,39,0,0
NID FEB 2026,2026-01-27 00:00,MOHMAND,AMBAR,HAD KOR,33501011,2,Non CBV,2026-01-16 00:00,26,0,0,6,0,4,6,1,7937,34,0,0,26,7,26,0,52,1,1,1,1,,,6,0,0,6,0,0,1,0,,,,,0,71,0,0
NID FEB 2026,2026-01-26 00:00,MOHMAND,AMBAR,KHARAI,33501012,2,Non CBV,2026-01-16 00:00,13,0,0,3,0,2,3,1,3598,1,0,0,13,4,13,0,26,1,1,1,1,,,3,0,0,3,0,0,1,0,,,,,9,39,0,0
NID FEB 2026,2026-01-26 00:00,MOHMAND,EKKAGHUND,DAB KOR,33502013,2,Non CBV,2026-01-16 00:00,14,1,0,4,3,4,4,1,2990,83,48,0,14,14,14,12,29,1,1,1,1,,,4,0,0,4,0,0,1,0,,,,,20,55,0,0
NID FEB 2026,2026-01-27 00:00,MOHMAND,EKKAGHUND,EKKAGHUND,33502014,2,Non CBV,2026-01-16 00:00,22,1,3,6,0,4,6,1,4426,82,75,564,22,20,22,22,51,1,1,1,1,,,6,0,0,6,0,0,1,0,,,,,545,51,0,0
NID FEB 2026,2026-01-27 00:00,MOHMAND,EKKAGHUND,AQRAB DAG,33502016,2,Non CBV,2026-01-16 00:00,21,1,0,5,0,5,5,1,3897,172,11,0,21,21,21,21,43,1,1,1,1,,,5,0,0,5,0,0,1,0,22,0,,0,331,35,0,0
NID FEB 2026,2026-01-26 00:00,MOHMAND,EKKAGHUND,MICHANI,33502015,2,Non CBV,2026-01-16 00:00,12,1,0,3,1,3,3,1,2954,96,63,0,12,12,12,12,25,1,1,1,1,,,3,0,0,3,0,0,1,0,,,,,87,29,0,0
NID FEB 2026,2026-01-27 00:00,MOHMAND,HALEEMZAI,GHALLANAI,33503011,2,Non CBV,2026-01-16 00:00,22,1,1,5,0,5,5,1,5057,229,21,267,22,13,22,22,47,1,1,1,1,,,5,0,0,5,0,0,1,0,,,,,313,56,0,0
NID FEB 2026,2026-01-26 00:00,MOHMAND,HALEEMZAI,KAMALI,33503012,2,Non CBV,2026-01-16 00:00,21,2,0,5,0,5,5,1,4858,205,36,0,21,19,21,7,44,1,1,1,1,,,5,0,0,5,0,0,1,0,,,,,22,84,0,0
NID FEB 2026,2026-01-26 00:00,MOHMAND,HALEEMZAI,KASSI,33503013,2,Non CBV,2026-01-16 00:00,25,1,1,6,0,6,6,1,5229,279,25,124,25,20,25,22,53,1,1,1,1,,,6,0,0,6,0,0,1,0,,,,,39,50,0,0
NID FEB 2026,2026-01-26 00:00,MOHMAND,PANDIALI,DANISHKOOL,33505017,2,Non CBV,2026-01-16 00:00,18,1,0,4,0,1,4,1,4945,86,12,0,18,2,18,0,37,1,1,1,1,,,4,0,0,4,0,0,1,0,,,,,9,75,0,0
NID FEB 2026,2026-01-26 00:00,MOHMAND,PANDIALI,PANDIALI,33505018,2,Non CBV,2026-01-16 00:00,23,2,0,5,0,5,5,1,5077,148,96,0,23,17,23,17,48,1,1,1,1,,,5,0,0,5,0,0,1,0,,,,,0,124,0,0
NID FEB 2026,2026-01-26 00:00,MOHMAND,PANDIALI,TAMANZAI,33505019,2,Non CBV,2026-01-16 00:00,10,2,0,3,0,0,3,1,2217,47,39,0,10,6,10,0,22,1,1,1,1,,,3,0,0,3,0,0,1,0,,,,,0,21,0,0
NID FEB 2026,2026-01-28 00:00,MOHMAND,PANDIALI,ZAHOO,33505020,2,Non CBV,2026-01-16 00:00,23,0,0,6,0,0,6,1,5277,137,0,0,23,7,23,1,46,1,1,1,1,,,6,0,0,6,0,0,1,0,,,,,0,63,0,0
NID FEB 2026,2026-01-26 00:00,MOHMAND,PARANG GHAAR,ASGHAR,33506009,2,Non CBV,2026-01-16 00:00,14,2,1,3,1,3,3,1,2844,136,61,86,14,14,14,14,32,1,1,1,1,,,3,0,0,3,0,0,1,0,,,,,0,14,0,0
NID FEB 2026,2026-01-23 00:00,MOHMAND,PARANG GHAAR,NAO BUCHA,33506010,2,Non CBV,2026-01-16 00:00,13,1,0,3,2,3,3,1,2711,86,29,0,13,13,13,13,27,1,1,1,1,,,3,0,0,3,0,0,1,0,,,,,10,15,0,0
NID FEB 2026,2026-01-26 00:00,MOHMAND,PARANG GHAAR,UMAR KHEL,33506011,2,Non CBV,2026-01-16 00:00,17,1,1,5,0,5,5,1,3175,98,18,69,17,10,17,5,37,1,1,1,1,,,5,0,0,5,0,0,1,0,,,,,32,45,0,0
NID FEB 2026,2026-01-30 00:00,MOHMAND,SAFI LAKARO,ALINGAR,33507020,2,Non CBV,2026-01-16 00:00,12,2,0,4,0,4,4,1,1995,24,23,0,12,8,12,0,26,1,1,1,0,,,4,0,0,4,0,0,1,0,,,,,0,24,0,0
NID FEB 2026,2026-01-26 00:00,MOHMAND,SAFI LAKARO,LAKARO,33507021,2,Non CBV,2026-01-16 00:00,12,1,0,3,0,3,3,1,2832,85,25,0,12,11,12,0,25,1,1,1,1,,,3,0,0,3,0,0,1,0,,,,,0,37,0,0
NID FEB 2026,2026-01-26 00:00,MOHMAND,SAFI LAKARO,MAMAD GAT,33507022,2,Non CBV,2026-01-16 00:00,12,1,0,3,0,1,3,1,2412,93,9,0,12,4,12,0,25,1,1,1,0,,,3,0,0,3,0,0,1,0,,,,,41,20,0,0
NID FEB 2026,2026-01-26 00:00,MOHMAND,SAFI LAKARO,MASOOD,33507023,2,Non CBV,2026-01-16 00:00,11,2,0,3,0,3,3,1,2984,100,263,0,11,8,11,3,24,1,1,1,1,,,3,0,0,3,0,0,1,0,,,,,25,33,0,0
NID FEB 2026,2026-01-28 00:00,MOHMAND,SAFI LAKARO,SAGAI,33507024,2,Non CBV,2026-01-16 00:00,20,1,0,5,0,3,5,1,4985,161,44,0,20,8,20,0,41,1,1,1,0,,,5,0,0,5,0,0,1,0,,,,,0,69,0,0
NID FEB 2026,2026-01-26 00:00,MOHMAND,SAFI LAKARO,SANDO KHEL,33507025,2,Non CBV,2026-01-16 00:00,28,1,0,7,0,7,7,1,7577,206,17,0,28,4,28,3,57,1,1,1,0,,,7,0,0,7,0,0,1,0,,,,,18,93,0,0
NID FEB 2026,2026-01-29 00:00,MOHMAND,BAIZAI,GHANAM SHAH,33508014,2,Non CBV,2026-01-16 00:00,15,1,0,4,0,4,4,1,1955,60,27,0,15,12,15,0,31,1,1,1,1,,,4,0,0,4,0,0,1,0,,,,,0,26,0,0
NID FEB 2026,2026-01-30 00:00,MOHMAND,BAIZAI,KODA KHEL,33508015,2,Non CBV,2026-01-16 00:00,12,1,0,4,0,3,4,1,2172,31,2,0,12,8,9,0,25,1,1,1,1,,,4,0,0,4,0,0,1,0,,,,,3,18,0,0
NID FEB 2026,2026-01-30 00:00,MOHMAND,BAIZAI,LANDI SHAH,33508016,2,Non CBV,2026-01-16 00:00,9,0,0,3,0,3,3,1,430,3,0,0,9,7,4,0,18,1,1,1,1,,,3,0,0,3,0,0,1,0,,,,,0,21,0,0
NID FEB 2026,2026-01-27 00:00,MOHMAND,BAIZAI,WARSAK,33508017,2,Non CBV,2026-01-16 00:00,10,0,0,3,0,3,3,1,1453,48,0,0,10,6,9,0,20,1,1,1,1,,,3,0,0,3,0,0,1,0,,,,,10,22,0,0
NID FEB 2026,2026-01-30 00:00,MOHMAND,KHAWEZAI,JUMA KHEL,33509006,2,Non CBV,2026-01-16 00:00,10,1,1,3,0,3,3,1,2242,118,60,120,10,9,5,4,23,1,1,1,1,,,3,0,0,3,0,0,1,0,,,,,21,41,0,0
NID FEB 2026,2026-01-30 00:00,MOHMAND,KHAWEZAI,KHADI KHEL,33509007,2,Non CBV,2026-01-16 00:00,11,0,0,3,0,3,3,1,2271,122,0,0,11,8,11,1,22,1,1,,1,,,3,0,0,3,0,0,1,0,,,,,32,47,0,0
NID FEB 2026,2026-01-27 00:00,KHYBER,JAMRUD,ALI MASJID A,33402070,1,CBV,2026-01-16 00:00,15,2,0,4,0,0,4,,2880,118,46,0,15,0,15,0,17,1,1,,0,,,4,0,0,4,0,0,1,1,245,0,15,15,219,35,21,21
NID FEB 2026,2026-01-27 00:00,KHYBER,JAMRUD,ALI MASJID B,33402071,1,CBV,2026-01-16 00:00,12,2,1,4,0,0,4,,1613,38,30,90,12,0,12,0,16,1,1,,0,,,4,0,0,4,0,0,1,1,204,0,12,12,74,13,21,21
NID FEB 2026,2026-01-26 00:00,KHYBER,LANDI KOTAL,KAM SHALMAN,33404064,1,CBV,2026-01-16 00:00,12,3,0,3,0,0,3,1,3052,109,72,0,12,0,12,0,15,1,1,,1,,,3,0,0,3,0,0,1,1,420,0,12,12,87,39,0,0
NID FEB 2026,2026-01-23 00:00,KHYBER,JAMRUD,CHAPARI,33402072,1,CBV,2026-01-16 00:00,12,1,0,4,0,0,4,,2275,50,8,0,12,0,12,0,13,1,1,,0,,,4,0,0,4,0,0,1,1,104,0,12,12,19,3,20,20
NID FEB 2026,2026-01-27 00:00,KHYBER,JAMRUD,GHUNDI A,33402073,1,CBV,2026-01-16 00:00,20,1,0,6,0,0,6,,5134,53,75,0,20,0,20,0,21,1,1,,0,,,6,0,0,6,0,0,1,1,209,0,20,20,110,13,31,29
NID FEB 2026,2026-01-27 00:00,KHYBER,JAMRUD,GHUNDI B,33402074,1,CBV,2026-01-16 00:00,26,0,1,8,0,0,8,,6262,154,0,211,26,0,26,0,28,1,1,,1,,,8,0,0,8,0,0,1,1,239,0,26,26,136,18,35,35
NID FEB 2026,2026-01-27 00:00,KHYBER,JAMRUD,LOWARA MIANA,33402075,1,CBV,2026-01-16 00:00,15,3,0,5,0,0,5,,2998,63,80,0,15,0,15,0,18,1,1,,1,,,5,0,0,5,0,0,1,1,216,0,15,15,0,51,0,0
NID FEB 2026,2026-01-27 00:00,KHYBER,LANDI KOTAL,KARAMNA,33404065,1,CBV,2026-01-16 00:00,12,3,0,3,0,0,3,1,1900,13,53,0,12,0,12,0,15,1,1,,0,,,3,0,0,3,0,0,1,1,180,0,12,12,15,46,18,18
NID FEB 2026,2026-01-27 00:00,KHYBER,JAMRUD,NEW ABADI,33402077,1,CBV,2026-01-16 00:00,28,0,0,8,0,0,8,,7076,181,0,0,28,0,28,1,28,1,1,,1,,,8,0,0,8,0,0,1,1,600,0,28,28,2102,38,32,36
NID FEB 2026,2026-01-27 00:00,KHYBER,LANDI KOTAL,KHUGA KHEL,33404066,1,CBV,2026-01-16 00:00,20,0,0,5,0,0,5,1,4114,217,0,0,20,0,20,0,20,1,1,,0,,,5,0,0,5,0,0,1,1,407,0,20,20,216,44,0,0
NID FEB 2026,2026-01-27 00:00,KHYBER,JAMRUD,PAINDI LALMA,33402079,1,CBV,2026-01-16 00:00,12,1,1,4,0,0,4,,3564,30,45,465,12,0,12,0,15,1,1,,1,,,4,0,0,4,0,0,1,1,193,0,12,12,0,23,0,0
NID FEB 2026,2026-01-26 00:00,KHYBER,LANDI KOTAL,PIROKHEL,33404070,1,CBV,2026-01-16 00:00,18,0,1,4,0,0,4,1,3470,50,0,200,18,0,18,0,20,1,1,,1,,,4,0,0,4,0,0,1,1,784,0,18,18,334,44,25,25
NID FEB 2026,2026-01-26 00:00,KHYBER,JAMRUD,SHAH KAS A,33402081,1,CBV,2026-01-16 00:00,17,0,0,5,0,0,5,,4166,28,0,0,17,0,17,0,17,1,1,,0,,,5,0,0,5,0,0,1,1,229,0,17,17,2210,46,25,25
NID FEB 2026,2026-01-26 00:00,KHYBER,LANDI KOTAL,STATION,33404072,1,CBV,2026-01-16 00:00,14,1,4,4,0,0,4,1,2633,80,86,832,14,0,14,3,23,1,1,,0,,,4,0,0,4,0,0,1,1,306,0,14,14,1004,35,27,27
NID FEB 2026,2026-01-27 00:00,KHYBER,LANDI KOTAL,SULTAN KHEL A,33404073,1,CBV,2026-01-16 00:00,18,1,0,6,0,0,6,1,4029,105,50,0,18,0,18,4,19,1,1,,0,,,6,0,0,6,0,0,1,1,430,0,18,18,458,59,22,27
NID FEB 2026,2026-01-26 00:00,KHYBER,JAMRUD,SHAH KAS B,33402082,1,CBV,2026-01-16 00:00,24,0,1,7,0,0,7,,6102,79,0,120,24,0,24,0,26,1,1,,0,,,7,0,0,7,0,0,1,1,379,0,24,24,2506,54,31,34
NID FEB 2026,2026-01-27 00:00,KHYBER,LANDI KOTAL,SULTAN KHEL B,33404074,1,CBV,2026-01-16 00:00,24,0,1,6,0,0,6,1,5736,122,0,94,24,0,24,0,26,1,1,,1,,,6,0,0,6,0,0,1,1,760,3,24,24,27,34,0,0
NID FEB 2026,2026-01-26 00:00,KHYBER,JAMRUD,SUR KAMAR,33402083,1,CBV,2026-01-16 00:00,19,0,0,6,0,0,6,,4044,42,0,0,19,0,19,0,19,1,1,,0,,,6,0,0,6,0,0,1,1,276,0,19,19,292,12,0,0
NID FEB 2026,2026-01-26 00:00,KHYBER,LANDI KOTAL,TORKHAM,33404078,1,CBV,2026-01-16 00:00,14,1,0,3,0,0,3,1,2554,51,10,0,14,0,14,0,15,1,1,,0,,,3,0,0,3,0,0,1,1,324,0,14,14,242,16,19,19
NID FEB 2026,2026-01-26 00:00,KHYBER,JAMRUD,TIDI BAZAR,33402084,1,CBV,2026-01-16 00:00,15,5,1,5,0,0,5,,2982,6,508,396,15,0,15,0,22,1,1,,0,,,5,0,0,5,0,0,1,1,198,0,15,15,305,29,0,0
NID FEB 2026,2026-02-02 00:00,NOWSHERA,PABBI,AKBARPURA,33204001,2,Non CBV,2026-01-17 00:00,27,2,3,6,1,3,6,1,6159,986,56,464,27,26,27,27,62,1,1,,1,,,6,0,0,6,0,0,1,1,887,0,27,27,1060,39,39,0
NID FEB 2026,2026-02-02 00:00,NOWSHERA,PABBI,BALU,33204003,2,Non CBV,2026-01-17 00:00,31,0,1,7,1,1,7,1,6786,581,0,36,31,21,31,31,64,1,1,1,1,,,7,0,0,7,0,0,1,1,630,0,0,31,1163,42,40,0
NID FEB 2026,2026-02-02 00:00,NOWSHERA,PABBI,KURVI,33204010,2,Non CBV,2026-01-17 00:00,12,1,1,4,0,3,4,1,3525,278,7,92,12,10,12,12,27,1,1,1,0,,,4,0,0,4,0,0,1,1,320,0,12,0,216,16,18,0
NID FEB 2026,2026-02-02 00:00,NOWSHERA,PABBI,MOHIB BANDA,33204011,2,Non CBV,2026-01-17 00:00,21,1,0,6,2,3,6,1,4833,596,35,0,21,4,21,21,43,1,1,1,0,,,6,0,0,6,0,0,1,1,382,0,0,21,204,28,26,1
NID FEB 2026,2026-02-02 00:00,NOWSHERA,PABBI,TARRU JABBA,33204015,2,Non CBV,2026-01-17 00:00,21,1,2,5,0,4,5,1,4215,378,39,471,21,12,21,21,47,1,1,1,0,,,5,0,0,5,0,0,1,1,368,0,0,21,568,38,32,2
NID FEB 2026,2026-02-02 00:00,NOWSHERA,NOWSHERA,AZAKHEL BALA,33202006,2,Non CBV,2026-01-17 00:00,24,1,0,6,3,3,6,1,4852,357,9,0,24,14,24,18,49,1,1,1,0,,,6,0,0,6,0,0,1,1,344,0,0,24,1219,67,32,0
NID FEB 2026,2026-02-02 00:00,NOWSHERA,NOWSHERA,AZAKHEL PAYAN,33202007,2,Non CBV,2026-01-17 00:00,22,1,1,6,2,2,6,1,4358,248,30,79,22,9,22,22,47,1,1,1,0,,,6,0,0,6,0,0,1,1,357,0,0,22,1441,51,28,2
NID FEB 2026,2026-02-02 00:00,NOWSHERA,NOWSHERA,AMANGARH,33202004,2,Non CBV,2026-01-17 00:00,28,2,0,6,2,3,6,1,6087,518,49,0,28,13,28,28,58,1,1,1,0,,,6,0,0,6,0,0,1,1,0,0,28,28,676,25,34,1
NID FEB 2026,2026-02-02 00:00,NOWSHERA,PABBI,DAGAI,33204007,2,Non CBV,2026-01-17 00:00,28,2,1,6,0,2,6,1,6964,622,38,57,28,12,28,28,60,1,1,1,0,,,6,0,0,6,0,0,1,1,545,0,0,28,618,68,36,0
NID FEB 2026,2026-02-02 00:00,NOWSHERA,NOWSHERA,PIRPAI,33202039,2,Non CBV,2026-01-17 00:00,19,1,2,5,3,3,5,1,3493,363,51,0,19,13,19,18,43,1,1,1,0,,,5,0,0,5,0,0,1,1,688,0,19,19,656,20,24,0
NID FEB 2026,2026-02-02 00:00,NOWSHERA,NOWSHERA,KHESHGI BALA,33202025,2,Non CBV,2026-01-17 00:00,32,1,0,9,4,4,9,1,8570,900,56,0,32,20,32,32,65,1,1,1,1,,,9,0,0,9,0,0,1,1,370,0,0,32,1292,120,41,1
NID FEB 2026,2026-02-02 00:00,NOWSHERA,NOWSHERA,KHESHGI PAYAN,33202026,2,Non CBV,2026-01-17 00:00,28,1,2,7,3,2,7,1,6247,544,44,274,28,19,28,28,61,1,1,1,0,,,7,0,0,7,0,0,1,1,351,0,0,28,1133,65,33,0
NID FEB 2026,2026-02-02 00:00,NOWSHERA,JEHANGIRA,KAHI,33203006,2,Non CBV,2026-01-17 00:00,28,2,1,7,1,4,7,1,4917,511,33,36,28,21,28,27,60,1,1,1,0,,,7,0,0,7,0,0,1,1,0,0,0,28,11,50,39,0
NID FEB 2026,2026-02-02 00:00,NOWSHERA,JEHANGIRA,NIZAMPUR,33203013,2,Non CBV,2026-01-17 00:00,27,1,2,7,1,5,7,1,3496,173,7,117,27,18,27,23,59,1,1,1,1,,,7,0,0,7,0,0,1,1,0,0,0,27,13,34,37,0
NID FEB 2026,2026-02-02 00:00,NOWSHERA,JEHANGIRA,ADAMZAI,33203001,2,Non CBV,2026-01-17 00:00,25,2,0,6,2,4,6,1,5142,321,12,0,25,17,24,23,52,1,1,1,0,,,6,0,0,6,0,0,1,1,304,0,0,25,707,45,32,0
NID FEB 2026,2026-02-02 00:00,NOWSHERA,JEHANGIRA,SHAIDU,33203014,2,Non CBV,2026-01-17 00:00,25,1,0,5,5,4,5,1,6288,721,16,0,25,19,25,24,51,1,1,1,1,,,5,0,0,5,0,0,1,1,0,0,0,0,657,33,32,0
NID FEB 2026,2026-02-02 00:00,NOWSHERA,JEHANGIRA,JEHANGIRA,33203005,2,Non CBV,2026-01-17 00:00,27,1,3,7,3,4,7,1,6230,516,50,248,27,5,27,27,61,1,1,1,0,,,7,0,0,7,0,0,1,1,318,0,0,27,1861,42,38,0
NID FEB 2026,2026-02-02 00:00,NOWSHERA,JEHANGIRA,MUGHALKI,33203012,2,Non CBV,2026-01-17 00:00,31,3,1,8,1,2,8,1,6951,371,47,42,31,20,31,27,67,1,1,1,1,,,8,0,0,8,0,0,1,1,478,0,0,31,262,84,43,1
NID FEB 2026,2026-02-02 00:00,NOWSHERA,JEHANGIRA,AKORA CAMP,33203002,2,Non CBV,2026-01-17 00:00,22,1,1,7,3,2,7,1,5851,41,29,119,22,1,1,22,47,1,1,,0,,,7,0,0,7,0,0,1,1,189,0,22,22,5682,70,32,0
NID FEB 2026,2026-02-02 00:00,NOWSHERA,JEHANGIRA,AKORA KHATTAK,33203003,2,Non CBV,2026-01-17 00:00,18,1,6,4,2,2,4,1,3301,354,33,1280,18,17,18,18,49,1,1,1,0,,,4,0,0,4,0,0,1,1,256,0,0,18,504,17,28,1
NID FEB 2026,2026-02-02 00:00,NOWSHERA,JEHANGIRA,MERA AKORA,33203010,2,Non CBV,2026-01-17 00:00,41,1,2,9,1,7,9,1,9762,752,10,198,41,18,41,41,87,1,1,,0,,,9,0,0,9,0,0,1,1,555,0,0,0,2948,66,48,6
NID FEB 2026,2026-02-02 00:00,NOWSHERA,JEHANGIRA,MISRI BANDA,33203011,2,Non CBV,2026-01-17 00:00,20,2,2,5,1,5,5,1,4239,521,29,100,20,7,20,18,46,1,1,1,0,,,5,0,0,5,0,0,1,1,288,0,0,20,587,29,28,0
NID FEB 2026,2026-02-02 00:00,NOWSHERA,NOWSHERA,ZARA MAINA,33202046,2,Non CBV,2026-01-17 00:00,21,1,1,5,0,2,5,1,4524,288,37,59,21,11,21,21,45,1,1,1,1,,,5,0,0,5,0,0,1,1,293,0,21,21,924,47,29,0
NID FEB 2026,2026-02-02 00:00,NOWSHERA,PABBI,DAG ISMAIL KHEL,33204006,2,Non CBV,2026-01-17 00:00,22,1,0,5,1,4,5,1,2825,305,100,0,22,9,12,21,45,1,1,1,0,,,5,0,0,5,0,0,1,1,338,0,22,21,499,19,25,0
NID FEB 2026,2026-02-02 00:00,NOWSHERA,PABBI,JALOZAI,33204008,2,Non CBV,2026-01-17 00:00,35,1,1,9,2,4,9,1,8770,593,22,34,35,3,10,33,73,1,1,1,1,,,9,0,0,9,0,0,1,1,741,0,0,0,5089,131,47,0
NID FEB 2026,2026-02-02 00:00,NOWSHERA,PABBI,SHAKOT,33204013,2,Non CBV,2026-01-17 00:00,32,4,0,8,0,4,8,1,4729,291,48,0,32,17,32,32,68,1,1,1,1,,,8,0,0,8,0,0,1,1,300,0,32,97,647,30,44,0
NID FEB 2026,2026-02-02 00:00,NOWSHERA,PABBI,SPINKHAK,33204014,2,Non CBV,2026-01-17 00:00,17,1,0,4,1,4,4,1,3622,162,24,0,17,14,17,17,35,1,1,1,0,,,4,0,0,4,0,0,1,1,212,0,0,17,647,42,20,3
NID FEB 2026,2026-02-02 00:00,NOWSHERA,PABBI,TURKMEN CAMP,33204016,2,Non CBV,2026-01-17 00:00,6,1,0,2,1,0,2,1,775,26,16,0,6,0,0,5,13,1,1,,0,,,2,0,0,2,0,0,1,1,63,0,6,6,775,5,10,0
NID FEB 2026,2026-01-27 00:00,KHYBER,JAMRUD,MIA MORCHA,33402076,1,CBV,2026-01-16 00:00,9,1,0,3,0,0,3,,2532,22,60,0,9,0,9,0,10,1,1,,1,,,3,0,0,3,0,0,1,1,213,0,9,9,0,18,0,0
NID FEB 2026,2026-01-26 00:00,CHARSADA,CHARSADDA,AGRA,33101001,2,Non CBV,2026-01-17 00:00,24,3,2,6,5,6,6,1,5395,204,80,377,24,15,24,24,55,1,1,1,1,,,6,,,6,,,1,1,,,,,265,36,29,29
NID FEB 2026,2026-01-26 00:00,CHARSADA,CHARSADDA,BAHLOLA,33101002,2,Non CBV,2026-01-17 00:00,24,2,1,5,3,4,5,1,5640,299,44,67,24,18,24,24,52,1,1,1,1,,,5,,,5,,,1,1,,,,,302,31,27,27
NID FEB 2026,2026-01-26 00:00,CHARSADA,CHARSADDA,CHENDRO DAAG,33101003,2,Non CBV,2026-01-17 00:00,15,1,1,3,2,1,3,1,3264,203,26,119,15,9,15,15,33,1,1,1,0,,,3,,,3,,,1,1,,,,,442,10,17,17
NID FEB 2026,2026-01-26 00:00,CHARSADA,CHARSADDA,DARGAY,33101004,2,Non CBV,2026-01-17 00:00,19,2,0,4,0,2,4,1,3832,173,75,0,19,19,19,19,40,1,1,1,0,,,4,,,4,,,1,1,,,,,146,19,21,21
NID FEB 2026,2026-01-27 00:00,CHARSADA,CHARSADDA,DHERI ZARDAD,33101005,2,Non CBV,2026-01-17 00:00,42,2,1,9,7,9,9,1,8789,504,55,105,42,25,42,42,88,1,1,1,1,,,9,,,9,,,1,1,,,,,1086,37,45,45
NID FEB 2026,2026-01-27 00:00,CHARSADA,CHARSADDA,DOSEHRA,33101006,2,Non CBV,2026-01-17 00:00,35,2,0,8,5,6,8,1,6377,368,39,0,35,19,35,35,72,1,1,1,1,,,8,,,8,,,1,1,,,,,450,42,37,37
NID FEB 2026,2026-01-26 00:00,CHARSADA,CHARSADDA,GHONDA KARKANA,33101007,2,Non CBV,2026-01-17 00:00,17,2,1,4,3,3,4,1,3410,260,53,74,17,8,17,17,38,1,1,1,0,,,4,,,4,,,1,1,,,,,52,5,20,20
NID FEB 2026,2026-01-26 00:00,CHARSADA,CHARSADDA,HISARA YASENZAI,33101008,2,Non CBV,2026-01-17 00:00,34,1,1,8,3,5,8,1,7784,802,31,81,34,27,34,34,71,1,1,1,1,,,8,,,8,,,1,1,,,,,1511,59,36,36
NID FEB 2026,2026-01-26 00:00,CHARSADA,CHARSADDA,KHANMAI,33101009,2,Non CBV,2026-01-17 00:00,17,1,1,4,1,1,4,1,3584,303,16,123,17,9,17,17,37,1,1,1,1,,,4,,,4,,,1,1,,,,,174,20,19,19
NID FEB 2026,2026-01-26 00:00,CHARSADA,CHARSADDA,MC-1 CHARSADDA,33101010,2,Non CBV,2026-01-17 00:00,24,1,4,6,4,5,6,1,4875,326,56,846,24,22,24,24,57,1,1,1,1,,,6,,,6,,,1,1,,,,,632,8,29,29
NID FEB 2026,2026-01-26 00:00,CHARSADA,CHARSADDA,MC-2 CHARSADDA,33101011,2,Non CBV,2026-01-17 00:00,24,1,1,5,2,3,5,1,5456,279,33,77,24,15,24,24,51,1,1,1,0,,,5,,,5,,,1,1,,,,,109,9,26,26
NID FEB 2026,2026-01-26 00:00,CHARSADA,CHARSADDA,MC-3 CHARSADDA,33101012,2,Non CBV,2026-01-17 00:00,17,1,0,4,2,3,4,1,3431,129,41,0,17,13,17,17,35,1,1,1,0,,,4,,,4,,,1,1,,,,,136,9,18,18
NID FEB 2026,2026-01-26 00:00,CHARSADA,CHARSADDA,MC-4 CHARSADDA,33101013,2,Non CBV,2026-01-17 00:00,28,0,3,6,2,4,6,1,5655,357,0,609,28,14,28,28,62,1,1,1,1,,,6,,,6,,,1,1,,,,,440,7,31,31
NID FEB 2026,2026-01-26 00:00,CHARSADA,CHARSADDA,MERA UMERZAI,33101014,2,Non CBV,2026-01-17 00:00,12,1,0,3,1,1,3,1,2256,138,17,0,12,10,12,12,25,1,1,1,1,,,3,,,3,,,1,1,,,,,497,16,13,13
NID FEB 2026,2026-01-26 00:00,CHARSADA,CHARSADDA,MIRA PRANG,33101015,2,Non CBV,2026-01-17 00:00,18,1,0,4,3,4,4,1,3894,105,55,0,18,11,18,18,37,1,1,1,1,,,4,,,4,,,1,1,,,,,77,3,20,20
NID FEB 2026,2026-01-26 00:00,CHARSADA,CHARSADDA,MOHAMMAD NARI,33101016,2,Non CBV,2026-01-17 00:00,37,2,0,8,0,2,8,1,9180,342,49,0,37,20,37,37,76,1,1,1,0,,,8,,,8,,,1,1,,,,,2845,43,39,39
NID FEB 2026,2026-01-26 00:00,CHARSADA,CHARSADDA,NISATTA,33101017,2,Non CBV,2026-01-17 00:00,22,2,2,5,1,2,5,1,5540,220,89,176,22,8,22,22,50,1,1,1,1,,,5,,,5,,,1,1,,,,,1,62,26,26
NID FEB 2026,2026-01-26 00:00,CHARSADA,CHARSADDA,RAJJAR 1,33101018,2,Non CBV,2026-01-17 00:00,31,2,3,7,7,6,7,1,7366,283,79,742,31,22,31,31,70,1,1,,0,,,7,,,7,,,1,1,,,,,817,26,36,36
NID FEB 2026,2026-01-26 00:00,CHARSADA,CHARSADDA,RAJJAR 2,33101019,2,Non CBV,2026-01-17 00:00,15,1,0,3,0,3,3,1,3639,171,16,0,15,7,15,15,31,1,1,1,1,,,3,,,3,,,1,1,,,,,946,14,16,16
NID FEB 2026,2026-01-26 00:00,CHARSADA,CHARSADDA,SARKI TETARA,33101020,2,Non CBV,2026-01-17 00:00,23,1,0,5,3,2,5,1,4836,251,42,0,23,23,23,23,47,1,1,1,0,,,5,,,5,,,1,1,,,,,535,32,24,24
NID FEB 2026,2026-01-26 00:00,CHARSADA,CHARSADDA,SHEIKHO,33101021,2,Non CBV,2026-01-17 00:00,22,1,1,5,1,3,5,1,4961,263,55,60,22,6,22,22,47,1,1,1,0,,,5,,,5,,,1,1,,,,,194,13,24,24
NID FEB 2026,2026-01-26 00:00,CHARSADA,CHARSADDA,TURANGZAI,33101022,2,Non CBV,2026-01-17 00:00,18,2,0,4,2,2,4,1,3812,242,36,0,18,18,18,18,38,1,1,1,1,,,4,,,4,,,1,1,,,,,206,23,20,20
NID FEB 2026,2026-01-26 00:00,CHARSADA,CHARSADDA,TURNAB,33101023,2,Non CBV,2026-01-17 00:00,20,1,1,4,0,3,4,1,3563,255,34,66,20,19,20,20,43,1,1,1,1,,,4,,,4,,,1,1,,,,,,12,22,22
NID FEB 2026,2026-01-26 00:00,CHARSADA,CHARSADDA,UMERZAI,33101024,2,Non CBV,2026-01-17 00:00,38,1,2,8,6,8,8,1,7547,496,57,182,38,23,38,38,81,1,1,,0,,,8,,,8,,,1,1,,,,,242,30,41,41
NID FEB 2026,2026-01-26 00:00,CHARSADA,CHARSADDA,UTMANZAI,33101025,2,Non CBV,2026-01-17 00:00,34,1,1,7,4,6,7,1,6940,360,43,69,34,29,34,34,71,1,1,,1,,,7,,,7,,,1,1,,,,,1633,18,36,36
NID FEB 2026,2026-01-26 00:00,CHARSADA,SHABQADAR,BATTAGRAM,33102001,2,Non CBV,2026-01-17 00:00,40,2,3,9,6,8,9,1,8625,530,19,342,40,37,40,40,88,1,1,1,1,,,9,,,9,,,1,1,,,,,315,55,45,45
NID FEB 2026,2026-01-26 00:00,CHARSADA,SHABQADAR,DAULAT PURA,33102002,2,Non CBV,2026-01-17 00:00,26,1,2,6,4,3,6,1,5265,167,46,150,26,26,26,26,57,1,1,,0,,,6,,,6,,,1,1,,,,,151,24,29,29
NID FEB 2026,2026-01-26 00:00,CHARSADA,SHABQADAR,HAJIZAI,33102003,2,Non CBV,2026-01-17 00:00,21,1,2,5,2,2,5,1,5466,317,32,173,21,11,21,21,47,1,1,1,1,,,5,,,5,,,1,1,,,,,213,21,24,24
NID FEB 2026,2026-01-26 00:00,CHARSADA,SHABQADAR,HASSANZAI,33102004,2,Non CBV,2026-01-17 00:00,29,1,0,6,0,4,6,1,5897,351,51,0,29,20,29,29,59,1,1,1,1,,,6,,,6,,,1,1,,,,,175,12,30,30
NID FEB 2026,2026-01-26 00:00,CHARSADA,SHABQADAR,KANGRA,33102005,2,Non CBV,2026-01-17 00:00,12,1,1,3,3,3,3,1,2625,55,21,61,12,12,12,12,27,1,1,1,0,,,3,,,3,,,1,1,,,,,180,16,14,14
NID FEB 2026,2026-01-26 00:00,CHARSADA,SHABQADAR,KATOZAI,33102006,2,Non CBV,2026-01-17 00:00,20,1,2,4,1,1,4,1,3513,219,17,82,20,16,20,20,45,1,1,1,1,,,4,,,4,,,1,1,,,,,360,16,23,23
NID FEB 2026,2026-01-26 00:00,CHARSADA,SHABQADAR,MATA MUGHAL KHEL,33102007,2,Non CBV,2026-01-17 00:00,24,1,2,6,1,3,6,1,5093,196,55,216,24,24,24,24,53,1,1,,0,,,6,,,6,,,1,1,,,,,142,19,27,27
NID FEB 2026,2026-01-26 00:00,CHARSADA,SHABQADAR,MC-1 SHABQADAR,33102008,2,Non CBV,2026-01-17 00:00,18,1,3,4,0,0,4,1,5520,372,47,778,18,9,18,18,43,1,1,1,1,,,4,,,4,,,1,1,,,,,281,29,22,22
NID FEB 2026,2026-01-26 00:00,CHARSADA,SHABQADAR,MC-2 SHABQADAR,33102009,2,Non CBV,2026-01-17 00:00,17,0,3,4,1,3,4,1,4241,282,0,268,17,14,17,17,40,1,1,1,1,,,4,,,4,,,1,1,,,,,277,10,20,20
NID FEB 2026,2026-01-26 00:00,CHARSADA,SHABQADAR,MC-3 SHABQADAR,33102010,2,Non CBV,2026-01-17 00:00,28,0,1,6,1,3,6,1,5989,461,0,261,28,13,28,28,58,1,1,1,1,,,6,,,6,,,1,1,,,,,511,34,29,29
NID FEB 2026,2026-01-26 00:00,CHARSADA,SHABQADAR,PANJPAO,33102011,2,Non CBV,2026-01-17 00:00,21,1,0,5,1,3,5,1,6046,220,28,0,21,16,21,21,43,1,1,1,0,,,5,,,5,,,1,1,,,,,2945,70,22,22
NID FEB 2026,2026-01-26 00:00,CHARSADA,SHABQADAR,RASHAKI,33102012,2,Non CBV,2026-01-17 00:00,36,1,1,8,0,3,8,1,8952,556,64,77,36,9,36,36,75,1,1,1,1,,,8,,,8,,,1,1,,,,,482,12,38,38
NID FEB 2026,2026-01-26 00:00,CHARSADA,TANGI,ABAZAI,33103001,2,Non CBV,2026-01-17 00:00,28,1,0,6,0,0,6,1,7766,393,14,0,28,21,28,28,57,1,1,1,1,,,6,,,6,,,1,1,,,,,2520,26,29,29
NID FEB 2026,2026-01-26 00:00,CHARSADA,TANGI,AR MUNDA,33103015,2,Non CBV,2026-01-17 00:00,11,1,0,3,0,0,3,1,2228,156,4,0,11,5,11,11,23,1,1,1,0,,,3,,,3,,,1,1,,,,,960,40,12,12
NID FEB 2026,2026-01-27 00:00,CHARSADA,TANGI,DHAKKI,33103002,2,Non CBV,2026-01-17 00:00,37,2,1,8,3,4,8,1,8919,389,39,92,37,32,37,36,78,1,1,1,1,,,8,,,8,,,1,1,,,,,8709,44,40,40
NID FEB 2026,2026-01-26 00:00,CHARSADA,TANGI,GANDHERI,33103003,2,Non CBV,2026-01-17 00:00,36,2,0,8,1,1,8,1,10614,412,28,0,36,20,36,36,74,1,1,1,0,,,8,,,8,,,1,1,,,,,9923,51,38,38
NID FEB 2026,2026-01-26 00:00,CHARSADA,TANGI,HARICHAND,33103004,2,Non CBV,2026-01-17 00:00,21,1,2,5,1,1,5,1,5695,296,9,278,21,17,21,21,47,1,1,1,1,,,5,,,5,,,1,1,,,,,5676,31,24,24
NID FEB 2026,2026-01-26 00:00,CHARSADA,TANGI,HISARA NEHRI,33103005,2,Non CBV,2026-01-17 00:00,18,1,0,4,1,2,4,1,4281,249,33,0,18,11,18,18,37,1,1,1,1,,,4,,,4,,,1,1,,,,,3525,20,19,19
NID FEB 2026,2026-01-26 00:00,CHARSADA,TANGI,KOZ BEHRAM DHERI,33103006,2,Non CBV,2026-01-17 00:00,17,1,0,5,2,2,5,1,4381,288,25,0,17,8,17,17,35,1,1,1,0,,,5,,,5,,,1,1,,,,,4381,21,18,18
NID FEB 2026,2026-01-26 00:00,CHARSADA,TANGI,MANDANI,33103007,2,Non CBV,2026-01-17 00:00,18,1,0,5,1,4,5,1,4990,297,21,0,18,18,18,18,37,1,1,1,0,,,5,,,5,,,1,1,,,,,4741,21,19,19
NID FEB 2026,2026-01-27 00:00,CHARSADA,TANGI,MC TANGI,33103008,2,Non CBV,2026-01-17 00:00,45,1,7,10,6,4,10,1,9723,570,81,987,45,41,45,45,105,1,1,1,1,,,10,,,10,,,1,1,,,,,700,44,53,53
NID FEB 2026,2026-01-26 00:00,CHARSADA,TANGI,MIRZA DHER,33103009,2,Non CBV,2026-01-17 00:00,17,1,0,4,1,3,4,1,3543,210,26,0,17,10,17,17,35,1,1,1,0,,,4,,,4,,,1,1,,,,,68,30,18,18
NID FEB 2026,2026-01-26 00:00,CHARSADA,TANGI,SHERPAO,33103010,2,Non CBV,2026-01-17 00:00,30,1,2,7,5,6,7,1,6953,378,14,107,30,18,30,30,65,1,1,1,1,,,7,,,7,,,1,1,,,,,963,40,33,33
NID FEB 2026,2026-01-26 00:00,CHARSADA,TANGI,SHODAAG,33103011,2,Non CBV,2026-01-17 00:00,21,2,0,5,2,5,5,1,6142,373,63,0,21,21,21,21,44,1,1,1,0,,,5,,,5,,,1,1,,,,,5195,10,23,23
NID FEB 2026,2026-01-26 00:00,CHARSADA,TANGI,ZIAM,33103012,2,Non CBV,2026-01-17 00:00,17,1,0,4,2,2,4,1,3836,29,18,0,17,11,17,17,35,1,1,1,1,,,4,,,4,,,1,1,,,,,3097,9,18,18
NID FEB 2026,2026-02-02 00:00,NOWSHERA,PABBI,AMANKOT,33204002,2,Non CBV,2026-01-17 00:00,16,1,0,4,1,3,4,1,3805,143,27,0,16,6,16,16,33,1,1,1,0,,,4,0,0,4,0,0,1,1,333,0,0,16,693,18,21,0
NID FEB 2026,2026-02-02 00:00,NOWSHERA,PABBI,CHOKI MAMREZ,33204004,2,Non CBV,2026-01-17 00:00,23,2,1,5,0,5,5,1,6416,365,40,183,23,17,23,23,50,1,1,1,1,,,5,0,0,5,0,0,1,1,560,0,0,23,1624,66,26,0
NID FEB 2026,2026-01-30 00:00,NOWSHERA,PABBI,DAG BESUD,33204005,2,Non CBV,2026-01-17 00:00,25,2,0,6,0,2,6,1,6387,377,87,0,25,21,25,23,52,1,1,1,1,,,6,0,0,6,0,0,1,1,0,0,25,25,1127,57,29,2
NID FEB 2026,2026-01-30 00:00,NOWSHERA,PABBI,KHAN SHER GARHI KHU,33204009,2,Non CBV,2026-01-17 00:00,22,1,1,5,3,3,5,1,5667,527,15,71,22,12,20,22,47,1,1,1,1,,,5,0,0,5,0,0,1,1,272,0,0,22,1213,40,29,1
NID FEB 2026,2026-02-02 00:00,NOWSHERA,PABBI,PABBI,33204012,2,Non CBV,2026-01-17 00:00,23,1,6,5,2,2,5,1,5501,467,59,1503,23,11,23,23,59,1,1,1,1,,,5,0,0,5,0,0,1,1,533,0,23,23,1323,25,35,0
NID FEB 2026,2026-02-02 00:00,NOWSHERA,NOWSHERA,BARA BANDA,33202010,2,Non CBV,2026-01-17 00:00,49,1,4,12,3,4,12,1,10792,510,52,284,49,12,49,49,107,1,1,1,0,,,12,0,0,12,0,0,1,1,798,0,49,49,4169,127,72,0
NID FEB 2026,2026-02-02 00:00,NOWSHERA,NOWSHERA,GANDHERI,33202017,2,Non CBV,2026-01-17 00:00,41,2,1,11,2,5,11,2,8362,487,80,67,41,15,41,40,86,1,1,,0,,,11,0,0,11,0,0,1,1,593,0,41,41,3215,66,55,0
NID FEB 2026,2026-01-30 00:00,NOWSHERA,NOWSHERA,RASHAKAI,33202041,2,Non CBV,2026-01-17 00:00,25,1,0,6,2,5,6,1,5761,242,46,0,25,16,25,25,51,1,1,1,0,,,6,0,0,6,0,0,1,1,325,0,25,25,1643,45,31,1
NID FEB 2026,2026-02-02 00:00,NOWSHERA,NOWSHERA,CHOCKI TOWN,33202011,2,Non CBV,2026-01-17 00:00,13,0,1,3,2,3,3,1,2522,261,0,73,13,7,13,13,28,1,1,1,1,,,3,0,0,3,0,0,1,1,0,0,3,13,122,31,17,0
NID FEB 2026,2026-02-02 00:00,NOWSHERA,NOWSHERA,DHERI KATTI KHEL,33202016,2,Non CBV,2026-01-17 00:00,45,2,2,10,0,5,10,2,8359,588,38,185,45,25,45,45,96,1,1,1,1,,,10,0,0,10,0,0,1,1,0,0,45,45,1260,84,48,8
NID FEB 2026,2026-02-02 00:00,NOWSHERA,NOWSHERA,NOWSHERA CITY,33202036,2,Non CBV,2026-01-17 00:00,17,1,6,4,1,2,4,1,2982,403,46,1431,17,7,17,17,47,1,1,1,1,,,4,0,0,4,0,0,1,1,262,0,0,17,132,8,26,3
NID FEB 2026,2026-01-30 00:00,NOWSHERA,NOWSHERA,NOWSHERA CANTT,33202048,2,Non CBV,2026-01-17 00:00,24,1,7,6,2,3,6,1,3189,530,33,1127,24,4,20,24,63,1,1,,1,,,6,0,0,6,0,0,1,1,449,0,17,24,86,15,30,0
NID FEB 2026,2026-02-02 00:00,NOWSHERA,NOWSHERA,KABUL RIVER,33202021,2,Non CBV,2026-01-17 00:00,31,1,6,8,2,1,8,1,6330,418,39,1515,31,14,31,31,75,1,1,1,1,,,8,0,0,8,0,0,1,1,506,0,31,31,772,59,53,0
NID FEB 2026,2026-02-02 00:00,NOWSHERA,NOWSHERA,NAWA KALY,33202034,2,Non CBV,2026-01-17 00:00,25,1,2,6,3,4,6,1,5006,466,30,110,25,5,25,25,55,1,1,1,0,,,6,0,0,6,0,0,1,1,464,0,0,25,208,51,32,2
NID FEB 2026,2026-02-02 00:00,NOWSHERA,NOWSHERA,PIRSABAQ,33202040,2,Non CBV,2026-01-17 00:00,28,2,1,6,1,3,6,1,7066,408,75,100,28,14,28,14,60,1,1,1,0,,,6,0,0,6,0,0,1,1,432,0,0,28,1076,113,37,0
NID FEB 2026,2026-02-02 00:00,NOWSHERA,NOWSHERA,RISALPUR CANTT,33202049,2,Non CBV,2026-01-17 00:00,36,3,2,8,4,4,8,1,4830,651,74,180,36,11,36,36,79,1,1,,0,,,8,0,0,8,0,0,1,1,342,0,0,21,154,28,48,1
NID FEB 2026,2026-02-02 00:00,NOWSHERA,NOWSHERA,BADRASHI,33202008,2,Non CBV,2026-01-17 00:00,49,1,0,10,4,10,10,1,6316,397,24,0,49,20,49,49,99,1,1,1,1,,,10,0,0,10,0,0,1,1,0,0,0,49,600,33,57,4
NID FEB 2026,2026-01-30 00:00,NOWSHERA,NOWSHERA,MANKI SHAREEF,33202029,2,Non CBV,2026-01-17 00:00,21,1,1,5,1,3,5,1,3809,375,33,76,21,14,21,14,45,1,1,1,0,,,5,0,0,5,0,0,1,1,0,0,6,21,514,26,27,1
NID FEB 2026,2026-02-02 00:00,NOWSHERA,NOWSHERA,PAHARI KATTI KHEL,33202038,2,Non CBV,2026-01-17 00:00,21,3,0,6,0,5,6,1,3643,160,129,0,21,9,11,21,45,1,1,1,0,,,6,0,0,6,0,0,1,1,327,3,0,21,280,54,30,0
NID FEB 2026,2026-01-30 00:00,NOWSHERA,NOWSHERA,ZIARAT KAKA SAHIB,33202047,2,Non CBV,2026-01-17 00:00,25,2,2,7,1,7,7,1,3856,423,72,220,25,15,25,21,56,1,1,1,1,,,7,0,0,7,0,0,1,1,353,0,25,25,290,39,37,3
NID FEB 2026,2026-01-30 00:00,NOWSHERA,JEHANGIRA,INZARI,33203004,2,Non CBV,2026-01-17 00:00,21,1,0,5,0,3,5,1,3753,398,8,0,21,16,21,20,43,1,1,1,1,,,5,0,0,5,0,0,1,1,199,0,0,21,7,31,26,0
NID FEB 2026,2026-02-02 00:00,NOWSHERA,JEHANGIRA,KHAIRABAD,33203007,2,Non CBV,2026-01-17 00:00,20,2,2,7,1,5,7,1,3684,335,21,325,20,8,16,20,46,1,1,1,0,,,7,0,0,7,0,0,1,1,373,0,0,20,51,47,31,3
NID FEB 2026,2026-02-02 00:00,NOWSHERA,JEHANGIRA,KHAIRABAD CAMP,33203008,2,Non CBV,2026-01-17 00:00,21,1,1,6,0,1,6,1,4671,50,28,62,21,0,4,21,45,1,1,,0,,,6,0,0,6,0,0,1,1,153,0,21,21,4277,116,30,0
NID FEB 2026,2026-01-30 00:00,NOWSHERA,JEHANGIRA,MANDURI,33203009,2,Non CBV,2026-01-17 00:00,25,2,0,7,3,4,7,1,3256,223,25,0,25,13,25,25,52,1,1,1,1,,,7,0,0,7,0,0,1,1,0,0,0,6,24,17,57,2
NID FEB 2026,2026-01-27 00:00,KHYBER,BARA,ABDULLAH JAN,33401102,1,CBV,2026-01-16 00:00,17,1,0,5,0,0,5,1,3957,25,20,0,17,0,17,0,18,1,1,,0,,,5,0,0,5,0,0,1,1,261,0,17,17,70,21,0,0
NID FEB 2026,2026-01-26 00:00,KHYBER,BARA,AJAB TALAB,33401103,1,CBV,2026-01-16 00:00,25,2,1,6,0,0,6,1,5965,33,93,216,25,0,25,0,29,1,1,,0,,,6,0,0,6,0,0,1,1,341,0,25,25,30,57,37,37
NID FEB 2026,2026-01-23 00:00,KHYBER,BARA,AKAKHEL MAIRA,33401104,1,CBV,2026-01-16 00:00,23,1,0,7,0,0,7,1,5762,28,53,0,23,0,23,0,24,1,1,,0,,,7,0,0,7,0,0,1,1,253,0,23,23,11,37,33,33
NID FEB 2026,2026-01-26 00:00,KHYBER,BARA,FORT SLOPE,33401105,1,CBV,2026-01-16 00:00,16,1,0,4,0,0,4,1,3240,2,21,0,16,0,16,0,17,1,1,,0,,,4,0,0,4,0,0,1,1,271,0,16,16,97,62,24,24
NID FEB 2026,2026-01-26 00:00,KHYBER,BARA,GANDAO,33401106,1,CBV,2026-01-16 00:00,13,0,0,5,0,0,5,1,2999,3,0,0,13,0,13,0,13,1,1,,0,,,5,0,0,5,0,0,1,1,187,0,13,13,31,56,22,22
NID FEB 2026,2026-01-27 00:00,KHYBER,BARA,JANBAZ A,33401107,1,CBV,2026-01-16 00:00,24,1,2,6,0,0,6,1,5918,190,35,190,24,0,24,0,29,1,1,,1,,,6,0,0,6,0,0,1,1,355,0,24,24,160,46,0,0
NID FEB 2026,2026-01-23 00:00,KHYBER,BARA,JANBAZ B,33401108,1,CBV,2026-01-16 00:00,18,1,0,6,0,0,6,1,3836,36,16,0,18,0,18,0,19,1,1,,1,,,6,0,0,6,0,0,1,1,256,0,14,18,148,44,25,25
NID FEB 2026,2026-01-23 00:00,KHYBER,BARA,MANDI KAS,33401111,1,CBV,2026-01-16 00:00,17,1,2,5,0,0,5,1,4275,21,111,427,17,0,17,4,22,1,1,,1,,,5,0,0,5,0,0,1,1,209,0,17,17,334,14,28,28
NID FEB 2026,2026-01-26 00:00,KHYBER,BARA,MASTAK,33401112,1,CBV,2026-01-16 00:00,25,0,0,8,0,0,8,1,3727,0,0,0,25,0,25,0,25,1,1,,1,,,8,0,0,8,0,0,1,1,233,0,25,25,34,81,0,0
NID FEB 2026,2026-01-23 00:00,KHYBER,BARA,MILWARD A,33401113,1,CBV,2026-01-16 00:00,23,2,0,6,0,0,6,1,5094,7,44,0,23,0,23,0,25,1,1,,1,,,6,0,0,6,0,0,1,1,346,0,23,23,104,31,34,34
NID FEB 2026,2026-01-23 00:00,KHYBER,BARA,MILWARD B,33401114,1,CBV,2026-01-16 00:00,19,0,0,6,0,0,6,0,4447,19,0,0,19,0,19,0,19,1,1,,1,,,6,0,0,6,0,0,1,1,276,0,19,19,81,34,0,0
NID FEB 2026,2026-01-23 00:00,KHYBER,BARA,NOGAZI BABA,33401116,1,CBV,2026-01-16 00:00,15,0,1,3,0,0,3,1,4127,13,0,232,15,0,15,0,17,1,1,,0,,,3,0,0,3,0,0,1,1,200,1,15,15,218,53,21,21
NID FEB 2026,2026-01-23 00:00,KHYBER,BARA,SHALOBAR,33401119,1,CBV,2026-01-16 00:00,12,1,0,3,0,0,3,0,3590,37,28,0,12,0,12,0,13,1,1,,0,,,3,0,0,3,0,0,1,1,0,0,12,12,54,36,17,17
NID FEB 2026,2026-01-23 00:00,KHYBER,BARA,SPEEN QABAR,33401121,1,CBV,2026-01-16 00:00,14,1,0,3,0,0,3,1,3924,130,89,0,14,0,14,0,15,1,1,,1,,,3,0,0,3,0,0,1,1,260,0,14,14,0,20,17,17
NID FEB 2026,2026-01-27 00:00,KHYBER,BARA,SRA CHEENA,33401122,1,CBV,2026-01-16 00:00,30,2,0,8,0,0,8,1,6260,71,190,0,30,0,30,0,32,1,1,,1,,,8,0,0,8,0,0,1,1,345,0,30,30,61,20,40,40
NID FEB 2026,2026-01-26 00:00,KHYBER,BARA,TAUDA CHEENA,33401123,1,CBV,2026-01-16 00:00,12,1,0,3,0,0,3,1,1815,29,18,0,12,0,12,0,13,1,1,,1,,,3,0,0,3,0,0,1,1,223,0,12,12,6,40,15,15
NID FEB 2026,2026-01-26 00:00,KHYBER,TIRAH MAIDAN,MALAKDIN KHEL A TIRAH,33405001,1,CBV,2026-01-16 00:00,17,1,0,5,0,0,5,,2185,0,79,0,17,0,17,0,18,1,1,,0,,,5,0,0,5,0,0,1,1,195,0,17,17,0,3,0,0
NID FEB 2026,2026-01-26 00:00,KHYBER,TIRAH MAIDAN,MALAKDIN KHEL B TIRAH,33405002,1,CBV,2026-01-16 00:00,17,0,0,5,0,0,5,,1315,0,0,0,17,0,17,0,17,1,1,,1,,,5,0,0,5,0,0,1,1,195,0,17,17,0,23,0,0
NID FEB 2026,2026-01-26 00:00,KHYBER,TIRAH MAIDAN,NAKAY,33405003,1,CBV,2026-01-16 00:00,32,0,0,10,0,0,10,,1491,0,0,0,32,0,32,0,32,1,1,,0,,,10,0,0,10,0,0,1,1,330,0,32,32,0,6,0,0
NID FEB 2026,2026-01-26 00:00,KHYBER,TIRAH MAIDAN,QAMBAR KHEL A TIRAH,33405004,1,CBV,2026-01-16 00:00,16,1,0,6,0,0,6,,346,0,20,0,16,0,16,0,17,1,1,,0,,,6,0,0,6,0,0,1,1,181,0,16,16,0,7,0,0
NID FEB 2026,2026-01-27 00:00,KHYBER,TIRAH MAIDAN,QAMBAR KHEL B TIRAH,33405005,1,CBV,2026-01-16 00:00,10,0,0,4,0,0,4,,914,0,0,0,10,0,10,0,10,1,1,,0,,,4,0,0,4,0,0,1,1,58,0,10,10,0,4,0,0
NID FEB 2026,2026-01-26 00:00,KHYBER,TIRAH MAIDAN,SHALOBAR TIRAH,33405006,1,CBV,2026-01-16 00:00,20,1,0,5,0,0,5,,2462,0,20,0,20,0,20,0,21,1,1,,0,,,5,0,0,5,0,0,1,1,253,0,20,20,0,41,0,0
NID FEB 2026,2026-01-27 00:00,KHYBER,TIRAH MAIDAN,ZAKHAKHEL TIRAH,33405007,1,CBV,2026-01-16 00:00,37,1,0,10,0,0,10,,4302,0,30,0,37,0,37,0,38,1,1,,0,,,10,0,0,10,0,0,1,1,517,0,37,37,0,86,0,0
NID FEB 2026,2026-01-26 00:00,KHYBER,TIRAH MAIDAN,Seray,33405008,1,CBV,2026-01-16 00:00,22,0,0,6,0,0,6,,360,0,0,0,22,0,22,0,22,1,1,,1,,,6,0,0,6,0,0,1,1,111,0,22,22,0,13,0,0
NID FEB 2026,2026-01-27 00:00,KHYBER,TIRAH MAIDAN,PAGDARA,33405009,1,CBV,2026-01-16 00:00,15,0,0,3,0,0,3,,130,0,0,0,15,0,15,0,15,1,1,,0,,,3,0,0,3,0,0,1,1,75,0,15,15,0,0,0,0
NID FEB 2026,2026-01-26 00:00,KHYBER,LANDI KOTAL,LOE SHALMAN A,33404067,1,CBV,2026-01-16 00:00,16,1,0,4,0,0,4,1,3783,29,10,0,16,0,16,0,17,1,1,,1,,,4,0,0,4,0,0,1,1,290,0,16,16,0,81,0,0
NID FEB 2026,2026-01-26 00:00,KHYBER,LANDI KOTAL,LOE SHALMAN B,33404068,1,CBV,2026-01-16 00:00,16,1,0,5,0,0,5,1,3205,41,10,0,16,0,16,0,17,1,1,,1,,,5,0,0,5,0,0,1,1,359,0,16,16,0,83,0,0
NID FEB 2026,2026-01-27 00:00,KHYBER,LANDI KOTAL,MIRDAD KHEL,33404069,1,CBV,2026-01-16 00:00,23,0,0,7,0,0,7,1,5131,287,0,0,23,0,23,0,23,1,1,,0,,,7,0,0,7,0,0,1,1,531,0,23,23,187,37,34,34
NID FEB 2026,2026-01-26 00:00,KHYBER,LANDI KOTAL,SHEIKHMAL KHEL,33404071,1,CBV,2026-01-16 00:00,18,1,1,5,0,0,5,1,4478,172,30,181,18,0,18,0,21,1,1,,0,,,5,0,0,5,0,0,1,1,243,0,18,18,293,45,27,27
NID FEB 2026,2026-01-26 00:00,KHYBER,LANDI KOTAL,TIRAH BAZAR A,33404075,1,CBV,2026-01-16 00:00,31,0,0,8,0,0,8,1,5529,0,0,80,31,0,31,0,31,1,1,,1,,,8,0,0,8,0,0,1,1,1027,0,31,31,16,49,43,43
NID FEB 2026,2026-01-26 00:00,KHYBER,LANDI KOTAL,TIRAH BAZAR B,33404076,1,CBV,2026-01-16 00:00,23,0,1,6,0,0,6,1,4214,0,0,46,23,0,23,0,25,1,1,,1,,,6,0,0,6,0,0,1,1,135,0,23,23,45,65,32,32
NID FEB 2026,2026-01-23 00:00,KHYBER,LANDI KOTAL,TORA WELA,33404077,1,CBV,2026-01-16 00:00,16,0,2,4,0,0,4,1,3267,0,0,100,16,0,16,0,20,1,1,,0,,,4,0,0,4,0,0,1,1,172,0,16,16,27,24,22,24
NID FEB 2026,2026-01-30 00:00,PESHAWAR,CITY,HAYAT ABAD 2,33004013,1,CBV,2026-01-20 00:00,69,1,5,18,13,18,18,1,12172,502,139,855,69,69,34,67,80,1,1,1,1,,,18,,,18,,,1,1,621,0,68,69,6676,76,100,102
NID FEB 2026,2026-01-30 00:00,PESHAWAR,CITY,ANDERSHEHER,33004001,1,CBV,2026-01-22 00:00,8,2,6,2,2,2,2,1,967,53,251,904,8,8,7,8,22,1,1,1,1,,,2,,,2,,,1,1,154,0,8,8,247,4,14,14
NID FEB 2026,2026-01-29 00:00,PESHAWAR,CITY,ASIA DABGARI,33004002,1,CBV,2026-01-22 00:00,14,1,2,3,3,3,3,1,2984,125,43,282,14,14,10,14,19,1,1,1,1,,,3,,,3,,,0,1,331,9,14,14,1127,20,23,23
NID FEB 2026,2026-01-29 00:00,PESHAWAR,CITY,CANTT WARD 1,33004003,1,SMT,2026-01-22 00:00,11,0,2,3,3,3,3,1,742,145,0,539,11,11,1,11,26,1,1,,1,,,3,,,3,,,1,1,171,20,9,11,75,6,17,17
NID FEB 2026,2026-01-29 00:00,PESHAWAR,CITY,CANTT WARD 2,33004004,1,SMT,2026-01-22 00:00,11,2,3,3,3,3,3,1,1920,387,58,276,11,11,0,11,30,1,1,,1,,,3,0,0,3,0,0,1,1,0,0,0,0,0,12,16,16
NID FEB 2026,2026-01-29 00:00,PESHAWAR,CITY,CANTT WARD 3,33004005,1,SMT,2026-01-22 00:00,8,1,4,2,2,2,2,1,829,160,143,815,8,8,5,8,25,1,1,,1,,,2,,,2,,,1,1,1902,0,0,0,2,5,13,13
NID FEB 2026,2026-01-29 00:00,PESHAWAR,CITY,CANTT WARD 4,33004006,1,SMT,2026-01-23 00:00,9,1,2,2,2,2,2,1,1236,107,61,438,9,9,0,9,23,1,1,,0,,,2,,,2,,,1,1,207,0,9,0,31,8,13,13
NID FEB 2026,2026-01-29 00:00,PESHAWAR,SMT,CANTT WARD 5,33008003,1,SMT,2026-01-22 00:00,12,2,3,4,4,4,4,1,1587,232,73,687,12,12,3,12,32,1,1,1,1,,,4,,,4,,,1,1,131,0,12,12,5,11,18,18
NID FEB 2026,2026-01-30 00:00,PESHAWAR,CITY,FAQIR ABAD,33004007,1,CBV,2026-01-22 00:00,14,1,1,3,3,3,3,1,2657,238,66,98,14,14,8,14,17,1,1,1,1,,,3,,,3,,,1,1,386,1,14,14,897,28,23,23
NID FEB 2026,2026-01-30 00:00,PESHAWAR,CITY,GULBAHAR,33004008,1,CBV,2026-01-22 00:00,15,3,1,4,4,4,4,1,3346,42,251,121,15,15,9,15,20,1,1,1,1,,,4,,,4,,,1,1,400,0,15,15,925,21,20,23
NID FEB 2026,2026-01-29 00:00,PESHAWAR,CITY,GUNJ,33004009,1,CBV,2026-01-22 00:00,10,1,3,2,2,2,2,1,1963,113,56,638,10,10,9,10,17,1,1,1,1,,,2,0,0,2,0,0,1,1,309,1,10,10,342,29,15,15
NID FEB 2026,2026-01-30 00:00,PESHAWAR,CITY,HASAN GARHI 1,33004010,1,CBV,2026-01-20 00:00,35,1,1,9,9,9,9,1,11935,342,66,274,35,35,28,35,38,1,1,1,0,,,9,,,9,,,1,1,796,0,35,35,8055,218,51,52
NID FEB 2026,2026-01-30 00:00,PESHAWAR,CITY,HASAN GARHI 2,33004011,1,CBV,2026-01-20 00:00,40,1,1,9,8,9,9,1,8723,417,74,92,40,40,30,40,43,1,1,1,0,,,9,,,9,,,1,1,589,0,40,40,2124,88,50,50
NID FEB 2026,2026-01-30 00:00,PESHAWAR,CITY,HAYAT ABAD 1,33004012,1,CBV,2026-01-20 00:00,44,1,19,11,9,11,11,1,5979,695,231,3643,44,44,17,39,83,1,,1,0,,,11,0,0,11,0,0,1,1,456,0,44,44,2948,62,63,66
NID FEB 2026,2026-01-30 00:00,PESHAWAR,CITY,JEHANGIR PURA,33004014,1,CBV,2026-01-22 00:00,13,0,1,3,3,3,3,1,1729,40,0,100,13,13,11,13,15,1,1,1,1,,,3,0,0,3,0,0,1,1,334,0,13,13,455,14,20,20
NID FEB 2026,2026-01-30 00:00,PESHAWAR,CITY,KAKSHAL,33004015,1,CBV,2026-01-22 00:00,22,1,0,5,5,5,5,1,7323,235,104,0,22,22,11,22,23,1,1,1,1,,,5,,,5,,,1,1,672,51,22,60,2941,53,34,34
NID FEB 2026,2026-01-29 00:00,PESHAWAR,CITY,KARIM PURA,33004016,1,CBV,2026-01-22 00:00,11,3,5,3,3,3,3,1,1985,122,215,957,11,11,5,11,24,1,1,1,1,,,3,,,3,,,1,1,239,0,11,11,434,23,16,17
NID FEB 2026,2026-01-30 00:00,PESHAWAR,CITY,KHALSA 1,33004017,1,CBV,2026-01-19 00:00,33,1,9,7,7,7,7,1,8728,318,90,2259,33,33,29,33,52,1,1,1,0,,,7,,,7,,,1,1,1041,0,33,33,4612,79,49,49
NID FEB 2026,2026-01-31 00:00,PESHAWAR,CITY,KHALSA 2,33004018,1,CBV,2026-01-19 00:00,41,1,2,9,9,9,9,1,14875,337,111,761,41,41,34,41,46,1,1,1,1,,,9,,,9,,,1,1,1038,0,41,41,7580,200,59,59
NID FEB 2026,2026-01-29 00:00,PESHAWAR,CITY,LAHORI,33004019,1,CBV,2026-01-22 00:00,9,1,4,2,2,2,2,1,1896,97,38,520,9,9,7,9,18,1,1,1,1,,,2,,,2,,,1,1,217,0,9,9,167,15,15,15
NID FEB 2026,2026-01-30 00:00,PESHAWAR,CITY,MALAKANDHER,33004020,1,CBV,2026-01-22 00:00,60,3,3,17,14,17,17,1,18724,343,118,321,60,60,49,50,69,1,1,1,1,,,17,,,17,,,1,1,1108,14,60,60,11082,183,85,85
NID FEB 2026,2026-01-30 00:00,PESHAWAR,CITY,MEHAL TERAI 1,33004021,1,CBV,2026-01-23 00:00,23,1,5,5,5,5,5,1,6249,229,66,884,23,23,20,23,34,1,1,,0,,,5,,,5,,,1,1,472,0,22,22,2761,82,36,36
NID FEB 2026,2026-01-30 00:00,PESHAWAR,CITY,MEHAL TERAI 2,33004022,1,CBV,2026-01-22 00:00,43,1,4,9,9,9,9,1,12739,775,103,669,43,43,38,43,52,1,1,1,1,,,9,,,9,,,1,1,739,4,43,43,4552,235,63,63
NID FEB 2026,2026-01-30 00:00,PESHAWAR,CITY,PALOSI,33004023,1,CBV,2026-01-22 00:00,26,1,4,7,5,7,7,1,9946,205,178,950,26,26,26,26,35,1,1,1,1,,,7,,,7,,,1,1,702,0,26,26,1820,118,44,44
NID FEB 2026,2026-01-30 00:00,PESHAWAR,CITY,PAWAKA,33004024,1,CBV,2026-01-22 00:00,29,2,0,7,7,7,7,1,7710,307,98,0,29,29,28,29,31,1,1,1,1,,,7,,,7,,,1,1,944,80,29,29,1453,143,32,43
NID FEB 2026,2026-01-30 00:00,PESHAWAR,CITY,REGI,33004025,1,CBV,2026-01-23 00:00,20,1,3,5,5,5,5,1,7035,116,97,299,20,20,17,20,27,1,1,1,1,,,5,,,5,,,0,1,1043,0,20,20,621,166,30,30
NID FEB 2026,2026-01-30 00:00,PESHAWAR,CITY,SHAHEEN TOWN,33004026,1,CBV,,23,2,2,6,6,6,6,1,4538,322,97,193,23,23,19,23,29,1,1,1,0,,,6,,,6,,,1,1,576,7,23,23,964,58,41,41
NID FEB 2026,2026-01-30 00:00,PESHAWAR,CITY,SHAHI BAGH,33004027,1,CBV,2026-01-19 00:00,17,2,6,4,4,4,4,1,4216,109,114,1359,17,17,13,17,31,1,1,1,0,,,4,,,4,,,1,1,199,0,17,17,2430,31,25,25
NID FEB 2026,2026-01-29 00:00,PESHAWAR,CITY,SIKANDAR TOWN,33004028,1,CBV,2026-01-22 00:00,16,4,8,4,3,4,4,1,4066,212,354,1668,16,16,10,16,36,1,1,1,1,,,4,,,4,,,1,1,303,0,16,16,1483,203,25,25
NID FEB 2026,2026-01-30 00:00,PESHAWAR,CITY,SUFAID DHERI,33004029,1,CBV,2026-01-19 00:00,63,3,4,15,15,15,15,1,19145,434,200,570,63,63,55,63,74,1,1,1,1,,,15,,,15,,,1,1,911,0,63,63,9774,354,93,94
NID FEB 2026,2026-01-30 00:00,PESHAWAR,CITY,TEHKAL BALA,33004030,1,CBV,2026-01-22 00:00,33,2,3,8,8,8,8,1,10970,349,196,198,33,33,31,33,41,1,1,,1,,,8,,,8,,,1,1,343,0,33,33,2392,236,56,56
NID FEB 2026,2026-01-30 00:00,PESHAWAR,CITY,TEHKAL PAYAN,33004031,1,CBV,2026-01-20 00:00,19,1,2,4,3,4,4,1,5682,119,67,163,19,19,15,19,24,1,1,,0,,,4,,,4,0,0,1,1,487,0,19,19,1056,358,29,29
NID FEB 2026,2026-01-30 00:00,PESHAWAR,CITY,TEHKAL PAYAN 2 IRRIG,33004032,1,CBV,2026-01-22 00:00,14,3,0,4,4,4,4,1,4380,189,261,0,14,14,14,14,17,1,1,1,0,,,4,0,0,4,0,0,1,1,309,0,14,14,1593,119,24,25
NID FEB 2026,2026-01-30 00:00,PESHAWAR,CITY,UNIVERSITY TOWN,33004033,1,CBV,2026-01-26 00:00,24,1,16,6,6,6,6,1,3244,631,67,3550,24,24,6,24,57,1,1,,0,,,6,0,0,6,0,0,1,1,908,9,24,24,1558,58,36,36
NID FEB 2026,2026-01-30 00:00,PESHAWAR,MATTANI,ACHINI,33005001,1,CBV,2026-01-20 00:00,30,2,3,7,2,7,7,1,11476,261,97,320,30,30,22,23,38,1,1,1,1,,,7,,,7,,,1,1,523,0,30,30,5905,241,37,47
NID FEB 2026,2026-01-30 00:00,PESHAWAR,MATTANI,BAZID KHEL,33005002,1,CBV,2026-01-22 00:00,27,1,2,7,6,7,7,1,9666,215,32,372,27,27,26,26,32,1,1,1,1,,,7,,,7,,,1,1,420,0,27,27,1650,321,47,47
NID FEB 2026,2026-01-30 00:00,PESHAWAR,MATTANI,MASHOGAGAR,33005003,1,CBV,2026-01-20 00:00,44,3,3,11,7,11,11,1,14672,403,318,418,44,44,44,31,53,1,1,,0,,,11,,,11,,,1,1,403,0,44,44,9014,328,65,65
NID FEB 2026,2026-01-30 00:00,PESHAWAR,MATTANI,MATTANI,33005004,1,CBV,2026-01-22 00:00,26,1,3,6,0,0,6,1,9752,232,21,390,26,26,20,15,33,1,1,,1,,,6,,,6,,,1,1,90,0,26,26,1944,291,42,42
NID FEB 2026,2026-01-30 00:00,PESHAWAR,MATTANI,PISHTAKHARA,33005005,1,CBV,2026-01-20 00:00,29,1,2,7,7,7,7,1,11500,370,97,366,29,29,27,29,34,1,1,1,0,,,7,,,7,,,1,1,477,0,29,29,4878,277,42,44
NID FEB 2026,2026-01-30 00:00,PESHAWAR,MATTANI,SARBAND,33005006,1,CBV,2026-01-20 00:00,28,1,3,7,7,7,7,1,11416,304,73,461,28,28,25,28,35,1,1,1,1,,,7,,,7,,,1,1,703,1,28,28,5751,305,47,47
NID FEB 2026,2026-01-30 00:00,PESHAWAR,MATTANI,SHEIKH MOHAMMADI,33005007,1,CBV,2026-01-20 00:00,23,1,2,6,6,6,6,1,8404,145,45,202,23,23,22,23,28,1,1,1,1,,,6,,,6,,,1,1,400,0,23,23,1770,233,35,37
NID FEB 2026,2026-01-30 00:00,PESHAWAR,MATTANI,SHEIKHAN,33005008,1,CBV,2026-01-10 00:00,26,2,3,7,7,7,7,1,10010,360,136,418,26,26,26,26,34,1,1,1,0,,,7,,,7,,,1,1,519,18,26,26,4201,349,38,40
NID FEB 2026,2026-01-30 00:00,PESHAWAR,MATTANI,SULEMAN KHEIL,33005009,1,CBV,2026-01-22 00:00,16,1,2,5,3,5,5,1,6359,104,58,139,16,16,14,16,21,1,1,1,0,,,5,,,5,,,1,1,285,0,16,16,1876,265,24,27
NID FEB 2026,2026-01-30 00:00,PESHAWAR,SADDAR,ADEZAI,33006001,1,CBV,2026-01-22 00:00,24,1,1,7,5,7,7,1,6171,120,31,59,24,24,21,20,27,1,1,1,1,,,7,,,7,,,1,1,527,0,24,24,1542,204,35,35
NID FEB 2026,2026-01-30 00:00,PESHAWAR,SADDAR,AZAKHEL TELABAND,33006002,1,CBV,2026-01-23 00:00,21,3,1,7,3,7,7,1,7246,127,115,0,21,21,20,16,26,1,1,,0,,,7,,,7,,,1,1,509,14,21,21,256,256,35,35
NID FEB 2026,2026-01-30 00:00,PESHAWAR,SADDAR,BADABER HUREZAI,33006003,1,CBV,2026-01-20 00:00,20,1,1,7,4,7,7,1,7052,66,36,316,20,20,20,17,23,1,1,,0,,,7,,,7,,,0,1,317,0,20,20,3390,173,32,32
NID FEB 2026,2026-01-30 00:00,PESHAWAR,SADDAR,BADABER MARYAMZAI,33006004,1,CBV,2026-01-22 00:00,15,2,2,4,3,4,4,1,5645,175,41,358,15,15,14,15,21,1,1,,0,,,4,,,4,,,1,1,238,0,15,15,624,191,27,28
NID FEB 2026,2026-01-30 00:00,PESHAWAR,SADDAR,MARYAM ZAI,33006006,1,CBV,2026-01-22 00:00,15,1,1,5,4,5,5,1,5384,140,103,178,15,15,14,12,18,1,1,,0,,,5,,,5,,,1,1,275,0,15,15,220,193,26,26
NID FEB 2026,2026-01-30 00:00,PESHAWAR,SADDAR,MERA KACHORI,33006007,1,CBV,2026-01-20 00:00,43,2,3,13,9,13,13,1,14456,310,104,462,43,43,38,43,51,1,1,1,0,,,13,,,13,,,1,1,1203,5,42,43,7594,219,62,62
NID FEB 2026,2026-01-30 00:00,PESHAWAR,SADDAR,MERA SUREZAI PAYAN,33006008,1,CBV,2026-01-20 00:00,26,1,3,8,4,8,8,1,8604,82,29,438,26,26,25,7,33,1,1,1,1,,,8,,,8,,,1,1,269,0,26,26,5472,178,38,38
NID FEB 2026,2026-01-30 00:00,PESHAWAR,SADDAR,MUSAZAI,33006009,1,CBV,2026-01-20 00:00,31,2,3,9,7,9,9,1,11669,242,98,356,31,31,20,31,39,1,1,1,1,,,9,,,9,,,1,1,287,0,31,31,6478,172,47,47
NID FEB 2026,2026-01-30 00:00,PESHAWAR,SADDAR,SHERAKERA,33006010,1,CBV,2026-01-22 00:00,11,1,2,4,3,4,4,1,2963,65,65,196,11,11,9,11,16,1,1,,0,,,4,,,4,,,0,1,187,0,11,11,390,106,16,17
NID FEB 2026,2026-01-30 00:00,PESHAWAR,SADDAR,SUREZAI BALA,33006011,1,CBV,2026-01-23 00:00,14,1,2,5,2,5,5,1,3681,45,36,182,14,14,14,9,19,1,,,1,,,5,,,5,,,1,1,218,0,14,14,457,159,25,25
NID FEB 2026,2026-01-30 00:00,PESHAWAR,SADDAR,SUREZAI PAYAN,33006012,1,CBV,2026-01-22 00:00,25,1,3,7,7,7,7,1,8901,76,25,303,25,25,22,25,32,1,1,,0,,,7,,,7,,,1,1,307,0,25,25,2541,174,40,43
NID FEB 2026,2026-01-30 00:00,PESHAWAR,SADDAR,URMAR BALA,33006013,1,CBV,2026-01-20 00:00,60,7,4,18,7,18,18,1,18564,221,436,333,60,60,52,22,75,1,1,1,0,,,18,,,18,,,1,1,623,0,60,60,12671,200,86,86
NID FEB 2026,2026-01-31 00:00,PESHAWAR,SADDAR,URMAR MIANA,33006014,1,CBV,2026-01-22 00:00,22,2,1,6,5,6,6,1,7015,223,81,52,22,22,22,19,26,1,1,1,1,,,6,,,6,,,0,1,295,0,22,22,1882,128,35,36
NID FEB 2026,2026-01-30 00:00,PESHAWAR,SADDAR,URMAR PAYAN,33006015,1,CBV,2026-01-20 00:00,13,2,4,4,4,4,4,1,4208,113,76,179,13,13,10,13,23,1,1,1,1,,,4,,,4,,,0,1,220,0,13,13,150,83,20,20
NID FEB 2026,2026-01-30 00:00,PESHAWAR,SHAH ALAM,BUDHNI,33007001,1,CBV,2026-01-22 00:00,21,2,0,7,7,7,7,1,5782,296,69,0,21,21,21,21,23,1,1,1,1,,,7,0,0,7,0,0,1,1,332,8,21,21,850,60,32,32
NID FEB 2026,2026-01-30 00:00,PESHAWAR,SHAH ALAM,CHAGARMATI,33007002,1,CBV,2026-01-22 00:00,24,2,2,7,7,7,7,1,5545,149,59,90,24,24,24,24,30,1,1,1,1,,,7,0,0,7,0,0,1,1,1496,0,24,24,764,110,35,35
NID FEB 2026,2026-01-30 00:00,PESHAWAR,SHAH ALAM,DAG,33007003,1,CBV,2026-01-21 00:00,24,2,0,6,6,6,6,1,9450,317,123,0,24,24,22,24,26,1,1,1,1,,,6,,,6,,,1,1,558,1,24,24,3673,150,37,37
NID FEB 2026,2026-01-30 00:00,PESHAWAR,SHAH ALAM,GARHI SHER DAD,33007004,1,CBV,2026-01-22 00:00,16,1,1,4,4,4,4,1,5280,155,28,174,16,16,16,16,19,1,1,,0,,,4,,,4,,,1,1,265,0,16,16,662,96,27,27
NID FEB 2026,2026-01-30 00:00,PESHAWAR,SHAH ALAM,GULBELA,33007005,1,CBV,2026-01-21 00:00,31,1,2,10,10,10,10,1,8609,259,76,337,31,31,27,31,36,1,1,1,1,,,10,,,10,,,1,1,1267,0,31,31,1695,82,46,46
NID FEB 2026,2026-01-30 00:00,PESHAWAR,SHAH ALAM,HARYANA PAYAN,33007006,1,CBV,2026-01-22 00:00,30,1,0,9,9,9,9,1,13168,290,26,0,30,30,29,30,31,1,1,1,1,,,9,,,9,,,1,1,917,4,30,30,5616,269,45,46
NID FEB 2026,2026-01-30 00:00,PESHAWAR,SHAH ALAM,JOGANI,33007007,1,CBV,2026-01-20 00:00,20,2,3,5,2,5,5,1,5208,111,61,229,20,20,20,20,28,1,1,1,1,,,5,,,5,,,1,1,387,1,20,20,2823,108,31,31
NID FEB 2026,2026-01-30 00:00,PESHAWAR,SHAH ALAM,KAFOOR DHERI,33007008,1,CBV,2026-01-20 00:00,15,2,3,4,1,4,4,1,5437,67,74,416,15,15,13,9,23,1,1,1,1,,,4,,,4,,,1,1,189,0,15,15,1759,166,28,28
NID FEB 2026,2026-01-30 00:00,PESHAWAR,SHAH ALAM,KANIZA,33007009,1,CBV,2026-01-22 00:00,22,1,3,7,7,7,7,1,8021,220,58,244,22,22,22,22,29,1,1,1,0,,,7,0,0,7,0,0,1,1,694,0,22,22,2063,241,34,34
NID FEB 2026,2026-01-30 00:00,PESHAWAR,SHAH ALAM,KANKOLA,33007010,1,CBV,2026-01-22 00:00,32,2,2,10,10,10,10,1,11565,413,35,125,32,32,29,32,38,1,1,1,0,,,10,0,0,10,0,0,1,1,917,0,32,32,4079,184,45,46
NID FEB 2026,2026-01-30 00:00,PESHAWAR,SHAH ALAM,KHAZANA,33007011,1,CBV,2026-01-22 00:00,39,1,1,10,10,10,10,1,14978,502,80,178,39,39,28,39,42,1,1,1,0,,,10,,,10,,,1,1,1096,0,39,39,6920,269,54,54
NID FEB 2026,2026-01-30 00:00,PESHAWAR,SHAH ALAM,LALA KALAY,33007012,1,CBV,2026-01-22 00:00,28,2,3,8,8,8,8,1,7704,480,131,434,28,28,26,28,36,1,1,,0,,,8,,,8,,,1,1,785,0,28,28,2454,83,40,40
NID FEB 2026,2026-01-30 00:00,PESHAWAR,SHAH ALAM,LARAMA,33007013,1,CBV,2026-01-20 00:00,31,1,0,7,7,7,7,1,10874,204,88,0,31,31,16,31,32,1,1,,0,,,7,,,7,,,1,1,500,0,31,31,7998,220,50,50
NID FEB 2026,2026-01-30 00:00,PESHAWAR,SHAH ALAM,MATHRA,33007014,1,CBV,2026-01-22 00:00,36,2,4,10,10,10,10,1,12386,310,126,1316,36,36,33,36,46,1,1,1,1,,,10,,,10,,,1,1,735,0,36,36,2807,274,54,54
NID FEB 2026,2026-01-30 00:00,PESHAWAR,SHAH ALAM,NAHAQI,33007015,1,CBV,2026-01-22 00:00,27,2,2,7,7,7,7,1,8621,418,93,400,27,27,23,27,33,1,1,1,0,,,7,,,7,,,1,1,939,1,27,27,1464,92,38,38
NID FEB 2026,2026-01-30 00:00,PESHAWAR,SHAH ALAM,PAJAGI,33007016,1,CBV,2026-01-22 00:00,41,2,2,10,10,10,10,1,16056,376,123,217,41,41,40,41,47,1,1,,0,,,10,,,10,,,1,1,881,0,41,41,9009,355,61,64
NID FEB 2026,2026-01-30 00:00,PESHAWAR,SHAH ALAM,PAKHA GHULAM,33007017,1,CBV,2026-01-22 00:00,42,3,4,11,9,11,11,1,13719,466,282,524,42,42,37,42,53,1,1,1,0,,,11,,,11,,,1,1,1118,0,42,42,4963,145,48,50
NID FEB 2026,2026-01-30 00:00,PESHAWAR,SHAH ALAM,PANAM DHERI,33007018,1,CBV,2026-01-22 00:00,23,1,0,6,6,6,6,1,7950,252,34,0,23,23,23,23,24,1,1,,0,,,6,,,6,,,1,1,401,0,23,5734,1772,228,35,35
NID FEB 2026,2026-01-30 00:00,PESHAWAR,SHAH ALAM,SAEEDABAD,33007019,1,CBV,2026-01-22 00:00,25,3,0,7,7,7,7,1,6367,210,140,0,25,25,23,25,28,1,1,,1,,,7,,,7,,,0,1,727,0,25,25,1876,112,37,37
NID FEB 2026,2026-01-30 00:00,PESHAWAR,SHAH ALAM,SHAHI BALA,33007020,1,CBV,2026-01-22 00:00,27,1,1,7,3,7,7,1,7238,123,5,90,27,27,24,26,30,1,1,,0,,,7,,,7,,,1,1,343,0,27,27,1960,254,42,42
NID FEB 2026,2026-01-30 00:00,PESHAWAR,SHAH ALAM,TUKHTABAD,33007021,1,CBV,2026-01-23 00:00,26,1,1,7,6,7,7,1,8127,218,26,187,26,26,26,26,29,1,1,,0,,,7,,,7,,,1,1,747,0,26,26,1632,160,39,39
NID FEB 2026,2026-01-30 00:00,PESHAWAR,SHAH ALAM,WADPAGA,33007022,1,CBV,2026-01-22 00:00,30,3,0,9,9,9,9,1,10551,495,115,0,30,30,30,30,33,1,1,1,0,,,9,,,9,,,1,1,1161,0,30,30,2755,158,42,42
NID FEB 2026,2026-01-30 00:00,PESHAWAR,SMT,AKHOON ABAD,33008001,1,CBV,2026-01-20 00:00,16,2,1,4,4,4,4,1,5243,94,237,174,16,16,13,16,20,1,1,,0,,,4,,,4,,,1,1,0,0,0,0,4041,86,25,26
NID FEB 2026,2026-01-30 00:00,PESHAWAR,SMT,BHANA MARI,33008002,1,CBV,2026-01-22 00:00,15,2,2,4,4,4,4,1,3519,104,63,447,15,15,12,15,21,1,1,,0,,,4,,,4,,,1,1,411,0,15,15,1034,57,25,27
NID FEB 2026,2026-01-29 00:00,PESHAWAR,SMT,DEH BAHADAR,33008004,1,CBV,2026-01-20 00:00,37,4,10,12,12,12,12,1,12236,202,516,2267,37,37,31,37,61,1,1,1,0,,,12,,,12,,,1,1,780,15,37,37,4302,236,53,53
NID FEB 2026,2026-01-30 00:00,PESHAWAR,SMT,DERI BAGHBANAN,33008005,1,CBV,2026-01-22 00:00,16,2,2,4,4,4,4,1,3852,112,199,401,16,16,12,16,22,1,1,1,0,,,4,,,4,,,1,1,184,0,16,16,1020,44,27,29
NID FEB 2026,2026-01-30 00:00,PESHAWAR,SMT,HAZARKHWANI 1,33008006,1,CBV,2026-01-23 00:00,26,3,3,6,6,6,6,1,8788,158,484,642,26,26,15,26,35,1,1,,0,,,6,,,6,,,1,1,633,0,26,26,3359,93,42,42
NID FEB 2026,2026-01-29 00:00,PESHAWAR,SMT,HAZARKHWANI 2,33008007,1,CBV,2026-01-20 00:00,42,3,4,11,11,11,11,1,17126,315,624,364,42,42,28,42,53,1,1,1,1,,,11,,,11,,,1,1,690,0,42,42,9177,210,65,65
NID FEB 2026,2026-01-29 00:00,PESHAWAR,SMT,KAKSHAL 2,33008008,1,CBV,2026-01-22 00:00,8,2,3,2,2,2,2,1,1963,88,198,736,8,8,2,8,16,1,1,1,1,,,2,,,2,,,1,1,112,0,8,8,714,32,12,13
NID FEB 2026,2026-01-30 00:00,PESHAWAR,SMT,LANDI ARBAB,33008009,1,CBV,2026-01-21 00:00,27,2,3,7,7,7,7,1,7563,274,231,454,27,27,23,27,35,1,,1,1,,,7,,,7,,,1,1,685,0,27,27,2179,138,42,44
NID FEB 2026,2026-01-30 00:00,PESHAWAR,SMT,NOTHIA JADEED,33008010,1,CBV,2026-01-20 00:00,30,3,3,6,6,6,6,1,8248,292,355,386,30,30,26,30,39,1,1,1,1,,,6,,,6,,,1,1,593,0,30,30,3897,170,42,47
NID FEB 2026,2026-01-30 00:00,PESHAWAR,SMT,NOTHIA QADEEM,33008011,1,CBV,2026-01-22 00:00,17,2,0,4,4,4,4,1,3479,28,160,0,17,17,14,17,19,1,1,,1,,,4,,,4,,,1,1,232,0,17,17,540,43,30,30
NID FEB 2026,2026-01-30 00:00,PESHAWAR,SMT,SHAHEEN MUSLIM TWN1,33008012,1,CBV,2026-01-20 00:00,38,4,3,11,10,11,11,1,12842,260,604,571,38,38,32,38,48,1,1,1,1,,,11,,,11,,,0,1,855,0,38,38,3999,203,56,56
NID FEB 2026,2026-01-30 00:00,PESHAWAR,SMT,SHAHEEN MUSLIM TWN2,33008013,1,CBV,2026-01-22 00:00,14,1,2,3,3,3,3,1,4318,89,151,292,14,14,14,14,19,1,1,1,0,,,3,,,3,,,1,1,76,4,14,14,1967,38,18,18
NID FEB 2026,2026-01-30 00:00,PESHAWAR,SMT,SHEIKH JUNAID ABAD,33008014,1,CBV,2026-01-22 00:00,13,2,1,3,3,3,3,1,3975,163,158,387,13,13,11,13,17,1,1,,1,,,3,,,3,,,1,1,277,0,13,13,1274,82,22,22
NID FEB 2026,2026-01-30 00:00,PESHAWAR,SMT,WAZIR BAGH,33008015,1,CBV,2026-01-22 00:00,13,1,2,3,3,3,3,1,3493,21,55,525,13,13,8,13,18,1,1,,1,,,3,,,3,,,1,1,52,0,13,13,1954,34,23,23
NID FEB 2026,2026-01-30 00:00,PESHAWAR,SMT,YAKATOOT 1,33008016,1,CBV,2026-01-20 00:00,15,1,1,3,3,3,3,1,4731,164,81,0,15,15,12,15,18,1,1,,1,,,3,,,3,,,1,1,210,0,15,15,3969,42,21,21
NID FEB 2026,2026-01-30 00:00,PESHAWAR,SMT,YAKATOOT 2,33008017,1,CBV,2026-01-20 00:00,12,1,1,3,3,3,3,1,4044,18,149,436,12,12,6,12,15,1,1,,0,,,3,,,3,,,1,1,166,0,12,12,3836,36,18,18
NID FEB 2026,2026-01-30 00:00,PESHAWAR,SMT,YAKATOOT 3,33008018,1,CBV,2026-01-20 00:00,25,1,2,5,5,5,5,1,9067,134,64,494,25,25,13,25,30,1,1,1,1,,,5,,,5,,,1,1,417,0,25,25,7414,112,42,42
NID FEB 2026,2026-01-30 00:00,PESHAWAR,HASSAN KHEL,BARKI,33003003,1,Non CBV,2026-01-22 00:00,11,3,0,3,0,3,3,1,1583,21,16,0,11,11,11,6,25,1,1,,1,,,3,,,3,,,0,1,36,0,0,0,0,18,11,11
NID FEB 2026,2026-01-30 00:00,PESHAWAR,HASSAN KHEL,BORA,33003004,1,Non CBV,2026-01-22 00:00,7,2,0,3,0,3,3,1,704,30,16,0,7,7,6,0,16,1,1,,1,,,3,,,3,,,1,1,122,0,0,7,0,4,13,13
NID FEB 2026,2026-01-30 00:00,PESHAWAR,HASSAN KHEL,FARIDI,33003001,1,Non CBV,2026-01-22 00:00,17,4,3,5,0,5,5,1,2967,63,75,117,17,17,17,11,44,1,1,1,1,,,5,,,5,,,1,1,330,0,0,0,0,32,29,29
NID FEB 2026,2026-01-30 00:00,PESHAWAR,HASSAN KHEL,HASSAN KHEL,33003005,1,Non CBV,2026-01-23 00:00,11,2,1,3,0,3,3,1,1689,89,19,28,11,11,11,0,26,1,1,,1,,,3,,,3,,,1,1,27,0,0,0,0,9,14,14
NID FEB 2026,2026-01-30 00:00,PESHAWAR,HASSAN KHEL,KOHI,33003006,1,Non CBV,2026-01-22 00:00,6,1,0,2,1,2,2,1,740,26,29,0,6,6,6,6,13,1,1,1,1,,,2,,,2,,,1,1,81,0,0,0,0,13,6,6
NID FEB 2026,2026-01-30 00:00,PESHAWAR,HASSAN KHEL,MANDAI,33003002,1,Non CBV,2026-01-22 00:00,15,4,2,4,0,4,4,1,2564,67,118,383,15,15,15,1,38,1,1,,1,,,4,,,4,,,0,1,48,0,0,15,0,41,29,29
NID FEB 2026,2026-01-30 00:00,PESHAWAR,SADDAR,CHAMKANI,33006005,1,CBV,2026-01-22 00:00,27,1,1,8,8,8,8,1,9393,282,37,88,27,27,26,27,30,1,1,1,1,,,8,,,8,,,1,1,1004,12,27,27,3086,124,41,41
NID APR 2026,2026-04-11 00:00,PESHAWAR,CITY,ANDERSHEHER,33004001,1,CBV,2026-03-25 00:00,8,2,4,2,2,2,2,1,963,41,275,907,8,8,7,8,18,1,1,1,1,,,2,,,2,,,1,1,154,0,8,8,234,6,14,14
NID APR 2026,2026-04-11 00:00,PESHAWAR,CITY,FAQIR ABAD,33004007,1,CBV,2026-03-24 00:00,14,1,1,3,3,3,3,1,2642,201,48,127,14,14,7,14,17,1,1,1,1,,,3,,,3,,,1,1,391,0,14,14,931,26,23,23
NID APR 2026,2026-04-11 00:00,PESHAWAR,CITY,ASIA DABGARI,33004002,1,CBV,2026-03-24 00:00,14,1,2,3,3,3,3,1,2967,117,39,210,14,14,10,14,19,1,1,1,1,,,3,,,3,,,1,1,331,0,14,14,1118,18,23,23
NID APR 2026,2026-04-11 00:00,PESHAWAR,CITY,GULBAHAR,33004008,1,CBV,2026-03-24 00:00,15,3,1,4,4,4,4,1,3340,426,220,106,15,15,9,15,20,1,1,1,1,,,4,,,4,,,0,1,400,0,15,15,950,14,20,23
NID APR 2026,2026-04-11 00:00,PESHAWAR,CITY,GUNJ,33004009,1,CBV,2026-03-25 00:00,10,1,3,2,2,2,2,1,1946,104,45,632,10,10,9,10,17,1,1,,1,,,2,,,2,,,1,1,209,0,10,10,354,11,15,15
NID APR 2026,2026-04-11 00:00,PESHAWAR,CITY,HASAN GARHI 1,33004010,1,CBV,2026-03-25 00:00,35,1,1,9,9,9,9,1,11847,58,50,146,35,35,19,35,38,1,1,1,1,,,9,,,9,,,1,1,825,0,35,35,8075,209,51,52
NID APR 2026,2026-04-11 00:00,PESHAWAR,CITY,HASAN GARHI 2,33004011,1,CBV,2026-03-25 00:00,40,1,1,9,8,9,9,1,8730,371,49,110,40,40,29,40,43,1,1,1,0,,,9,,,9,,,1,1,591,0,40,40,2344,98,50,50
NID APR 2026,2026-04-11 00:00,PESHAWAR,CITY,HAYAT ABAD 1,33004012,1,CBV,2026-03-25 00:00,44,1,17,11,9,11,11,1,5913,582,160,4186,44,44,17,39,79,1,1,1,1,,,11,,,11,,,1,1,454,0,44,44,2940,47,63,66
NID APR 2026,2026-04-11 00:00,PESHAWAR,CITY,HAYAT ABAD 2,33004013,1,CBV,2026-03-25 00:00,69,1,5,18,13,18,18,1,12224,549,74,1051,69,69,31,67,80,1,1,1,1,,,18,,,18,,,1,1,621,0,69,69,6757,68,100,102
NID APR 2026,2026-04-11 00:00,PESHAWAR,CITY,JEHANGIR PURA,33004014,1,CBV,2026-03-25 00:00,13,0,1,3,3,3,3,1,1677,32,0,108,13,13,11,13,15,1,1,,1,,,3,,,3,,,1,1,329,0,13,13,443,10,20,20
NID APR 2026,2026-04-11 00:00,PESHAWAR,CITY,KAKSHAL,33004015,1,CBV,2026-03-25 00:00,22,1,0,5,5,5,5,1,7251,216,68,0,22,22,11,22,23,1,1,1,1,,,5,,,5,,,1,1,622,0,22,22,3149,56,34,34
NID APR 2026,2026-04-11 00:00,PESHAWAR,CITY,KARIM PURA,33004016,1,CBV,2026-03-25 00:00,11,3,5,3,3,3,3,1,1999,110,169,926,11,11,5,11,24,1,1,1,1,,,3,,,3,,,1,1,239,0,11,11,441,13,16,17
NID APR 2026,2026-04-11 00:00,PESHAWAR,CITY,KHALSA 1,33004017,1,CBV,2026-03-25 00:00,33,1,9,7,7,7,7,1,8656,250,73,3078,33,33,26,33,52,1,1,1,0,,,7,,,7,,,1,1,1030,0,33,33,4647,71,49,49
NID APR 2026,2026-04-11 00:00,PESHAWAR,CITY,KHALSA 2,33004018,1,CBV,2026-03-25 00:00,41,1,2,9,9,9,9,1,14657,341,86,763,41,41,34,41,46,1,1,1,1,,,9,,,9,,,1,1,1079,0,44,41,7503,163,59,59
NID APR 2026,2026-04-11 00:00,PESHAWAR,CITY,LAHORI,33004019,1,CBV,2026-03-25 00:00,9,1,4,2,2,2,2,1,1902,81,34,528,9,9,7,9,18,1,1,,1,,,2,,,2,,,1,1,217,0,9,9,174,12,15,15
NID APR 2026,2026-04-11 00:00,PESHAWAR,CITY,MALAKANDHER,33004020,1,CBV,2026-03-25 00:00,60,3,3,17,14,17,17,1,18858,574,128,318,60,60,53,50,69,1,1,1,1,,,17,,,17,,,1,1,1247,0,60,60,11136,232,85,85
NID APR 2026,2026-04-11 00:00,PESHAWAR,CITY,MEHAL TERAI 1,33004021,1,CBV,2026-03-25 00:00,23,1,5,5,5,5,5,1,6224,198,57,913,23,23,20,23,34,1,1,,0,,,5,,,5,,,1,1,458,0,23,23,2737,65,36,36
NID APR 2026,2026-04-11 00:00,PESHAWAR,CITY,MEHAL TERAI 2,33004022,1,CBV,2026-03-24 00:00,43,1,4,9,9,9,9,1,12582,688,72,792,43,43,38,43,52,1,1,1,1,,,9,,,9,,,1,1,775,0,43,43,4559,221,63,63
NID APR 2026,2026-04-11 00:00,PESHAWAR,CITY,PALOSI,33004023,1,CBV,2026-03-25 00:00,26,1,4,7,5,7,7,1,10049,201,178,1056,26,26,26,26,35,1,1,1,1,,,7,,,7,,,1,1,682,0,26,26,1991,86,44,44
NID APR 2026,2026-04-11 00:00,PESHAWAR,CITY,PAWAKA,33004024,1,CBV,2026-03-25 00:00,29,2,0,7,7,7,7,1,7671,288,93,0,29,29,29,29,31,1,1,1,0,,,7,,,7,,,1,1,931,0,29,29,1493,105,32,43
NID APR 2026,2026-04-11 00:00,PESHAWAR,CITY,REGI,33004025,1,CBV,2026-03-25 00:00,20,1,4,5,5,5,5,1,7026,134,96,322,20,20,17,20,29,1,1,,1,,,5,,,5,,,1,1,1044,0,20,20,679,131,30,30
NID APR 2026,2026-04-11 00:00,PESHAWAR,CITY,SHAHEEN TOWN,33004026,1,CBV,2026-03-25 00:00,23,2,2,6,6,6,6,1,4520,300,90,417,23,23,18,23,29,1,1,1,0,,,6,,,6,,,1,1,631,0,23,23,953,52,41,41
NID APR 2026,2026-04-11 00:00,PESHAWAR,CITY,SHAHI BAGH,33004027,1,CBV,2026-03-25 00:00,17,2,6,4,4,4,4,1,4217,94,107,1271,17,17,13,17,31,1,1,1,0,,,4,,,4,,,1,1,199,0,17,17,2445,30,25,25
NID APR 2026,2026-04-11 00:00,PESHAWAR,CITY,SIKANDAR TOWN,33004028,1,CBV,2026-03-24 00:00,16,4,8,4,3,4,4,1,4096,196,311,1716,16,16,10,16,36,1,1,1,1,,,4,,,4,,,1,1,303,0,16,16,1504,38,25,25
NID APR 2026,2026-04-11 00:00,PESHAWAR,CITY,SUFAID DHERI,33004029,1,CBV,2026-03-25 00:00,63,3,4,15,15,15,15,1,19022,414,180,699,63,63,52,63,74,1,1,1,1,,,15,,,15,,,1,1,888,0,63,63,9845,253,93,94
NID APR 2026,2026-04-11 00:00,PESHAWAR,CITY,TEHKAL BALA,33004030,1,CBV,2026-03-25 00:00,33,2,3,8,8,8,8,1,10925,314,93,215,33,33,30,33,41,1,1,,1,,,8,,,8,,,1,1,339,0,33,33,2453,210,56,56
NID APR 2026,2026-04-11 00:00,PESHAWAR,CITY,TEHKAL PAYAN,33004031,1,CBV,2026-03-27 00:00,19,1,2,4,3,4,4,1,5615,114,79,153,19,19,15,19,24,1,1,1,0,,,4,,,4,,,1,1,486,0,19,19,1045,125,29,29
NID APR 2026,2026-04-11 00:00,PESHAWAR,CITY,TEHKAL PAYAN 2 IRRIG,33004032,1,CBV,2026-03-25 00:00,14,3,0,4,4,4,4,1,4236,177,169,0,14,14,14,14,17,1,1,1,1,,,4,,,4,,,1,1,338,0,14,14,1549,59,24,25
NID APR 2026,2026-04-11 00:00,PESHAWAR,CITY,UNIVERSITY TOWN,33004033,1,CBV,2026-03-25 00:00,24,1,14,6,6,6,6,1,3233,494,57,3864,24,24,7,24,53,1,1,,0,,,6,,,6,,,1,1,912,0,24,24,1581,32,36,36
NID APR 2026,2026-04-11 00:00,PESHAWAR,CITY,CANTT WARD 1,33004003,1,SMT,2026-03-25 00:00,11,0,2,3,3,3,3,1,770,141,0,568,11,11,1,11,26,1,1,,1,,,3,,,3,,,1,1,170,0,11,11,89,5,17,17
NID APR 2026,2026-04-11 00:00,PESHAWAR,CITY,CANTT WARD 2,33004004,1,SMT,2026-03-24 00:00,11,2,3,3,3,3,3,1,1996,285,36,311,11,11,0,11,30,1,1,,1,,,3,,,3,,,1,1,446,0,0,11,0,12,16,16
NID APR 2026,2026-04-11 00:00,PESHAWAR,CITY,CANTT WARD 3,33004005,1,SMT,2026-03-25 00:00,8,1,4,2,2,2,2,1,825,160,123,760,8,8,8,8,25,1,1,,1,,,2,,,2,,,1,1,115,0,8,8,2,7,13,13
NID APR 2026,2026-04-11 00:00,PESHAWAR,CITY,CANTT WARD 4,33004006,1,SMT,2026-03-25 00:00,9,1,2,2,2,2,2,1,1201,108,59,454,9,9,0,9,23,1,1,,0,,,2,,,2,,,1,1,203,0,9,9,0,5,13,13
NID APR 2026,2026-04-11 00:00,PESHAWAR,SHAH ALAM,BUDHNI,33007001,1,CBV,2026-03-24 00:00,21,2,0,7,7,7,7,1,5733,267,30,0,21,21,21,21,23,1,1,1,0,,,7,,,7,,,1,1,342,0,21,21,870,54,32,32
NID APR 2026,2026-04-11 00:00,PESHAWAR,SHAH ALAM,CHAGARMATI,33007002,1,CBV,2026-03-25 00:00,24,2,2,7,7,7,7,1,5600,187,60,199,24,24,24,24,30,1,1,1,1,,,7,,,7,,,1,1,877,0,24,24,799,101,35,35
NID APR 2026,2026-04-11 00:00,PESHAWAR,SHAH ALAM,DAG,33007003,1,CBV,2026-03-25 00:00,24,2,0,6,6,6,6,1,9478,274,158,0,24,24,22,24,26,1,1,1,1,,,6,,,6,,,1,1,589,0,24,24,3774,164,37,37
NID APR 2026,2026-04-11 00:00,PESHAWAR,SHAH ALAM,GARHI SHER DAD,33007004,1,CBV,2026-03-25 00:00,16,1,1,4,4,4,4,1,5250,140,82,294,16,16,15,16,19,1,1,1,0,,,4,,,4,,,1,1,265,0,16,16,681,91,27,27
NID APR 2026,2026-04-11 00:00,PESHAWAR,SHAH ALAM,GULBELA,33007005,1,CBV,2026-03-24 00:00,31,1,2,10,10,10,10,1,8562,253,48,410,31,31,28,31,36,1,1,1,1,,,10,,,10,,,1,1,1280,0,31,31,1585,94,46,46
NID APR 2026,2026-04-11 00:00,PESHAWAR,SHAH ALAM,HARYANA PAYAN,33007006,1,CBV,2026-03-25 00:00,30,1,0,9,9,9,9,1,13124,282,40,0,30,30,29,30,31,1,1,1,1,,,9,,,9,,,1,1,903,0,30,30,5592,235,45,46
NID APR 2026,2026-04-11 00:00,PESHAWAR,SHAH ALAM,JOGANI,33007007,1,CBV,2026-03-24 00:00,20,2,3,5,2,5,5,1,5153,136,58,268,20,20,20,20,28,1,1,1,1,,,5,,,5,,,1,1,376,0,20,20,2845,94,31,31
NID APR 2026,2026-04-11 00:00,PESHAWAR,SHAH ALAM,KAFOOR DHERI,33007008,1,CBV,2026-03-24 00:00,15,2,3,4,1,4,4,1,5489,67,35,397,15,15,13,9,23,1,1,1,0,,,4,,,4,,,1,1,189,0,15,15,1767,152,28,28
NID APR 2026,2026-04-11 00:00,PESHAWAR,SHAH ALAM,KANIZA,33007009,1,CBV,2026-03-25 00:00,22,1,3,7,7,7,7,1,8044,190,58,269,22,22,22,22,29,1,1,1,0,,,7,,,7,,,1,1,732,27,22,22,2187,208,34,34
NID APR 2026,2026-04-11 00:00,PESHAWAR,SHAH ALAM,KANKOLA,33007010,1,CBV,2026-03-24 00:00,32,2,2,10,10,10,10,1,11622,353,40,198,32,32,27,32,38,1,1,1,0,,,10,,,10,,,1,1,877,0,32,32,4237,149,45,46
NID APR 2026,2026-04-11 00:00,PESHAWAR,SHAH ALAM,KHAZANA,33007011,1,CBV,2026-03-25 00:00,39,1,1,10,10,10,10,1,14878,424,98,217,39,39,28,39,42,1,1,1,0,,,10,,,10,,,1,1,1093,0,38,39,6775,240,54,54
NID APR 2026,2026-04-11 00:00,PESHAWAR,SHAH ALAM,LALA KALAY,33007012,1,CBV,2026-03-25 00:00,28,2,3,8,8,8,8,1,7744,430,93,461,28,28,26,28,36,1,1,1,0,,,8,,,8,,,1,1,800,0,28,28,2528,65,40,40
NID APR 2026,2026-04-11 00:00,PESHAWAR,SHAH ALAM,LARAMA,33007013,1,CBV,2026-03-26 00:00,31,1,1,7,7,7,7,1,10963,220,88,0,31,31,16,31,34,1,1,,0,,,7,,,7,,,1,1,504,0,31,31,8079,186,50,50
NID APR 2026,2026-04-11 00:00,PESHAWAR,SHAH ALAM,MATHRA,33007014,1,CBV,2026-03-25 00:00,36,2,4,10,10,10,10,1,12396,281,100,931,36,36,32,36,46,1,1,1,1,,,10,,,10,,,1,1,728,0,36,36,2904,238,54,54
NID APR 2026,2026-04-11 00:00,PESHAWAR,SHAH ALAM,NAHAQI,33007015,1,CBV,2026-03-25 00:00,27,2,2,7,7,7,7,1,8595,404,57,361,27,27,23,27,33,1,1,1,1,,,7,,,7,,,1,1,907,0,27,27,1536,84,38,38
NID APR 2026,2026-04-11 00:00,PESHAWAR,SHAH ALAM,PAJAGI,33007016,1,CBV,2026-03-25 00:00,41,2,2,10,10,10,10,1,16081,365,129,608,41,41,37,41,47,1,1,1,0,,,10,,,10,,,1,1,881,0,39,41,9032,340,61,64
NID APR 2026,2026-04-11 00:00,PESHAWAR,SHAH ALAM,PAKHA GHULAM,33007017,1,CBV,2026-03-25 00:00,42,3,4,11,9,11,11,1,13789,502,219,632,42,42,35,42,53,1,1,1,1,,,11,,,11,,,1,1,1161,0,42,42,5102,109,48,50
NID APR 2026,2026-04-11 00:00,PESHAWAR,SHAH ALAM,PANAM DHERI,33007018,1,CBV,2026-03-25 00:00,23,1,0,6,6,6,6,1,7965,205,36,0,23,23,23,23,24,1,1,1,0,,,6,,,6,,,1,1,497,0,23,23,1880,166,35,35
NID APR 2026,2026-04-11 00:00,PESHAWAR,SHAH ALAM,SAEEDABAD,33007019,1,CBV,2026-03-24 00:00,25,2,0,7,7,7,7,1,6207,184,106,0,25,25,24,25,27,1,1,1,1,,,7,,,7,,,1,1,695,0,25,25,1623,75,37,37
NID APR 2026,2026-04-11 00:00,PESHAWAR,SHAH ALAM,SHAHI BALA,33007020,1,CBV,2026-03-25 00:00,27,1,1,7,3,7,7,1,7290,124,11,100,27,27,24,26,30,1,1,,0,,,7,,,7,,,1,1,363,0,27,27,2043,215,42,42
NID APR 2026,2026-04-11 00:00,PESHAWAR,SHAH ALAM,TUKHTABAD,33007021,1,CBV,2026-03-25 00:00,26,1,1,7,6,7,7,1,8129,186,28,204,26,26,26,26,29,1,1,,0,,,7,,,7,,,1,1,747,0,26,26,1662,140,39,39
NID APR 2026,2026-04-11 00:00,PESHAWAR,SHAH ALAM,WADPAGA,33007022,1,CBV,2026-03-24 00:00,30,3,0,9,9,9,9,1,10522,429,120,0,30,30,30,30,33,1,1,1,0,,,9,,,9,,,1,1,1184,0,30,30,2822,126,42,42
NID APR 2026,2026-04-11 00:00,PESHAWAR,SMT,YAKATOOT 3,33008018,1,CBV,2026-03-24 00:00,25,1,2,5,5,5,5,1,9046,135,96,539,25,25,14,25,30,1,1,1,1,,,5,,,5,,,1,1,353,0,25,25,7385,92,42,42
NID APR 2026,2026-04-11 00:00,PESHAWAR,SMT,YAKATOOT 2,33008017,1,CBV,2026-03-25 00:00,12,1,1,3,3,3,3,1,4020,18,163,446,12,12,6,12,15,1,1,,1,,,3,,,3,,,1,1,177,0,12,12,3801,54,18,18
NID APR 2026,2026-04-11 00:00,PESHAWAR,SMT,YAKATOOT 1,33008016,1,CBV,2026-03-25 00:00,15,1,1,3,3,3,3,1,4676,134,40,158,15,15,15,15,18,1,1,,1,,,3,,,3,,,1,1,160,0,15,15,4028,38,21,21
NID APR 2026,2026-04-11 00:00,PESHAWAR,SMT,WAZIR BAGH,33008015,1,CBV,2026-03-25 00:00,13,1,2,3,3,3,3,1,3429,94,51,463,13,13,7,13,18,1,1,,0,,,3,,,3,,,1,1,53,0,13,13,1940,20,23,23
NID APR 2026,2026-04-11 00:00,PESHAWAR,SMT,SHEIKH JUNAID ABAD,33008014,1,CBV,2026-03-25 00:00,13,2,1,3,3,3,3,1,3937,152,145,378,13,13,11,13,17,1,1,1,1,,,3,,,3,,,1,1,277,0,13,13,1286,30,22,22
NID APR 2026,2026-04-11 00:00,PESHAWAR,SMT,SHAHEEN MUSLIM TWN2,33008013,1,CBV,2026-03-24 00:00,14,1,2,3,3,3,3,1,4279,89,88,319,14,14,13,14,19,1,1,1,1,,,3,,,3,,,1,1,145,0,14,14,1987,41,18,18
NID APR 2026,2026-04-11 00:00,PESHAWAR,SMT,SHAHEEN MUSLIM TWN1,33008012,1,CBV,2026-03-25 00:00,38,4,3,11,10,11,11,1,12826,263,491,893,38,38,26,38,48,1,1,1,1,,,11,,,11,,,1,1,867,0,38,38,4457,123,56,56
NID APR 2026,2026-04-11 00:00,PESHAWAR,SMT,NOTHIA QADEEM,33008011,1,CBV,2026-03-25 00:00,17,2,0,4,4,4,4,1,3474,149,119,0,17,17,15,17,19,1,1,,1,,,4,,,4,,,1,1,235,0,17,17,566,33,30,30
NID APR 2026,2026-04-11 00:00,PESHAWAR,SMT,NOTHIA JADEED,33008010,1,CBV,2026-03-24 00:00,30,3,3,6,6,6,6,1,8169,265,282,415,30,30,26,30,39,1,1,1,1,,,6,,,6,,,1,1,595,0,30,30,3932,142,42,47
NID APR 2026,2026-04-11 00:00,PESHAWAR,SMT,LANDI ARBAB,33008009,1,CBV,2026-03-25 00:00,27,2,3,7,7,7,7,1,7593,260,147,392,27,27,24,27,35,1,1,1,1,,,7,,,7,,,1,0,680,0,27,27,2228,109,42,44
NID APR 2026,2026-04-11 00:00,PESHAWAR,SMT,KAKSHAL 2,33008008,1,CBV,2026-03-25 00:00,8,2,3,2,2,2,2,1,1956,81,157,741,8,8,2,8,16,1,1,1,1,,,2,,,2,,,1,1,112,0,8,8,712,17,12,13
NID APR 2026,2026-04-11 00:00,PESHAWAR,SMT,HAZARKHWANI 2,33008007,1,CBV,2026-03-25 00:00,42,3,4,11,11,11,11,1,17159,271,347,624,42,42,29,42,53,1,1,1,1,,,11,,,11,,,1,0,692,0,42,42,9617,201,65,65
NID APR 2026,2026-04-11 00:00,PESHAWAR,SMT,HAZARKHWANI 1,33008006,1,CBV,2026-03-25 00:00,26,3,3,6,6,6,6,1,8710,156,326,876,26,26,16,26,35,1,1,,1,,,6,,,6,,,1,1,633,0,26,26,3362,63,42,42
NID APR 2026,2026-04-11 00:00,PESHAWAR,SMT,DERI BAGHBANAN,33008005,1,CBV,2026-03-25 00:00,16,2,2,4,4,4,4,1,3869,120,169,407,16,16,12,16,22,1,1,1,0,,,4,,,4,,,1,1,187,0,16,16,1032,44,27,29
NID APR 2026,2026-04-11 00:00,PESHAWAR,SMT,DEH BAHADAR,33008004,1,CBV,2026-03-25 00:00,37,4,10,12,12,12,12,1,12278,236,295,2058,37,37,28,37,61,1,1,1,0,,,12,,,12,,,1,1,783,0,37,37,4122,210,53,53
NID APR 2026,2026-04-11 00:00,PESHAWAR,SMT,BHANA MARI,33008002,1,CBV,2026-03-25 00:00,15,2,2,4,4,4,4,1,3503,78,57,466,15,15,13,15,21,1,1,1,1,,,4,,,4,,,1,1,382,0,15,15,1031,30,25,27
NID APR 2026,2026-04-11 00:00,PESHAWAR,SMT,AKHOON ABAD,33008001,1,CBV,2026-03-25 00:00,16,2,1,4,4,4,4,1,5202,55,200,195,16,16,14,16,20,1,1,,1,,,4,,,4,,,1,1,306,0,16,16,4058,46,25,26
NID APR 2026,2026-04-11 00:00,PESHAWAR,SMT,CANTT WARD 5,33008003,1,SMT,2026-03-24 00:00,12,2,3,4,4,4,4,1,1645,208,71,626,12,12,3,12,32,1,1,,1,,,4,,,4,,,1,1,112,0,12,12,0,8,18,18
NID APR 2026,2026-04-11 00:00,PESHAWAR,SADDAR,URMAR PAYAN,33006015,1,CBV,2026-03-24 00:00,13,2,4,4,4,4,4,1,4239,137,79,283,13,13,10,13,23,1,1,1,1,,,4,,,4,,,1,1,219,0,13,13,171,38,20,20
NID APR 2026,2026-04-11 00:00,PESHAWAR,SADDAR,URMAR MIANA,33006014,1,CBV,2026-03-24 00:00,22,2,1,6,5,6,6,1,7069,242,72,55,22,22,22,19,26,1,1,1,1,,,6,,,6,,,1,1,297,0,22,22,1943,93,35,36
NID APR 2026,2026-04-11 00:00,PESHAWAR,SADDAR,URMAR BALA,33006013,1,CBV,2026-03-25 00:00,60,7,4,18,7,18,18,1,18621,256,371,383,60,60,55,22,75,1,1,,1,,,18,,,18,,,1,1,590,0,60,60,12759,220,86,86
NID APR 2026,2026-04-11 00:00,PESHAWAR,SADDAR,SUREZAI PAYAN,33006012,1,CBV,2026-03-25 00:00,25,1,3,7,7,7,7,1,9030,96,24,281,25,25,25,24,32,1,1,,1,,,7,,,7,,,1,1,307,0,25,25,2646,175,40,43
NID APR 2026,2026-04-11 00:00,PESHAWAR,SADDAR,SUREZAI BALA,33006011,1,CBV,2026-03-24 00:00,14,1,2,5,2,5,5,1,3717,40,36,206,14,14,14,9,19,1,1,,1,,,5,,,5,,,1,1,254,0,14,14,497,88,25,25
NID APR 2026,2026-04-11 00:00,PESHAWAR,SADDAR,SHERAKERA,33006010,1,CBV,2026-03-24 00:00,11,1,2,4,3,4,4,1,2992,56,52,193,11,11,9,11,16,1,1,1,0,,,4,,,4,,,1,1,148,0,11,11,405,88,16,17
NID APR 2026,2026-04-11 00:00,PESHAWAR,SADDAR,MUSAZAI,33006009,1,CBV,2026-03-25 00:00,31,2,3,9,7,9,9,1,11733,224,108,422,31,31,19,31,39,1,1,1,1,,,9,,,9,,,1,1,288,0,31,31,6528,119,47,47
NID APR 2026,2026-04-11 00:00,PESHAWAR,SADDAR,MERA SUREZAI PAYAN,33006008,1,CBV,2026-03-25 00:00,26,1,3,8,4,8,8,1,8789,87,28,401,26,26,24,7,33,1,1,,1,,,8,,,8,,,1,1,273,0,26,26,5633,128,38,38
NID APR 2026,2026-04-11 00:00,PESHAWAR,SADDAR,MERA KACHORI,33006007,1,CBV,2026-03-25 00:00,43,2,3,13,9,13,13,1,14635,289,135,534,43,43,39,43,51,1,1,1,0,,,13,,,13,,,1,1,1199,0,43,43,7826,200,62,62
NID APR 2026,2026-04-11 00:00,PESHAWAR,SADDAR,MARYAM ZAI,33006006,1,CBV,2026-03-24 00:00,15,1,1,5,4,5,5,1,5351,114,95,184,15,15,13,12,18,1,1,,1,,,5,,,5,,,0,1,234,0,15,15,215,120,26,26
NID APR 2026,2026-04-11 00:00,PESHAWAR,SADDAR,CHAMKANI,33006005,1,CBV,2026-03-25 00:00,27,1,1,8,8,8,8,1,9462,253,43,113,27,27,26,27,30,1,1,1,1,,,8,,,8,,,1,1,1009,0,27,27,3132,81,41,41
NID APR 2026,2026-04-11 00:00,PESHAWAR,SADDAR,BADABER MARYAMZAI,33006004,1,CBV,2026-03-25 00:00,15,2,2,4,3,4,4,1,5663,174,94,285,15,15,14,15,21,1,1,,1,,,4,,,4,,,1,1,217,0,15,15,660,151,27,28
NID APR 2026,2026-04-11 00:00,PESHAWAR,SADDAR,BADABER HUREZAI,33006003,1,CBV,2026-03-24 00:00,20,1,1,7,3,7,7,1,7169,73,38,254,20,20,20,17,23,1,1,,0,,,7,,,7,,,1,1,296,0,19,20,3574,154,32,32
NID APR 2026,2026-04-11 00:00,PESHAWAR,SADDAR,AZAKHEL TELABAND,33006002,1,CBV,2026-03-24 00:00,21,3,1,7,3,7,7,1,7242,122,149,50,21,21,20,17,26,1,1,,0,,,7,,,7,,,1,1,513,0,21,21,275,242,35,35
NID APR 2026,2026-04-11 00:00,PESHAWAR,SADDAR,ADEZAI,33006001,1,CBV,2026-03-24 00:00,24,1,1,7,5,7,7,1,6173,94,31,79,24,24,24,20,27,1,1,1,1,,,7,,,7,,,1,1,520,0,24,24,1559,134,35,35
NID APR 2026,2026-04-11 00:00,PESHAWAR,MATTANI,SULEMAN KHEIL,33005009,1,CBV,2026-03-25 00:00,16,1,2,5,3,5,5,1,6495,114,42,181,16,16,14,16,21,1,1,1,0,,,5,,,5,,,1,1,286,0,16,16,2056,210,24,27
NID APR 2026,2026-04-11 00:00,PESHAWAR,MATTANI,SHEIKHAN,33005008,1,CBV,2026-03-24 00:00,26,2,3,7,7,7,7,1,10290,215,145,424,26,26,26,26,34,1,1,1,0,,,7,,,7,,,1,1,540,0,26,26,4522,343,38,40
NID APR 2026,2026-04-11 00:00,PESHAWAR,MATTANI,SHEIKH MOHAMMADI,33005007,1,CBV,2026-03-24 00:00,23,1,2,6,6,6,6,1,8429,122,38,266,23,23,22,23,28,1,1,1,1,,,6,,,6,,,1,1,400,0,23,23,1948,212,35,37
NID APR 2026,2026-04-11 00:00,PESHAWAR,MATTANI,SARBAND,33005006,1,CBV,2026-03-25 00:00,28,1,3,7,7,7,7,1,11712,289,98,450,28,28,25,28,35,1,1,1,0,,,7,,,7,,,1,1,575,0,28,28,6033,290,47,47
NID APR 2026,2026-04-11 00:00,PESHAWAR,MATTANI,PISHTAKHARA,33005005,1,CBV,2026-03-25 00:00,29,1,2,7,7,7,7,1,11691,346,85,364,29,29,26,29,34,1,1,1,1,,,7,,,7,,,1,1,446,0,29,29,5066,211,42,44
NID APR 2026,2026-04-11 00:00,PESHAWAR,MATTANI,MATTANI,33005004,1,CBV,2026-03-24 00:00,26,1,3,6,0,6,6,1,9809,206,11,490,26,26,20,15,33,1,1,,1,,,6,,,6,,,1,1,170,0,26,26,2027,284,42,42
NID APR 2026,2026-04-11 00:00,PESHAWAR,MATTANI,MASHOGAGAR,33005003,1,CBV,2026-03-25 00:00,44,3,3,11,7,11,11,1,14975,396,243,387,44,44,44,31,53,1,1,1,1,,,11,,,11,,,1,1,409,0,44,44,9420,373,65,65
NID APR 2026,2026-04-11 00:00,PESHAWAR,MATTANI,BAZID KHEL,33005002,1,CBV,2026-03-25 00:00,27,1,2,7,6,7,7,1,9649,229,57,356,27,27,26,26,32,1,1,,0,,,7,,,7,,,1,1,420,0,27,27,1678,309,47,47
NID APR 2026,2026-04-11 00:00,PESHAWAR,MATTANI,ACHINI,33005001,1,CBV,2026-03-25 00:00,30,2,3,7,2,7,7,1,11544,251,84,463,30,30,22,23,38,1,1,1,0,,,7,,,7,,,1,1,551,0,30,30,6036,206,37,47
NID APR 2026,2026-04-11 00:00,PESHAWAR,HASSAN KHEL,MANDAI,33003002,1,Non CBV,2026-03-26 00:00,15,4,2,4,0,4,4,1,2530,89,56,143,15,15,15,1,38,1,1,,1,,,4,,,4,,,1,1,48,0,0,15,0,30,29,29
NID APR 2026,2026-04-11 00:00,PESHAWAR,HASSAN KHEL,KOHI,33003006,1,Non CBV,2026-03-24 00:00,6,1,0,2,1,2,2,1,740,21,9,0,6,6,6,6,13,1,1,1,0,,,2,,,2,,,1,1,18,0,6,6,0,12,6,6
NID APR 2026,2026-04-11 00:00,PESHAWAR,HASSAN KHEL,HASSAN KHEL,33003005,1,Non CBV,2026-03-24 00:00,11,2,1,3,0,3,3,1,1659,132,18,44,11,11,11,0,26,1,1,,1,,,3,,,3,,,1,1,37,0,0,11,0,3,14,14
NID APR 2026,2026-04-11 00:00,PESHAWAR,HASSAN KHEL,FARIDI,33003001,1,Non CBV,2026-03-25 00:00,17,4,3,5,1,5,5,1,2972,78,45,103,17,17,17,11,44,1,1,1,1,,,5,,,5,,,1,1,330,0,0,17,0,40,29,29
NID APR 2026,2026-04-11 00:00,PESHAWAR,HASSAN KHEL,BORA,33003004,1,Non CBV,2026-03-24 00:00,7,2,0,3,0,3,3,1,707,31,10,0,7,7,6,0,16,1,1,,0,,,3,,,3,,,1,1,122,0,0,7,0,5,13,13
NID APR 2026,2026-04-11 00:00,PESHAWAR,HASSAN KHEL,BARKI,33003003,1,Non CBV,2026-03-24 00:00,11,3,0,3,0,3,3,1,1572,44,21,0,11,11,11,6,25,1,1,,1,,,3,,,3,,,1,1,36,0,0,11,0,27,11,11
NID APR 2026,2026-04-09 00:00,NOWSHERA,JEHANGIRA,ADAMZAI,33203001,2,Non CBV,2026-04-01 00:00,25,2,0,6,2,4,6,1,5176,339,40,0,25,15,25,24,52,1,1,1,0,,,6,0,0,6,0,0,1,1,331,0,0,25,766,29,32,0
NID APR 2026,2026-04-09 00:00,NOWSHERA,PABBI,AKBARPURA,33204001,2,Non CBV,2026-04-01 00:00,27,2,3,6,1,4,6,1,6070,876,61,631,27,26,27,27,62,1,1,1,1,,,6,0,0,6,0,0,1,1,725,0,27,27,970,35,39,0
NID APR 2026,2026-04-09 00:00,NOWSHERA,JEHANGIRA,AKORA CAMP,33203002,2,Non CBV,2026-04-01 00:00,14,0,0,5,3,2,5,1,2625,0,0,0,14,0,0,14,28,1,1,1,1,,,5,0,0,5,0,0,1,1,110,0,14,14,2340,41,20,0
NID APR 2026,2026-04-09 00:00,NOWSHERA,JEHANGIRA,AKORA KHATTAK,33203003,2,Non CBV,2026-04-01 00:00,18,1,6,4,2,2,4,1,3290,371,23,1070,18,13,18,18,49,1,1,1,0,,,4,0,0,4,0,0,1,1,256,0,0,18,500,19,28,1
NID APR 2026,2026-04-08 00:00,NOWSHERA,NOWSHERA,AMANGARH,33202004,2,Non CBV,2026-04-01 00:00,28,2,0,6,2,3,6,1,6092,451,33,0,28,13,28,28,58,1,1,1,0,,,6,0,0,6,0,0,1,1,0,0,28,28,614,29,35,0
NID APR 2026,2026-04-09 00:00,NOWSHERA,PABBI,AMANKOT,33204002,2,Non CBV,2026-04-01 00:00,16,1,0,4,1,3,4,1,3873,139,14,0,16,6,16,16,33,1,1,1,0,,,4,0,0,4,0,0,1,1,333,0,0,16,736,17,21,0
NID APR 2026,2026-04-09 00:00,NOWSHERA,NOWSHERA,AZAKHEL BALA,33202006,2,Non CBV,2026-04-01 00:00,24,1,0,6,3,4,6,1,4823,247,10,0,24,14,24,18,49,1,1,1,0,,,6,0,0,6,0,0,1,1,346,0,0,24,1194,52,32,0
NID APR 2026,2026-04-09 00:00,NOWSHERA,NOWSHERA,AZAKHEL PAYAN,33202007,2,Non CBV,2026-04-01 00:00,22,2,1,6,2,2,6,1,4372,255,34,50,22,9,22,22,48,1,1,1,0,,,6,0,0,6,0,0,1,1,358,1,22,22,1299,46,28,2
NID APR 2026,2026-04-08 00:00,NOWSHERA,NOWSHERA,BADRASHI,33202008,2,Non CBV,2026-04-01 00:00,49,1,0,10,4,10,10,1,6427,366,21,0,49,22,49,49,99,1,1,1,1,,,10,0,0,10,0,0,1,1,0,0,0,49,600,37,60,0
NID APR 2026,2026-04-09 00:00,NOWSHERA,PABBI,BALU,33204003,2,Non CBV,2026-04-01 00:00,31,0,1,7,1,1,7,1,6756,548,0,52,31,21,31,31,64,1,1,1,1,,,7,0,0,7,0,0,1,1,375,0,31,31,1190,45,39,3
NID APR 2026,2026-04-09 00:00,NOWSHERA,NOWSHERA,BARA BANDA,33202010,2,Non CBV,2026-04-01 00:00,49,1,4,12,3,5,12,1,10837,460,42,310,49,12,49,49,107,1,1,1,0,,,12,0,0,12,0,0,1,1,798,0,49,49,4069,97,72,0
NID APR 2026,2026-04-09 00:00,NOWSHERA,NOWSHERA,CHOCKI TOWN,33202011,2,Non CBV,2026-04-01 00:00,13,0,1,3,2,2,3,1,2508,252,0,71,13,8,13,13,28,1,1,1,0,,,3,0,0,3,0,0,1,1,199,0,0,13,121,19,18,0
NID APR 2026,2026-04-09 00:00,NOWSHERA,PABBI,CHOKI MAMREZ,33204004,2,Non CBV,2026-04-01 00:00,23,2,1,5,0,4,5,1,6444,354,41,72,23,17,23,23,50,1,1,1,0,,,5,0,0,5,0,0,1,1,560,0,0,23,1632,42,29,4
NID APR 2026,2026-04-06 00:00,NOWSHERA,PABBI,DAG BESUD,33204005,2,Non CBV,2026-04-01 00:00,25,2,0,6,0,2,6,1,6493,323,45,0,25,23,25,23,52,1,1,1,1,,,6,0,0,6,0,0,1,1,0,0,0,25,1076,41,25,0
NID APR 2026,2026-04-06 00:00,NOWSHERA,PABBI,DAG ISMAIL KHEL,33204006,2,Non CBV,2026-04-01 00:00,22,1,0,5,1,4,5,1,2821,320,100,0,22,9,12,21,45,1,1,1,0,,,5,0,0,5,0,0,1,1,338,0,22,21,547,19,25,0
NID APR 2026,2026-04-09 00:00,NOWSHERA,PABBI,DAGAI,33204007,2,Non CBV,2026-04-01 00:00,28,2,1,6,0,2,6,1,6867,612,50,67,28,12,27,28,60,1,1,1,0,,,6,0,0,6,0,0,1,1,545,0,0,28,613,64,38,0
NID APR 2026,2026-04-09 00:00,NOWSHERA,NOWSHERA,DHERI KATTI KHEL,33202016,2,Non CBV,2026-04-01 00:00,45,2,2,10,0,4,10,1,8354,632,43,254,45,25,45,45,96,1,1,1,1,,,10,0,0,10,0,0,1,1,0,0,45,45,1364,65,45,2
NID APR 2026,2026-04-09 00:00,NOWSHERA,NOWSHERA,GANDHERI,33202017,2,Non CBV,2026-04-01 00:00,41,2,1,11,3,4,11,1,8374,481,56,83,41,17,41,40,86,1,1,1,0,,,11,0,0,11,0,0,1,1,593,0,41,41,3091,46,55,0
NID APR 2026,2026-04-06 00:00,NOWSHERA,JEHANGIRA,INZARI,33203004,2,Non CBV,2026-04-01 00:00,21,1,0,5,0,3,5,1,3766,391,8,0,21,16,21,20,43,1,1,1,1,,,5,0,0,5,0,0,1,1,198,0,0,21,7,34,28,0
NID APR 2026,2026-04-09 00:00,NOWSHERA,PABBI,JALOZAI,33204008,2,Non CBV,2026-04-01 00:00,35,1,1,9,2,4,9,1,8901,522,17,27,35,3,10,32,73,1,1,1,1,,,9,0,0,9,0,0,1,1,741,0,0,0,5262,111,47,0
NID APR 2026,2026-04-09 00:00,NOWSHERA,JEHANGIRA,JEHANGIRA,33203005,2,Non CBV,2026-04-01 00:00,27,1,3,7,3,3,7,1,5475,478,32,289,27,5,27,27,61,1,1,1,0,,,7,0,0,7,0,0,1,1,297,0,2,0,1044,41,38,0
NID APR 2026,2026-04-09 00:00,NOWSHERA,NOWSHERA,KABUL RIVER,33202021,2,Non CBV,2026-04-01 00:00,31,1,7,8,2,1,8,1,6310,454,17,1571,31,14,31,31,77,1,1,1,1,,,8,0,0,8,0,0,1,1,506,0,31,31,810,42,53,0
NID APR 2026,2026-04-08 00:00,NOWSHERA,JEHANGIRA,KAHI,33203006,2,Non CBV,2026-04-01 00:00,28,2,1,7,1,4,7,1,4955,496,38,34,28,19,28,27,60,1,1,1,0,,,7,0,0,7,0,0,1,1,289,0,0,28,10,31,37,0
NID APR 2026,2026-04-09 00:00,NOWSHERA,JEHANGIRA,KHAIRABAD,33203007,2,Non CBV,2026-04-01 00:00,20,2,2,7,1,4,7,1,3723,344,25,325,20,8,16,20,46,1,1,,1,,,7,0,0,7,0,0,1,1,373,0,0,20,47,27,31,1
NID APR 2026,2026-04-09 00:00,NOWSHERA,JEHANGIRA,KHAIRABAD CAMP,33203008,2,Non CBV,2026-04-01 00:00,14,0,1,5,0,1,5,1,2197,29,0,49,14,0,4,14,30,1,1,,1,,,5,0,0,5,0,0,1,1,42,0,14,14,1677,70,30,0
NID APR 2026,2026-04-07 00:00,NOWSHERA,PABBI,KHAN SHER GARHI KHU,33204009,2,Non CBV,2026-04-01 00:00,22,1,1,5,3,4,5,1,5696,524,12,67,22,12,21,22,47,1,1,1,0,,,5,0,0,5,0,0,1,1,272,0,0,22,1270,35,28,0
NID APR 2026,2026-04-09 00:00,NOWSHERA,NOWSHERA,KHESHGI BALA,33202025,2,Non CBV,2026-04-01 00:00,32,2,0,9,4,4,9,1,8591,965,35,0,32,20,32,32,66,1,1,1,0,,,9,0,0,9,0,0,1,1,370,0,0,32,1318,135,42,1
NID APR 2026,2026-04-09 00:00,NOWSHERA,NOWSHERA,KHESHGI PAYAN,33202026,2,Non CBV,2026-04-01 00:00,28,1,2,7,3,2,7,1,6282,584,41,272,28,19,27,28,61,1,1,1,0,,,7,0,0,7,0,0,1,1,351,0,0,28,1194,78,33,0
NID APR 2026,2026-04-09 00:00,NOWSHERA,PABBI,KURVI,33204010,2,Non CBV,2026-04-01 00:00,12,1,1,4,0,3,4,1,3505,306,7,66,12,11,12,12,27,1,1,1,0,,,4,0,0,4,0,0,1,1,288,0,4,12,150,22,17,1
NID APR 2026,2026-04-06 00:00,NOWSHERA,JEHANGIRA,MANDURI,33203009,2,Non CBV,2026-04-01 00:00,25,2,0,7,3,5,7,1,3232,229,13,0,25,15,25,18,52,1,1,1,0,,,7,0,0,7,0,0,1,1,256,0,0,25,20,8,35,0
NID APR 2026,2026-04-08 00:00,NOWSHERA,NOWSHERA,MANKI SHAREEF,33202029,2,Non CBV,2026-04-01 00:00,21,1,1,5,1,3,5,1,3810,336,43,84,21,14,21,14,45,1,1,1,0,,,5,0,0,5,0,0,1,1,0,0,0,21,513,33,27,1
NID APR 2026,2026-04-09 00:00,NOWSHERA,JEHANGIRA,MERA AKORA,33203010,2,Non CBV,2026-04-01 00:00,41,1,2,9,1,6,9,1,9929,743,50,183,41,18,41,41,87,1,1,,0,,,9,0,0,9,0,0,1,1,555,0,0,0,2887,58,48,6
NID APR 2026,2026-04-06 00:00,NOWSHERA,JEHANGIRA,MISRI BANDA,33203011,2,Non CBV,2026-04-01 00:00,20,2,2,5,1,5,5,1,4228,512,34,104,20,7,20,18,46,1,1,1,0,,,5,0,0,5,0,0,1,1,289,0,0,20,622,35,28,0
NID APR 2026,2026-04-09 00:00,NOWSHERA,PABBI,MOHIB BANDA,33204011,2,Non CBV,2026-04-01 00:00,21,1,0,6,2,1,6,1,4798,540,30,0,21,20,21,21,43,1,1,1,0,,,6,0,0,6,0,0,1,1,382,0,0,21,197,26,26,1
NID APR 2026,2026-04-09 00:00,NOWSHERA,JEHANGIRA,MUGHALKI,33203012,2,Non CBV,2026-04-01 00:00,31,3,2,8,2,3,8,1,6955,299,45,25,31,20,31,27,69,1,1,1,1,,,8,0,0,8,0,0,1,1,478,0,0,31,262,78,47,2
NID APR 2026,2026-04-09 00:00,NOWSHERA,NOWSHERA,NAWA KALY,33202034,2,Non CBV,2026-04-01 00:00,25,1,2,6,3,3,6,1,5058,482,40,98,25,5,25,25,55,1,1,1,0,,,6,0,0,6,0,0,1,1,459,0,25,25,220,37,34,0
NID APR 2026,2026-04-09 00:00,NOWSHERA,JEHANGIRA,NIZAMPUR,33203013,2,Non CBV,2026-04-01 00:00,27,1,2,7,1,6,7,1,3429,184,10,152,27,18,27,23,59,1,1,1,1,,,7,0,0,7,0,0,1,1,213,0,0,27,18,39,35,0
NID APR 2026,2026-04-09 00:00,NOWSHERA,NOWSHERA,NOWSHERA CANTT,33202048,2,Non CBV,2026-04-01 00:00,24,1,7,6,1,2,6,1,3233,473,29,1103,24,4,24,24,63,1,1,,1,,,6,0,0,6,0,0,1,1,452,0,0,24,105,15,30,0
NID APR 2026,2026-04-13 00:00,NOWSHERA,NOWSHERA,NOWSHERA CITY,33202036,2,Non CBV,2026-04-01 00:00,17,1,6,4,1,2,4,1,3043,390,27,1207,17,6,17,17,47,1,1,1,1,,,4,0,0,4,0,0,1,1,276,0,0,0,122,12,32,0
NID APR 2026,2026-04-06 00:00,NOWSHERA,PABBI,PABBI,33204012,2,Non CBV,2026-04-01 00:00,23,1,6,5,1,1,5,1,5498,424,55,1528,23,12,19,23,59,1,1,1,1,,,5,0,0,5,0,0,1,1,533,0,0,23,1362,24,36,0
NID APR 2026,2026-04-09 00:00,NOWSHERA,NOWSHERA,PAHARI KATTI KHEL,33202038,2,Non CBV,2026-04-01 00:00,21,3,0,6,0,5,6,1,3680,206,135,0,21,9,11,21,45,1,1,1,0,,,6,0,0,6,0,0,1,1,327,0,0,21,321,63,30,0
NID APR 2026,2026-04-08 00:00,NOWSHERA,NOWSHERA,PIRPAI,33202039,2,Non CBV,2026-04-01 00:00,19,1,1,5,2,3,5,1,3587,376,16,196,19,14,19,18,41,1,1,,1,,,5,0,0,5,0,0,1,1,368,0,0,21,702,27,26,0
NID APR 2026,2026-04-09 00:00,NOWSHERA,NOWSHERA,PIRSABAQ,33202040,2,Non CBV,2026-04-01 00:00,29,2,1,6,1,3,6,1,7089,400,69,88,29,17,29,27,62,1,1,1,1,,,6,0,0,6,0,0,1,1,0,0,29,29,1205,92,39,1
NID APR 2026,2026-04-09 00:00,NOWSHERA,NOWSHERA,RASHAKAI,33202041,2,Non CBV,2026-04-01 00:00,25,1,0,6,2,5,6,1,5757,232,95,0,25,16,25,25,51,1,1,1,0,,,6,0,0,6,0,0,1,1,325,0,25,25,1629,61,32,0
NID APR 2026,2026-04-09 00:00,NOWSHERA,NOWSHERA,RISALPUR CANTT,33202049,2,Non CBV,2026-04-01 00:00,36,3,2,8,4,4,8,1,4873,582,74,136,36,11,36,36,79,1,1,,0,,,8,0,0,8,0,0,1,1,39,0,0,21,119,33,49,0
NID APR 2026,2026-04-10 00:00,NOWSHERA,JEHANGIRA,SHAIDU,33203014,2,Non CBV,2026-04-01 00:00,25,1,0,5,5,4,5,1,5991,717,33,0,25,19,25,25,51,1,1,1,1,,,5,0,0,5,0,0,1,1,0,0,0,25,308,33,25,2
NID APR 2026,2026-04-13 00:00,NOWSHERA,PABBI,SHAKOT,33204013,2,Non CBV,2026-04-01 00:00,32,4,0,8,0,4,8,1,4781,283,58,0,32,17,32,32,68,1,1,1,1,,,8,0,0,8,0,0,1,1,300,0,32,97,638,35,44,0
NID APR 2026,2026-04-09 00:00,NOWSHERA,PABBI,SPINKHAK,33204014,2,Non CBV,2026-04-01 00:00,17,1,0,4,1,4,4,1,3635,161,14,0,17,14,17,17,35,1,1,1,0,,,4,0,0,4,0,0,1,1,212,0,0,17,583,36,20,3
NID APR 2026,2026-04-09 00:00,NOWSHERA,PABBI,TARRU JABBA,33204015,2,Non CBV,2026-04-01 00:00,21,1,2,5,0,4,5,1,4232,388,37,509,21,13,21,21,47,1,1,1,0,,,5,0,0,5,0,0,1,1,368,0,0,21,588,35,32,2
NID APR 2026,2026-04-09 00:00,NOWSHERA,PABBI,TURKMEN CAMP,33204016,2,Non CBV,2026-04-01 00:00,6,1,0,2,0,1,2,1,844,41,10,0,6,0,0,5,13,1,1,,1,,,2,0,0,2,0,0,1,1,63,0,0,6,844,18,10,0
NID APR 2026,2026-04-09 00:00,NOWSHERA,NOWSHERA,ZARA MAINA,33202046,2,Non CBV,2026-04-01 00:00,21,1,1,5,0,2,5,1,4597,303,17,52,21,11,21,21,45,1,1,1,1,,,5,0,0,5,0,0,1,1,298,0,21,21,1195,52,29,0
NID APR 2026,2026-04-09 00:00,NOWSHERA,NOWSHERA,ZIARAT KAKA SAHIB,33202047,2,Non CBV,2026-04-01 00:00,25,2,2,7,1,7,7,1,3859,292,57,176,25,14,25,21,56,1,1,1,1,,,7,0,0,7,0,0,1,1,353,0,25,25,296,29,37,3
NID APR 2026,2026-04-09 00:00,MOHMAND,AMBAR,CHARGOLAI,33501010,2,Non CBV,2026-04-02 00:00,19,0,1,5,0,5,5,1,5594,22,0,42,19,4,20,0,40,1,1,1,1,,,5,0,0,5,0,0,1,0,,,,,0,50,0,0
NID APR 2026,2026-04-08 00:00,MOHMAND,AMBAR,HAD KOR,33501011,2,Non CBV,2026-04-02 00:00,26,0,0,6,0,5,6,1,7944,40,0,0,26,9,26,0,52,1,1,1,1,,,6,0,0,6,0,0,1,0,,,,,0,88,0,0
NID APR 2026,2026-04-07 00:00,MOHMAND,AMBAR,KHARAI,33501012,2,Non CBV,2026-04-02 00:00,13,0,0,3,0,3,3,1,3578,2,0,0,13,0,13,0,26,1,1,1,1,,,3,0,0,3,0,0,1,0,,,,,12,43,0,0
NID APR 2026,2026-04-07 00:00,MOHMAND,EKKAGHUND,DAB KOR,33502013,2,Non CBV,2026-04-02 00:00,14,1,0,4,3,4,4,1,2987,101,39,0,14,14,14,12,29,1,1,1,1,,,4,0,0,4,0,0,1,0,,,,,15,39,0,0
NID APR 2026,2026-04-07 00:00,MOHMAND,EKKAGHUND,EKKAGHUND,33502014,2,Non CBV,2026-04-02 00:00,23,1,2,6,0,4,6,1,4347,86,122,426,23,20,23,23,51,1,1,1,1,,,6,0,0,6,0,0,1,0,,,,,480,58,0,0
NID APR 2026,2026-04-08 00:00,MOHMAND,EKKAGHUND,AQRAB DAG,33502016,2,Non CBV,2026-04-02 00:00,21,1,0,5,1,3,5,1,3931,176,19,0,21,21,21,21,43,1,1,1,1,,,5,0,0,5,0,0,1,0,,,,,386,29,0,0
NID APR 2026,2026-04-07 00:00,MOHMAND,EKKAGHUND,MICHANI,33502015,2,Non CBV,2026-04-02 00:00,12,1,0,3,1,2,3,1,2986,95,68,0,12,12,12,12,25,1,1,1,1,,,3,0,0,3,0,0,1,0,,,,,96,42,0,0
NID APR 2026,2026-04-09 00:00,MOHMAND,HALEEMZAI,GHALLANAI,33503011,2,Non CBV,2026-04-02 00:00,22,1,1,5,0,5,5,1,5032,300,36,373,22,22,21,17,47,1,1,1,1,,,5,0,0,5,0,0,1,0,,,,,309,58,0,0
NID APR 2026,2026-04-08 00:00,MOHMAND,HALEEMZAI,KAMALI,33503012,2,Non CBV,2026-04-02 00:00,21,2,0,5,0,5,5,1,4860,192,30,0,21,18,21,8,44,1,1,1,1,,,5,0,0,5,0,0,1,0,,,,,26,68,0,0
NID APR 2026,2026-04-08 00:00,MOHMAND,HALEEMZAI,KASSI,33503013,2,Non CBV,2026-04-02 00:00,25,1,1,6,0,6,6,1,5212,337,11,146,25,16,25,25,53,1,1,1,1,,,6,0,0,6,0,0,1,0,,,,,0,37,0,0
NID APR 2026,2026-04-09 00:00,MOHMAND,PANDIALI,DANISHKOOL,33505017,2,Non CBV,2026-04-02 00:00,18,1,0,4,0,4,4,1,4956,108,20,0,18,2,18,0,37,1,1,1,1,,,4,0,0,4,0,0,1,0,,,,,7,47,0,0
NID APR 2026,2026-04-09 00:00,MOHMAND,PANDIALI,PANDIALI,33505018,2,Non CBV,2026-04-02 00:00,23,2,0,5,0,4,5,1,5036,143,90,0,23,17,23,17,48,1,1,1,1,,,5,0,0,5,0,0,1,0,,,,,0,90,0,0
NID APR 2026,2026-04-08 00:00,MOHMAND,PANDIALI,TAMANZAI,33505019,2,Non CBV,2026-04-02 00:00,10,2,0,3,0,0,3,1,2154,55,64,0,10,4,10,0,22,1,1,1,1,,,3,0,0,3,0,0,1,0,,,,,0,19,0,0
NID APR 2026,2026-04-08 00:00,MOHMAND,PANDIALI,ZAHOO,33505020,2,Non CBV,2026-04-02 00:00,23,0,0,6,0,0,6,1,5219,95,0,0,23,8,23,1,46,1,1,1,1,,,6,0,0,6,0,0,1,0,,,,,0,54,0,0
NID APR 2026,2026-04-07 00:00,MOHMAND,PARANG GHAAR,ASGHAR,33506009,2,Non CBV,2026-04-02 00:00,14,2,1,3,1,3,3,1,2802,114,79,85,14,14,14,14,32,1,1,1,1,,,3,0,0,3,0,0,1,0,,,,,0,3,0,0
NID APR 2026,2026-04-06 00:00,MOHMAND,PARANG GHAAR,NAO BUCHA,33506010,2,Non CBV,2026-04-02 00:00,13,1,0,3,2,3,3,1,2673,84,31,0,13,13,13,13,27,1,1,1,1,,,3,0,0,3,0,0,1,0,,,,,5,15,0,0
NID APR 2026,2026-04-07 00:00,MOHMAND,PARANG GHAAR,UMAR KHEL,33506011,2,Non CBV,2026-04-02 00:00,17,1,1,5,0,4,5,1,3172,73,16,120,17,10,17,1,37,1,1,1,1,,,5,0,0,5,0,0,1,0,,,,,32,35,0,0
NID APR 2026,2026-04-06 00:00,MOHMAND,SAFI LAKARO,ALINGAR,33507020,2,Non CBV,2026-04-02 00:00,12,2,0,4,0,4,4,1,1931,17,26,0,12,8,8,0,26,1,1,,0,,,4,0,0,4,0,0,1,0,,,,,0,9,0,0
NID APR 2026,2026-04-10 00:00,MOHMAND,SAFI LAKARO,LAKARO,33507021,2,Non CBV,2026-04-02 00:00,12,1,0,3,0,2,3,1,2807,87,28,0,12,7,12,0,25,1,1,1,0,,,3,0,0,3,0,0,1,0,,,,,0,30,0,0
NID APR 2026,2026-04-10 00:00,MOHMAND,SAFI LAKARO,MAMAD GAT,33507022,2,Non CBV,2026-04-02 00:00,12,1,0,3,0,0,3,1,2509,138,18,0,12,5,12,0,25,1,1,1,1,,,3,0,0,3,0,0,1,0,,,,,0,14,0,0
NID APR 2026,2026-04-08 00:00,MOHMAND,SAFI LAKARO,MASOOD,33507023,2,Non CBV,2026-04-02 00:00,11,2,0,3,0,3,3,1,2956,122,125,0,11,8,11,3,24,1,1,1,1,,,3,0,0,3,0,0,1,0,,,,,25,27,0,0
NID APR 2026,2026-04-09 00:00,MOHMAND,SAFI LAKARO,SAGAI,33507024,2,Non CBV,2026-04-02 00:00,20,1,0,5,0,3,5,1,5089,198,28,0,20,5,16,0,41,1,1,1,0,,,5,0,0,5,0,0,1,0,,,,,0,55,0,0
NID APR 2026,2026-04-09 00:00,MOHMAND,SAFI LAKARO,SANDO KHEL,33507025,2,Non CBV,2026-04-02 00:00,28,1,0,7,0,6,7,1,7519,219,7,0,28,3,28,3,57,1,1,1,1,,,7,0,0,7,0,0,1,0,,,,,25,60,0,0
NID APR 2026,2026-04-11 00:00,MOHMAND,BAIZAI,GHANAM SHAH,33508014,2,Non CBV,2026-04-02 00:00,15,1,0,4,0,4,4,1,1871,72,39,0,15,11,15,0,31,1,1,1,1,,,4,0,0,4,0,0,1,0,,,,,0,16,0,0
NID APR 2026,2026-04-09 00:00,MOHMAND,BAIZAI,KODA KHEL,33508015,2,Non CBV,2026-04-02 00:00,12,1,0,4,0,2,4,1,2238,76,2,0,12,7,12,0,25,1,1,,1,,,4,0,0,4,0,0,1,0,,,,,0,17,0,0
NID APR 2026,2026-04-10 00:00,MOHMAND,BAIZAI,LANDI SHAH,33508016,2,Non CBV,2026-04-02 00:00,9,0,0,3,0,3,3,1,432,2,0,0,9,7,4,0,18,1,1,,1,,,3,0,0,3,0,0,1,0,,,,,0,25,0,0
NID APR 2026,2026-04-10 00:00,MOHMAND,BAIZAI,WARSAK,33508017,2,Non CBV,2026-04-02 00:00,10,0,0,3,0,3,3,1,1420,58,0,0,10,6,10,0,20,1,1,,1,,,3,0,0,3,0,0,1,0,,,,,11,6,0,0
NID APR 2026,2026-04-11 00:00,MOHMAND,KHAWEZAI,JUMA KHEL,33509006,2,Non CBV,2026-04-02 00:00,10,1,1,3,0,2,3,1,2276,93,33,131,10,6,7,3,23,1,1,,0,,,3,0,0,3,0,0,1,0,,,,,17,40,0,0
NID APR 2026,2026-04-11 00:00,MOHMAND,KHAWEZAI,KHADI KHEL,33509007,2,Non CBV,2026-04-02 00:00,11,0,0,3,0,3,3,1,2291,105,0,0,11,7,6,0,22,1,1,1,0,,,3,0,0,3,0,0,1,0,,,,,42,22,0,0
NID APR 2026,2026-04-07 00:00,KHYBER,BARA,ABDULLAH JAN,33401102,1,CBV,2026-04-01 00:00,17,1,0,5,0,0,5,,4167,25,19,0,17,0,17,0,18,1,1,,1,,,5,0,0,5,0,0,1,1,260,0,17,17,264,48,25,25
NID APR 2026,2026-04-07 00:00,KHYBER,BARA,AJAB TALAB,33401103,1,CBV,2026-04-01 00:00,25,2,1,6,0,0,6,1,6124,31,97,211,25,0,25,0,29,1,1,,1,,,6,0,0,6,0,0,1,1,343,0,25,25,184,67,0,0
NID APR 2026,2026-04-08 00:00,KHYBER,BARA,AKAKHEL MAIRA,33401104,1,CBV,2026-04-01 00:00,23,1,0,7,0,0,7,,5840,32,40,0,23,0,23,0,24,1,1,,0,,,7,0,0,7,0,0,1,1,237,0,23,23,228,29,0,0
NID APR 2026,2026-04-06 00:00,KHYBER,BARA,FORT SLOPE,33401105,1,CBV,2026-04-01 00:00,16,1,0,4,0,0,4,1,3615,10,19,0,16,0,16,0,17,1,1,,1,,,4,0,0,4,0,0,1,1,272,0,16,16,492,62,24,24
NID APR 2026,2026-04-08 00:00,KHYBER,BARA,GANDAO,33401106,1,CBV,2026-04-01 00:00,13,0,0,5,0,0,5,1,3094,5,0,0,13,0,13,0,13,1,1,,1,,,5,0,0,5,0,0,1,1,187,0,13,13,117,32,18,18
NID APR 2026,2026-04-03 00:00,KHYBER,BARA,SPEEN QABAR,33401121,1,CBV,2026-04-01 00:00,14,1,0,3,0,0,3,,3946,160,56,0,14,0,14,0,15,1,1,,1,,,3,0,0,3,0,0,1,1,247,0,14,14,16,22,0,0
NID APR 2026,2026-04-02 00:00,KHYBER,BARA,NOGAZI BABA,33401116,1,CBV,2026-04-01 00:00,15,0,1,3,0,0,3,,4352,13,0,234,15,0,15,0,17,1,1,,0,,,3,0,0,3,0,0,1,1,202,0,15,15,444,74,0,0
NID APR 2026,2026-04-02 00:00,KHYBER,BARA,SHALOBAR,33401119,1,CBV,2026-04-01 00:00,12,1,0,3,0,0,3,,3886,28,25,0,12,0,12,0,13,1,1,,0,,,3,0,0,3,0,0,1,1,231,0,12,12,312,44,0,0
NID APR 2026,2026-04-02 00:00,KHYBER,BARA,MANDI KAS,33401111,1,CBV,2026-04-01 00:00,17,1,2,5,0,0,5,1,4532,19,118,436,17,0,17,4,22,1,1,,1,,,5,0,0,5,0,0,1,1,210,0,17,17,559,24,0,0
NID APR 2026,2026-04-09 00:00,KHYBER,BARA,JANBAZ A,33401107,1,CBV,2026-04-01 00:00,24,1,2,6,0,0,6,,5988,185,35,176,24,0,24,4,29,1,1,,1,,,6,0,0,6,0,0,1,1,355,0,24,24,86,42,0,0
NID APR 2026,2026-04-02 00:00,KHYBER,BARA,JANBAZ B,33401108,1,CBV,2026-04-01 00:00,18,1,0,6,0,0,6,1,4058,29,13,0,18,0,18,0,19,1,1,,1,,,6,0,0,6,0,0,1,1,256,0,18,15,270,44,0,0
NID APR 2026,2026-04-07 00:00,KHYBER,BARA,MASTAK,33401112,1,CBV,2026-04-01 00:00,25,0,0,8,0,0,8,1,3951,0,0,0,25,0,25,0,25,1,1,,1,,,8,0,0,8,0,0,1,1,233,0,25,25,264,110,35,35
NID APR 2026,2026-04-02 00:00,KHYBER,BARA,MILWARD A,33401113,1,CBV,2026-04-01 00:00,23,2,0,6,0,0,6,1,5056,2,37,0,23,0,23,0,25,1,1,,1,,,6,0,0,6,0,0,1,1,345,0,23,23,166,30,0,0
NID APR 2026,2026-04-02 00:00,KHYBER,BARA,MILWARD B,33401114,1,CBV,2026-04-01 00:00,19,0,0,6,0,0,6,,4522,9,0,0,19,0,19,0,19,1,1,,1,,,6,0,0,6,0,0,1,1,276,0,19,19,134,34,0,0
NID APR 2026,2026-04-07 00:00,KHYBER,BARA,SRA CHEENA,33401122,1,CBV,2026-04-01 00:00,30,2,0,8,0,0,8,1,6385,56,160,0,30,0,30,0,32,1,1,,1,,,8,0,0,8,0,0,1,1,367,0,30,30,312,32,40,40
NID APR 2026,2026-04-06 00:00,KHYBER,BARA,TAUDA CHEENA,33401123,1,CBV,2026-04-01 00:00,12,1,0,3,0,0,3,1,1971,41,30,0,12,0,12,0,13,1,1,,1,,,3,0,0,3,0,0,1,1,223,0,12,12,93,33,15,15
NID APR 2026,2026-04-09 00:00,KHYBER,JAMRUD,NEW ABADI,33402077,1,CBV,2026-04-02 00:00,28,0,0,8,0,0,8,1,7076,181,0,0,28,0,28,1,28,1,1,,1,,,8,0,0,8,0,0,1,1,600,0,28,28,2093,51,32,36
NID APR 2026,2026-04-07 00:00,KHYBER,JAMRUD,SHAH KAS A,33402081,1,CBV,2026-04-01 00:00,17,0,0,5,0,0,5,1,4201,34,0,0,17,0,17,0,17,1,1,,1,,,5,0,0,5,0,0,1,1,229,0,17,17,2215,49,24,24
NID APR 2026,2026-04-07 00:00,KHYBER,JAMRUD,SHAH KAS B,33402082,1,CBV,2026-04-01 00:00,24,0,2,7,0,0,7,1,6117,64,0,270,24,0,24,0,28,1,1,,1,,,7,0,0,7,0,0,1,1,379,0,24,24,2530,42,32,37
NID APR 2026,2026-04-08 00:00,KHYBER,JAMRUD,SUR KAMAR,33402083,1,CBV,2026-04-02 00:00,19,0,0,6,0,0,6,1,4084,43,0,0,19,0,19,0,19,1,1,,1,,,6,0,0,6,0,0,1,1,276,0,19,19,302,26,25,25
NID APR 2026,2026-04-08 00:00,KHYBER,JAMRUD,TIDI BAZAR,33402084,1,CBV,2026-04-01 00:00,15,5,2,5,0,0,5,1,2960,19,367,368,15,0,15,0,24,1,1,,1,,,5,0,0,5,0,0,1,1,198,0,15,15,326,22,23,27
NID APR 2026,2026-04-08 00:00,KHYBER,JAMRUD,ALI MASJID A,33402070,1,CBV,2026-04-02 00:00,15,2,0,4,0,0,4,1,2853,119,48,0,15,0,15,0,17,1,1,,1,,,4,0,0,4,0,0,1,1,245,0,15,15,223,39,21,21
NID APR 2026,2026-04-07 00:00,KHYBER,JAMRUD,ALI MASJID B,33402071,1,CBV,2026-04-01 00:00,12,2,1,4,0,0,4,1,1651,50,30,90,12,0,12,0,16,1,1,,1,,,4,0,0,4,0,0,1,1,204,0,12,12,80,19,19,19
NID APR 2026,2026-04-06 00:00,KHYBER,JAMRUD,CHAPARI,33402072,1,CBV,2026-04-02 00:00,12,2,0,4,0,0,4,1,2284,54,10,0,12,0,12,0,14,1,1,,1,,,4,0,0,4,0,0,1,1,104,0,12,12,17,18,20,20
NID APR 2026,2026-04-08 00:00,KHYBER,JAMRUD,GHUNDI B,33402074,1,CBV,2026-04-02 00:00,26,0,1,8,0,0,8,1,6356,177,0,223,26,0,26,0,28,1,1,,1,,,8,0,0,8,0,0,1,1,239,0,26,26,152,16,35,35
NID APR 2026,2026-04-08 00:00,KHYBER,LANDI KOTAL,TORA WELA,33404077,1,CBV,2026-04-01 00:00,16,0,1,4,0,0,4,1,3256,0,0,0,16,0,16,0,18,1,1,,1,,,4,0,0,4,0,0,1,1,172,0,16,16,79,55,21,22
NID APR 2026,2026-04-07 00:00,KHYBER,JAMRUD,GHUNDI A,33402073,1,CBV,2026-04-02 00:00,20,1,0,6,0,0,6,1,5138,71,75,0,20,0,20,0,21,1,1,,1,,,6,0,0,6,0,0,1,1,209,0,20,20,174,12,29,31
NID APR 2026,2026-04-07 00:00,KHYBER,JAMRUD,LOWARA MIANA,33402075,1,CBV,2026-04-02 00:00,15,3,0,5,0,0,5,1,2980,62,90,0,15,0,15,0,18,1,1,,1,,,5,0,0,5,0,0,1,1,216,0,15,15,0,65,24,24
NID APR 2026,2026-04-07 00:00,KHYBER,LANDI KOTAL,TIRAH BAZAR A,33404075,1,CBV,2026-04-01 00:00,31,0,1,9,0,0,9,1,5837,0,0,98,31,0,31,0,33,1,1,,1,,,9,0,0,9,0,0,1,1,1027,0,31,31,16,49,0,0
NID APR 2026,2026-04-06 00:00,KHYBER,JAMRUD,MIA MORCHA,33402076,1,CBV,2026-04-02 00:00,9,1,0,3,0,0,3,1,2519,23,41,0,9,0,9,0,10,1,1,,1,,,3,0,0,3,0,0,1,1,213,0,6,9,0,28,0,0
NID APR 2026,2026-04-07 00:00,KHYBER,JAMRUD,PAINDI LALMA,33402079,1,CBV,2026-04-02 00:00,12,1,1,4,0,0,4,1,3021,28,31,446,12,0,12,0,15,1,1,,1,,,4,0,0,4,0,0,1,1,391,0,12,12,0,40,21,21
NID APR 2026,2026-04-07 00:00,KHYBER,LANDI KOTAL,TIRAH BAZAR B,33404076,1,CBV,2026-04-01 00:00,23,0,1,6,0,0,6,1,4492,0,0,44,23,0,23,0,25,1,1,,1,,,6,0,0,6,0,0,1,1,0,117,0,23,44,42,32,32
NID APR 2026,2026-04-07 00:00,KHYBER,LANDI KOTAL,KARAMNA,33404065,1,CBV,2026-04-01 00:00,12,3,0,3,0,0,3,1,1859,0,55,0,12,0,12,0,15,1,1,,1,,,3,0,0,3,0,0,1,1,180,0,12,12,15,49,0,0
NID APR 2026,2026-04-09 00:00,KHYBER,LANDI KOTAL,SULTAN KHEL A,33404073,1,CBV,2026-04-01 00:00,18,1,0,6,0,0,6,1,4053,125,50,0,18,0,18,4,19,1,1,,1,,,6,0,0,6,0,0,1,1,429,0,18,18,462,42,22,27
NID APR 2026,2026-04-08 00:00,KHYBER,LANDI KOTAL,SULTAN KHEL B,33404074,1,CBV,2026-04-01 00:00,24,0,1,6,0,0,6,1,5781,162,0,116,24,0,24,0,26,1,1,,1,,,6,0,0,6,0,0,1,1,762,5,24,24,29,53,30,30
NID APR 2026,2026-04-07 00:00,KHYBER,LANDI KOTAL,KHUGA KHEL,33404066,1,CBV,2026-04-01 00:00,20,0,0,5,0,0,5,1,4126,305,0,0,20,0,20,0,20,1,1,,1,,,5,0,0,5,0,0,1,1,407,0,20,20,204,48,28,28
NID APR 2026,2026-04-07 00:00,KHYBER,TIRAH MAIDAN,ZAKHAKHEL TIRAH,33405007,1,CBV,2026-04-01 00:00,37,0,0,10,0,0,10,1,2072,0,0,0,37,0,37,0,37,1,1,,0,,,10,0,0,10,0,0,1,1,517,0,18,37,0,0,47,47
NID APR 2026,2026-04-06 00:00,KHYBER,LANDI KOTAL,PIROKHEL,33404070,1,CBV,2026-04-01 00:00,18,0,1,4,0,0,4,,3429,136,0,200,18,0,18,0,20,1,1,,1,,,4,0,0,4,0,0,1,1,,0,18,18,326,54,24,24
NID APR 2026,2026-04-07 00:00,KHYBER,TIRAH MAIDAN,NAKAY,33405003,1,CBV,2026-04-01 00:00,32,0,0,10,0,0,10,1,1264,0,0,0,32,0,32,0,32,1,1,,1,,,10,0,0,10,0,0,1,1,160,0,27,32,0,11,26,45
NID APR 2026,2026-04-07 00:00,KHYBER,TIRAH MAIDAN,Seray,33405008,1,CBV,2026-04-01 00:00,22,0,0,6,0,0,6,,401,0,0,0,22,0,22,0,22,1,1,,1,,,6,0,0,6,0,0,1,1,111,0,22,22,0,5,0,0
NID APR 2026,2026-04-08 00:00,KHYBER,LANDI KOTAL,SHEIKHMAL KHEL,33404071,1,CBV,2026-04-01 00:00,18,1,1,5,0,0,5,1,4052,169,13,116,18,0,18,0,21,1,1,,1,,,5,0,0,5,0,0,1,1,243,0,18,18,285,58,25,25
NID APR 2026,2026-04-07 00:00,KHYBER,TIRAH MAIDAN,PAGDARA,33405009,1,CBV,2026-04-01 00:00,15,0,0,3,0,0,3,1,125,0,0,0,15,0,15,0,15,1,1,,0,,,3,0,0,3,0,0,1,1,75,0,15,15,0,0,0,0
NID APR 2026,2026-04-09 00:00,KHYBER,LANDI KOTAL,STATION,33404072,1,CBV,2026-04-01 00:00,14,1,4,4,0,0,4,1,2599,80,46,722,14,0,14,3,23,1,1,,1,,,4,0,0,4,0,0,1,1,306,0,14,14,977,37,27,27
NID APR 2026,2026-04-07 00:00,KHYBER,TIRAH MAIDAN,MALAKDIN KHEL A TIRAH,33405001,1,CBV,2026-04-01 00:00,16,0,0,5,0,0,5,,2185,0,0,0,16,0,16,0,16,1,1,,0,,,5,0,0,5,0,0,1,1,195,0,0,16,0,0,21,21
NID APR 2026,2026-04-07 00:00,KHYBER,TIRAH MAIDAN,SHALOBAR TIRAH,33405006,1,CBV,2026-04-01 00:00,20,0,0,5,0,0,5,1,2315,0,0,0,20,0,20,0,20,1,1,,0,,,5,0,0,5,0,0,1,1,254,0,0,20,0,20,25,25
NID APR 2026,2026-04-07 00:00,KHYBER,LANDI KOTAL,MIRDAD KHEL,33404069,1,CBV,2026-04-01 00:00,23,0,0,7,0,0,7,1,5144,300,0,0,23,0,23,0,23,1,1,,1,,,7,0,0,7,0,0,1,1,531,0,23,23,155,47,33,33
NID APR 2026,2026-04-07 00:00,KHYBER,TIRAH MAIDAN,MALAKDIN KHEL B TIRAH,33405002,1,CBV,2026-04-01 00:00,17,0,0,5,0,0,5,,1315,0,0,0,17,0,17,0,17,1,1,,0,,,5,0,0,5,0,0,1,1,195,0,0,0,0,23,0,0
NID APR 2026,2026-04-07 00:00,KHYBER,TIRAH MAIDAN,QAMBAR KHEL A TIRAH,33405004,1,CBV,2026-04-01 00:00,16,0,0,6,0,0,6,1,1543,0,0,0,16,0,16,0,16,1,1,,0,,,6,0,0,6,0,0,1,1,181,0,0,16,0,6,25,25
NID APR 2026,2026-04-07 00:00,KHYBER,LANDI KOTAL,TORKHAM,33404078,1,CBV,2026-04-01 00:00,14,1,0,3,0,0,3,1,2554,51,10,0,14,0,14,0,15,1,1,,1,,,3,0,0,3,0,0,1,1,324,0,14,14,242,10,19,19
NID APR 2026,2026-04-07 00:00,KHYBER,TIRAH MAIDAN,QAMBAR KHEL B TIRAH,33405005,1,CBV,2026-04-01 00:00,10,0,0,4,0,0,4,1,323,0,0,0,10,0,10,0,10,1,1,,0,,,4,0,0,4,0,0,1,1,58,0,0,10,0,0,18,18
NID APR 2026,2026-04-07 00:00,KHYBER,LANDI KOTAL,KAM SHALMAN,33404064,1,CBV,2026-04-01 00:00,12,3,0,3,0,0,3,,3061,115,53,0,12,0,12,0,15,1,1,,1,,,3,0,0,3,0,0,1,1,,,12,12,84,49,22,22
NID APR 2026,2026-04-07 00:00,KHYBER,LANDI KOTAL,LOE SHALMAN A,33404067,1,CBV,2026-04-01 00:00,16,1,0,4,0,0,4,1,3735,28,10,0,16,0,16,0,17,1,1,,1,,,4,0,0,4,0,0,1,1,290,0,16,16,0,59,18,21
NID APR 2026,2026-04-07 00:00,KHYBER,LANDI KOTAL,LOE SHALMAN B,33404068,1,CBV,2026-04-01 00:00,16,1,0,5,0,0,5,1,3177,44,10,0,16,0,16,0,17,1,1,,1,,,5,0,0,5,0,0,1,1,,0,16,16,0,62,21,21
NID APR 2026,2026-04-08 00:00,CHARSADA,CHARSADDA,AGRA,33101001,2,Non CBV,2026-04-02 00:00,24,3,2,6,4,6,6,1,5338,216,74,362,24,17,24,24,55,1,1,1,1,,,6,,,6,,,1,1,,,,,276,23,29,29
NID APR 2026,2026-04-08 00:00,CHARSADA,CHARSADDA,BAHLOLA,33101002,2,Non CBV,2026-04-02 00:00,24,2,1,5,4,4,5,1,5643,321,40,56,24,,24,24,52,1,1,1,1,,,5,,,5,,,1,1,,,,,270,,27,27
NID APR 2026,2026-04-08 00:00,CHARSADA,CHARSADDA,CHENDRO DAAG,33101003,2,Non CBV,2026-04-02 00:00,15,1,1,3,2,2,3,1,3247,233,31,130,15,,15,15,33,1,1,1,0,,,3,,,3,,,1,1,,,,,531,14,17,17
NID APR 2026,2026-04-08 00:00,CHARSADA,CHARSADDA,DARGAY,33101004,2,Non CBV,2026-04-02 00:00,19,2,0,4,0,2,4,1,3912,180,47,0,19,19,19,19,40,1,1,1,0,,,4,,,4,,,1,1,,,,,157,16,21,21
NID APR 2026,2026-04-09 00:00,CHARSADA,CHARSADDA,DHERI ZARDAD,33101005,2,Non CBV,2026-04-02 00:00,42,2,1,9,7,9,9,1,8810,517,41,86,42,25,42,42,88,1,1,1,1,,,9,,,9,,,1,1,,,,,919,47,40,40
NID APR 2026,2026-04-09 00:00,CHARSADA,CHARSADDA,DOSEHRA,33101006,2,Non CBV,2026-04-02 00:00,35,2,0,8,5,6,8,1,6654,363,17,0,35,20,35,35,72,1,1,1,1,,,8,,,8,,,1,1,,,,,460,45,37,37
NID APR 2026,2026-04-09 00:00,CHARSADA,CHARSADDA,GHONDA KARKANA,33101007,2,Non CBV,2026-04-02 00:00,17,2,1,4,3,3,4,1,3353,253,49,114,17,,17,17,38,1,1,1,1,,,4,,,4,,,1,1,,,,,58,0,20,20
NID APR 2026,2026-04-08 00:00,CHARSADA,CHARSADDA,HISARA YASENZAI,33101008,2,Non CBV,2026-04-02 00:00,34,1,1,8,3,5,8,1,7757,744,26,82,34,26,34,34,71,1,1,1,1,,,8,,,8,,,1,1,,,,,1692,56,36,36
NID APR 2026,2026-04-08 00:00,CHARSADA,CHARSADDA,KHANMAI,33101009,2,Non CBV,2026-04-02 00:00,17,1,1,4,2,1,4,1,3598,298,16,111,17,,17,17,37,1,1,1,1,,,4,,,4,,,1,1,,,,,183,17,19,19
NID APR 2026,2026-04-08 00:00,CHARSADA,CHARSADDA,MC-1 CHARSADDA,33101010,2,Non CBV,2026-04-02 00:00,24,1,4,6,3,3,6,1,4826,263,43,922,24,24,24,24,57,1,1,1,1,,,6,,,6,,,1,1,,,,,573,4,29,29
NID APR 2026,2026-04-08 00:00,CHARSADA,CHARSADDA,MC-2 CHARSADDA,33101011,2,Non CBV,2026-04-02 00:00,24,1,1,5,2,3,5,1,5463,283,15,115,24,15,24,24,51,1,1,1,0,,,5,,,5,,,1,1,,,,,114,11,26,26
NID APR 2026,2026-04-08 00:00,CHARSADA,CHARSADDA,MC-3 CHARSADDA,33101012,2,Non CBV,2026-04-02 00:00,17,1,0,4,2,3,4,1,3479,161,40,0,17,13,17,17,35,1,1,1,1,,,4,,,4,,,1,1,,,,,149,10,18,18
NID APR 2026,2026-04-08 00:00,CHARSADA,CHARSADDA,MC-4 CHARSADDA,33101013,2,Non CBV,2026-04-02 00:00,28,0,3,6,2,4,6,1,5527,356,0,721,28,14,28,28,62,1,1,1,1,,,6,,,6,,,1,1,,,,,389,3,31,31
NID APR 2026,2026-04-08 00:00,CHARSADA,CHARSADDA,MERA UMERZAI,33101014,2,Non CBV,2026-04-02 00:00,12,1,0,3,1,2,3,1,2194,173,22,0,12,9,12,12,25,1,1,1,0,,,3,,,3,,,1,1,,,,,570,5,13,13
NID APR 2026,2026-04-08 00:00,CHARSADA,CHARSADDA,MIRA PRANG,33101015,2,Non CBV,2026-04-02 00:00,18,1,0,4,2,4,4,1,3854,141,35,0,18,11,18,18,37,1,1,1,1,,,4,,,4,,,1,1,,,,,87,5,19,19
NID APR 2026,2026-04-08 00:00,CHARSADA,CHARSADDA,MOHAMMAD NARI,33101016,2,Non CBV,2026-04-02 00:00,37,2,0,8,0,2,8,1,9272,360,59,0,37,,37,37,76,1,1,1,0,,,8,,,8,,,1,1,,,,,2556,42,39,39
NID APR 2026,2026-04-08 00:00,CHARSADA,CHARSADDA,NISATTA,33101017,2,Non CBV,2026-04-02 00:00,22,2,2,5,1,0,5,1,5520,249,86,170,22,8,22,22,50,1,1,1,1,,,5,,,5,,,1,1,,,,,1,31,26,26
NID APR 2026,2026-04-09 00:00,CHARSADA,CHARSADDA,RAJJAR 1,33101018,2,Non CBV,2026-04-02 00:00,31,2,3,7,7,6,7,1,7346,293,70,787,31,22,31,31,70,1,1,1,1,,,7,,,7,,,1,1,,,,,762,23,36,36
NID APR 2026,2026-04-08 00:00,CHARSADA,CHARSADDA,RAJJAR 2,33101019,2,Non CBV,2026-04-02 00:00,15,1,0,3,0,3,3,1,3556,159,21,0,15,7,15,15,31,1,1,1,1,,,3,,,3,,,1,1,,,,,994,10,16,16
NID APR 2026,2026-04-09 00:00,CHARSADA,CHARSADDA,SARKI TETARA,33101020,2,Non CBV,2026-04-02 00:00,23,1,0,5,3,2,5,1,4861,317,15,0,23,21,23,23,47,1,1,1,1,,,5,,,5,,,1,1,,,,,550,23,24,24
NID APR 2026,2026-04-08 00:00,CHARSADA,CHARSADDA,SHEIKHO,33101021,2,Non CBV,2026-04-02 00:00,22,1,1,5,2,4,5,1,4909,240,43,69,22,,22,22,47,1,1,1,1,,,5,,,5,,,1,1,,,,,231,23,24,24
NID APR 2026,2026-04-09 00:00,CHARSADA,CHARSADDA,TURANGZAI,33101022,2,Non CBV,2026-04-02 00:00,18,2,0,4,2,3,4,1,3819,235,32,0,18,18,18,18,38,1,1,1,0,,,4,,,4,,,1,1,,,,,207,16,20,20
NID APR 2026,2026-04-08 00:00,CHARSADA,CHARSADDA,TURNAB,33101023,2,Non CBV,2026-04-02 00:00,20,1,1,4,1,3,4,1,3610,276,16,68,20,19,20,20,43,1,1,1,1,,,4,,,4,,,1,1,,,,,35,21,22,22
NID APR 2026,2026-04-08 00:00,CHARSADA,CHARSADDA,UMERZAI,33101024,2,Non CBV,2026-04-02 00:00,38,1,2,8,8,8,8,1,7397,423,20,188,38,23,38,38,81,1,1,1,1,,,8,,,8,,,1,1,,,,,206,10,41,41
NID APR 2026,2026-04-08 00:00,CHARSADA,CHARSADDA,UTMANZAI,33101025,2,Non CBV,2026-04-02 00:00,34,1,1,7,4,6,7,1,6201,414,56,74,34,,34,34,71,1,1,1,0,,,7,,,7,,,1,1,,,,,788,13,36,36
NID APR 2026,2026-04-09 00:00,CHARSADA,SHABQADAR,BATTAGRAM,33102001,2,Non CBV,2026-04-02 00:00,40,2,3,9,6,7,9,1,8574,489,29,248,40,36,40,40,88,1,1,1,0,,,9,,,9,,,1,1,,,,,281,30,45,45
NID APR 2026,2026-04-09 00:00,CHARSADA,SHABQADAR,DAULAT PURA,33102002,2,Non CBV,2026-04-02 00:00,26,1,2,6,5,6,6,1,5321,199,24,139,26,,26,26,57,1,1,1,1,,,6,,,6,,,1,1,,,,,99,18,29,29
NID APR 2026,2026-04-08 00:00,CHARSADA,SHABQADAR,HAJIZAI,33102003,2,Non CBV,2026-04-02 00:00,21,1,2,5,2,2,5,1,5467,282,39,252,21,,21,21,47,1,1,1,1,,,5,,,5,,,1,1,,,,,209,35,24,24
NID APR 2026,2026-04-09 00:00,CHARSADA,SHABQADAR,HASSANZAI,33102004,2,Non CBV,2026-04-02 00:00,29,1,0,6,1,4,6,1,5848,279,27,0,29,20,29,29,59,1,1,1,1,,,6,,,6,,,1,1,,,,,128,30,30,30
NID APR 2026,2026-04-08 00:00,CHARSADA,SHABQADAR,KANGRA,33102005,2,Non CBV,2026-04-02 00:00,12,1,1,3,2,2,3,1,2668,86,15,74,12,12,12,12,27,1,1,1,1,,,3,,,3,,,1,1,,,,,125,12,14,14
NID APR 2026,2026-04-08 00:00,CHARSADA,SHABQADAR,KATOZAI,33102006,2,Non CBV,2026-04-02 00:00,20,1,2,4,1,3,4,1,3503,224,19,112,20,16,20,20,45,1,1,1,1,,,4,,,4,,,1,1,,,,,296,9,23,23
NID APR 2026,2026-04-08 00:00,CHARSADA,SHABQADAR,MATA MUGHAL KHEL,33102007,2,Non CBV,2026-04-02 00:00,24,1,2,6,1,4,6,1,5070,207,66,186,24,24,24,24,53,1,1,1,1,,,6,,,6,,,1,1,,,,,197,18,27,27
NID APR 2026,2026-04-08 00:00,CHARSADA,SHABQADAR,MC-1 SHABQADAR,33102008,2,Non CBV,2026-04-02 00:00,18,1,3,4,1,0,4,1,5493,406,47,643,18,10,18,18,43,1,1,1,1,,,4,,,4,,,1,1,,,,,281,10,22,22
NID APR 2026,2026-04-08 00:00,CHARSADA,SHABQADAR,MC-2 SHABQADAR,33102009,2,Non CBV,2026-04-02 00:00,17,0,3,4,1,3,4,1,4101,328,0,316,17,14,17,17,40,1,1,1,1,,,4,,,4,,,1,1,,,,,299,12,20,20
NID APR 2026,2026-04-08 00:00,CHARSADA,SHABQADAR,MC-3 SHABQADAR,33102010,2,Non CBV,2026-04-02 00:00,28,0,1,6,1,3,6,1,6094,533,0,197,28,14,28,28,58,1,1,1,1,,,6,,,6,,,1,1,,,,,587,31,29,29
NID APR 2026,2026-04-09 00:00,CHARSADA,SHABQADAR,PANJPAO,33102011,2,Non CBV,2026-04-02 00:00,21,1,0,5,1,3,5,1,6011,238,22,0,21,17,21,21,43,1,1,1,1,,,5,,,5,,,1,1,,,,,3066,48,22,22
NID APR 2026,2026-04-09 00:00,CHARSADA,SHABQADAR,RASHAKI,33102012,2,Non CBV,2026-04-02 00:00,36,1,1,8,0,4,8,1,8815,545,46,59,36,9,36,36,75,1,1,1,1,,,8,,,8,,,1,1,,,,,413,13,38,38
NID APR 2026,2026-04-09 00:00,CHARSADA,TANGI,ABAZAI,33103001,2,Non CBV,2026-04-02 00:00,28,1,0,6,0,2,6,1,7629,395,16,0,28,20,28,28,57,1,1,1,0,,,6,,,6,,,1,1,,,,,2577,22,29,29
NID APR 2026,2026-04-08 00:00,CHARSADA,TANGI,AR MUNDA,33103015,2,Non CBV,2026-04-02 00:00,11,1,0,3,0,0,3,1,2037,176,0,22,11,5,11,11,23,1,1,1,1,,,3,,,3,,,1,1,,,,,710,18,12,12
NID APR 2026,2026-04-09 00:00,CHARSADA,TANGI,DHAKKI,33103002,2,Non CBV,2026-04-02 00:00,37,2,1,8,3,5,8,1,8884,392,45,96,37,31,37,36,78,1,1,1,1,,,8,,,8,,,1,1,,,,,8630,,40,40
NID APR 2026,2026-04-09 00:00,CHARSADA,TANGI,GANDHERI,33103003,2,Non CBV,2026-04-02 00:00,36,2,0,8,1,1,8,1,10690,380,15,0,36,24,36,36,74,1,1,1,1,,,8,,,8,,,1,1,,,,,9869,62,38,38
NID APR 2026,2026-04-09 00:00,CHARSADA,TANGI,HARICHAND,33103004,2,Non CBV,2026-04-02 00:00,21,1,2,5,1,1,5,1,5712,372,10,328,21,17,21,21,47,1,1,1,0,,,5,,,5,,,1,1,,,,,5680,28,24,24
NID APR 2026,2026-04-08 00:00,CHARSADA,TANGI,HISARA NEHRI,33103005,2,Non CBV,2026-04-02 00:00,18,1,0,4,1,3,4,1,4300,240,20,0,18,11,18,18,37,1,1,1,1,,,4,,,4,,,1,1,,,,,3393,21,19,19
NID APR 2026,2026-04-09 00:00,CHARSADA,TANGI,KOZ BEHRAM DHERI,33103006,2,Non CBV,2026-04-02 00:00,17,1,0,5,3,3,5,1,4328,288,24,0,17,8,17,17,35,1,1,1,0,,,5,,,5,,,1,1,,,,,4328,16,18,18
NID APR 2026,2026-04-09 00:00,CHARSADA,TANGI,MANDANI,33103007,2,Non CBV,2026-04-02 00:00,18,1,0,5,1,4,5,1,4971,304,19,0,18,18,18,18,37,1,1,1,0,,,5,,,5,,,1,1,,,,,4802,20,19,19
NID APR 2026,2026-04-09 00:00,CHARSADA,TANGI,MC TANGI,33103008,2,Non CBV,2026-04-02 00:00,47,1,7,10,6,5,10,1,9700,526,57,891,47,42,47,47,109,1,1,1,1,,,10,,,10,,,1,1,,,,,682,44,55,55
NID APR 2026,2026-04-08 00:00,CHARSADA,TANGI,MIRZA DHER,33103009,2,Non CBV,2026-04-02 00:00,17,1,0,4,1,3,4,1,3524,224,22,0,17,10,17,17,35,1,1,1,0,,,4,,,4,,,1,1,,,,,82,40,18,18
NID APR 2026,2026-04-09 00:00,CHARSADA,TANGI,SHERPAO,33103010,2,Non CBV,2026-04-02 00:00,30,1,2,7,4,5,7,1,6929,379,6,133,30,18,30,30,65,1,1,1,1,,,7,,,7,,,1,1,,,,,962,27,33,33
NID APR 2026,2026-04-09 00:00,CHARSADA,TANGI,SHODAAG,33103011,2,Non CBV,2026-04-02 00:00,21,2,0,5,2,5,5,1,6338,384,74,0,21,21,21,21,44,1,1,1,0,,,5,,,5,,,1,1,,,,,5198,5,23,23
NID APR 2026,2026-04-09 00:00,CHARSADA,TANGI,ZIAM,33103012,2,Non CBV,2026-04-02 00:00,17,1,0,4,2,2,4,1,3842,239,13,0,17,10,17,17,35,1,1,1,1,,,4,,,4,,,1,1,,,,,3186,16,18,18
SNID May 2026,2026-05-13 00:00,MOHMAND,AMBAR,CHARGOLAI,33501010,2,Non CBV,2026-05-07 00:00,19,0,1,5,0,3,5,1,5716,20,0,45,19,2,19,0,40,1,1,1,1,,,5,0,0,5,0,0,1,0,,,,,18,48,0,0
SNID May 2026,2026-05-12 00:00,MOHMAND,AMBAR,HAD KOR,33501011,2,Non CBV,2026-05-07 00:00,26,0,0,6,0,2,6,1,8055,14,0,0,26,9,26,0,52,1,1,1,1,,,6,0,0,6,0,0,1,0,,,,,3,86,0,0
SNID May 2026,2026-05-12 00:00,MOHMAND,AMBAR,KHARAI,33501012,2,Non CBV,2026-05-07 00:00,13,0,0,3,0,0,3,1,3701,0,0,0,13,3,13,0,26,1,1,1,1,,,3,0,0,3,0,0,1,0,,,,,0,47,0,0
SNID May 2026,2026-05-14 00:00,MOHMAND,BAIZAI,GHANAM SHAH,33508014,2,Non CBV,2026-05-07 00:00,15,1,0,4,0,4,4,1,1846,80,40,0,15,11,15,0,31,1,1,1,1,,,4,0,0,4,0,0,1,0,,,,,0,32,0,0
SNID May 2026,2026-05-14 00:00,MOHMAND,BAIZAI,KODA KHEL,33508015,2,Non CBV,2026-05-07 00:00,12,1,0,4,0,2,4,1,2301,74,20,0,12,8,9,0,25,1,1,1,1,,,4,0,0,4,0,0,1,0,,,,,0,18,0,0
SNID May 2026,2026-05-15 00:00,MOHMAND,BAIZAI,LANDI SHAH,33508016,2,Non CBV,2026-05-07 00:00,9,0,0,3,0,3,3,1,414,6,0,0,9,8,9,0,18,1,1,,1,,,3,0,0,3,0,0,1,0,,,,,0,4,0,0
SNID May 2026,2026-05-12 00:00,MOHMAND,BAIZAI,WARSAK,33508017,2,Non CBV,2026-05-07 00:00,10,0,0,3,0,2,3,1,1347,45,0,0,10,7,10,0,20,1,1,,1,,,3,0,0,3,0,0,1,0,,,,,11,21,0,0
SNID May 2026,2026-05-13 00:00,MOHMAND,EKKAGHUND,AQRAB DAG,33502016,2,Non CBV,2026-05-07 00:00,21,1,0,5,0,3,5,1,3940,165,18,0,21,21,21,21,43,1,1,1,0,,,5,0,0,5,0,0,1,0,,,,,319,27,0,0
SNID May 2026,2026-05-12 00:00,MOHMAND,EKKAGHUND,DAB KOR,33502013,2,Non CBV,2026-05-07 00:00,14,1,0,4,3,4,4,1,3042,100,40,0,14,14,14,12,29,1,1,1,1,,,4,0,0,4,0,0,1,0,,,,,11,48,0,0
SNID May 2026,2026-05-14 00:00,MOHMAND,EKKAGHUND,EKKAGHUND,33502014,2,Non CBV,2026-05-07 00:00,23,1,2,6,0,4,6,1,4318,60,122,430,23,20,23,23,51,1,1,1,1,,,6,0,0,6,0,0,1,0,,,,,436,34,0,0
SNID May 2026,2026-05-13 00:00,MOHMAND,EKKAGHUND,MICHANI,33502015,2,Non CBV,2026-05-07 00:00,12,1,0,3,1,3,3,1,2917,10,71,0,12,12,12,12,25,1,1,1,1,,,3,0,0,3,0,0,1,0,,,,,101,44,0,0
SNID May 2026,2026-05-12 00:00,MOHMAND,HALEEMZAI,GHALLANAI,33503011,2,Non CBV,2026-05-07 00:00,22,1,1,5,0,5,5,1,5080,264,26,357,22,20,22,18,47,1,1,1,1,,,5,0,0,5,0,0,1,0,,,,,34,52,0,0
SNID May 2026,2026-05-12 00:00,MOHMAND,HALEEMZAI,KAMALI,33503012,2,Non CBV,2026-05-07 00:00,21,2,0,5,0,5,5,1,4906,202,41,0,21,19,21,8,44,1,1,1,1,,,5,0,0,5,0,0,1,0,,,,,27,79,0,0
SNID May 2026,2026-05-12 00:00,MOHMAND,HALEEMZAI,KASSI,33503013,2,Non CBV,2026-05-07 00:00,25,1,1,6,0,6,6,1,5269,342,15,174,25,18,25,19,53,1,1,1,1,,,6,0,0,6,0,0,1,0,,,,,33,37,0,0
SNID May 2026,2026-05-16 00:00,MOHMAND,KHAWEZAI,JUMA KHEL,33509006,2,Non CBV,2026-05-07 00:00,10,1,1,3,0,2,3,1,2342,78,35,131,10,9,8,3,23,1,1,1,0,,,3,0,0,3,0,0,1,0,,,,,1,45,0,0
SNID May 2026,2026-05-15 00:00,MOHMAND,KHAWEZAI,KHADI KHEL,33509007,2,Non CBV,2026-05-07 00:00,11,0,0,3,0,3,3,1,2355,94,0,0,11,5,8,1,20,1,1,1,1,,,3,0,0,3,0,0,1,0,,,,,38,48,0,0
SNID May 2026,2026-05-12 00:00,MOHMAND,PANDIALI,DANISHKOOL,33505017,2,Non CBV,2026-05-07 00:00,18,1,0,4,0,4,4,1,5004,105,10,0,18,2,18,0,37,1,1,1,1,,,4,0,0,4,0,0,1,0,,,,,7,75,0,0
SNID May 2026,2026-05-13 00:00,MOHMAND,PANDIALI,PANDIALI,33505018,2,Non CBV,2026-05-07 00:00,23,2,0,5,0,4,5,1,5047,162,98,0,23,16,23,17,48,1,1,1,1,,,5,0,0,5,0,0,1,0,,,,,0,82,0,0
SNID May 2026,2026-05-12 00:00,MOHMAND,PANDIALI,TAMANZAI,33505019,2,Non CBV,2026-05-07 00:00,10,2,0,3,0,0,3,1,2176,59,48,0,10,6,10,0,22,1,1,1,1,,,3,0,0,3,0,0,1,0,,,,,0,23,0,0
SNID May 2026,2026-05-11 00:00,MOHMAND,PANDIALI,ZAHOO,33505020,2,Non CBV,2026-05-07 00:00,23,0,0,6,0,0,6,1,5242,56,0,0,23,8,23,1,46,1,1,1,1,,,6,0,0,6,0,0,1,0,,,,,0,64,0,0
SNID May 2026,2026-05-12 00:00,MOHMAND,PARANG GHAAR,ASGHAR,33506009,2,Non CBV,2026-05-07 00:00,14,2,1,3,2,3,3,1,2820,123,83,102,14,14,14,14,32,1,1,1,1,,,3,0,0,3,0,0,1,0,,,,,0,13,0,0
SNID May 2026,2026-05-11 00:00,MOHMAND,PARANG GHAAR,NAO BUCHA,33506010,2,Non CBV,2026-05-07 00:00,13,1,0,3,1,3,3,1,2623,84,34,0,13,13,13,13,27,1,1,1,1,,,3,0,0,3,0,0,1,0,,,,,8,13,0,0
SNID May 2026,2026-05-12 00:00,MOHMAND,PARANG GHAAR,UMAR KHEL,33506011,2,Non CBV,2026-05-07 00:00,17,1,1,5,0,5,5,1,3210,67,18,58,17,9,17,1,37,1,1,1,1,,,5,0,0,5,0,0,1,0,,,,,32,29,0,0
SNID May 2026,2026-05-13 00:00,MOHMAND,SAFI LAKARO,ALINGAR,33507020,2,Non CBV,2026-05-07 00:00,12,2,0,4,0,3,4,1,1925,0,33,0,12,10,12,0,26,1,1,1,1,,,4,0,0,4,0,0,1,0,,,,,0,11,0,0
SNID May 2026,2026-05-14 00:00,MOHMAND,SAFI LAKARO,LAKARO,33507021,2,Non CBV,2026-05-07 00:00,12,1,0,3,0,3,3,1,2829,68,34,0,12,7,12,0,25,1,1,,1,,,3,0,0,3,0,0,1,0,,,,,0,16,0,0
SNID May 2026,2026-05-13 00:00,MOHMAND,SAFI LAKARO,MAMAD GAT,33507022,2,Non CBV,2026-05-07 00:00,12,1,0,3,0,0,3,1,2523,124,0,17,12,5,12,0,25,1,1,1,1,,,3,0,0,3,0,0,1,0,,,,,8,20,0,0
SNID May 2026,2026-05-12 00:00,MOHMAND,SAFI LAKARO,MASOOD,33507023,2,Non CBV,2026-05-07 00:00,11,2,0,3,0,3,3,1,2912,106,249,0,11,8,11,3,24,1,1,1,1,,,3,0,0,3,0,0,1,0,,,,,23,18,0,0
SNID May 2026,2026-05-12 00:00,MOHMAND,SAFI LAKARO,SAGAI,33507024,2,Non CBV,2026-05-07 00:00,20,1,0,5,0,1,5,1,5167,192,33,0,20,3,20,0,41,1,1,1,1,,,5,0,0,5,0,0,1,0,,,,,0,48,0,0
SNID May 2026,2026-05-13 00:00,MOHMAND,SAFI LAKARO,SANDO KHEL,33507025,2,Non CBV,2026-05-07 00:00,28,1,0,7,0,4,7,1,7468,152,15,0,28,5,28,2,57,1,1,1,1,,,7,0,0,7,0,0,1,0,,,,,25,57,0,0
SNID May 2026,2026-05-12 00:00,KHYBER,JAMRUD,SHAH KAS B,33402082,1,CBV,2026-05-07 00:00,24,0,1,7,0,0,7,,6101,52,0,120,24,0,24,0,26,1,1,,0,,,7,0,0,7,0,0,1,1,379,0,24,24,2593,52,26,33
SNID May 2026,2026-05-12 00:00,KHYBER,JAMRUD,MIA MORCHA,33402076,1,CBV,2026-05-07 00:00,9,1,0,3,0,0,3,,2493,22,37,0,9,0,9,0,10,1,1,,0,,,3,0,0,3,0,0,1,1,213,0,9,9,0,23,0,0
SNID May 2026,2026-05-11 00:00,KHYBER,JAMRUD,TIDI BAZAR,33402084,1,CBV,2026-05-07 00:00,15,3,1,5,0,0,5,,2980,30,144,266,15,0,15,0,20,1,1,,1,,,5,0,0,5,0,0,1,1,198,0,15,15,335,16,23,24
SNID May 2026,2026-05-11 00:00,KHYBER,JAMRUD,SUR KAMAR,33402083,1,CBV,2026-05-07 00:00,19,0,0,6,0,0,6,,4018,35,0,0,19,0,19,0,19,1,1,,1,,,6,0,0,6,0,0,1,0,276,0,19,19,307,33,0,0
SNID May 2026,2026-05-11 00:00,KHYBER,JAMRUD,CHAPARI,33402072,1,CBV,2026-05-07 00:00,12,1,0,4,0,0,4,,2273,54,1,0,12,0,12,0,13,1,1,,0,,,4,0,0,4,0,0,1,1,104,0,12,12,17,10,20,20
SNID May 2026,2026-05-12 00:00,KHYBER,JAMRUD,ALI MASJID A,33402070,1,CBV,2026-05-07 00:00,15,2,0,4,0,0,4,0,2835,128,64,0,15,0,15,0,17,1,1,,1,,,4,0,0,4,0,0,1,1,245,0,15,15,223,37,19,19
SNID May 2026,2026-05-11 00:00,KHYBER,JAMRUD,LOWARA MIANA,33402075,1,CBV,2026-05-07 00:00,15,1,0,5,0,0,5,,3015,61,53,0,15,0,15,0,16,1,1,,1,,,5,0,0,5,0,0,1,1,216,0,15,15,0,54,24,24
SNID May 2026,2026-05-12 00:00,KHYBER,JAMRUD,ALI MASJID B,33402071,1,CBV,2026-05-07 00:00,12,2,1,4,0,0,4,,1611,48,30,90,12,0,12,0,16,1,1,,1,,,4,0,0,4,0,0,1,1,204,0,12,12,84,10,21,21
SNID May 2026,2026-05-11 00:00,KHYBER,JAMRUD,SHAH KAS A,33402081,1,CBV,2026-05-07 00:00,17,0,0,5,0,0,5,,4142,40,0,0,17,0,17,0,17,1,1,,0,,,5,0,0,5,0,0,1,1,230,0,17,17,2174,38,24,24
SNID May 2026,2026-05-12 00:00,KHYBER,JAMRUD,NEW ABADI,33402077,1,CBV,2026-05-07 00:00,28,0,0,8,0,0,8,,7037,162,0,0,28,0,28,1,28,1,1,,1,,,8,0,0,8,0,0,1,1,600,0,28,28,2074,40,28,28
SNID May 2026,2026-05-12 00:00,KHYBER,JAMRUD,PAINDI LALMA,33402079,1,CBV,2026-05-07 00:00,12,0,0,4,0,0,4,,3025,48,0,0,12,0,12,0,12,1,1,,1,,,4,0,0,4,0,0,1,1,391,0,12,12,12,24,21,21
SNID May 2026,2026-05-10 00:00,KHYBER,BARA,MANDI KAS,33401111,1,CBV,2026-05-07 00:00,17,1,1,5,0,0,5,,4596,18,129,204,17,0,17,4,20,1,1,,1,,,5,0,0,5,0,0,1,1,210,0,17,17,543,22,24,24
SNID May 2026,2026-05-10 00:00,KHYBER,BARA,SPEEN QABAR,33401121,1,CBV,2026-05-07 00:00,14,1,0,3,0,0,3,1,4051,150,59,0,14,0,14,0,15,1,1,,1,,,3,0,0,3,0,0,1,1,246,0,14,14,0,19,17,17
SNID May 2026,2026-05-11 00:00,KHYBER,BARA,GANDAO,33401106,1,CBV,2026-05-07 00:00,13,0,0,5,0,0,5,,3160,5,0,0,13,0,13,0,13,1,1,,0,,,5,0,0,5,0,0,1,0,187,0,13,13,124,31,18,18
SNID May 2026,2026-05-10 00:00,KHYBER,BARA,SHALOBAR,33401119,1,CBV,2026-05-07 00:00,12,1,0,3,0,0,3,,4095,28,32,0,12,0,12,0,13,1,1,,1,,,3,0,0,3,0,0,1,1,232,0,12,12,361,30,19,19
SNID May 2026,2026-05-08 00:00,KHYBER,BARA,NOGAZI BABA,33401116,1,CBV,2026-05-07 00:00,15,0,0,3,0,0,3,1,4434,13,0,231,15,0,15,0,15,1,1,,1,,,3,0,0,3,0,0,1,1,200,0,15,15,472,87,22,22
SNID May 2026,2026-05-11 00:00,KHYBER,BARA,AJAB TALAB,33401103,1,CBV,2026-05-07 00:00,25,2,1,6,0,0,6,,6413,29,126,135,25,0,25,0,29,1,1,,1,,,6,0,0,6,0,0,1,1,341,0,25,25,158,38,35,35
SNID May 2026,2026-05-12 00:00,KHYBER,BARA,ABDULLAH JAN,33401102,1,CBV,2026-05-07 00:00,17,1,0,5,0,0,5,,4226,25,31,0,17,0,17,0,18,1,1,,1,,,5,0,0,5,0,0,1,1,260,0,17,17,273,41,24,24
SNID May 2026,2026-05-10 00:00,KHYBER,BARA,AKAKHEL MAIRA,33401104,1,CBV,2026-05-07 00:00,23,1,0,7,0,0,7,1,5869,12,50,0,23,0,23,0,24,1,1,,1,,,7,0,0,7,0,0,1,1,231,0,23,23,108,9,33,33
SNID May 2026,2026-05-11 00:00,KHYBER,LANDI KOTAL,TIRAH BAZAR A,33404075,1,CBV,2026-05-07 00:00,31,0,0,9,0,0,9,1,5895,0,0,0,31,0,31,0,31,1,1,,1,,,9,0,0,9,0,0,1,0,1037,0,31,31,448,48,43,43
SNID May 2026,2026-05-11 00:00,KHYBER,LANDI KOTAL,TIRAH BAZAR B,33404076,1,CBV,2026-05-07 00:00,23,0,0,6,0,0,6,1,4355,0,0,0,23,0,23,0,23,1,1,,1,,,6,0,0,6,0,0,1,0,117,0,23,23,47,56,0,0
SNID May 2026,2026-05-12 00:00,KHYBER,LANDI KOTAL,KARAMNA,33404065,1,CBV,2026-05-07 00:00,12,3,0,3,0,0,3,1,1952,19,52,0,12,0,12,0,15,1,1,,1,,,3,0,0,3,0,0,1,1,180,0,12,12,110,46,0,0
SNID May 2026,2026-05-14 00:00,KHYBER,LANDI KOTAL,SULTAN KHEL A,33404073,1,CBV,2026-05-07 00:00,18,1,0,6,0,0,6,1,4068,145,50,0,18,0,18,4,19,1,1,,1,,,6,0,0,6,0,0,1,1,463,0,18,18,463,57,20,26
SNID May 2026,2026-05-12 00:00,KHYBER,LANDI KOTAL,SULTAN KHEL B,33404074,1,CBV,2026-05-07 00:00,24,0,1,6,0,0,6,1,5752,156,0,49,24,0,24,0,26,1,1,,1,,,6,0,0,6,0,0,1,1,768,0,24,24,28,76,0,0
SNID May 2026,2026-05-12 00:00,KHYBER,LANDI KOTAL,KHUGA KHEL,33404066,1,CBV,2026-05-07 00:00,20,0,0,5,0,0,5,1,4135,304,0,0,20,0,20,0,20,1,1,,1,,,5,0,0,5,0,0,1,1,424,0,20,20,201,46,27,27
SNID May 2026,2026-05-12 00:00,KHYBER,LANDI KOTAL,STATION,33404072,1,CBV,2026-05-07 00:00,14,1,1,4,0,0,4,1,2642,188,120,450,14,0,14,3,17,1,1,,1,,,4,0,0,4,0,0,1,1,306,0,14,14,966,34,0,0
SNID May 2026,2026-05-11 00:00,KHYBER,LANDI KOTAL,TORKHAM,33404078,1,CBV,2026-05-07 00:00,14,1,0,3,0,0,3,1,2498,62,5,0,14,0,14,0,15,1,1,,0,,,3,0,0,3,0,0,1,1,324,0,14,14,217,11,19,19
SNID May 2026,2026-05-11 00:00,KHYBER,LANDI KOTAL,LOE SHALMAN A,33404067,1,CBV,2026-05-07 00:00,16,1,0,4,0,0,4,1,3734,29,10,0,16,0,16,0,17,1,1,,1,,,4,0,0,4,0,0,1,1,290,0,16,16,0,82,0,0
SNID May 2026,2026-05-12 00:00,KHYBER,LANDI KOTAL,LOE SHALMAN B,33404068,1,CBV,2026-05-07 00:00,16,1,0,5,0,0,5,1,3157,46,13,0,16,0,16,0,17,1,1,,1,,,5,0,0,5,0,0,1,1,369,0,16,16,0,103,24,24
SNID May 2026,2026-05-11 00:00,KHYBER,TIRAH MAIDAN,MALAKDIN KHEL A TIRAH,33405001,1,CBV,,16,0,0,5,0,0,5,,2099,0,0,0,16,0,16,0,16,,,,0,,,5,0,0,5,0,0,1,0,195,0,0,0,0,0,0,0
SNID May 2026,2026-05-11 00:00,KHYBER,TIRAH MAIDAN,MALAKDIN KHEL B TIRAH,33405002,1,CBV,,17,0,0,5,0,0,5,,1315,0,0,0,17,0,17,0,17,,,,0,,,5,0,0,5,0,0,1,0,194,0,0,0,0,0,0,0
SNID May 2026,2026-05-11 00:00,KHYBER,TIRAH MAIDAN,NAKAY,33405003,1,CBV,2026-05-07 00:00,32,0,0,10,0,0,10,1,1323,0,0,0,32,0,32,0,32,1,1,,1,,,10,0,0,10,0,0,1,0,160,0,23,32,0,9,0,0
SNID May 2026,2026-05-12 00:00,KHYBER,TIRAH MAIDAN,PAGDARA,33405009,1,CBV,2026-05-07 00:00,14,0,0,3,0,0,3,,148,0,0,0,14,0,14,0,14,1,1,,0,,,3,0,0,3,0,0,1,1,75,0,14,14,0,0,0,0
SNID May 2026,2026-05-11 00:00,KHYBER,TIRAH MAIDAN,QAMBAR KHEL A TIRAH,33405004,1,CBV,,16,0,0,6,0,0,6,,1874,0,0,0,16,0,16,0,16,,,,0,,,6,0,0,6,0,0,1,0,181,0,0,0,0,0,0,0
SNID May 2026,2026-05-11 00:00,KHYBER,TIRAH MAIDAN,QAMBAR KHEL B TIRAH,33405005,1,CBV,2026-05-07 00:00,10,0,0,4,0,0,4,,663,0,0,0,10,0,10,0,10,1,1,,0,,,4,0,0,4,0,0,1,0,58,0,0,0,0,15,0,0
SNID May 2026,2026-05-11 00:00,KHYBER,TIRAH MAIDAN,SHALOBAR TIRAH,33405006,1,CBV,,20,0,0,5,0,0,5,,2299,0,0,0,20,0,20,0,20,,,,0,,,5,0,0,5,0,0,1,0,254,0,0,0,0,21,0,0
SNID May 2026,2026-05-11 00:00,KHYBER,TIRAH MAIDAN,Seray,33405008,1,CBV,2026-05-07 00:00,22,0,0,6,0,0,6,1,485,0,0,0,22,0,22,0,22,1,1,,1,,,6,0,0,6,0,0,1,0,111,0,0,0,0,1,0,0
SNID May 2026,2026-05-10 00:00,KHYBER,JAMRUD,GHUNDI A,33402073,1,CBV,2026-05-07 00:00,20,1,0,6,0,0,6,,5164,87,75,0,20,0,20,0,21,1,1,,0,,,6,0,0,6,0,0,1,1,209,0,20,20,168,12,23,21
SNID May 2026,2026-05-12 00:00,KHYBER,TIRAH MAIDAN,ZAKHAKHEL TIRAH,33405007,1,CBV,2026-05-07 00:00,37,1,0,10,0,0,10,,4462,0,26,0,37,0,37,0,38,1,1,,0,,,10,0,0,10,0,0,1,1,514,0,0,0,0,0,0,0
SNID May 2026,2026-05-08 00:00,KHYBER,JAMRUD,GHUNDI B,33402074,1,CBV,2026-05-07 00:00,26,0,0,8,0,0,8,,6232,200,0,0,26,0,26,0,26,1,1,,1,,,8,0,0,8,0,0,1,1,241,0,26,26,152,17,26,26
SNID May 2026,2026-05-12 00:00,KHYBER,BARA,JANBAZ A,33401107,1,CBV,2026-05-07 00:00,24,1,2,6,0,0,6,,5968,182,60,150,24,0,24,0,29,1,1,,1,,,6,0,0,6,0,0,1,1,355,0,24,24,88,32,36,36
SNID May 2026,2026-05-10 00:00,KHYBER,BARA,JANBAZ B,33401108,1,CBV,2026-05-07 00:00,18,1,0,6,0,0,6,,4017,42,13,0,18,0,18,0,19,1,1,,1,,,6,0,0,6,0,0,1,1,256,0,18,18,259,53,25,25
SNID May 2026,2026-05-11 00:00,KHYBER,BARA,MASTAK,33401112,1,CBV,2026-05-07 00:00,25,0,0,8,0,0,8,,3926,0,0,0,25,0,25,0,25,1,1,,1,,,8,0,0,8,0,0,1,1,233,0,25,25,269,70,35,35
SNID May 2026,2026-05-10 00:00,KHYBER,BARA,MILWARD A,33401113,1,CBV,2026-05-07 00:00,23,1,0,6,0,0,6,,4958,0,50,0,23,0,23,0,24,1,1,,1,,,6,0,0,6,0,0,1,1,346,0,23,23,146,1,32,32
SNID May 2026,2026-05-08 00:00,KHYBER,BARA,MILWARD B,33401114,1,CBV,2026-05-07 00:00,19,0,0,6,0,0,6,,4513,19,0,0,19,0,19,0,19,1,1,,1,,,6,0,0,6,0,0,1,1,276,0,19,19,139,4,26,28
SNID May 2026,2026-05-12 00:00,KHYBER,BARA,SRA CHEENA,33401122,1,CBV,2026-05-07 00:00,30,2,0,8,0,0,8,,6362,60,180,0,30,0,30,0,32,1,1,,1,,,8,0,0,8,0,0,1,1,345,0,30,30,187,21,40,40
SNID May 2026,2026-05-11 00:00,KHYBER,BARA,TAUDA CHEENA,33401123,1,CBV,2026-05-07 00:00,12,1,0,3,0,0,3,,1962,29,30,0,12,0,12,0,13,1,1,,1,,,3,0,0,3,0,0,1,0,223,0,10,12,89,37,0,0
SNID May 2026,2026-05-11 00:00,KHYBER,BARA,FORT SLOPE,33401105,1,CBV,2026-05-07 00:00,16,1,0,4,0,0,4,,3641,12,35,0,16,0,16,0,17,1,1,,0,,,4,0,0,4,0,0,1,1,169,0,16,16,468,64,24,24
SNID May 2026,2026-05-11 00:00,KHYBER,LANDI KOTAL,KAM SHALMAN,33404064,1,CBV,2026-05-07 00:00,12,3,0,3,0,0,3,1,3045,103,85,0,12,0,12,0,15,1,1,,1,,,3,0,0,3,0,0,1,1,420,0,12,12,90,26,22,22
SNID May 2026,2026-05-11 00:00,KHYBER,LANDI KOTAL,TORA WELA,33404077,1,CBV,2026-05-07 00:00,16,0,0,4,0,0,4,1,3234,0,0,0,16,0,16,0,16,1,1,,0,,,4,0,0,4,0,0,1,1,172,0,16,16,79,72,21,22
SNID May 2026,2026-05-12 00:00,KHYBER,LANDI KOTAL,MIRDAD KHEL,33404069,1,CBV,2026-05-07 00:00,23,0,0,7,0,0,7,1,5155,308,0,0,23,0,23,0,23,1,1,,1,,,7,0,0,7,0,0,1,1,531,0,23,23,163,46,33,33
SNID May 2026,2026-05-11 00:00,KHYBER,LANDI KOTAL,PIROKHEL,33404070,1,CBV,2026-05-07 00:00,18,0,0,4,0,0,4,1,3427,121,0,0,18,0,18,0,18,1,1,,1,,,4,0,0,4,0,0,1,1,784,0,18,18,336,37,24,24
SNID May 2026,2026-05-12 00:00,KHYBER,LANDI KOTAL,SHEIKHMAL KHEL,33404071,1,CBV,2026-05-07 00:00,18,1,0,5,0,0,5,1,4079,175,31,61,18,0,18,0,19,1,1,,0,,,5,0,0,5,0,0,1,1,243,0,18,18,279,35,0,0
SNID May 2026,2026-05-15 00:00,NOWSHERA,JEHANGIRA,ADAMZAI,33203001,2,Non CBV,2026-05-07 00:00,25,2,0,6,2,4,6,1,5149,311,23,0,25,15,25,23,52,1,1,1,0,,,6,0,0,6,0,0,1,1,329,0,25,25,732,16,32,0
SNID May 2026,2026-05-15 00:00,NOWSHERA,PABBI,AKBARPURA,33204001,2,Non CBV,2026-05-07 00:00,27,2,3,6,1,6,6,1,6058,985,104,564,27,26,27,27,62,1,1,1,1,,,6,0,0,6,0,0,1,1,773,0,0,27,970,23,39,0
SNID May 2026,2026-05-15 00:00,NOWSHERA,JEHANGIRA,AKORA CAMP,33203002,2,Non CBV,2026-05-07 00:00,14,0,0,5,3,1,5,1,2117,8,0,0,14,0,0,14,28,1,1,1,1,,,5,0,0,5,0,0,1,1,110,0,14,14,1850,10,20,0
SNID May 2026,2026-05-15 00:00,NOWSHERA,JEHANGIRA,AKORA KHATTAK,33203003,2,Non CBV,2026-05-07 00:00,18,1,6,4,2,2,4,1,3197,291,18,1156,18,13,18,18,49,1,1,1,0,,,4,0,0,4,0,0,1,1,256,0,0,18,324,12,27,3
SNID May 2026,2026-05-15 00:00,NOWSHERA,NOWSHERA,AMANGARH,33202004,2,Non CBV,2026-05-07 00:00,29,2,0,6,3,3,6,1,6149,515,47,0,29,13,29,29,60,1,1,1,0,,,6,0,0,6,0,0,1,1,0,0,29,29,635,24,35,0
SNID May 2026,2026-05-15 00:00,NOWSHERA,PABBI,AMANKOT,33204002,2,Non CBV,2026-05-07 00:00,16,1,0,4,1,3,4,1,3792,137,18,0,16,6,16,16,33,1,1,1,0,,,4,0,0,4,0,0,1,1,333,0,0,16,692,12,20,1
SNID May 2026,2026-05-15 00:00,NOWSHERA,NOWSHERA,AZAKHEL BALA,33202006,2,Non CBV,2026-05-07 00:00,25,1,0,6,3,4,6,1,4795,389,36,0,25,14,25,18,51,1,1,1,0,,,6,0,0,6,0,0,1,1,346,0,25,25,1207,41,33,0
SNID May 2026,2026-05-15 00:00,NOWSHERA,NOWSHERA,AZAKHEL PAYAN,33202007,2,Non CBV,2026-05-07 00:00,23,2,1,6,2,2,6,1,4372,255,34,50,23,9,23,23,50,1,1,1,0,,,6,0,0,6,0,0,1,1,358,1,23,23,1299,45,28,3
SNID May 2026,2026-05-15 00:00,NOWSHERA,NOWSHERA,BADRASHI,33202008,2,Non CBV,2026-05-07 00:00,50,1,0,11,6,8,11,1,6434,429,42,0,50,22,50,50,101,1,1,1,1,,,11,0,0,11,0,0,1,1,598,0,0,50,618,28,60,0
SNID May 2026,2026-05-15 00:00,NOWSHERA,PABBI,BALU,33204003,2,Non CBV,2026-05-07 00:00,31,0,1,7,1,1,7,1,6798,555,0,51,31,21,31,31,64,1,1,1,1,,,7,0,0,7,0,0,1,1,375,0,31,31,1183,28,39,3
SNID May 2026,2026-05-15 00:00,NOWSHERA,NOWSHERA,BARA BANDA,33202010,2,Non CBV,2026-05-07 00:00,50,1,4,12,3,4,12,1,10837,460,42,310,50,12,50,50,109,1,1,1,0,,,12,0,0,12,0,0,1,1,798,0,50,50,4069,75,72,0
SNID May 2026,2026-05-15 00:00,NOWSHERA,NOWSHERA,CHOCKI TOWN,33202011,2,Non CBV,2026-05-07 00:00,13,0,1,3,1,2,3,1,2481,249,0,73,13,7,13,13,28,1,1,1,1,,,3,0,0,3,0,0,1,1,199,0,13,13,98,12,18,0
SNID May 2026,2026-05-14 00:00,NOWSHERA,PABBI,CHOKI MAMREZ,33204004,2,Non CBV,2026-05-07 00:00,25,2,1,5,0,4,5,1,6384,462,50,168,25,17,25,25,54,1,1,1,1,,,5,0,0,5,0,0,1,1,355,0,10,25,1400,35,27,5
SNID May 2026,2026-05-15 00:00,NOWSHERA,PABBI,DAG BESUD,33204005,2,Non CBV,2026-05-07 00:00,25,2,0,6,0,2,6,1,6493,323,45,0,25,23,25,23,52,1,1,1,0,,,6,0,0,6,0,0,1,1,1076,0,0,25,1076,35,25,0
SNID May 2026,2026-05-15 00:00,NOWSHERA,PABBI,DAG ISMAIL KHEL,33204006,2,Non CBV,2026-05-07 00:00,22,1,0,5,1,4,5,1,2807,363,100,0,22,9,12,21,45,1,1,1,0,,,5,0,0,5,0,0,1,1,338,0,22,21,506,14,25,0
SNID May 2026,2026-05-15 00:00,NOWSHERA,PABBI,DAGAI,33204007,2,Non CBV,2026-05-07 00:00,29,2,1,6,0,4,6,1,6724,632,44,105,29,12,28,29,62,1,1,1,0,,,6,0,0,6,0,0,1,1,545,0,0,29,535,40,39,0
SNID May 2026,2026-05-17 00:00,NOWSHERA,NOWSHERA,DHERI KATTI KHEL,33202016,2,Non CBV,2026-05-07 00:00,45,2,2,10,0,5,10,1,8273,632,43,254,45,25,45,45,96,1,1,1,0,,,10,0,0,10,0,0,1,1,0,0,45,45,1287,46,45,2
SNID May 2026,2026-05-18 00:00,NOWSHERA,NOWSHERA,GANDHERI,33202017,2,Non CBV,2026-05-07 00:00,41,2,1,11,3,5,11,1,8221,486,62,75,41,17,41,40,86,1,1,,0,,,11,0,0,11,0,0,1,1,593,0,41,41,2924,48,55,0
SNID May 2026,2026-05-15 00:00,NOWSHERA,JEHANGIRA,INZARI,33203004,2,Non CBV,2026-05-07 00:00,22,1,0,5,0,3,5,1,3730,342,0,7,22,15,22,21,45,1,1,1,1,,,5,0,0,5,0,0,1,1,206,8,1,22,7,14,28,0
SNID May 2026,2026-05-15 00:00,NOWSHERA,PABBI,JALOZAI,33204008,2,Non CBV,2026-05-07 00:00,35,1,1,9,2,4,9,1,8791,520,28,45,35,5,35,33,73,1,1,1,1,,,9,0,0,9,0,0,1,1,741,0,0,35,5176,62,47,0
SNID May 2026,2026-05-15 00:00,NOWSHERA,JEHANGIRA,JEHANGIRA,33203005,2,Non CBV,2026-05-07 00:00,27,1,3,7,3,3,7,1,5238,427,24,311,27,27,27,27,61,1,1,1,1,,,7,0,0,7,0,0,1,1,297,0,2,27,911,35,38,0
SNID May 2026,2026-05-15 00:00,NOWSHERA,NOWSHERA,KABUL RIVER,33202021,2,Non CBV,2026-05-07 00:00,31,1,7,8,2,1,8,1,6305,459,20,1569,31,14,31,31,77,1,1,1,1,,,8,0,0,8,0,0,1,1,506,0,31,31,844,45,53,0
SNID May 2026,2026-05-15 00:00,NOWSHERA,JEHANGIRA,KAHI,33203006,2,Non CBV,2026-05-07 00:00,29,2,1,7,1,4,7,1,4915,544,43,39,29,19,29,28,62,1,1,1,0,,,7,0,0,7,0,0,1,1,289,0,0,29,11,13,35,2
SNID May 2026,2026-05-15 00:00,NOWSHERA,JEHANGIRA,KHAIRABAD,33203007,2,Non CBV,2026-05-07 00:00,20,2,2,7,1,4,7,1,3630,399,25,325,20,8,16,20,46,1,1,,1,,,7,0,0,7,0,0,1,1,373,0,0,20,53,24,31,1
SNID May 2026,2026-05-15 00:00,NOWSHERA,JEHANGIRA,KHAIRABAD CAMP,33203008,2,Non CBV,2026-05-07 00:00,13,0,1,5,0,0,5,1,1546,15,0,34,13,0,2,13,28,1,1,,0,,,5,0,0,5,0,0,1,1,83,0,0,13,1119,18,19,0
SNID May 2026,2026-05-15 00:00,NOWSHERA,PABBI,KHAN SHER GARHI KHU,33204009,2,Non CBV,2026-05-07 00:00,22,1,1,5,3,3,5,1,5617,477,17,67,22,12,20,22,47,1,1,1,0,,,5,0,0,5,0,0,1,1,255,0,0,22,1327,25,29,0
SNID May 2026,2026-05-15 00:00,NOWSHERA,NOWSHERA,KHESHGI BALA,33202025,2,Non CBV,2026-05-07 00:00,32,2,0,9,4,4,9,1,8519,929,44,0,32,20,32,32,66,1,1,1,0,,,9,0,0,9,0,0,1,1,370,0,0,32,1272,50,43,0
SNID May 2026,2026-05-15 00:00,NOWSHERA,NOWSHERA,KHESHGI PAYAN,33202026,2,Non CBV,2026-05-07 00:00,28,1,2,8,2,3,8,1,6250,544,76,229,28,19,27,28,61,1,1,1,0,,,8,0,0,8,0,0,1,1,351,1,0,28,1193,45,33,0
SNID May 2026,2026-05-15 00:00,NOWSHERA,PABBI,KURVI,33204010,2,Non CBV,2026-05-07 00:00,13,1,1,4,0,3,4,1,3508,311,15,93,13,10,13,13,29,1,1,1,1,,,4,0,0,4,0,0,1,1,244,0,7,0,223,19,19,1
SNID May 2026,2026-05-15 00:00,NOWSHERA,JEHANGIRA,MANDURI,33203009,2,Non CBV,2026-05-07 00:00,25,2,0,7,3,5,7,1,3232,229,13,0,25,14,18,25,52,1,1,,0,,,7,0,0,7,0,0,1,1,0,0,25,25,2,9,35,0
SNID May 2026,2026-05-15 00:00,NOWSHERA,NOWSHERA,MANKI SHAREEF,33202029,2,Non CBV,2026-05-07 00:00,21,1,1,5,0,4,5,1,3764,336,44,84,21,14,21,14,45,1,1,1,0,,,5,0,0,5,0,0,1,1,0,0,0,21,524,22,27,1
SNID May 2026,2026-05-17 00:00,NOWSHERA,JEHANGIRA,MERA AKORA,33203010,2,Non CBV,2026-05-07 00:00,43,1,2,10,1,6,10,1,9694,771,29,147,43,18,43,43,91,1,1,,0,,,10,0,0,10,0,0,1,1,555,0,0,0,2497,49,48,4
SNID May 2026,2026-05-15 00:00,NOWSHERA,JEHANGIRA,MISRI BANDA,33203011,2,Non CBV,2026-05-07 00:00,20,2,2,5,1,5,5,1,4242,540,30,104,20,7,20,18,46,1,1,1,0,,,5,0,0,5,0,0,1,1,288,0,0,20,637,25,28,0
SNID May 2026,2026-05-14 00:00,NOWSHERA,PABBI,MOHIB BANDA,33204011,2,Non CBV,2026-05-07 00:00,21,1,0,6,2,6,6,1,4798,540,30,0,21,21,21,21,43,1,1,1,1,,,6,0,0,6,0,0,1,1,0,0,0,21,172,23,28,0
SNID May 2026,2026-05-15 00:00,PESHAWAR,CITY,ANDERSHEHER,33004001,1,CBV,2026-05-07 00:00,8,2,4,2,2,2,2,1,932,68,286,994,8,8,7,8,18,1,1,1,1,,,2,,,2,,,1,1,154,0,8,8,230,4,14,14
SNID May 2026,2026-05-15 00:00,PESHAWAR,CITY,ASIA DABGARI,33004002,1,CBV,2026-05-07 00:00,14,1,2,3,3,3,3,1,2972,126,61,206,14,14,10,14,19,1,1,1,1,,,3,,,3,,,1,1,331,0,14,14,1113,25,23,23
SNID May 2026,2026-05-15 00:00,PESHAWAR,CITY,FAQIR ABAD,33004007,1,CBV,2026-05-07 00:00,14,1,1,3,3,3,3,1,2619,250,82,129,14,14,7,14,17,1,1,1,0,,,3,,,3,,,1,1,392,1,14,14,937,13,23,23
SNID May 2026,2026-05-15 00:00,PESHAWAR,CITY,GULBAHAR,33004008,1,CBV,2026-05-07 00:00,15,3,1,4,4,4,4,1,3347,512,222,87,15,15,9,15,20,1,1,1,1,,,4,,,4,,,1,1,392,0,15,15,931,10,20,23
SNID May 2026,2026-05-15 00:00,PESHAWAR,CITY,GUNJ,33004009,1,CBV,2026-05-07 00:00,10,1,3,2,2,2,2,1,1974,133,51,585,10,10,9,10,17,1,1,1,1,,,2,,,2,,,1,1,207,0,10,10,358,10,15,15
SNID May 2026,2026-05-15 00:00,PESHAWAR,CITY,HASAN GARHI 1,33004010,1,CBV,2026-05-07 00:00,35,1,1,9,9,9,9,1,11948,319,89,172,35,35,26,35,38,1,1,1,0,,,9,,,9,,,1,1,853,0,35,0,8183,238,51,52
SNID May 2026,2026-05-15 00:00,PESHAWAR,CITY,HASAN GARHI 2,33004011,1,CBV,2026-05-07 00:00,40,1,1,9,8,9,9,1,8924,603,97,135,40,40,31,40,43,1,1,,0,,,9,,,9,,,1,1,642,0,40,40,2500,120,50,50
SNID May 2026,2026-05-15 00:00,PESHAWAR,CITY,HAYAT ABAD 1,33004012,1,CBV,2026-05-07 00:00,44,1,15,11,9,11,11,1,5863,766,179,4326,44,44,25,39,75,1,1,1,1,,,11,,,11,,,1,1,563,0,44,44,2877,48,63,66
SNID May 2026,2026-05-15 00:00,PESHAWAR,CITY,HAYAT ABAD 2,33004013,1,CBV,2026-05-07 00:00,69,1,5,18,13,18,18,1,12218,644,182,1023,69,69,32,67,80,1,1,1,1,,,18,,,18,,,1,1,837,0,69,69,6822,67,100,102
SNID May 2026,2026-05-15 00:00,PESHAWAR,CITY,JEHANGIR PURA,33004014,1,CBV,2026-05-07 00:00,13,0,1,3,3,3,3,1,1650,39,0,111,13,13,11,13,15,1,1,,1,,,3,,,3,,,1,1,323,0,13,13,431,13,20,20
SNID May 2026,2026-05-15 00:00,PESHAWAR,CITY,KAKSHAL,33004015,1,CBV,2026-05-07 00:00,22,1,0,5,5,5,5,1,7260,238,115,0,22,22,11,22,23,1,1,1,1,,,5,,,5,,,1,1,608,0,22,22,3122,43,34,34
SNID May 2026,2026-05-15 00:00,PESHAWAR,CITY,KARIM PURA,33004016,1,CBV,2026-05-11 00:00,11,3,5,3,3,3,3,1,1974,163,193,879,11,11,5,11,24,1,1,,0,,,3,,,3,,,1,1,239,0,11,11,442,22,16,17
SNID May 2026,2026-05-15 00:00,PESHAWAR,CITY,KHALSA 1,33004017,1,CBV,2026-05-08 00:00,33,1,9,7,7,7,7,1,8626,360,97,2850,33,33,29,33,52,1,1,,0,,,7,,,7,,,1,1,1013,0,33,33,4608,50,49,49
SNID May 2026,2026-05-15 00:00,PESHAWAR,CITY,KHALSA 2,33004018,1,CBV,2026-05-07 00:00,41,1,2,9,9,9,9,1,14658,461,112,707,41,41,35,41,46,1,1,1,1,,,9,,,9,,,1,1,1092,0,41,41,7396,177,59,59
SNID May 2026,2026-05-15 00:00,PESHAWAR,CITY,LAHORI,33004019,1,CBV,2026-05-07 00:00,9,1,4,2,2,2,2,1,1904,84,52,563,9,9,7,9,18,1,1,,1,,,2,,,2,,,1,1,217,0,9,9,181,12,15,15
SNID May 2026,2026-05-15 00:00,PESHAWAR,CITY,MALAKANDHER,33004020,1,CBV,2026-05-07 00:00,60,3,3,17,14,17,17,1,18821,552,140,416,60,60,54,50,69,1,1,,1,,,17,,,17,,,1,1,1214,0,60,60,11543,156,85,85
SNID May 2026,2026-05-15 00:00,PESHAWAR,CITY,MEHAL TERAI 1,33004021,1,CBV,2026-05-08 00:00,23,1,5,5,5,5,5,1,6189,227,50,897,23,23,20,23,34,1,1,,0,,,5,,,5,,,1,1,449,0,23,23,2673,83,36,36
SNID May 2026,2026-05-15 00:00,PESHAWAR,CITY,MEHAL TERAI 2,33004022,1,CBV,2026-05-07 00:00,43,1,4,9,9,9,9,1,12619,839,134,745,43,43,38,43,52,1,1,1,1,,,9,,,9,,,1,1,802,27,43,43,4526,267,63,63
SNID May 2026,2026-05-15 00:00,PESHAWAR,CITY,PALOSI,33004023,1,CBV,2026-05-07 00:00,26,1,4,7,5,7,7,1,10135,198,127,908,26,26,26,26,35,1,1,1,1,,,7,,,7,,,1,1,755,0,26,26,2041,61,44,44
SNID May 2026,2026-05-15 00:00,PESHAWAR,CITY,PAWAKA,33004024,1,CBV,2026-05-08 00:00,29,2,0,7,7,7,7,1,7724,298,105,0,29,29,28,29,31,1,1,1,1,,,7,,,7,,,1,1,921,2,29,29,1500,64,32,43
SNID May 2026,2026-05-15 00:00,PESHAWAR,CITY,REGI,33004025,1,CBV,2026-05-08 00:00,20,1,4,5,5,5,5,1,7007,158,44,467,20,20,17,20,29,1,1,,0,,,5,,,5,,,1,1,1045,0,20,20,659,82,30,30
SNID May 2026,2026-05-15 00:00,PESHAWAR,CITY,SHAHEEN TOWN,33004026,1,CBV,2026-05-07 00:00,23,2,2,6,6,6,6,1,4489,346,102,202,23,23,18,23,29,1,1,1,0,,,6,,,6,,,1,1,638,7,23,23,939,22,41,41
SNID May 2026,2026-05-15 00:00,PESHAWAR,CITY,SHAHI BAGH,33004027,1,CBV,2026-05-07 00:00,17,2,6,4,4,4,4,1,4186,117,117,1337,17,17,13,17,31,1,1,1,1,,,4,,,4,,,1,1,214,0,17,17,2387,22,25,25
SNID May 2026,2026-05-15 00:00,PESHAWAR,CITY,SIKANDAR TOWN,33004028,1,CBV,2026-05-07 00:00,16,4,8,4,3,4,4,1,4075,216,301,1520,16,16,10,16,36,1,1,1,1,,,4,,,4,,,1,1,304,0,16,16,1490,29,25,25
SNID May 2026,2026-05-15 00:00,PESHAWAR,CITY,SUFAID DHERI,33004029,1,CBV,2026-05-07 00:00,63,3,4,15,15,15,15,1,19126,508,186,694,63,63,53,63,74,1,1,1,1,,,15,,,15,,,1,1,900,0,63,63,9952,290,93,94
SNID May 2026,2026-05-15 00:00,PESHAWAR,CITY,TEHKAL BALA,33004030,1,CBV,2026-05-07 00:00,33,2,3,8,8,8,8,1,10907,455,110,204,33,33,30,33,41,1,1,1,1,,,8,,,8,,,1,1,376,0,33,33,2424,189,56,56
SNID May 2026,2026-05-15 00:00,PESHAWAR,CITY,TEHKAL PAYAN,33004031,1,CBV,2026-05-06 00:00,19,1,2,4,4,4,4,1,5610,149,50,141,19,19,14,19,24,1,1,,0,,,4,,,4,,,1,1,424,5,19,19,1045,86,29,29
SNID May 2026,2026-05-15 00:00,PESHAWAR,CITY,TEHKAL PAYAN 2 IRRIG,33004032,1,CBV,2026-05-08 00:00,14,3,0,4,4,4,4,1,4182,203,125,0,14,14,14,14,17,1,1,1,1,,,4,,,4,,,1,1,330,0,14,14,1468,57,24,25
SNID May 2026,2026-05-15 00:00,PESHAWAR,CITY,UNIVERSITY TOWN,33004033,1,CBV,2026-05-07 00:00,24,1,14,6,6,6,6,1,3184,461,95,2800,24,24,4,24,53,1,1,1,0,,,6,,,6,,,1,1,906,0,24,24,1549,25,36,36
SNID May 2026,2026-05-15 00:00,PESHAWAR,SHAH ALAM,BUDHNI,33007001,1,CBV,2026-05-07 00:00,21,2,0,7,7,7,7,1,5760,357,65,0,21,21,21,21,23,1,1,1,1,,,7,,,7,,,1,1,342,0,21,21,878,58,32,32
SNID May 2026,2026-05-15 00:00,PESHAWAR,SHAH ALAM,CHAGARMATI,33007002,1,CBV,2026-05-07 00:00,24,2,2,7,7,7,7,1,5586,204,33,144,24,24,24,24,30,1,1,1,1,,,7,,,7,,,1,1,977,0,24,24,802,80,35,35
SNID May 2026,2026-05-15 00:00,PESHAWAR,SHAH ALAM,DAG,33007003,1,CBV,2026-05-07 00:00,24,2,0,6,6,6,6,1,9565,348,139,0,24,24,22,24,26,1,1,,0,,,6,,,6,,,1,1,565,0,24,24,3705,135,37,37
SNID May 2026,2026-05-15 00:00,PESHAWAR,SHAH ALAM,GARHI SHER DAD,33007004,1,CBV,2026-05-07 00:00,16,1,1,4,4,4,4,1,5274,197,42,353,16,16,16,16,19,1,1,1,0,,,4,,,4,,,1,1,265,0,16,16,694,82,27,27
SNID May 2026,2026-05-15 00:00,PESHAWAR,SHAH ALAM,GULBELA,33007005,1,CBV,2026-05-07 00:00,31,1,2,10,10,10,10,1,8541,282,55,342,31,31,28,31,36,1,1,1,1,,,10,,,10,,,1,1,1268,0,31,31,1676,51,46,46
SNID May 2026,2026-05-17 00:00,NOWSHERA,JEHANGIRA,MUGHALKI,33203012,2,Non CBV,2026-05-07 00:00,31,3,2,8,2,3,8,1,6955,299,45,25,31,18,31,25,69,1,1,1,0,,,8,0,0,8,0,0,1,1,0,0,23,30,253,43,39,2
SNID May 2026,2026-05-15 00:00,PESHAWAR,SHAH ALAM,HARYANA PAYAN,33007006,1,CBV,2026-05-07 00:00,30,1,0,9,9,9,9,1,13108,349,68,0,30,30,28,30,31,1,1,1,1,,,9,,,9,,,1,1,902,0,30,30,5577,189,45,46
SNID May 2026,2026-05-15 00:00,PESHAWAR,SHAH ALAM,JOGANI,33007007,1,CBV,2026-05-07 00:00,20,2,3,5,2,5,5,1,5157,93,48,274,20,20,20,20,28,1,1,1,1,,,5,,,5,,,1,1,374,0,20,20,2860,57,31,31
SNID May 2026,2026-05-15 00:00,PESHAWAR,SHAH ALAM,KAFOOR DHERI,33007008,1,CBV,2026-05-08 00:00,15,2,3,4,1,4,4,1,5492,75,35,397,15,15,13,9,23,1,1,1,1,,,4,,,4,,,1,1,189,0,15,15,1765,94,28,28
SNID May 2026,2026-05-15 00:00,PESHAWAR,SHAH ALAM,KANIZA,33007009,1,CBV,2026-05-08 00:00,22,1,3,7,7,7,7,1,8096,249,79,259,22,22,22,22,29,1,1,1,0,,,7,,,7,,,1,1,732,0,22,22,2168,126,34,34
SNID May 2026,2026-05-15 00:00,PESHAWAR,SHAH ALAM,KANKOLA,33007010,1,CBV,2026-05-07 00:00,32,2,2,10,10,10,10,1,11653,516,46,172,32,32,27,32,38,1,1,1,0,,,10,,,10,,,1,1,872,0,32,32,4262,137,45,46
SNID May 2026,2026-05-14 00:00,NOWSHERA,NOWSHERA,NAWA KALY,33202034,2,Non CBV,2026-05-07 00:00,25,1,2,6,3,3,6,1,5090,486,55,98,25,5,20,25,55,1,1,1,1,,,6,0,0,6,0,0,1,1,459,0,25,25,185,14,28,6
SNID May 2026,2026-05-15 00:00,PESHAWAR,SHAH ALAM,KHAZANA,33007011,1,CBV,2026-05-07 00:00,39,1,1,10,10,10,10,1,14834,688,114,185,39,39,27,39,42,1,1,1,1,,,10,,,10,,,1,1,1101,0,39,39,6652,199,54,54
SNID May 2026,2026-05-14 00:00,NOWSHERA,JEHANGIRA,NIZAMPUR,33203013,2,Non CBV,2026-05-07 00:00,28,1,2,7,1,6,7,1,3429,184,10,152,28,19,28,24,61,1,1,1,1,,,7,0,0,7,0,0,1,1,213,0,0,28,18,11,35,0
SNID May 2026,2026-05-13 00:00,NOWSHERA,NOWSHERA,NOWSHERA CANTT,33202048,2,Non CBV,2026-05-07 00:00,24,1,7,6,1,3,6,1,3144,488,38,920,24,3,20,24,63,1,1,,1,,,6,0,0,6,0,0,1,1,280,0,24,24,96,6,31,0
SNID May 2026,2026-05-15 00:00,PESHAWAR,SHAH ALAM,LALA KALAY,33007012,1,CBV,2026-05-07 00:00,28,2,3,8,8,8,8,1,7742,430,93,461,28,28,26,28,36,1,1,,0,,,8,,,8,,,1,1,755,0,28,28,2520,59,40,40
SNID May 2026,2026-05-12 00:00,NOWSHERA,NOWSHERA,NOWSHERA CITY,33202036,2,Non CBV,2026-05-07 00:00,17,1,6,4,2,3,4,1,3020,417,35,1216,17,6,17,17,47,1,1,1,1,,,4,0,0,4,0,0,1,1,328,0,4,17,125,5,30,0
SNID May 2026,2026-05-15 00:00,NOWSHERA,PABBI,PABBI,33204012,2,Non CBV,2026-05-07 00:00,23,1,6,5,1,1,5,1,5498,424,55,1528,23,12,19,23,59,1,1,1,1,,,5,0,0,5,0,0,1,1,533,0,0,23,1362,12,30,5
SNID May 2026,2026-05-15 00:00,NOWSHERA,NOWSHERA,PAHARI KATTI KHEL,33202038,2,Non CBV,2026-05-07 00:00,21,3,0,6,0,5,6,1,3680,206,135,0,21,8,21,21,45,1,1,1,0,,,6,0,0,6,0,0,1,1,345,0,0,21,362,41,30,0
SNID May 2026,2026-05-15 00:00,NOWSHERA,NOWSHERA,PIRPAI,33202039,2,Non CBV,2026-05-07 00:00,19,1,1,5,1,2,5,1,3587,376,16,196,19,14,19,18,41,1,1,1,1,,,5,0,0,5,0,0,1,1,368,0,0,21,702,15,26,0
SNID May 2026,2026-05-15 00:00,PESHAWAR,SHAH ALAM,LARAMA,33007013,1,CBV,2026-05-08 00:00,31,1,1,7,7,7,7,1,11097,213,115,145,31,31,17,31,34,1,1,,0,,,7,,,7,,,1,1,494,0,31,31,8169,124,50,50
SNID May 2026,2026-05-15 00:00,NOWSHERA,NOWSHERA,PIRSABAQ,33202040,2,Non CBV,2026-05-07 00:00,29,2,1,6,1,3,6,1,6943,487,95,70,29,17,29,27,62,1,1,1,1,,,6,0,0,6,0,0,1,1,0,0,29,29,949,27,39,1
SNID May 2026,2026-05-15 00:00,NOWSHERA,NOWSHERA,RASHAKAI,33202041,2,Non CBV,2026-05-07 00:00,25,1,0,6,2,5,6,1,5757,232,95,0,25,16,25,25,51,1,1,1,0,,,6,0,0,6,0,0,1,1,325,0,0,25,1629,32,31,0
SNID May 2026,2026-05-15 00:00,NOWSHERA,NOWSHERA,RISALPUR CANTT,33202049,2,Non CBV,2026-05-07 00:00,36,3,2,8,4,4,8,1,4848,589,70,106,36,11,36,36,79,1,1,,0,,,8,0,0,8,0,0,1,1,39,0,0,21,119,27,49,0
SNID May 2026,2026-05-15 00:00,NOWSHERA,JEHANGIRA,SHAIDU,33203014,2,Non CBV,2026-05-07 00:00,26,1,0,5,4,4,5,1,5953,764,33,0,26,19,26,26,53,1,1,1,0,,,5,0,0,5,0,0,1,1,318,0,0,26,317,17,32,0
SNID May 2026,2026-05-15 00:00,PESHAWAR,SHAH ALAM,MATHRA,33007014,1,CBV,2026-05-08 00:00,36,2,4,10,10,10,10,1,12429,409,121,927,36,36,32,36,46,1,1,,1,,,10,,,10,,,1,1,728,0,36,36,2894,215,54,54
SNID May 2026,2026-05-15 00:00,NOWSHERA,PABBI,SHAKOT,33204013,2,Non CBV,2026-05-07 00:00,32,4,0,8,0,4,8,1,4677,274,75,0,32,17,32,29,68,1,1,1,1,,,8,0,0,8,0,0,1,1,300,0,32,32,613,22,44,0
SNID May 2026,2026-05-15 00:00,NOWSHERA,PABBI,SPINKHAK,33204014,2,Non CBV,2026-05-07 00:00,17,1,0,4,1,4,4,1,3696,191,19,0,17,14,17,17,35,1,1,1,0,,,4,0,0,4,0,0,1,1,212,0,0,17,615,34,23,0
SNID May 2026,2026-05-15 00:00,NOWSHERA,PABBI,TARRU JABBA,33204015,2,Non CBV,2026-05-07 00:00,21,1,2,5,0,3,5,1,4239,342,27,536,21,12,21,21,47,1,1,1,0,,,5,0,0,5,0,0,1,1,368,0,0,21,587,26,32,2
SNID May 2026,2026-05-12 00:00,NOWSHERA,PABBI,TURKMEN CAMP,33204016,2,Non CBV,2026-05-07 00:00,6,1,0,2,0,1,2,1,860,65,18,0,6,0,0,5,13,1,1,,0,,,2,0,0,2,0,0,1,1,63,0,0,6,860,8,10,0
SNID May 2026,2026-05-15 00:00,PESHAWAR,SHAH ALAM,NAHAQI,33007015,1,CBV,2026-05-07 00:00,27,2,2,7,7,7,7,1,8658,531,59,301,27,27,23,27,33,1,1,1,0,,,7,,,7,,,1,1,888,0,27,27,1529,63,38,38
SNID May 2026,2026-05-15 00:00,NOWSHERA,NOWSHERA,ZARA MAINA,33202046,2,Non CBV,2026-05-07 00:00,21,1,1,5,0,2,5,1,4613,340,30,78,21,11,21,21,45,1,1,1,1,,,5,0,0,5,0,0,1,1,293,0,21,21,1162,45,29,0
SNID May 2026,2026-05-15 00:00,NOWSHERA,NOWSHERA,ZIARAT KAKA SAHIB,33202047,2,Non CBV,2026-05-07 00:00,26,2,2,7,1,7,7,1,3859,292,57,176,26,14,26,22,58,1,1,1,1,,,7,0,0,7,0,0,1,1,353,0,26,26,296,25,37,3
SNID May 2026,2026-05-15 00:00,PESHAWAR,SHAH ALAM,PAJAGI,33007016,1,CBV,2026-05-08 00:00,41,2,2,10,10,10,10,1,16151,409,146,570,41,41,38,41,47,1,1,,0,,,10,,,10,,,1,1,879,0,41,41,9013,299,61,64
SNID May 2026,2026-05-15 00:00,PESHAWAR,SHAH ALAM,PAKHA GHULAM,33007017,1,CBV,2026-05-08 00:00,42,3,4,11,9,11,11,1,13835,496,255,620,42,42,36,42,53,1,1,,0,,,11,,,11,,,1,1,1162,0,42,42,5099,141,48,50
SNID May 2026,2026-05-15 00:00,PESHAWAR,SHAH ALAM,PANAM DHERI,33007018,1,CBV,2026-05-07 00:00,23,1,0,6,6,6,6,1,7945,212,36,0,23,23,21,23,24,1,1,,0,,,6,,,6,,,1,1,496,0,23,23,1899,170,35,35
SNID May 2026,2026-05-15 00:00,PESHAWAR,SHAH ALAM,SAEEDABAD,33007019,1,CBV,2026-05-07 00:00,25,2,0,7,7,7,7,1,6163,209,78,0,25,25,21,25,27,1,1,1,1,,,7,,,7,,,1,1,706,0,25,25,1559,67,37,37
SNID May 2026,2026-05-15 00:00,PESHAWAR,SHAH ALAM,SHAHI BALA,33007020,1,CBV,2026-05-07 00:00,27,1,1,7,3,7,7,1,7374,147,6,84,27,27,24,26,30,1,1,1,0,,,7,,,7,,,1,1,363,0,27,27,2083,240,42,42
SNID May 2026,2026-05-15 00:00,PESHAWAR,SHAH ALAM,TUKHTABAD,33007021,1,CBV,2026-05-07 00:00,26,1,1,7,6,7,7,1,8127,210,43,269,26,26,26,26,29,1,1,,0,,,7,,,7,,,1,1,764,0,26,26,1658,120,39,39
SNID May 2026,2026-05-15 00:00,PESHAWAR,SHAH ALAM,WADPAGA,33007022,1,CBV,2026-05-07 00:00,30,3,0,9,9,9,9,1,10598,558,116,0,30,30,30,30,33,1,1,,0,,,9,,,9,,,1,1,1186,3,30,30,2882,140,42,42
SNID May 2026,2026-05-15 00:00,PESHAWAR,CITY,CANTT WARD 1,33004003,1,SMT,2026-05-07 00:00,11,0,2,3,3,3,3,1,759,189,0,516,11,11,1,11,26,1,1,,1,,,3,,,3,,,1,1,170,0,8,11,76,9,17,17
SNID May 2026,2026-05-16 00:00,PESHAWAR,CITY,CANTT WARD 2,33004004,1,SMT,2026-05-07 00:00,11,2,3,3,3,3,3,1,1911,368,61,242,11,11,0,11,30,1,1,1,1,,,3,,,3,,,1,1,448,0,0,0,0,10,16,16
SNID May 2026,2026-05-15 00:00,PESHAWAR,CITY,CANTT WARD 3,33004005,1,SMT,2026-05-07 00:00,8,1,4,2,2,2,2,1,825,6,124,696,8,8,4,8,25,1,1,,1,,,2,,,2,,,1,1,145,0,8,8,2,4,13,13
SNID May 2026,2026-05-15 00:00,PESHAWAR,CITY,CANTT WARD 4,33004006,1,SMT,2026-05-07 00:00,9,1,2,2,2,2,2,1,1192,118,51,442,9,9,1,9,23,1,1,,1,,,2,,,2,,,1,1,203,0,203,0,0,11,13,13
SNID May 2026,2026-05-15 00:00,PESHAWAR,HASSAN KHEL,BARKI,33003003,1,Non CBV,2026-05-07 00:00,11,3,0,3,0,3,3,1,1567,51,0,0,11,11,11,6,25,1,1,,1,,,3,,,3,,,1,1,36,0,0,0,0,14,11,11
SNID May 2026,2026-05-15 00:00,PESHAWAR,HASSAN KHEL,BORA,33003004,1,Non CBV,2026-05-07 00:00,7,2,0,3,0,3,3,1,708,25,4,0,7,7,6,0,16,1,1,1,1,,,3,,,3,,,1,1,122,0,0,7,0,4,13,13
SNID May 2026,2026-05-15 00:00,PESHAWAR,HASSAN KHEL,FARIDI,33003001,1,Non CBV,2026-05-08 00:00,17,4,3,5,1,5,5,1,2998,40,0,0,17,17,17,11,44,1,1,1,1,,,5,,,5,,,1,1,330,0,0,0,0,17,29,29
SNID May 2026,2026-05-15 00:00,PESHAWAR,HASSAN KHEL,HASSAN KHEL,33003005,1,Non CBV,2026-05-07 00:00,11,2,1,3,0,3,3,1,1678,69,0,0,11,11,11,0,26,1,1,,1,,,3,,,3,,,1,1,37,0,0,0,0,3,14,14
SNID May 2026,2026-05-15 00:00,PESHAWAR,HASSAN KHEL,KOHI,33003006,1,Non CBV,2026-05-07 00:00,6,1,0,2,2,2,2,1,722,5,0,0,6,6,6,6,13,1,1,1,1,,,2,,,2,,,1,1,18,0,0,0,0,2,6,6
SNID May 2026,2026-05-15 00:00,PESHAWAR,HASSAN KHEL,MANDAI,33003002,1,Non CBV,2026-05-07 00:00,15,4,2,4,0,4,4,1,2549,96,0,0,15,15,15,1,38,1,1,1,1,,,4,,,4,,,1,1,48,0,0,15,0,22,29,29
SNID May 2026,2026-05-15 00:00,PESHAWAR,MATTANI,ACHINI,33005001,1,CBV,2026-05-07 00:00,30,2,3,7,2,7,7,1,11640,304,150,415,30,30,22,23,38,1,1,1,1,,,7,,,7,,,1,1,561,0,30,30,6109,232,37,47
SNID May 2026,2026-05-15 00:00,PESHAWAR,MATTANI,BAZID KHEL,33005002,1,CBV,2026-05-08 00:00,27,1,2,7,6,7,7,1,9595,239,54,341,27,27,26,26,32,1,1,,0,,,7,,,7,,,1,1,421,0,27,27,1689,245,47,47
SNID May 2026,2026-05-15 00:00,PESHAWAR,MATTANI,MASHOGAGAR,33005003,1,CBV,2026-05-07 00:00,44,3,3,11,7,11,11,1,15033,505,250,384,44,44,38,31,53,1,1,1,1,,,11,,,11,,,1,1,404,0,44,44,9387,226,65,65
SNID May 2026,2026-05-15 00:00,PESHAWAR,MATTANI,MATTANI,33005004,1,CBV,2026-05-07 00:00,26,1,3,6,0,6,6,1,9901,315,9,563,26,26,19,15,33,1,1,1,1,,,6,,,6,,,1,1,211,0,26,26,2061,195,42,42
SNID May 2026,2026-05-15 00:00,PESHAWAR,MATTANI,PISHTAKHARA,33005005,1,CBV,2026-05-07 00:00,29,1,2,7,7,7,7,1,11704,431,83,393,29,29,25,29,34,1,1,,1,,,7,,,7,,,1,1,467,0,29,29,5023,240,42,44
SNID May 2026,2026-05-15 00:00,PESHAWAR,MATTANI,SARBAND,33005006,1,CBV,2026-05-07 00:00,28,1,3,7,7,7,7,1,11786,367,117,248,28,28,24,28,35,1,1,1,1,,,7,,,7,,,1,1,627,0,28,28,6227,290,47,47
SNID May 2026,2026-05-15 00:00,PESHAWAR,MATTANI,SHEIKH MOHAMMADI,33005007,1,CBV,2026-05-07 00:00,23,1,2,6,6,6,6,1,8449,128,30,254,23,23,23,23,28,1,1,1,1,,,6,,,6,,,1,1,401,0,23,23,1921,190,35,37
SNID May 2026,2026-05-15 00:00,PESHAWAR,MATTANI,SHEIKHAN,33005008,1,CBV,2026-05-07 00:00,26,2,3,7,7,7,7,1,10347,307,159,133,26,26,26,26,34,1,1,1,0,,,7,,,7,,,1,1,538,0,26,26,4586,315,38,40
SNID May 2026,2026-05-15 00:00,PESHAWAR,MATTANI,SULEMAN KHEIL,33005009,1,CBV,2026-05-08 00:00,16,1,2,5,3,5,5,1,6502,117,37,101,16,16,13,16,21,1,1,1,1,,,5,,,5,,,1,1,282,0,16,16,2077,194,24,27
SNID May 2026,2026-05-15 00:00,PESHAWAR,SADDAR,ADEZAI,33006001,1,CBV,2026-05-07 00:00,24,1,1,7,5,7,7,1,6161,111,52,63,24,24,23,20,27,1,1,1,1,,,7,,,7,,,1,1,487,0,24,24,1557,137,35,35
SNID May 2026,2026-05-15 00:00,PESHAWAR,SADDAR,AZAKHEL TELABAND,33006002,1,CBV,2026-05-07 00:00,21,3,1,7,3,7,7,1,7288,91,125,54,21,21,21,17,26,1,1,1,0,,,7,,,7,,,1,1,513,0,21,21,279,190,35,35
SNID May 2026,2026-05-15 00:00,PESHAWAR,SADDAR,BADABER HUREZAI,33006003,1,CBV,2026-05-07 00:00,20,1,1,7,3,7,7,1,7188,81,86,247,20,20,17,17,23,1,1,,0,,,7,,,7,,,1,1,296,0,20,20,3624,113,32,32
SNID May 2026,2026-05-15 00:00,PESHAWAR,SADDAR,BADABER MARYAMZAI,33006004,1,CBV,2026-05-07 00:00,15,2,2,4,3,4,4,1,5662,197,127,304,15,15,14,15,21,1,1,,0,,,4,,,4,,,1,1,220,0,15,15,656,130,27,28
SNID May 2026,2026-05-15 00:00,PESHAWAR,SADDAR,CHAMKANI,33006005,1,CBV,2026-05-07 00:00,27,1,1,8,8,8,8,1,9497,301,62,121,27,27,26,27,30,1,1,1,0,,,8,,,8,,,1,1,1009,0,27,27,3121,56,41,41
SNID May 2026,2026-05-15 00:00,PESHAWAR,SADDAR,MARYAM ZAI,33006006,1,CBV,2026-05-07 00:00,15,1,1,5,4,5,5,1,5365,114,82,160,15,15,13,12,18,1,1,,0,,,5,,,5,,,1,1,234,0,15,15,218,196,26,26
SNID May 2026,2026-05-15 00:00,PESHAWAR,SADDAR,MERA KACHORI,33006007,1,CBV,2026-05-07 00:00,43,2,3,13,9,13,13,1,14658,336,132,594,43,43,38,43,51,1,1,,0,,,13,,,13,,,1,1,1174,27,43,43,7850,147,62,62
SNID May 2026,2026-05-15 00:00,PESHAWAR,SADDAR,MERA SUREZAI PAYAN,33006008,1,CBV,2026-05-08 00:00,26,1,3,8,4,8,8,1,8862,99,42,430,26,26,24,7,33,1,1,1,1,,,8,,,8,,,1,1,270,0,26,26,5658,117,38,38
SNID May 2026,2026-05-15 00:00,PESHAWAR,SADDAR,MUSAZAI,33006009,1,CBV,2026-05-07 00:00,31,2,3,9,7,9,9,1,11591,266,144,427,31,31,19,31,39,1,1,,0,,,9,,,9,,,1,1,295,8,31,31,6452,161,47,47
SNID May 2026,2026-05-15 00:00,PESHAWAR,SADDAR,SHERAKERA,33006010,1,CBV,2026-05-07 00:00,11,1,2,4,3,4,4,1,3000,84,75,178,11,11,9,11,16,1,1,1,0,,,4,,,4,,,1,1,176,0,11,11,412,82,16,17
SNID May 2026,2026-05-15 00:00,PESHAWAR,SADDAR,SUREZAI BALA,33006011,1,CBV,2026-05-08 00:00,14,1,2,5,2,5,5,1,3721,47,36,198,14,14,14,9,19,1,1,,0,,,5,,,5,,,1,1,257,0,14,14,495,104,25,25
SNID May 2026,2026-05-15 00:00,PESHAWAR,SADDAR,SUREZAI PAYAN,33006012,1,CBV,2026-05-07 00:00,25,1,3,7,7,7,7,1,9080,117,36,264,25,25,21,24,32,1,1,1,1,,,7,,,7,,,1,1,356,0,7,25,2688,141,40,43
SNID May 2026,2026-05-15 00:00,PESHAWAR,SADDAR,URMAR MIANA,33006014,1,CBV,2026-05-07 00:00,22,2,1,6,5,6,6,1,7070,253,85,32,22,22,22,19,26,1,1,1,1,,,6,,,6,,,1,1,297,0,22,22,1947,80,35,36
SNID May 2026,2026-05-15 00:00,PESHAWAR,SADDAR,URMAR PAYAN,33006015,1,CBV,2026-05-07 00:00,13,2,4,4,4,4,4,1,4258,162,39,231,13,13,10,13,23,1,1,1,1,,,4,,,4,,,1,1,219,0,13,13,175,50,20,20
SNID May 2026,2026-05-15 00:00,PESHAWAR,SMT,AKHOON ABAD,33008001,1,CBV,2026-05-07 00:00,16,2,1,4,4,4,4,1,5221,74,229,196,16,16,13,16,20,1,1,1,0,,,4,,,4,,,1,1,306,0,16,16,4064,38,25,26
SNID May 2026,2026-05-15 00:00,PESHAWAR,SMT,BHANA MARI,33008002,1,CBV,2026-05-07 00:00,15,2,2,4,4,4,4,1,3496,104,57,492,15,15,12,15,21,1,1,1,1,,,4,,,4,,,1,1,398,0,15,15,1028,27,25,27
SNID May 2026,2026-05-15 00:00,PESHAWAR,SMT,CANTT WARD 5,33008003,1,SMT,2026-05-07 00:00,12,2,3,4,4,4,4,1,1607,133,113,637,12,12,4,12,32,1,1,,1,,,4,,,4,,,1,1,127,0,12,12,0,4,18,18
SNID May 2026,2026-05-15 00:00,PESHAWAR,SMT,DEH BAHADAR,33008004,1,CBV,2026-05-08 00:00,37,4,10,12,12,12,12,1,12275,220,435,2104,37,37,28,37,61,1,1,,0,,,12,,,12,,,1,1,784,0,37,37,4107,132,53,53
SNID May 2026,2026-05-15 00:00,PESHAWAR,SMT,DERI BAGHBANAN,33008005,1,CBV,2026-05-07 00:00,16,2,2,4,4,4,4,1,3874,158,176,402,16,16,12,16,22,1,1,1,1,,,4,,,4,,,1,1,255,0,16,16,1024,23,27,29
SNID May 2026,2026-05-15 00:00,PESHAWAR,SMT,HAZARKHWANI 1,33008006,1,CBV,2026-05-07 00:00,26,3,3,6,6,6,6,1,8594,228,350,804,26,26,15,26,35,1,1,1,0,,,6,,,6,,,1,1,633,0,26,26,3293,73,42,42
SNID May 2026,2026-05-15 00:00,PESHAWAR,SMT,HAZARKHWANI 2,33008007,1,CBV,2026-05-07 00:00,42,3,4,11,11,11,11,1,17174,323,504,622,42,42,31,42,53,1,1,1,1,,,11,,,11,,,1,1,692,0,41,42,9621,240,65,65
SNID May 2026,2026-05-15 00:00,PESHAWAR,SMT,KAKSHAL 2,33008008,1,CBV,2026-05-07 00:00,8,2,3,2,2,2,2,1,1963,101,165,692,8,8,1,8,16,1,1,1,1,,,2,,,2,,,1,1,139,0,8,8,723,12,12,13
SNID May 2026,2026-05-15 00:00,PESHAWAR,SMT,LANDI ARBAB,33008009,1,CBV,2026-05-07 00:00,27,2,3,7,7,7,7,1,7638,300,381,179,27,27,23,27,35,1,1,1,1,,,7,,,7,,,1,1,680,0,27,27,2217,68,42,44
SNID May 2026,2026-05-15 00:00,PESHAWAR,SMT,NOTHIA JADEED,33008010,1,CBV,2026-05-07 00:00,30,3,3,6,6,6,6,1,8153,309,316,424,30,30,24,30,39,1,1,1,0,,,6,,,6,,,1,1,587,0,30,30,3900,148,42,47
SNID May 2026,2026-05-15 00:00,PESHAWAR,SMT,NOTHIA QADEEM,33008011,1,CBV,2026-05-07 00:00,17,2,0,4,4,4,4,1,3466,230,131,0,17,17,14,17,19,1,1,1,0,,,4,,,4,,,1,1,235,0,17,17,540,18,30,30
SNID May 2026,2026-05-16 00:00,PESHAWAR,SMT,SHAHEEN MUSLIM TWN1,33008012,1,CBV,2026-05-07 00:00,38,4,3,11,10,11,11,1,12829,326,549,856,38,38,26,38,48,1,1,1,1,,,11,,,11,,,1,1,876,10,38,38,4460,145,56,56
SNID May 2026,2026-05-15 00:00,PESHAWAR,SMT,SHAHEEN MUSLIM TWN2,33008013,1,CBV,2026-05-08 00:00,14,1,2,3,3,3,3,1,4302,124,106,322,14,14,13,14,19,1,1,1,0,,,3,,,3,,,1,1,167,22,14,14,2013,34,18,18
SNID May 2026,2026-05-15 00:00,PESHAWAR,SMT,SHEIKH JUNAID ABAD,33008014,1,CBV,2026-05-07 00:00,13,2,1,3,3,3,3,1,3925,226,157,359,13,13,11,13,17,1,1,,1,,,3,,,3,,,1,1,277,0,13,13,1312,27,22,22
SNID May 2026,2026-05-15 00:00,PESHAWAR,SMT,WAZIR BAGH,33008015,1,CBV,2026-05-08 00:00,13,1,2,3,3,3,3,1,3465,144,64,410,13,13,7,13,18,1,1,,1,,,3,,,3,,,1,1,225,0,13,13,1940,25,23,23
SNID May 2026,2026-05-15 00:00,PESHAWAR,SMT,YAKATOOT 1,33008016,1,CBV,2026-05-07 00:00,15,1,1,3,3,3,3,1,4708,192,66,200,15,15,13,15,18,1,1,,1,,,3,,,3,,,1,1,197,0,15,15,4022,39,21,21
SNID May 2026,2026-05-15 00:00,PESHAWAR,SMT,YAKATOOT 2,33008017,1,CBV,2026-05-07 00:00,12,1,1,3,3,3,3,1,3981,23,191,453,12,12,6,12,15,1,1,,1,,,3,,,3,,,1,1,176,0,12,12,3774,33,18,18
SNID May 2026,2026-05-15 00:00,PESHAWAR,SMT,YAKATOOT 3,33008018,1,CBV,2026-05-07 00:00,25,1,2,5,5,5,5,1,9091,140,103,559,25,25,17,25,30,1,1,1,1,,,5,,,5,,,1,1,351,0,25,25,7299,110,42,42
SNID May 2026,2026-05-16 00:00,PESHAWAR,SADDAR,URMAR BALA,33006013,1,CBV,2026-05-07 00:00,60,7,4,18,7,18,18,1,17960,240,372,273,60,60,55,21,75,1,1,,0,,,18,,,18,,,1,1,596,0,60,60,12171,199,86,86
KP-Special-1-Jul 2026,2026-07-06 14:00,PESHAWAR,CITY,HASAN GARHI 2,33004011,1,CBV,,40,1,1,9,8,9,9,1,8637,0,47,117,40,40,29,40,43,,,,0,,,,,,,,,0,0,656,0,0,40,2418,63,50,50
KP-Special-1-Jul 2026,2026-07-06 13:15,PESHAWAR,CITY,HAYAT ABAD 1,33004012,1,CBV,,44,1,15,11,9,11,11,1,5858,0,178,4517,44,44,27,39,73,,,,0,,,,,,,,,0,0,563,0,44,44,2866,19,63,66
KP-Special-1-Jul 2026,2026-07-06 13:18,PESHAWAR,CITY,HAYAT ABAD 2,33004013,1,CBV,,69,1,5,18,13,18,18,1,12189,0,71,1009,69,69,33,67,80,,,,0,,,,,,,,,0,0,837,0,69,69,6720,40,100,102
KP-Special-1-Jul 2026,2026-07-06 13:23,PESHAWAR,CITY,MALAKANDHER,33004020,1,CBV,,60,3,3,17,14,17,17,1,18667,405,135,443,60,60,52,50,69,,,,0,,,,,,,,,0,0,1214,0,60,60,11240,185,85,85
KP-Special-1-Jul 2026,2026-07-06 13:25,PESHAWAR,CITY,PALOSI,33004023,1,CBV,,26,1,4,7,5,7,7,1,9986,175,121,905,26,26,26,26,35,,,,0,,,,,,,,,0,0,755,0,26,26,1950,54,44,44
KP-Special-1-Jul 2026,2026-07-06 13:28,PESHAWAR,CITY,PAWAKA,33004024,1,CBV,,29,2,0,7,7,7,7,1,7595,381,73,0,29,29,29,29,31,,,,0,,,,,,,,,0,0,921,0,29,29,1478,48,32,43
KP-Special-1-Jul 2026,2026-07-06 13:30,PESHAWAR,CITY,REGI,33004025,1,CBV,,20,1,4,5,5,5,5,1,7041,116,39,518,20,20,17,20,29,,,,0,,,,,,,,,0,0,1045,0,20,20,640,64,30,30
KP-Special-1-Jul 2026,2026-07-06 13:32,PESHAWAR,CITY,SHAHEEN TOWN,33004026,1,CBV,,23,2,2,6,6,6,6,1,4390,252,63,153,23,23,18,23,29,,,,0,,,,,,,,,0,0,638,0,23,23,927,29,41,41
KP-Special-1-Jul 2026,2026-07-06 13:37,PESHAWAR,CITY,SUFAID DHERI,33004029,1,CBV,,63,3,4,15,15,15,15,1,19153,508,181,688,63,63,53,63,74,,,,0,,,,,,,,,0,0,900,0,63,63,9952,121,93,94
KP-Special-1-Jul 2026,2026-07-06 13:59,PESHAWAR,CITY,TEHKAL BALA,33004030,1,CBV,,33,2,3,8,8,8,8,1,10905,373,108,132,33,33,30,33,41,,,,0,,,,,,,,,0,0,376,0,33,33,2364,41,56,56
KP-Special-1-Jul 2026,2026-07-06 13:41,PESHAWAR,CITY,TEHKAL PAYAN,33004031,1,CBV,,19,1,2,4,4,4,4,1,5634,0,61,118,19,19,14,19,24,,,,0,,,,,,,,,0,1,424,0,0,19,1021,20,29,29
KP-Special-1-Jul 2026,2026-07-06 13:43,PESHAWAR,CITY,TEHKAL PAYAN 2 IRRIG,33004032,1,CBV,,14,3,0,4,4,4,4,1,4182,156,146,0,14,14,14,14,17,,,,0,,,,,,,,,0,0,282,0,14,14,1464,36,24,25
KP-Special-1-Jul 2026,2026-07-06 13:45,PESHAWAR,CITY,UNIVERSITY TOWN,33004033,1,CBV,,24,1,14,6,6,6,6,1,3198,300,53,3181,24,24,4,24,53,,,,0,,,,,,,,,0,1,906,0,0,0,1513,7,36,36
KP-Special-1-Jul 2026,2026-07-06 13:47,PESHAWAR,MATTANI,ACHINI,33005001,1,CBV,,30,2,3,7,2,7,7,1,11772,270,85,409,30,30,22,24,38,,,,0,,,,,,,,,0,1,561,0,30,30,6163,90,37,47
KP-Special-1-Jul 2026,2026-07-06 13:49,PESHAWAR,MATTANI,PISHTAKHARA,33005005,1,CBV,,29,1,2,7,7,7,7,1,11723,425,81,378,29,29,25,29,34,,,,0,,,,,,,,,0,1,468,1,29,29,5023,88,42,44
KP-Special-1-Jul 2026,2026-07-06 13:50,PESHAWAR,SHAH ALAM,DAG,33007003,1,CBV,,24,2,0,6,6,6,6,1,9662,340,102,0,24,24,22,24,26,,,,0,,,,,,,,,0,1,565,0,24,24,3734,71,37,37
KP-Special-1-Jul 2026,2026-07-06 13:52,PESHAWAR,SHAH ALAM,LARAMA,33007013,1,CBV,,31,1,1,7,7,7,7,1,11101,178,91,94,31,31,16,31,34,,,,0,,,,,,,,,0,0,494,0,31,31,8169,75,50,50
KP-Special-1-Jul 2026,2026-07-06 13:53,PESHAWAR,SHAH ALAM,PAJAGI,33007016,1,CBV,,41,2,2,10,10,10,10,1,16374,371,135,695,41,41,36,41,47,,,,0,,,,,,,,,0,1,826,0,41,41,9032,90,61,64
SNID Sep 2026,2026-09-16 13:11,NOWSHERA,JEHANGIRA,ADAMZAI,33203001,2,Non CBV,2026-09-09 00:00,26,2,0,6,2,5,6,1,5092,370,30,0,26,15,26,24,54,1,1,1,0,,,6,0,0,6,0,0,1,1,330,0,0,26,684,16,1,0
SNID Sep 2026,2026-09-17 11:46,NOWSHERA,PABBI,AKBARPURA,33204001,2,Non CBV,2026-09-09 00:00,27,2,3,6,1,4,6,1,5977,910,102,443,27,24,27,27,62,1,1,1,1,,,6,0,0,6,0,0,1,1,785,2,27,27,937,22,0,0
SNID Sep 2026,2026-09-15 17:10,NOWSHERA,JEHANGIRA,AKORA KHATTAK,33203003,2,Non CBV,2026-09-09 00:00,18,1,6,4,2,2,4,1,3100,397,19,832,18,13,18,18,49,1,1,1,0,,,4,0,0,4,0,0,1,1,256,0,0,18,326,8,3,0
SNID Sep 2026,2026-09-17 11:47,NOWSHERA,NOWSHERA,AMANGARH,33202004,2,Non CBV,2026-09-09 00:00,29,2,0,6,3,4,6,1,5862,514,28,0,29,13,29,29,60,1,1,1,0,,,6,0,0,6,0,0,1,1,345,0,0,29,512,19,0,0
SNID Sep 2026,2026-09-14 16:27,NOWSHERA,PABBI,AMANKOT,33204002,2,Non CBV,2026-09-09 00:00,16,1,0,4,1,3,4,1,3764,115,25,0,16,7,16,16,33,1,1,1,0,,,4,0,0,4,0,0,1,1,333,0,0,16,777,7,1,0
SNID Sep 2026,2026-09-17 12:06,NOWSHERA,NOWSHERA,AZAKHEL BALA,33202006,2,Non CBV,2026-09-09 00:00,25,1,0,6,2,5,6,1,4638,397,26,0,25,13,25,19,51,1,1,1,0,,,6,0,0,6,0,0,1,1,345,2,0,25,1130,23,1,0
SNID Sep 2026,2026-09-17 11:47,NOWSHERA,NOWSHERA,AZAKHEL PAYAN,33202007,2,Non CBV,2026-09-09 00:00,23,2,1,6,2,2,6,1,4127,202,66,54,23,7,23,23,50,1,1,1,1,,,6,0,0,6,0,0,1,1,327,0,23,23,1114,30,0,0
SNID Sep 2026,2026-09-17 11:48,NOWSHERA,NOWSHERA,BADRASHI,33202008,2,Non CBV,2026-09-09 00:00,52,1,0,12,6,10,12,1,6269,445,22,0,52,25,52,52,105,1,1,1,1,,,12,0,0,12,0,0,1,1,0,0,52,52,435,17,0,0
SNID Sep 2026,2026-09-17 11:48,NOWSHERA,PABBI,BALU,33204003,2,Non CBV,2026-09-09 00:00,32,0,1,8,1,3,8,1,6829,466,0,46,32,18,32,32,66,1,1,1,0,,,8,0,0,8,0,0,1,1,350,5,0,32,1188,35,3,0
SNID Sep 2026,2026-09-17 12:07,NOWSHERA,NOWSHERA,BARA BANDA,33202010,2,Non CBV,2026-09-09 00:00,50,1,4,12,3,4,12,1,10566,442,34,356,50,12,50,50,109,1,1,1,0,,,12,0,0,12,0,0,1,1,798,0,50,50,3806,46,0,0
SNID Sep 2026,2026-09-17 12:08,NOWSHERA,NOWSHERA,CHOCKI TOWN,33202011,2,Non CBV,2026-09-09 00:00,13,0,1,3,1,2,3,1,2438,246,0,75,13,7,13,13,28,1,1,1,0,,,3,0,0,3,0,0,1,1,199,0,13,13,72,14,0,0
SNID Sep 2026,2026-09-17 11:48,NOWSHERA,PABBI,CHOKI MAMREZ,33204004,2,Non CBV,2026-09-09 00:00,25,2,1,5,0,4,5,1,5365,398,41,81,25,17,25,25,54,1,1,1,1,,,5,0,0,5,0,0,1,1,369,0,0,25,1570,30,1,0
SNID Sep 2026,2026-09-15 17:12,NOWSHERA,PABBI,DAG BESUD,33204005,2,Non CBV,2026-09-09 00:00,25,2,0,6,0,3,6,1,6313,320,24,0,25,23,25,23,52,1,1,1,1,,,6,0,0,6,0,0,1,1,627,0,25,25,927,27,2,0
SNID Sep 2026,2026-09-17 11:49,NOWSHERA,PABBI,DAG ISMAIL KHEL,33204006,2,Non CBV,2026-09-09 00:00,22,1,0,5,1,4,5,1,2777,324,120,0,22,9,12,21,45,1,1,1,0,,,5,0,0,5,0,0,1,1,338,0,22,21,488,9,0,0
SNID Sep 2026,2026-09-17 12:09,NOWSHERA,PABBI,DAGAI,33204007,2,Non CBV,2026-09-09 00:00,29,2,1,6,0,3,6,1,6567,571,86,50,29,12,29,29,62,1,1,1,0,,,6,0,0,6,0,0,1,1,545,0,0,29,536,35,1,0
SNID Sep 2026,2026-09-17 11:49,NOWSHERA,NOWSHERA,DHERI KATTI KHEL,33202016,2,Non CBV,2026-09-09 00:00,45,2,2,10,0,5,10,1,7541,697,47,173,45,25,45,45,96,1,1,1,1,,,10,0,0,10,0,0,1,1,0,0,45,45,613,15,0,0
SNID Sep 2026,2026-09-15 17:38,NOWSHERA,NOWSHERA,GANDHERI,33202017,2,Non CBV,2026-09-09 00:00,41,3,1,11,3,3,11,1,7991,465,36,94,41,17,41,41,87,1,1,,0,,,11,0,0,11,0,0,1,1,513,0,41,0,2837,31,0,0
SNID Sep 2026,2026-09-17 11:50,NOWSHERA,JEHANGIRA,INZARI,33203004,2,Non CBV,2026-09-09 00:00,22,1,0,6,0,3,6,1,3731,344,2,0,22,13,22,21,45,1,1,,1,,,6,0,0,6,0,0,1,1,198,0,0,22,6,18,0,0
SNID Sep 2026,2026-09-17 12:10,NOWSHERA,PABBI,JALOZAI,33204008,2,Non CBV,2026-09-09 00:00,35,1,1,9,2,4,9,1,8609,418,23,51,35,3,35,33,73,1,1,1,1,,,9,0,0,9,0,0,1,1,741,0,0,35,5065,72,0,0
SNID Sep 2026,2026-09-15 17:15,NOWSHERA,JEHANGIRA,JEHANGIRA,33203005,2,Non CBV,2026-09-09 00:00,27,1,3,7,3,3,7,1,5100,480,14,293,27,27,27,27,61,1,1,,0,,,7,0,0,7,0,0,1,1,297,0,1,27,768,18,0,0
SNID Sep 2026,2026-09-15 17:16,NOWSHERA,NOWSHERA,KABUL RIVER,33202021,2,Non CBV,2026-09-09 00:00,31,1,7,8,3,2,8,1,6123,406,18,1123,31,13,31,31,77,1,1,1,1,,,8,0,0,8,0,0,1,1,513,0,31,31,778,12,0,0
SNID Sep 2026,2026-09-17 11:50,NOWSHERA,JEHANGIRA,KAHI,33203006,2,Non CBV,2026-09-09 00:00,29,2,1,7,1,4,7,1,4902,500,40,39,29,19,29,28,62,1,1,1,0,,,7,0,0,7,0,0,1,1,289,0,0,29,12,13,4,0
SNID Sep 2026,2026-09-17 11:51,NOWSHERA,JEHANGIRA,KHAIRABAD,33203007,2,Non CBV,2026-09-09 00:00,30,2,3,10,1,6,10,1,4498,324,43,260,30,8,30,30,68,1,1,1,0,,,10,0,0,10,0,0,1,1,370,3,9,30,27,14,1,0
SNID Sep 2026,2026-09-17 12:11,NOWSHERA,PABBI,KHAN SHER GARHI KHU,33204009,2,Non CBV,2026-09-09 00:00,22,1,1,5,3,3,5,1,5564,505,4,80,22,12,20,22,47,1,1,1,0,,,5,0,0,5,0,0,1,1,259,0,0,22,1226,13,0,0
SNID Sep 2026,2026-09-16 16:20,NOWSHERA,NOWSHERA,KHESHGI BALA,33202025,2,Non CBV,2026-09-09 00:00,32,1,0,9,4,4,9,1,9310,830,9,0,32,21,32,32,65,1,1,1,0,,,9,0,0,9,0,0,1,1,370,0,0,32,1312,53,0,0
SNID Sep 2026,2026-09-16 21:36,KHYBER,LANDI KOTAL,KARAMNA,33404065,1,CBV,2026-09-09 00:00,12,3,0,3,0,0,3,1,1935,21,50,0,12,0,12,0,15,1,1,,0,,,3,,,3,,,1,1,180,0,12,12,91,44,18,1
SNID Sep 2026,2026-09-16 21:49,KHYBER,LANDI KOTAL,TORA WELA,33404077,1,CBV,2026-09-09 00:00,16,0,0,4,0,0,4,1,3246,0,0,0,16,0,16,0,16,1,1,,0,,,4,0,0,4,0,0,1,1,172,0,16,16,104,30,22,1
SNID Sep 2026,2026-09-15 17:21,NOWSHERA,NOWSHERA,KHESHGI PAYAN,33202026,2,Non CBV,2026-09-09 00:00,28,1,2,8,2,3,8,1,6226,513,42,243,28,19,27,28,61,1,1,1,0,,,8,0,0,8,0,0,1,1,351,0,0,28,1141,45,4,0
SNID Sep 2026,2026-09-17 12:11,NOWSHERA,PABBI,KURVI,33204010,2,Non CBV,2026-09-09 00:00,13,1,1,4,0,3,4,1,3565,276,15,93,13,12,13,13,29,1,1,1,1,,,4,0,0,4,0,0,1,1,212,0,13,13,241,21,1,0
SNID Sep 2026,2026-09-16 21:47,KHYBER,LANDI KOTAL,TIRAH BAZAR A,33404075,1,CBV,2026-09-09 00:00,31,0,0,9,0,0,9,1,5882,0,0,0,31,0,31,0,31,1,1,,0,,,9,0,0,9,0,0,1,1,1027,0,31,31,455,56,40,0
SNID Sep 2026,2026-09-17 12:12,NOWSHERA,JEHANGIRA,MANDURI,33203009,2,Non CBV,2026-09-09 00:00,25,2,0,7,3,6,7,1,3243,194,8,0,25,9,17,25,52,1,1,1,1,,,7,0,0,7,0,0,1,1,257,0,25,25,0,17,0,0
SNID Sep 2026,2026-09-16 21:48,KHYBER,LANDI KOTAL,TIRAH BAZAR B,33404076,1,CBV,2026-09-09 00:00,23,0,0,6,0,0,6,1,4496,0,0,0,23,0,23,0,23,1,1,,0,,,6,0,0,6,0,0,1,1,125,0,23,23,45,80,32,0
SNID Sep 2026,2026-09-17 11:51,NOWSHERA,NOWSHERA,MANKI SHAREEF,33202029,2,Non CBV,2026-09-09 00:00,21,1,1,5,0,4,5,1,3780,251,23,125,21,14,21,14,45,1,1,1,0,,,5,0,0,5,0,0,1,1,0,0,0,21,487,24,0,0
SNID Sep 2026,2026-09-16 21:45,KHYBER,LANDI KOTAL,SULTAN KHEL A,33404073,1,CBV,2026-09-09 00:00,18,1,0,6,0,0,6,1,3983,134,50,0,18,0,18,4,19,1,1,,0,,,6,0,0,6,0,0,1,1,441,0,18,18,415,13,26,1
SNID Sep 2026,2026-09-17 11:51,NOWSHERA,JEHANGIRA,MERA AKORA,33203010,2,Non CBV,2026-09-09 00:00,53,1,2,14,5,5,14,1,10381,608,18,170,53,22,53,53,111,1,1,1,1,,,14,0,0,14,0,0,1,1,614,1,5,53,2468,37,14,0
SNID Sep 2026,2026-09-16 21:46,KHYBER,LANDI KOTAL,SULTAN KHEL B,33404074,1,CBV,2026-09-09 00:00,24,0,1,6,0,0,6,1,5687,157,0,38,24,0,24,0,26,1,1,,0,,,6,0,0,6,0,0,1,1,768,2,24,24,23,48,32,1
SNID Sep 2026,2026-09-14 16:55,NOWSHERA,JEHANGIRA,MISRI BANDA,33203011,2,Non CBV,2026-09-09 00:00,20,2,2,5,1,5,5,1,4234,568,27,101,20,7,20,18,46,1,1,1,0,,,5,0,0,5,0,0,1,1,288,0,0,20,574,17,0,0
SNID Sep 2026,2026-09-16 11:31,KHYBER,BARA,ABDULLAH JAN,33401102,1,CBV,2026-09-09 00:00,17,1,0,5,0,0,5,1,4221,25,17,0,17,0,17,0,18,1,1,,0,,,5,,,5,,,1,1,260,0,17,17,253,41,22,1
SNID Sep 2026,2026-09-16 21:37,KHYBER,LANDI KOTAL,KHUGA KHEL,33404066,1,CBV,2026-09-09 00:00,20,0,0,5,0,0,5,1,4158,318,0,0,20,0,20,0,20,1,1,,0,,,5,0,0,5,0,0,1,1,364,0,20,20,186,47,28,1
SNID Sep 2026,2026-09-16 11:33,KHYBER,BARA,AJAB TALAB,33401103,1,CBV,2026-09-09 00:00,25,2,1,6,0,0,6,1,6082,21,126,135,25,0,25,0,29,1,1,,1,,,6,,,6,,,1,1,341,0,25,25,104,47,33,1
SNID Sep 2026,2026-09-16 11:35,KHYBER,BARA,AKAKHEL MAIRA,33401104,1,CBV,2026-09-09 00:00,23,1,0,7,0,0,7,1,5756,26,58,0,23,0,23,0,24,1,1,,1,,,7,,,7,,,1,1,237,0,23,23,122,52,32,1
SNID Sep 2026,2026-09-16 11:42,KHYBER,BARA,MANDI KAS,33401111,1,CBV,2026-09-09 00:00,17,1,1,5,0,0,5,1,4620,20,98,270,17,0,17,4,20,1,1,,1,,,5,,,5,,,1,1,210,0,17,17,554,22,23,1
SNID Sep 2026,2026-09-17 11:54,NOWSHERA,PABBI,MOHIB BANDA,33204011,2,Non CBV,2026-09-09 00:00,21,1,0,6,3,4,6,1,4757,522,20,0,21,18,21,21,43,1,1,1,0,,,6,0,0,6,0,0,1,1,212,0,20,21,204,19,1,0
SNID Sep 2026,2026-09-16 11:51,KHYBER,BARA,SPEEN QABAR,33401121,1,CBV,2026-09-09 00:00,14,1,0,3,0,0,3,1,4032,153,59,0,14,0,14,0,15,1,1,,0,,,3,,,3,,,1,0,243,0,14,14,12,9,17,0
SNID Sep 2026,2026-09-16 11:38,KHYBER,BARA,GANDAO,33401106,1,CBV,2026-09-09 00:00,13,0,0,5,0,0,5,1,3054,10,0,0,13,0,13,0,13,1,1,,0,,,5,,,5,,,1,1,187,0,13,13,88,26,18,1
SNID Sep 2026,2026-09-16 21:42,KHYBER,LANDI KOTAL,PIROKHEL,33404070,1,CBV,2026-09-09 00:00,18,0,0,4,0,0,4,1,3463,127,0,0,18,0,18,0,18,1,1,,0,,,4,0,0,4,0,0,1,1,784,0,18,18,322,35,24,0
SNID Sep 2026,2026-09-16 21:43,KHYBER,LANDI KOTAL,SHEIKHMAL KHEL,33404071,1,CBV,2026-09-09 00:00,18,1,0,5,0,0,5,1,4080,164,39,0,18,0,18,0,19,1,1,,0,,,5,0,0,5,0,0,1,1,243,0,18,18,269,42,27,0
SNID Sep 2026,2026-09-16 21:44,KHYBER,LANDI KOTAL,STATION,33404072,1,CBV,2026-09-09 00:00,14,1,1,4,0,0,4,1,2607,188,56,506,14,0,14,3,17,1,1,,0,,,4,0,0,4,0,0,1,1,306,0,14,14,940,25,25,0
SNID Sep 2026,2026-09-16 21:40,KHYBER,LANDI KOTAL,MIRDAD KHEL,33404069,1,CBV,2026-09-09 00:00,23,0,0,7,0,0,7,1,5199,305,0,0,23,0,23,0,23,1,1,,0,,,7,0,0,7,0,0,1,1,531,0,23,23,159,41,33,1
SNID Sep 2026,2026-09-16 21:50,KHYBER,LANDI KOTAL,TORKHAM,33404078,1,CBV,2026-09-09 00:00,14,1,0,3,0,0,3,1,2501,84,18,0,14,0,14,0,15,1,1,,0,,,3,0,0,3,0,0,1,1,324,0,14,14,219,7,19,0
SNID Sep 2026,2026-09-16 21:35,KHYBER,LANDI KOTAL,KAM SHALMAN,33404064,1,CBV,2026-09-09 00:00,12,3,0,3,0,0,3,1,3059,128,63,0,12,0,12,0,15,1,1,,1,,,3,,,3,,,1,1,423,3,12,12,79,18,22,0
SNID Sep 2026,2026-09-16 21:38,KHYBER,LANDI KOTAL,LOE SHALMAN A,33404067,1,CBV,2026-09-09 00:00,16,1,0,4,0,0,4,1,3643,25,10,0,16,0,16,0,17,1,1,,0,,,4,0,0,4,0,0,1,1,290,0,16,16,0,33,22,0
SNID Sep 2026,2026-09-16 21:39,KHYBER,LANDI KOTAL,LOE SHALMAN B,33404068,1,CBV,2026-09-09 00:00,16,1,0,5,0,0,5,1,3160,45,11,0,16,0,16,0,17,1,1,,0,,,5,0,0,5,0,0,1,1,355,0,16,16,0,44,26,0
SNID Sep 2026,2026-09-16 11:50,KHYBER,BARA,SHALOBAR,33401119,1,CBV,2026-09-09 00:00,12,1,0,3,0,0,3,1,4024,24,18,0,12,0,12,0,13,1,1,,0,,,3,,,3,,,1,0,232,0,12,12,389,37,19,0
SNID Sep 2026,2026-09-16 12:27,KHYBER,JAMRUD,NEW ABADI,33402077,1,CBV,2026-09-09 00:00,28,0,0,8,0,0,8,1,6839,165,0,0,28,0,28,2,28,1,1,,0,,,8,,,8,,,1,1,600,0,28,28,1903,29,37,1
SNID Sep 2026,2026-09-16 11:48,KHYBER,BARA,NOGAZI BABA,33401116,1,CBV,2026-09-09 00:00,15,0,0,3,0,0,3,1,4542,13,0,0,15,0,15,0,15,1,1,,0,,,3,,,3,,,1,1,200,0,15,15,473,37,19,0
SNID Sep 2026,2026-09-16 12:35,KHYBER,JAMRUD,SHAH KAS A,33402081,1,CBV,2026-09-09 00:00,17,0,0,5,0,0,5,0,3875,33,0,0,17,0,17,0,17,1,1,,0,,,5,,,5,,,1,1,231,0,17,17,1888,17,25,0
SNID Sep 2026,2026-09-16 11:46,KHYBER,BARA,MILWARD A,33401113,1,CBV,2026-09-09 00:00,23,2,0,6,0,0,6,1,4975,0,58,0,23,0,23,0,25,1,1,,1,,,6,,,6,,,1,1,346,0,23,23,119,9,33,0
SNID Sep 2026,2026-09-16 11:47,KHYBER,BARA,MILWARD B,33401114,1,CBV,2026-09-09 00:00,19,0,0,6,0,0,6,1,4552,20,0,0,19,0,19,0,19,1,1,,1,,,6,,,6,,,1,1,276,0,19,19,69,19,26,0
SNID Sep 2026,2026-09-16 12:37,KHYBER,JAMRUD,SHAH KAS B,33402082,1,CBV,2026-09-09 00:00,24,0,1,7,0,0,7,,5643,73,0,120,24,0,24,0,26,1,1,,0,,,7,,,7,,,1,1,379,0,24,24,2196,23,25,0
SNID Sep 2026,2026-09-16 12:39,KHYBER,JAMRUD,SUR KAMAR,33402083,1,CBV,2026-09-09 00:00,19,0,0,6,0,0,6,,3922,37,0,0,19,0,19,0,19,1,1,,0,,,6,,,6,,,1,1,276,0,19,19,279,15,25,1
SNID Sep 2026,2026-09-16 11:52,KHYBER,BARA,SRA CHEENA,33401122,1,CBV,2026-09-09 00:00,30,2,0,8,0,0,8,1,6390,63,170,0,30,0,30,0,32,1,1,,1,,,8,,,8,,,1,1,345,0,30,30,103,16,40,0
SNID Sep 2026,2026-09-16 12:41,KHYBER,JAMRUD,TIDI BAZAR,33402084,1,CBV,2026-09-09 00:00,15,3,1,5,0,0,5,,2882,32,199,311,15,0,15,0,20,1,1,,1,,,5,,,5,,,1,1,198,0,15,15,254,12,19,1
SNID Sep 2026,2026-09-16 11:40,KHYBER,BARA,JANBAZ A,33401107,1,CBV,2026-09-09 00:00,24,1,2,6,0,0,6,1,5895,198,99,139,24,0,24,0,29,1,1,,1,,,6,,,6,,,1,1,355,0,24,24,80,27,36,1
SNID Sep 2026,2026-09-16 12:17,KHYBER,JAMRUD,CHAPARI,33402072,1,CBV,2026-09-09 00:00,12,1,0,4,0,0,4,1,2251,54,10,0,12,0,12,0,13,1,1,,0,,,4,,,4,,,1,1,104,0,12,12,16,1,21,0
SNID Sep 2026,2026-09-16 11:41,KHYBER,BARA,JANBAZ B,33401108,1,CBV,2026-09-09 00:00,18,1,0,6,0,0,6,1,3943,44,12,0,18,0,18,0,19,1,1,,1,,,6,,,6,,,1,1,256,0,18,18,240,29,25,0
SNID Sep 2026,2026-09-16 12:22,KHYBER,JAMRUD,GHUNDI B,33402074,1,CBV,2026-09-09 00:00,26,0,0,8,0,0,8,1,6111,218,0,0,26,0,26,0,26,1,1,,0,,,8,0,0,8,0,0,1,1,241,0,26,26,119,17,34,0
SNID Sep 2026,2026-09-16 12:19,KHYBER,JAMRUD,GHUNDI A,33402073,1,CBV,2026-09-09 00:00,20,1,0,6,0,0,6,1,5076,81,80,0,20,0,20,0,21,1,1,,0,,,6,,0,6,,,1,1,209,0,20,20,167,12,21,0
SNID Sep 2026,2026-09-16 12:25,KHYBER,JAMRUD,MIA MORCHA,33402076,1,CBV,2026-09-09 00:00,9,1,0,3,0,0,3,,2469,22,50,0,9,0,9,0,10,1,1,,0,,,3,,,3,,,1,1,213,0,9,9,0,13,12,0
SNID Sep 2026,2026-09-16 12:34,KHYBER,JAMRUD,PAINDI LALMA,33402079,1,CBV,2026-09-09 00:00,12,1,0,4,0,0,4,,2989,46,40,0,12,0,12,0,13,1,1,,1,,,4,,,4,,,1,1,193,0,12,12,13,22,20,1
SNID Sep 2026,2026-09-16 12:24,KHYBER,JAMRUD,LOWARA MIANA,33402075,1,CBV,2026-09-09 00:00,15,1,0,5,0,0,5,1,2981,52,58,0,15,0,15,0,16,1,1,,0,,,5,,,5,,,1,1,215,0,15,15,0,36,24,0
SNID Sep 2026,2026-09-17 11:55,NOWSHERA,JEHANGIRA,MUGHALKI,33203012,2,Non CBV,2026-09-09 00:00,31,3,2,8,2,4,8,1,6954,268,43,64,31,15,31,30,69,1,1,1,0,,,8,0,0,8,0,0,1,1,410,0,0,1,240,44,0,0
SNID Sep 2026,2026-09-15 15:49,NOWSHERA,NOWSHERA,NAWA KALY,33202034,2,Non CBV,2026-09-09 00:00,25,1,2,6,4,3,6,1,4990,483,50,119,25,5,20,25,55,1,1,1,0,,,6,0,0,6,0,0,1,1,798,0,25,25,170,25,5,0
SNID Sep 2026,2026-09-17 11:55,NOWSHERA,JEHANGIRA,NIZAMPUR,33203013,2,Non CBV,2026-09-09 00:00,29,1,2,7,1,5,7,1,3481,186,18,97,29,19,29,25,63,1,1,1,0,,,7,0,0,7,0,0,1,1,198,0,0,29,7,20,1,0
SNID Sep 2026,2026-09-17 11:56,NOWSHERA,NOWSHERA,NOWSHERA CANTT,33202048,2,Non CBV,2026-09-09 00:00,24,1,7,6,1,3,6,1,3058,501,20,1008,24,4,24,15,63,1,1,1,1,,,6,0,0,6,0,0,1,1,465,0,0,24,65,6,0,0
SNID Sep 2026,2026-09-15 15:45,NOWSHERA,NOWSHERA,NOWSHERA CITY,33202036,2,Non CBV,2026-09-09 00:00,17,1,6,4,2,3,4,1,2995,435,26,1243,17,6,17,17,47,1,1,1,1,,,4,0,0,4,0,0,1,1,289,0,17,17,124,3,0,0
SNID Sep 2026,2026-09-17 12:00,NOWSHERA,PABBI,PABBI,33204012,2,Non CBV,2026-09-09 00:00,25,1,6,5,2,2,5,1,5309,377,60,1299,25,13,25,25,63,1,1,1,1,,,5,0,0,5,0,0,1,1,533,0,0,25,1105,11,4,0
SNID Sep 2026,2026-09-16 12:10,KHYBER,TIRAH MAIDAN,ZAKHAKHEL TIRAH,33405007,1,CBV,2026-09-09 00:00,36,1,0,10,0,0,10,1,3993,11,20,0,36,0,36,0,37,1,1,,0,,,10,,,10,,,1,1,517,0,36,36,0,5,46,0
SNID Sep 2026,2026-09-16 12:11,KHYBER,TIRAH MAIDAN,PAGDARA,33405009,1,CBV,2026-09-09 00:00,14,0,0,3,0,0,3,1,168,0,0,0,14,0,14,0,14,1,1,,0,,,3,,,3,,,1,1,75,0,14,14,19,1,17,0
SNID Sep 2026,2026-09-17 12:15,NOWSHERA,NOWSHERA,PAHARI KATTI KHEL,33202038,2,Non CBV,2026-09-09 00:00,21,3,0,6,0,5,6,1,3673,143,85,0,21,8,21,21,45,1,1,,0,,,6,0,0,6,0,0,1,1,345,0,0,21,345,50,0,0
SNID Sep 2026,2026-09-15 15:45,NOWSHERA,NOWSHERA,PIRPAI,33202039,2,Non CBV,2026-09-09 00:00,19,1,1,5,1,2,5,1,3388,321,8,86,19,14,19,18,41,1,1,1,1,,,5,0,0,5,0,0,1,1,368,0,19,19,556,3,0,0
SNID Sep 2026,2026-09-16 12:08,KHYBER,TIRAH MAIDAN,SHALOBAR TIRAH,33405006,1,CBV,2026-09-09 00:00,19,0,0,5,0,0,5,1,2298,0,0,0,19,0,19,0,19,1,1,,0,,,5,0,0,5,0,0,1,1,251,0,19,19,0,22,24,0
SNID Sep 2026,2026-09-17 12:19,NOWSHERA,NOWSHERA,PIRSABAQ,33202040,2,Non CBV,2026-09-09 00:00,29,2,1,6,1,3,6,1,6377,398,78,77,29,17,29,27,62,1,1,,0,,,6,0,0,6,0,0,1,1,0,0,29,29,902,95,1,0
SNID Sep 2026,2026-09-16 12:05,KHYBER,TIRAH MAIDAN,QAMBAR KHEL B TIRAH,33405005,1,CBV,2026-09-09 00:00,10,0,0,4,0,0,4,1,914,0,0,0,10,0,10,0,10,1,1,,0,,,4,0,0,4,0,0,1,1,58,0,10,10,0,12,14,0
SNID Sep 2026,2026-09-16 12:01,KHYBER,TIRAH MAIDAN,MALAKDIN KHEL B TIRAH,33405002,1,CBV,2026-09-09 00:00,16,0,0,5,0,0,5,,1276,0,0,0,16,0,16,0,16,1,1,,0,,,5,,,5,,,1,1,195,0,16,16,0,17,24,0
SNID Sep 2026,2026-09-17 12:20,NOWSHERA,NOWSHERA,RASHAKAI,33202041,2,Non CBV,2026-09-09 00:00,25,1,0,6,2,5,6,1,5858,209,43,0,25,13,25,25,51,1,1,1,0,,,6,0,0,6,0,0,1,1,325,0,25,25,1736,35,0,0
SNID Sep 2026,2026-09-16 12:04,KHYBER,TIRAH MAIDAN,QAMBAR KHEL A TIRAH,33405004,1,CBV,2026-09-09 00:00,16,0,0,6,0,0,6,1,1476,0,0,0,16,0,16,0,16,1,1,,0,,,6,0,0,6,0,0,1,1,181,0,16,16,0,2,25,0
SNID Sep 2026,2026-09-17 12:02,NOWSHERA,NOWSHERA,RISALPUR CANTT,33202049,2,Non CBV,2026-09-09 00:00,36,3,2,8,4,4,8,1,4714,648,37,122,36,11,36,36,79,1,1,,0,,,8,0,0,8,0,0,1,1,39,0,0,21,110,15,0,0
SNID Sep 2026,2026-09-17 12:02,NOWSHERA,JEHANGIRA,SHAIDU,33203014,2,Non CBV,2026-09-09 00:00,26,1,0,5,4,4,5,1,5852,808,19,0,26,20,26,25,53,1,1,1,1,,,5,0,0,5,0,0,1,1,360,0,0,26,211,23,0,0
SNID Sep 2026,2026-09-17 12:03,NOWSHERA,PABBI,SHAKOT,33204013,2,Non CBV,2026-09-09 00:00,32,4,0,8,0,4,8,1,4700,207,40,0,32,17,32,32,68,1,1,1,1,,,8,0,0,8,0,0,1,1,300,0,32,32,578,20,0,0
SNID Sep 2026,2026-09-17 12:04,NOWSHERA,PABBI,SPINKHAK,33204014,2,Non CBV,2026-09-09 00:00,23,2,0,6,1,6,6,1,4547,262,30,0,23,14,17,22,48,1,1,1,0,,,6,0,0,6,0,0,1,1,273,0,23,23,1390,22,1,0
SNID Sep 2026,2026-09-14 16:22,NOWSHERA,PABBI,TARRU JABBA,33204015,2,Non CBV,2026-09-09 00:00,21,1,2,5,0,3,5,1,4207,346,26,561,21,13,21,21,47,1,1,1,0,,,5,0,0,5,0,0,1,1,368,0,0,21,576,19,2,0
SNID Sep 2026,2026-09-14 17:04,NOWSHERA,NOWSHERA,ZARA MAINA,33202046,2,Non CBV,2026-09-09 00:00,21,1,1,5,0,2,5,1,4492,356,34,99,21,11,21,21,45,1,1,1,1,,,5,0,0,5,0,0,1,1,303,0,21,21,1169,38,0,0
SNID Sep 2026,2026-09-14 16:47,NOWSHERA,NOWSHERA,ZIARAT KAKA SAHIB,33202047,2,Non CBV,2026-09-09 00:00,26,2,2,7,1,7,7,1,3772,278,59,220,26,19,26,22,58,1,1,1,1,,,7,0,0,7,0,0,1,1,353,0,26,26,251,13,3,0
SNID Sep 2026,2026-09-16 12:02,KHYBER,TIRAH MAIDAN,NAKAY,33405003,1,CBV,2026-09-09 00:00,32,0,0,10,0,0,10,1,1392,0,0,0,32,0,32,0,32,1,1,,0,,,10,0,0,10,0,0,1,1,160,0,32,32,0,6,44,1
SNID Sep 2026,2026-09-16 12:14,KHYBER,JAMRUD,ALI MASJID A,33402070,1,CBV,2026-09-09 00:00,15,2,0,4,0,0,4,1,2686,114,52,0,15,0,15,0,17,1,1,,0,,,4,,,4,,,1,1,245,0,15,15,116,13,21,0
SNID Sep 2026,2026-09-16 12:16,KHYBER,JAMRUD,ALI MASJID B,33402071,1,CBV,2026-09-09 00:00,12,2,1,4,0,0,4,1,1742,40,30,90,12,0,12,0,16,1,1,,0,,,4,,,4,,,1,1,204,0,12,12,61,14,21,1
SNID Sep 2026,2026-09-16 11:36,KHYBER,BARA,FORT SLOPE,33401105,1,CBV,2026-09-09 00:00,16,1,0,4,0,0,4,1,3611,5,22,0,16,0,16,0,17,1,1,,0,,,4,,,4,,,1,1,270,0,16,16,511,45,23,1
SNID Sep 2026,2026-09-16 11:54,KHYBER,BARA,TAUDA CHEENA,33401123,1,CBV,2026-09-09 00:00,12,1,0,3,0,0,3,1,1873,31,30,0,12,0,12,0,13,1,1,,1,,,3,,,3,,,1,1,223,0,10,12,100,12,15,0
SNID Sep 2026,2026-09-15 16:21,CHARSADA,TANGI,ABAZAI,33103001,2,Non CBV,2026-09-08 00:00,28,1,0,6,0,0,6,1,7636,400,31,0,28,20,28,28,57,1,1,1,1,,,6,,,6,,,1,0,,,,,2416,13,29,0
SNID Sep 2026,2026-09-15 16:06,CHARSADA,CHARSADDA,AGRA,33101001,2,Non CBV,2026-09-08 00:00,24,3,2,6,4,6,6,1,5275,187,67,331,24,15,24,24,55,1,1,1,1,,,6,,,6,,,1,0,,,,,171,16,29,0
SNID Sep 2026,2026-09-15 16:06,CHARSADA,CHARSADDA,BAHLOLA,33101002,2,Non CBV,2026-09-08 00:00,24,2,1,5,3,4,5,1,5532,386,34,40,24,18,24,24,52,1,1,1,1,,,5,,,5,,,1,0,,,,,110,16,27,0
SNID Sep 2026,2026-09-17 14:57,CHARSADA,SHABQADAR,BATTAGRAM,33102001,2,Non CBV,2026-09-08 00:00,40,2,3,9,6,8,9,1,8527,503,37,298,40,36,40,40,88,1,,1,0,,,9,,,9,,,1,0,,,,,284,9,45,0
SNID Sep 2026,2026-09-17 14:54,CHARSADA,CHARSADDA,CHENDRO DAAG,33101003,2,Non CBV,2026-09-08 00:00,15,1,1,3,2,1,3,1,3231,203,35,50,15,9,15,15,33,1,1,1,1,,,3,,,3,,,1,0,,,,,,4,17,0
SNID Sep 2026,2026-09-15 16:05,CHARSADA,CHARSADDA,DARGAY,33101004,2,Non CBV,2026-09-08 00:00,19,2,0,4,0,3,4,1,3928,195,54,0,19,19,19,19,40,1,1,1,0,,,4,,,4,,,1,0,,,,,149,9,21,0
SNID Sep 2026,2026-09-15 16:05,CHARSADA,SHABQADAR,DAULAT PURA,33102002,2,Non CBV,2026-09-08 00:00,26,1,2,6,4,5,6,1,5228,207,27,116,26,26,26,26,57,1,1,1,0,,,6,,,6,,,1,0,,,,,132,25,29,0
SNID Sep 2026,2026-09-16 15:58,CHARSADA,TANGI,DHAKKI,33103002,2,Non CBV,2026-09-08 00:00,37,2,1,8,3,6,8,1,8858,375,60,133,37,32,37,36,78,1,1,1,1,,,8,,,8,,,1,0,,,,,8417,32,40,0
SNID Sep 2026,2026-09-17 14:55,CHARSADA,CHARSADDA,DHERI ZARDAD,33101005,2,Non CBV,2026-09-08 00:00,42,2,1,9,4,9,9,1,8868,541,70,90,42,25,42,42,88,1,1,1,1,,,9,,,9,,,1,0,,,,,484,33,45,0
SNID Sep 2026,2026-09-17 14:55,CHARSADA,CHARSADDA,DOSEHRA,33101006,2,Non CBV,2026-09-08 00:00,35,2,0,8,5,6,8,1,6444,396,39,0,35,19,35,35,72,1,1,1,1,,,8,,,8,,,1,0,,,,,450,34,37,0
SNID Sep 2026,2026-09-17 14:59,CHARSADA,TANGI,GANDHERI,33103003,2,Non CBV,2026-09-08 00:00,36,2,0,8,1,4,8,1,10777,419,20,0,36,24,36,36,74,1,1,1,0,,,8,,,8,,,1,0,,,,,9817,56,38,0
SNID Sep 2026,2026-09-17 14:55,CHARSADA,CHARSADDA,GHONDA KARKANA,33101007,2,Non CBV,2026-09-08 00:00,17,2,1,4,3,3,4,1,3421,233,44,108,17,8,17,17,38,1,1,1,0,,,4,,,4,,,1,0,,,,,,0,20,0
SNID Sep 2026,2026-09-15 16:02,CHARSADA,SHABQADAR,HAJIZAI,33102003,2,Non CBV,2026-09-08 00:00,21,1,2,5,2,2,5,1,5431,314,45,270,21,11,21,21,47,1,1,1,1,,,5,,,5,,,1,0,,,,,201,34,24,0
SNID Sep 2026,2026-09-17 14:59,CHARSADA,TANGI,HARICHAND,33103004,2,Non CBV,2026-09-08 00:00,21,1,2,5,1,3,5,1,5652,309,16,347,21,17,21,21,47,1,1,1,1,,,5,,,5,,,1,0,,,,,5583,21,24,0
SNID Sep 2026,2026-09-17 14:58,CHARSADA,SHABQADAR,HASSANZAI,33102004,2,Non CBV,2026-09-08 00:00,29,1,0,6,1,3,6,1,5864,324,37,0,29,20,29,29,59,1,1,1,1,,,6,,,6,,,1,0,,,,,,23,30,0
SNID Sep 2026,2026-09-15 15:53,CHARSADA,TANGI,HISARA NEHRI,33103005,2,Non CBV,2026-09-08 00:00,18,1,0,4,1,2,4,1,4237,275,30,0,18,11,18,18,37,1,1,1,1,,,4,,,4,,,1,0,,,,,3546,14,19,0
SNID Sep 2026,2026-09-17 14:55,CHARSADA,CHARSADDA,HISARA YASENZAI,33101008,2,Non CBV,2026-09-08 00:00,34,1,1,8,3,5,8,1,7713,821,32,86,34,27,34,34,71,1,1,1,1,,,8,,,8,,,1,0,,,,,1594,48,36,0
SNID Sep 2026,2026-09-14 16:00,CHARSADA,SHABQADAR,KANGRA,33102005,2,Non CBV,2026-09-08 00:00,12,1,1,3,3,3,3,1,2622,92,15,39,12,12,12,12,27,1,1,1,1,,,3,,,3,,,1,0,,,,,129,10,14,0
SNID Sep 2026,2026-09-15 15:53,CHARSADA,SHABQADAR,KATOZAI,33102006,2,Non CBV,2026-09-08 00:00,29,1,2,6,1,1,6,1,5086,334,19,121,29,16,29,29,63,1,1,1,0,,,6,,,6,,,1,0,,,,,917,19,32,0
SNID Sep 2026,2026-09-17 14:56,CHARSADA,CHARSADDA,KHANMAI,33101009,2,Non CBV,2026-09-08 00:00,17,1,1,4,2,1,4,1,3603,312,24,151,17,9,17,17,37,1,1,1,1,,,4,,,4,,,1,0,,,,,153,13,19,0
SNID Sep 2026,2026-09-15 15:52,CHARSADA,TANGI,KOZ BEHRAM DHERI,33103006,2,Non CBV,2026-09-08 00:00,17,1,0,5,2,3,5,1,4265,276,34,0,17,8,17,17,35,1,1,1,0,,,5,,,5,,,1,0,,,,,4241,11,18,0
SNID Sep 2026,2026-09-17 14:59,CHARSADA,TANGI,MANDANI,33103007,2,Non CBV,2026-09-08 00:00,18,1,0,5,2,2,5,1,4973,359,21,0,18,18,18,18,37,1,1,1,0,,,5,,,5,,,1,0,,,,,4582,15,19,0
SNID Sep 2026,2026-09-17 14:58,CHARSADA,SHABQADAR,MATA MUGHAL KHEL,33102007,2,Non CBV,2026-09-08 00:00,26,1,2,7,2,1,7,1,5287,259,54,240,26,24,26,26,57,1,1,,1,,,7,,,7,,,1,0,,,,,255,18,29,0
SNID Sep 2026,2026-09-17 14:59,CHARSADA,TANGI,MC TANGI,33103008,2,Non CBV,2026-09-08 00:00,47,1,7,10,6,4,10,1,9642,447,77,922,47,41,47,47,109,1,1,1,1,,,10,,,10,,,1,0,,,,,488,25,55,0
SNID Sep 2026,2026-09-17 14:56,CHARSADA,CHARSADDA,MC-1 CHARSADDA,33101010,2,Non CBV,2026-09-08 00:00,24,1,4,6,3,5,6,1,4777,321,90,986,24,20,24,24,57,1,1,1,1,,,6,,,6,,,1,0,,,,,566,1,29,0
SNID Sep 2026,2026-09-15 15:51,CHARSADA,SHABQADAR,MC-1 SHABQADAR,33102008,2,Non CBV,2026-09-08 00:00,18,1,3,4,0,1,4,1,5494,406,63,655,18,10,18,18,43,1,1,1,1,,,4,,,4,,,1,0,,,,,233,15,22,0
SNID Sep 2026,2026-09-15 15:51,CHARSADA,CHARSADDA,MC-2 CHARSADDA,33101011,2,Non CBV,2026-09-08 00:00,24,1,1,5,3,2,5,1,5473,276,16,75,24,15,24,24,51,1,1,1,0,,,5,,,5,,,1,0,,,,,126,13,26,0
SNID Sep 2026,2026-09-16 16:04,CHARSADA,SHABQADAR,MC-2 SHABQADAR,33102009,2,Non CBV,2026-09-08 00:00,17,0,3,4,1,4,4,1,4089,338,0,291,17,14,17,17,40,1,1,1,1,,,4,,,4,,,1,0,,,,,269,10,20,0
SNID Sep 2026,2026-09-15 15:50,CHARSADA,CHARSADDA,MC-3 CHARSADDA,33101012,2,Non CBV,2026-09-08 00:00,17,1,0,4,1,2,4,1,3406,170,25,0,17,11,17,17,35,1,1,1,0,,,4,,,4,,,1,0,,,,,153,4,18,0
SNID Sep 2026,2026-09-17 14:58,CHARSADA,SHABQADAR,MC-3 SHABQADAR,33102010,2,Non CBV,2026-09-08 00:00,28,0,1,6,1,2,6,1,6018,518,0,280,28,14,28,28,58,1,1,1,1,,,6,,,6,,,1,0,,,,,494,40,29,0
SNID Sep 2026,2026-09-15 15:50,CHARSADA,CHARSADDA,MC-4 CHARSADDA,33101013,2,Non CBV,2026-09-08 00:00,28,0,3,6,2,5,6,1,5660,383,0,713,28,14,28,28,62,1,1,1,1,,,6,,,6,,,1,0,,,,,503,10,31,0
SNID Sep 2026,2026-09-17 14:56,CHARSADA,CHARSADDA,MERA UMERZAI,33101014,2,Non CBV,2026-09-08 00:00,12,1,0,3,2,1,3,1,2183,152,19,0,12,10,12,12,25,1,1,1,1,,,3,,,3,,,1,0,,,,,552,24,13,0
SNID Sep 2026,2026-09-15 15:48,CHARSADA,CHARSADDA,MIRA PRANG,33101015,2,Non CBV,2026-09-08 00:00,18,1,0,4,2,4,4,1,3842,188,27,0,18,12,18,18,37,1,1,1,1,,,4,,,4,,,1,0,,,,,63,8,19,0
SNID Sep 2026,2026-09-17 14:59,CHARSADA,TANGI,MIRZA DHER,33103009,2,Non CBV,2026-09-08 00:00,17,1,0,4,1,3,4,1,3524,225,15,0,17,10,17,17,35,1,1,1,0,,,4,,,4,,,1,0,,,,,92,27,18,0
SNID Sep 2026,2026-09-16 16:04,CHARSADA,CHARSADDA,MOHAMMAD NARI,33101016,2,Non CBV,2026-09-08 00:00,37,2,0,8,1,1,8,1,9063,405,57,0,37,20,37,37,76,1,1,1,0,,,8,,,8,,,1,0,,,,,2633,22,39,0
SNID Sep 2026,2026-09-15 15:47,CHARSADA,CHARSADDA,NISATTA,33101017,2,Non CBV,2026-09-08 00:00,22,2,2,5,1,3,5,1,5456,239,104,153,22,8,22,22,50,1,1,1,1,,,5,,,5,,,1,0,,,,,0,28,26,0
SNID Sep 2026,2026-09-15 15:40,CHARSADA,SHABQADAR,PANJPAO,33102011,2,Non CBV,2026-09-08 00:00,21,1,0,5,1,3,5,1,6002,212,44,0,21,16,21,21,43,1,1,1,1,,,5,,,5,,,1,0,,,,,2984,48,22,0
SNID Sep 2026,2026-09-17 14:57,CHARSADA,CHARSADDA,RAJJAR 1,33101018,2,Non CBV,2026-09-08 00:00,31,2,3,7,6,5,7,1,7250,300,63,847,31,22,31,31,70,1,1,1,1,,,7,,,7,,,1,0,,,,,701,24,36,0
SNID Sep 2026,2026-09-15 15:40,CHARSADA,CHARSADDA,RAJJAR 2,33101019,2,Non CBV,2026-09-08 00:00,15,1,0,3,0,1,3,1,3606,164,13,0,15,7,15,15,31,1,1,1,1,,,3,,,3,,,1,0,,,,,928,17,16,0
SNID Sep 2026,2026-09-17 14:58,CHARSADA,SHABQADAR,RASHAKI,33102012,2,Non CBV,2026-09-08 00:00,36,1,1,8,0,4,8,1,8785,503,40,54,36,9,36,36,75,1,1,1,1,,,8,,,8,,,1,0,,,,,421,5,38,0
SNID Sep 2026,2026-09-15 15:39,CHARSADA,CHARSADDA,SARKI TETARA,33101020,2,Non CBV,2026-09-08 00:00,23,1,0,5,3,3,5,1,4874,310,50,0,23,23,23,23,47,1,1,1,1,,,5,,,5,,,1,0,,,,,510,12,24,0
SNID Sep 2026,2026-09-15 15:39,CHARSADA,CHARSADDA,SHEIKHO,33101021,2,Non CBV,2026-09-08 00:00,22,1,1,5,1,4,5,1,4934,293,44,65,22,6,22,22,47,1,1,1,1,,,5,,,5,,,1,0,,,,,202,13,24,0
SNID Sep 2026,2026-09-16 16:05,CHARSADA,TANGI,SHERPAO,33103010,2,Non CBV,2026-09-08 00:00,30,1,2,7,5,5,7,1,6922,338,19,111,30,18,30,30,65,1,1,1,1,,,7,,,7,,,1,0,,,,,946,27,33,0
SNID Sep 2026,2026-09-15 15:38,CHARSADA,TANGI,SHODAAG,33103011,2,Non CBV,2026-09-08 00:00,21,2,0,5,2,5,5,1,6354,387,86,0,21,21,21,21,44,1,1,1,1,,,5,,,5,,,1,0,,,,,5522,15,23,0
SNID Sep 2026,2026-09-15 15:37,CHARSADA,CHARSADDA,TURANGZAI,33101022,2,Non CBV,2026-09-08 00:00,18,2,0,4,2,2,4,1,3772,237,37,0,18,18,18,18,38,1,1,1,1,,,4,,,4,,,1,0,,,,,214,10,20,0
SNID Sep 2026,2026-09-17 14:57,CHARSADA,CHARSADDA,TURNAB,33101023,2,Non CBV,2026-09-08 00:00,20,1,1,4,0,3,4,1,3578,329,23,47,20,19,20,20,43,1,1,1,1,,,4,,,4,,,1,0,,,,,32,10,22,0
SNID Sep 2026,2026-09-17 14:57,CHARSADA,CHARSADDA,UMERZAI,33101024,2,Non CBV,2026-09-08 00:00,38,1,2,8,7,6,8,1,7394,434,46,165,38,23,38,38,81,1,1,1,0,,,8,,,8,,,1,0,,,,,194,36,41,0
SNID Sep 2026,2026-09-16 16:06,CHARSADA,CHARSADDA,UTMANZAI,33101025,2,Non CBV,2026-09-08 00:00,34,1,1,7,4,6,7,1,6113,456,43,76,34,25,34,34,71,1,1,1,1,,,7,,,7,,,1,0,,,,,765,11,36,0
SNID Sep 2026,2026-09-17 15:00,CHARSADA,TANGI,ZIAM,33103012,2,Non CBV,2026-09-08 00:00,17,1,0,4,2,3,4,1,3800,213,2,0,17,11,17,17,35,1,1,1,1,,,4,,,4,,,1,0,,,,,,12,18,0
SNID Sep 2026,2026-09-16 14:25,PESHAWAR,CITY,ANDERSHEHER,33004001,1,CBV,2026-09-10 00:00,8,2,4,2,2,2,2,1,869,46,285,990,8,8,7,8,18,1,1,1,1,,,2,,,2,,,1,1,154,0,8,8,202,2,14,0
SNID Sep 2026,2026-09-15 15:02,PESHAWAR,CITY,ASIA DABGARI,33004002,1,CBV,2026-09-10 00:00,14,1,2,3,3,3,3,1,2793,130,52,241,14,14,10,14,19,1,1,1,1,,,3,,,3,,,1,1,324,0,14,14,791,15,23,0
SNID Sep 2026,2026-09-15 15:02,PESHAWAR,CITY,CANTT WARD 1,33004003,1,SMT,2026-09-10 00:00,11,0,2,3,3,3,3,1,756,188,0,546,11,11,1,11,26,1,1,,1,,,3,,,3,,,1,1,170,0,2,11,69,4,17,0
SNID Sep 2026,2026-09-17 16:03,PESHAWAR,CITY,CANTT WARD 2,33004004,1,SMT,2026-09-10 00:00,11,2,3,3,3,3,3,1,1861,366,108,218,11,11,0,11,30,1,,,1,,,3,,,3,,,1,1,451,0,0,11,0,13,16,0
SNID Sep 2026,2026-09-15 15:04,PESHAWAR,CITY,CANTT WARD 3,33004005,1,SMT,2026-09-10 00:00,8,1,4,2,2,2,2,1,812,229,106,657,8,8,4,8,25,1,1,,1,,,2,,,2,,,1,1,144,0,0,8,0,2,13,0
SNID Sep 2026,2026-09-15 15:04,PESHAWAR,CITY,CANTT WARD 4,33004006,1,SMT,2026-09-10 00:00,9,1,2,2,2,2,2,1,1154,140,44,445,9,9,3,9,23,1,1,,1,,,2,,,2,,,1,1,203,0,9,9,0,3,13,0
SNID Sep 2026,2026-09-16 14:41,PESHAWAR,SMT,CANTT WARD 5,33008003,1,SMT,2026-09-10 00:00,12,2,3,4,4,4,4,1,1607,201,131,711,12,12,4,12,32,1,1,,0,,,4,,,4,,,1,1,111,0,12,12,0,4,18,0
SNID Sep 2026,2026-09-17 16:05,PESHAWAR,CITY,FAQIR ABAD,33004007,1,CBV,2026-09-10 00:00,14,1,1,3,3,3,3,1,2517,231,46,114,14,14,5,14,17,1,1,1,0,,,3,,,3,,,1,1,391,0,14,14,828,17,23,0
SNID Sep 2026,2026-09-15 15:05,PESHAWAR,CITY,GULBAHAR,33004008,1,CBV,2026-09-10 00:00,15,3,1,4,4,4,4,1,3259,556,203,89,15,15,8,15,20,1,1,1,1,,,4,,,4,,,1,1,393,0,15,15,909,5,23,0
SNID Sep 2026,2026-09-15 15:06,PESHAWAR,CITY,GUNJ,33004009,1,CBV,2026-09-10 00:00,10,1,3,2,2,2,2,1,1906,131,99,613,10,10,9,10,17,1,1,,1,,,2,,,2,,,1,1,207,0,10,10,334,12,15,0
SNID Sep 2026,2026-09-17 16:06,PESHAWAR,CITY,HASAN GARHI 1,33004010,1,CBV,2026-09-10 00:00,35,1,1,9,9,9,9,1,11560,298,77,162,35,35,27,35,38,1,1,1,1,,,9,,,9,,,1,1,858,0,35,35,8221,180,52,0
SNID Sep 2026,2026-09-15 15:06,PESHAWAR,CITY,HASAN GARHI 2,33004011,1,CBV,2026-09-10 00:00,40,1,1,9,8,9,9,1,8594,593,117,47,40,40,29,40,43,1,1,1,0,,,9,,,9,,,1,1,658,0,40,40,2370,117,50,0
SNID Sep 2026,2026-09-17 16:07,PESHAWAR,CITY,HAYAT ABAD 1,33004012,1,CBV,2026-09-10 00:00,44,1,14,11,9,11,11,1,5490,684,178,4517,44,44,18,39,73,1,1,1,0,,,11,,,11,,,1,1,562,0,44,44,2666,34,66,0
SNID Sep 2026,2026-09-17 16:07,PESHAWAR,CITY,HAYAT ABAD 2,33004013,1,CBV,2026-09-10 00:00,69,1,5,18,13,18,18,1,11454,639,71,1009,69,69,33,68,80,1,1,1,1,,,18,,,18,,,1,1,830,0,69,69,6304,60,102,0
SNID Sep 2026,2026-09-15 15:07,PESHAWAR,CITY,JEHANGIR PURA,33004014,1,CBV,2026-09-10 00:00,13,0,1,3,3,3,3,1,1564,45,0,76,13,13,11,13,15,1,1,1,1,,,3,,,3,,,1,1,323,0,13,13,386,7,20,0
SNID Sep 2026,2026-09-16 14:26,PESHAWAR,CITY,KAKSHAL,33004015,1,CBV,2026-09-10 00:00,22,1,0,5,5,5,5,1,6935,232,66,0,22,22,11,22,23,1,1,1,1,,,5,,,5,,,1,1,609,0,22,22,2679,26,34,0
SNID Sep 2026,2026-09-15 15:07,PESHAWAR,CITY,KARIM PURA,33004016,1,CBV,2026-09-10 00:00,11,3,5,3,3,3,3,1,1919,154,210,1142,11,11,5,11,24,1,1,1,1,,,3,,,3,,,1,1,239,0,11,11,417,6,17,0
SNID Sep 2026,2026-09-16 14:27,PESHAWAR,CITY,KHALSA 1,33004017,1,CBV,2026-09-10 00:00,33,1,9,7,7,7,7,1,8131,356,78,2989,33,33,29,33,52,1,1,1,0,,,7,,,7,,,1,1,1006,0,33,33,4062,43,49,0
SNID Sep 2026,2026-09-17 16:08,PESHAWAR,CITY,KHALSA 2,33004018,1,CBV,2026-09-10 00:00,41,1,2,9,9,9,9,1,14119,473,75,743,41,41,34,41,46,1,,1,1,,,9,,,9,,,1,1,1142,0,41,41,6850,107,59,0
SNID Sep 2026,2026-09-15 15:08,PESHAWAR,CITY,LAHORI,33004019,1,CBV,2026-09-10 00:00,9,1,4,2,2,2,2,1,1879,88,44,617,9,9,7,9,18,1,1,1,1,,,2,,,2,,,1,1,203,0,9,9,169,5,15,0
SNID Sep 2026,2026-09-17 16:09,PESHAWAR,CITY,MALAKANDHER,33004020,1,CBV,2026-09-10 00:00,60,3,3,17,14,17,17,1,17873,588,136,455,60,60,54,50,69,1,1,1,1,,,17,,,17,,,1,1,1233,0,60,60,10427,114,85,0
SNID Sep 2026,2026-09-15 15:09,PESHAWAR,CITY,MEHAL TERAI 1,33004021,1,CBV,2026-09-10 00:00,23,1,5,5,5,5,5,1,5727,225,48,973,23,23,20,23,34,1,1,1,0,,,5,,,5,,,1,1,441,0,23,23,2339,43,36,0
SNID Sep 2026,2026-09-15 15:09,PESHAWAR,CITY,MEHAL TERAI 2,33004022,1,CBV,2026-09-10 00:00,43,1,4,9,9,9,9,1,12071,814,85,778,43,43,38,43,52,1,1,1,1,,,9,,,9,,,1,1,799,0,43,43,4141,152,63,0
SNID Sep 2026,2026-09-15 15:10,PESHAWAR,CITY,PALOSI,33004023,1,CBV,2026-09-10 00:00,26,1,4,7,5,7,7,1,9955,198,125,922,26,26,26,26,35,1,1,1,1,,,7,,,7,,,1,1,887,0,26,26,1715,77,44,0
SNID Sep 2026,2026-09-16 14:28,PESHAWAR,CITY,PAWAKA,33004024,1,CBV,2026-09-10 00:00,29,2,0,7,7,7,7,1,7420,375,73,0,29,29,26,29,31,1,1,1,1,,,7,,,7,,,1,1,838,0,29,29,1342,69,43,0
SNID Sep 2026,2026-09-16 14:28,PESHAWAR,CITY,REGI,33004025,1,CBV,2026-09-10 00:00,20,1,4,5,5,5,5,1,6725,167,39,518,20,20,17,20,29,1,1,,1,,,5,,,5,,,1,1,1051,0,20,20,514,87,30,0
SNID Sep 2026,2026-09-15 15:10,PESHAWAR,CITY,SHAHEEN TOWN,33004026,1,CBV,2026-09-10 00:00,23,2,2,6,6,6,6,1,4317,305,63,153,23,23,18,23,29,1,1,,0,,,6,,,6,,,1,1,638,0,23,23,860,48,41,0
SNID Sep 2026,2026-09-15 15:11,PESHAWAR,CITY,SHAHI BAGH,33004027,1,CBV,2026-09-10 00:00,17,2,6,4,4,4,4,1,3946,114,103,1179,17,17,13,17,31,1,1,1,1,,,4,,,4,,,1,1,215,0,17,17,2093,21,25,0
SNID Sep 2026,2026-09-16 14:29,PESHAWAR,CITY,SIKANDAR TOWN,33004028,1,CBV,2026-09-10 00:00,16,4,8,4,3,4,4,1,3900,245,278,1464,16,16,10,16,36,1,1,1,1,,,4,,,4,,,1,1,307,0,16,16,1369,16,25,0
SNID Sep 2026,2026-09-16 14:29,PESHAWAR,CITY,SUFAID DHERI,33004029,1,CBV,2026-09-10 00:00,63,3,4,15,15,15,15,1,18036,569,181,688,63,63,53,63,74,1,1,,1,,,15,,,15,,,1,1,900,0,63,63,8972,148,94,0
SNID Sep 2026,2026-09-16 14:30,PESHAWAR,CITY,TEHKAL BALA,33004030,1,CBV,2026-09-10 00:00,33,2,3,8,8,8,8,1,10404,375,107,132,33,33,29,33,41,1,1,1,1,,,8,,,8,,,1,1,385,0,33,33,2060,121,56,0
SNID Sep 2026,2026-09-15 15:11,PESHAWAR,CITY,TEHKAL PAYAN,33004031,1,CBV,2026-09-10 00:00,19,1,2,4,4,4,4,1,5354,201,61,118,19,19,14,19,24,1,1,1,0,,,4,,,4,,,1,1,432,0,19,19,875,120,29,0
SNID Sep 2026,2026-09-15 15:13,PESHAWAR,CITY,TEHKAL PAYAN 2 IRRIG,33004032,1,CBV,2026-09-10 00:00,14,3,0,4,4,4,4,1,3849,183,148,0,14,14,13,14,17,1,1,1,0,,,4,,,4,,,1,1,0,0,14,14,1098,73,25,0
SNID Sep 2026,2026-09-15 15:13,PESHAWAR,CITY,UNIVERSITY TOWN,33004033,1,CBV,2026-09-10 00:00,24,1,14,6,6,6,6,1,2987,662,53,3269,24,24,5,24,53,1,,1,0,,,6,,,6,,,1,1,903,0,24,24,1395,26,36,0
SNID Sep 2026,2026-09-16 14:30,PESHAWAR,HASSAN KHEL,BARKI,33003003,1,Non CBV,2026-09-10 00:00,11,3,0,3,0,3,3,1,1570,0,0,0,11,11,11,6,25,1,1,,0,,,3,,,3,,,1,1,40,0,0,11,,17,11,0
SNID Sep 2026,2026-09-15 15:14,PESHAWAR,HASSAN KHEL,BORA,33003004,1,Non CBV,2026-09-10 00:00,7,2,0,3,0,3,3,1,710,26,4,0,7,7,6,0,16,1,1,,0,,,3,,,3,,,1,1,122,0,0,7,0,3,13,0
SNID Sep 2026,2026-09-15 15:14,PESHAWAR,HASSAN KHEL,FARIDI,33003001,1,Non CBV,2026-09-10 00:00,17,4,3,5,1,5,5,1,2896,7,0,0,17,17,17,12,44,1,1,1,0,,,5,,,5,,,1,1,330,0,0,17,0,18,29,0
SNID Sep 2026,2026-09-15 15:14,PESHAWAR,HASSAN KHEL,HASSAN KHEL,33003005,1,Non CBV,2026-09-10 00:00,11,2,1,3,0,3,3,1,1617,0,0,0,11,11,11,0,26,1,1,,0,,,3,,,3,,,1,1,37,0,0,11,,16,14,0
SNID Sep 2026,2026-09-15 15:15,PESHAWAR,HASSAN KHEL,KOHI,33003006,1,Non CBV,2026-09-10 00:00,6,1,0,2,0,2,2,1,704,0,0,0,6,6,6,6,13,1,1,,0,,,2,,,2,,,1,1,18,0,0,6,0,12,6,0
SNID Sep 2026,2026-09-15 15:15,PESHAWAR,HASSAN KHEL,MANDAI,33003002,1,Non CBV,2026-09-10 00:00,15,4,2,4,0,4,4,1,2529,4,0,0,15,15,15,1,38,1,1,,0,,,4,,,4,,,1,1,45,0,15,15,0,15,29,0
SNID Sep 2026,2026-09-16 14:31,PESHAWAR,MATTANI,ACHINI,33005001,1,CBV,2026-09-10 00:00,30,2,3,7,2,7,7,1,11249,309,90,407,30,30,21,24,38,1,1,1,1,,,7,,,7,,,1,1,554,0,30,30,5875,159,47,0
SNID Sep 2026,2026-09-16 14:31,PESHAWAR,MATTANI,BAZID KHEL,33005002,1,CBV,2026-09-10 00:00,27,1,2,7,6,7,7,1,9267,300,34,349,27,27,26,26,32,1,1,1,0,,,7,,,7,,,1,1,468,0,27,27,1558,240,47,0
SNID Sep 2026,2026-09-16 14:31,PESHAWAR,MATTANI,MASHOGAGAR,33005003,1,CBV,2026-09-10 00:00,44,3,3,11,7,11,11,1,14658,471,220,400,44,44,38,31,53,1,1,1,1,,,11,,,11,,,1,1,403,0,44,44,9019,219,65,0
SNID Sep 2026,2026-09-16 14:32,PESHAWAR,MATTANI,MATTANI,33005004,1,CBV,2026-09-10 00:00,26,1,3,6,0,6,6,1,9553,274,12,521,26,26,19,15,33,1,1,1,1,,,6,,,6,,,1,1,258,0,26,26,1852,178,42,0
SNID Sep 2026,2026-09-16 14:32,PESHAWAR,MATTANI,PISHTAKHARA,33005005,1,CBV,2026-09-10 00:00,29,1,2,7,7,7,7,1,11272,395,81,378,29,29,26,29,34,1,1,1,1,,,7,,,7,,,1,1,494,0,29,29,4570,160,44,0
SNID Sep 2026,2026-09-16 14:33,PESHAWAR,MATTANI,SARBAND,33005006,1,CBV,2026-09-10 00:00,28,1,3,7,7,7,7,1,11423,388,126,512,28,28,24,28,35,1,1,1,1,,,7,,,7,,,1,1,599,0,28,28,5868,181,47,0
SNID Sep 2026,2026-09-15 15:15,PESHAWAR,MATTANI,SHEIKH MOHAMMADI,33005007,1,CBV,2026-09-10 00:00,23,1,2,6,6,6,6,1,8220,135,39,183,23,23,22,23,28,1,1,1,0,,,6,,,6,,,1,1,379,0,23,23,1782,163,37,0
SNID Sep 2026,2026-09-16 14:33,PESHAWAR,MATTANI,SHEIKHAN,33005008,1,CBV,2026-09-10 00:00,26,2,3,7,7,7,7,1,10138,264,96,400,26,26,26,26,34,1,1,1,1,,,7,,,7,,,1,1,539,0,26,26,4458,204,40,0
SNID Sep 2026,2026-09-16 14:33,PESHAWAR,MATTANI,SULEMAN KHEIL,33005009,1,CBV,2026-09-10 00:00,16,1,2,5,3,5,5,1,6304,149,19,66,16,16,12,16,21,1,1,1,0,,,5,,,5,,,1,1,286,0,16,16,1948,134,27,0
SNID Sep 2026,2026-09-16 14:34,PESHAWAR,SADDAR,ADEZAI,33006001,1,CBV,2026-09-10 00:00,24,1,1,7,5,7,7,1,5963,111,28,59,24,24,23,20,27,1,1,1,1,,,7,,,7,,,1,1,512,0,24,24,1462,90,35,0
SNID Sep 2026,2026-09-16 14:34,PESHAWAR,SADDAR,AZAKHEL TELABAND,33006002,1,CBV,2026-09-10 00:00,21,3,1,7,3,7,7,1,7150,77,124,31,21,21,20,15,26,1,1,1,0,,,7,,,7,,,1,1,511,0,21,21,249,139,35,0
SNID Sep 2026,2026-09-15 15:16,PESHAWAR,SADDAR,BADABER HUREZAI,33006003,1,CBV,2026-09-10 00:00,20,1,1,7,3,7,7,1,6865,91,21,66,20,20,17,17,23,1,1,1,1,,,7,,,7,,,1,1,288,0,20,20,3368,80,32,0
SNID Sep 2026,2026-09-15 15:16,PESHAWAR,SADDAR,BADABER MARYAMZAI,33006004,1,CBV,2026-09-10 00:00,15,2,2,4,3,4,4,1,5639,199,114,293,15,15,14,15,21,1,1,,1,,,4,,,4,,,1,1,219,0,15,15,640,105,28,0
SNID Sep 2026,2026-09-15 15:17,PESHAWAR,SADDAR,CHAMKANI,33006005,1,CBV,2026-09-10 00:00,27,1,1,8,8,8,8,1,9109,306,38,114,27,27,26,27,30,1,1,1,1,,,8,,,8,,,1,1,1086,0,27,27,2832,60,41,0
SNID Sep 2026,2026-09-15 15:18,PESHAWAR,SADDAR,MARYAM ZAI,33006006,1,CBV,2026-09-10 00:00,15,1,1,5,4,5,5,1,5308,125,70,168,15,15,13,13,18,1,1,,1,,,5,,,5,,,1,1,230,0,15,15,233,130,26,0
SNID Sep 2026,2026-09-16 14:34,PESHAWAR,SADDAR,MERA KACHORI,33006007,1,CBV,2026-09-10 00:00,43,2,3,13,9,13,13,1,14118,380,119,584,43,43,38,43,51,1,1,,0,,,13,,,13,,,1,1,1171,0,43,43,7362,120,62,0
SNID Sep 2026,2026-09-15 15:18,PESHAWAR,SADDAR,MERA SUREZAI PAYAN,33006008,1,CBV,2026-09-10 00:00,26,1,3,8,4,8,8,1,8735,91,30,371,26,26,23,8,33,1,1,1,1,,,8,,,8,,,1,1,264,0,26,26,5552,107,38,0
SNID Sep 2026,2026-09-16 14:35,PESHAWAR,SADDAR,MUSAZAI,33006009,1,CBV,2026-09-10 00:00,31,2,3,9,7,9,9,1,11095,257,80,389,31,31,19,31,39,1,1,1,1,,,9,,,9,,,1,1,295,0,31,31,5956,76,47,0
SNID Sep 2026,2026-09-15 15:18,PESHAWAR,SADDAR,SHERAKERA,33006010,1,CBV,2026-09-10 00:00,11,1,2,4,3,4,4,1,2970,60,67,180,11,11,9,11,16,1,1,,0,,,4,,,4,,,1,1,176,0,11,11,425,64,17,0
SNID Sep 2026,2026-09-15 15:19,PESHAWAR,SADDAR,SUREZAI BALA,33006011,1,CBV,2026-09-10 00:00,14,1,2,5,2,5,5,1,3612,44,13,153,14,14,14,9,19,1,1,1,1,,,5,,,5,,,1,1,52,0,14,14,455,95,25,0
SNID Sep 2026,2026-09-15 15:19,PESHAWAR,SADDAR,SUREZAI PAYAN,33006012,1,CBV,2026-09-10 00:00,25,1,3,7,7,7,7,1,8711,146,39,231,25,25,21,24,32,1,1,,1,,,7,,,7,,,1,1,341,0,7,25,2440,83,43,0
SNID Sep 2026,2026-09-16 14:35,PESHAWAR,SADDAR,URMAR BALA,33006013,1,CBV,2026-09-10 00:00,60,7,4,18,6,18,18,1,15391,248,342,326,60,60,56,22,75,1,1,,1,,,18,,,18,,,1,1,590,7,60,60,9957,103,86,0
SNID Sep 2026,2026-09-16 14:36,PESHAWAR,SADDAR,URMAR MIANA,33006014,1,CBV,2026-09-10 00:00,22,2,1,6,5,6,6,1,6870,264,87,50,22,22,22,19,26,1,1,1,0,,,6,,,6,,,1,1,309,0,22,22,1850,49,36,0
SNID Sep 2026,2026-09-15 15:19,PESHAWAR,SADDAR,URMAR PAYAN,33006015,1,CBV,2026-09-10 00:00,13,2,4,4,4,4,4,1,4232,162,59,202,13,13,10,13,23,1,1,1,1,,,4,,,4,,,1,1,220,0,13,13,187,41,20,0
SNID Sep 2026,2026-09-15 15:20,PESHAWAR,SHAH ALAM,BUDHNI,33007001,1,CBV,2026-09-10 00:00,21,2,0,7,7,7,7,1,5615,299,63,0,21,21,21,21,23,1,1,1,1,,,7,,,7,,,1,1,343,0,21,21,850,49,32,0
SNID Sep 2026,2026-09-15 15:20,PESHAWAR,SHAH ALAM,CHAGARMATI,33007002,1,CBV,2026-09-10 00:00,24,2,2,7,7,7,7,1,5477,205,22,117,24,24,23,24,30,1,1,1,1,,,7,,,7,,,1,1,882,0,24,24,764,88,35,0
SNID Sep 2026,2026-09-15 15:21,PESHAWAR,SHAH ALAM,DAG,33007003,1,CBV,2026-09-10 00:00,24,2,0,6,6,6,6,1,9298,302,102,0,24,24,23,24,26,1,1,1,1,,,6,,,6,,,1,1,564,0,24,24,3558,104,37,0
SNID Sep 2026,2026-09-15 15:21,PESHAWAR,SHAH ALAM,GARHI SHER DAD,33007004,1,CBV,2026-09-10 00:00,16,1,1,4,4,4,4,1,5167,237,16,410,16,16,16,16,19,1,1,1,1,,,4,,,4,,,1,1,265,0,16,16,649,68,27,0
SNID Sep 2026,2026-09-16 14:36,PESHAWAR,SHAH ALAM,GULBELA,33007005,1,CBV,2026-09-10 00:00,31,1,2,10,10,10,10,1,7993,265,57,352,31,31,28,31,36,1,1,1,0,,,10,,,10,,,1,1,740,0,31,31,1194,39,46,0
SNID Sep 2026,2026-09-15 15:22,PESHAWAR,SHAH ALAM,HARYANA PAYAN,33007006,1,CBV,2026-09-10 00:00,30,1,0,9,9,9,9,1,12697,369,46,0,30,30,28,30,31,1,1,1,1,,,9,,,9,,,1,1,907,0,30,30,5259,155,46,0
SNID Sep 2026,2026-09-16 14:36,PESHAWAR,SHAH ALAM,JOGANI,33007007,1,CBV,2026-09-11 00:00,20,2,3,5,3,5,5,1,5067,117,74,288,20,20,20,20,28,1,1,1,0,,,5,,,5,,,1,1,374,0,20,20,2773,71,31,0
SNID Sep 2026,2026-09-15 15:22,PESHAWAR,SHAH ALAM,KAFOOR DHERI,33007008,1,CBV,2026-09-10 00:00,15,2,3,4,1,4,4,1,5429,69,32,400,15,15,13,9,23,1,1,1,1,,,4,,,4,,,1,1,189,0,15,15,1710,85,28,0
SNID Sep 2026,2026-09-15 15:23,PESHAWAR,SHAH ALAM,KANIZA,33007009,1,CBV,2026-09-10 00:00,22,1,3,7,7,7,7,1,7940,226,51,292,22,22,22,22,29,1,1,1,0,,,7,,,7,,,1,1,734,0,22,22,2121,180,34,0
SNID Sep 2026,2026-09-15 15:23,PESHAWAR,SHAH ALAM,KANKOLA,33007010,1,CBV,2026-09-10 00:00,32,2,2,10,10,10,10,1,11405,446,41,158,32,32,28,32,38,1,1,1,0,,,10,,,10,,,1,1,874,0,32,32,4107,97,46,0
SNID Sep 2026,2026-09-16 14:37,PESHAWAR,SHAH ALAM,KHAZANA,33007011,1,CBV,2026-09-10 00:00,38,1,1,10,10,10,10,1,13800,627,88,197,38,38,25,38,41,1,1,1,0,,,10,,,10,,,1,1,1059,0,38,38,5848,141,54,0
SNID Sep 2026,2026-09-16 14:38,PESHAWAR,SHAH ALAM,LALA KALAY,33007012,1,CBV,2026-09-10 00:00,28,2,3,8,8,8,8,1,7464,531,90,393,28,28,26,28,36,1,1,1,0,,,8,,,8,,,1,1,796,0,28,28,2343,55,40,0
SNID Sep 2026,2026-09-16 14:38,PESHAWAR,SHAH ALAM,LARAMA,33007013,1,CBV,2026-09-10 00:00,31,1,1,7,7,7,7,1,10709,222,91,94,31,31,16,31,34,1,1,1,0,,,7,,,7,,,1,1,502,0,31,31,8033,145,50,0
SNID Sep 2026,2026-09-16 14:38,PESHAWAR,SHAH ALAM,MATHRA,33007014,1,CBV,2026-09-10 00:00,36,2,4,10,10,10,10,1,12185,386,74,910,36,36,31,36,46,1,1,,1,,,10,,,10,,,1,1,736,0,36,36,2740,160,54,0
SNID Sep 2026,2026-09-16 14:39,PESHAWAR,SHAH ALAM,NAHAQI,33007015,1,CBV,2026-09-10 00:00,27,2,2,7,7,7,7,1,8564,480,68,373,27,27,22,27,33,1,1,1,0,,,7,,,7,,,1,1,887,0,27,27,1468,48,38,0
SNID Sep 2026,2026-09-16 14:40,PESHAWAR,SHAH ALAM,PAJAGI,33007016,1,CBV,2026-09-10 00:00,41,2,2,10,10,10,10,1,15589,401,116,613,41,41,36,41,47,1,1,,1,,,10,,,10,,,1,1,928,0,41,41,8766,198,64,0
SNID Sep 2026,2026-09-16 14:40,PESHAWAR,SHAH ALAM,PAKHA GHULAM,33007017,1,CBV,2026-09-10 00:00,42,3,4,11,9,11,11,1,13434,569,264,551,42,42,35,42,53,1,1,,1,,,11,,,11,,,1,1,1168,0,42,42,4843,82,50,0
SNID Sep 2026,2026-09-15 15:24,PESHAWAR,SHAH ALAM,PANAM DHERI,33007018,1,CBV,2026-09-10 00:00,23,1,0,6,6,6,6,1,7885,199,36,0,23,23,19,23,24,1,1,1,1,,,6,,,6,,,1,1,496,0,23,23,1885,140,35,0
SNID Sep 2026,2026-09-15 15:24,PESHAWAR,SHAH ALAM,SAEEDABAD,33007019,1,CBV,2026-09-10 00:00,24,2,0,7,7,7,7,1,5675,217,47,0,24,24,21,24,26,1,1,1,1,,,7,,,7,,,1,1,774,0,24,24,1226,69,37,0
SNID Sep 2026,2026-09-15 15:24,PESHAWAR,SHAH ALAM,SHAHI BALA,33007020,1,CBV,2026-09-10 00:00,27,1,1,7,3,7,7,1,7307,136,6,83,27,27,25,26,30,1,1,1,0,,,7,,,7,,,1,1,364,0,27,27,2037,170,42,0
SNID Sep 2026,2026-09-15 15:25,PESHAWAR,SHAH ALAM,TUKHTABAD,33007021,1,CBV,2026-09-10 00:00,26,1,1,7,6,7,7,1,7923,194,34,359,26,26,25,26,29,1,1,,0,,,7,,,7,,,1,1,764,0,26,26,1596,94,39,0
SNID Sep 2026,2026-09-15 15:25,PESHAWAR,SHAH ALAM,WADPAGA,33007022,1,CBV,2026-09-10 00:00,30,3,0,9,9,9,9,1,10239,487,154,0,30,30,28,30,33,1,1,,1,,,9,,,9,,,1,1,1186,0,30,30,2659,78,42,0
SNID Sep 2026,2026-09-15 15:26,PESHAWAR,SMT,AKHOON ABAD,33008001,1,CBV,2026-09-10 00:00,16,2,1,4,4,4,4,1,5102,76,190,197,16,16,13,16,20,1,1,1,0,,,4,,,4,,,1,1,306,0,16,16,3950,69,26,0
SNID Sep 2026,2026-09-16 14:41,PESHAWAR,SMT,BHANA MARI,33008002,1,CBV,2026-09-10 00:00,15,2,2,4,4,4,4,1,3471,85,62,381,15,15,12,15,21,1,1,1,1,,,4,,,4,,,1,1,406,0,15,15,1003,26,27,0
SNID Sep 2026,2026-09-16 14:41,PESHAWAR,SMT,DEH BAHADAR,33008004,1,CBV,2026-09-10 00:00,37,4,10,12,12,12,12,1,11706,201,308,2038,37,37,26,37,61,1,1,1,1,,,12,,,12,,,1,1,762,0,37,37,3744,156,53,0
SNID Sep 2026,2026-09-15 15:26,PESHAWAR,SMT,DERI BAGHBANAN,33008005,1,CBV,2026-09-10 00:00,16,2,2,4,4,4,4,1,3761,117,166,361,16,16,13,16,22,1,1,1,0,,,4,,,4,,,1,1,250,0,16,16,964,27,29,0
SNID Sep 2026,2026-09-16 14:42,PESHAWAR,SMT,HAZARKHWANI 1,33008006,1,CBV,2026-09-10 00:00,26,3,3,6,6,6,6,1,8386,226,327,710,26,26,15,26,35,1,1,1,0,,,6,,,6,,,1,1,633,0,26,26,3110,54,42,0
SNID Sep 2026,2026-09-15 15:26,PESHAWAR,SMT,HAZARKHWANI 2,33008007,1,CBV,2026-09-10 00:00,42,3,4,11,11,11,11,1,16900,278,421,605,42,42,31,42,53,1,1,1,1,,,11,,,11,,,1,1,690,0,42,42,9426,126,65,0
SNID Sep 2026,2026-09-15 15:27,PESHAWAR,SMT,KAKSHAL 2,33008008,1,CBV,2026-09-10 00:00,8,2,3,2,2,2,2,1,1927,120,169,635,8,8,1,8,16,1,1,1,0,,,2,,,2,,,1,1,149,0,8,8,689,13,13,0
SNID Sep 2026,2026-09-16 14:42,PESHAWAR,SMT,LANDI ARBAB,33008009,1,CBV,2026-09-10 00:00,27,2,3,7,7,7,7,1,7438,37,119,369,27,27,23,27,35,1,1,1,1,,,7,,,7,,,1,1,654,0,27,27,2107,69,44,0
SNID Sep 2026,2026-09-16 14:42,PESHAWAR,SMT,NOTHIA JADEED,33008010,1,CBV,2026-09-10 00:00,30,3,3,6,6,6,6,1,7860,358,261,291,30,30,23,30,39,1,1,1,1,,,6,,,6,,,1,1,588,0,30,30,3756,68,47,0
SNID Sep 2026,2026-09-15 15:27,PESHAWAR,SMT,NOTHIA QADEEM,33008011,1,CBV,2026-09-10 00:00,17,2,0,4,4,4,4,1,3340,234,117,0,17,17,15,17,19,1,1,1,1,,,4,,,4,,,1,1,235,0,17,17,517,25,30,0
SNID Sep 2026,2026-09-16 14:43,PESHAWAR,SMT,SHAHEEN MUSLIM TWN1,33008012,1,CBV,2026-09-10 00:00,38,4,3,11,10,11,11,1,12561,363,517,743,38,38,26,38,48,1,1,1,1,,,11,,,11,,,1,1,876,0,38,38,4107,89,56,0
SNID Sep 2026,2026-09-15 15:28,PESHAWAR,SMT,SHAHEEN MUSLIM TWN2,33008013,1,CBV,2026-09-10 00:00,14,1,2,3,3,3,3,1,4128,117,86,316,14,14,13,14,19,1,1,1,1,,,3,,,3,,,1,1,167,0,14,14,1977,33,18,0
SNID Sep 2026,2026-09-15 15:29,PESHAWAR,SMT,SHEIKH JUNAID ABAD,33008014,1,CBV,2026-09-10 00:00,13,2,1,3,3,3,3,1,3801,177,167,311,13,13,11,13,17,1,1,1,1,,,3,,,3,,,1,1,255,0,13,13,1257,26,22,0
SNID Sep 2026,2026-09-15 15:29,PESHAWAR,SMT,WAZIR BAGH,33008015,1,CBV,2026-09-10 00:00,13,1,2,3,3,3,3,1,3385,109,42,420,13,13,8,13,18,1,1,,1,,,3,,,3,,,1,1,224,0,13,13,1843,19,23,0
SNID Sep 2026,2026-09-15 15:30,PESHAWAR,SMT,YAKATOOT 1,33008016,1,CBV,2026-09-10 00:00,15,1,1,3,3,3,3,1,4550,177,44,251,15,15,13,15,18,1,1,1,1,,,3,,,3,,,1,1,197,0,15,15,3862,28,21,0
SNID Sep 2026,2026-09-15 15:30,PESHAWAR,SMT,YAKATOOT 2,33008017,1,CBV,2026-09-10 00:00,12,1,1,3,3,3,3,1,3973,23,179,454,12,12,5,12,15,1,1,,0,,,3,,,3,,,1,1,178,0,12,12,3799,26,18,0
SNID Sep 2026,2026-09-15 15:01,PESHAWAR,SMT,YAKATOOT 3,33008018,1,CBV,2026-09-10 00:00,25,1,2,5,5,5,5,1,8793,125,117,566,25,25,13,25,30,1,1,1,1,,,5,,,5,,,1,1,343,0,23,25,7122,64,42,0
SNID Sep 2026,2026-09-15 15:39,MOHMAND,EKKAGHUND,MICHANI,33502015,2,Non CBV,2026-09-10 00:00,12,1,0,3,2,3,3,1,2956,66,57,0,12,12,12,12,25,1,1,1,1,,,3,0,0,3,0,0,1,0,,,,,115,30,0,0
SNID Sep 2026,2026-09-17 09:58,MOHMAND,EKKAGHUND,DAB KOR,33502013,2,Non CBV,2026-09-10 00:00,14,1,0,4,3,4,4,1,2980,72,37,0,14,14,14,12,29,1,1,1,1,,,4,0,0,4,0,0,1,0,,,,,9,41,0,0
SNID Sep 2026,2026-09-15 15:48,MOHMAND,EKKAGHUND,EKKAGHUND,33502014,2,Non CBV,2026-09-10 00:00,23,1,2,6,0,4,6,1,4246,57,110,318,23,20,23,23,51,1,1,1,1,,,6,0,0,6,0,0,1,0,,,,,287,41,0,0
SNID Sep 2026,2026-09-15 15:16,MOHMAND,EKKAGHUND,AQRAB DAG,33502016,2,Non CBV,2026-09-10 00:00,21,1,0,5,0,5,5,1,3795,98,20,0,21,21,21,21,43,1,1,1,1,,,5,0,0,5,0,0,1,0,,,,,322,26,0,0
SNID Sep 2026,2026-09-15 14:50,MOHMAND,SAFI LAKARO,MAMAD GAT,33507022,2,Non CBV,2026-09-10 00:00,12,1,0,3,0,2,3,1,2363,86,18,0,12,5,12,0,25,1,1,1,1,,,3,0,0,3,0,0,1,0,,,,,0,17,0,0
SNID Sep 2026,2026-09-15 14:27,MOHMAND,SAFI LAKARO,MASOOD,33507023,2,Non CBV,2026-09-10 00:00,11,2,0,3,0,3,3,1,2845,40,105,0,11,7,11,3,24,1,1,1,1,,,3,0,0,3,0,0,1,0,,,,,23,20,0,0
SNID Sep 2026,2026-09-17 11:21,MOHMAND,SAFI LAKARO,SAGAI,33507024,2,Non CBV,2026-09-10 00:00,20,1,0,5,0,2,5,1,4946,112,28,0,20,3,20,0,41,1,1,,0,,,5,0,0,5,0,0,1,0,,,,,0,30,0,0
SNID Sep 2026,2026-09-16 16:57,MOHMAND,SAFI LAKARO,SANDO KHEL,33507025,2,Non CBV,2026-09-10 00:00,28,1,0,7,0,7,7,1,7321,86,12,0,28,3,28,3,57,1,1,1,1,,,7,0,0,7,0,0,1,0,8242,0,,,17,42,0,0
SNID Sep 2026,2026-09-16 14:01,MOHMAND,KHAWEZAI,JUMA KHEL,33509006,2,Non CBV,2026-09-10 00:00,10,1,1,3,0,3,3,1,2251,46,45,120,10,8,8,4,23,1,1,1,1,,,3,0,0,3,0,0,1,0,,,,,0,23,0,0
SNID Sep 2026,2026-09-17 14:26,MOHMAND,KHAWEZAI,KHADI KHEL,33509007,2,Non CBV,2026-09-10 00:00,11,0,0,3,0,3,3,1,2337,96,0,0,11,8,9,1,22,1,1,1,1,,,3,0,0,3,0,0,1,0,,,,,31,23,0,0
SNID Sep 2026,2026-09-17 11:19,MOHMAND,AMBAR,CHARGOLAI,33501010,2,Non CBV,2026-09-10 00:00,19,0,1,5,0,1,5,1,5655,3,0,45,19,2,19,0,40,1,1,1,1,,,5,0,0,5,0,0,1,0,,,,,5,56,0,0
SNID Sep 2026,2026-09-16 12:24,MOHMAND,AMBAR,HAD KOR,33501011,2,Non CBV,2026-09-10 00:00,26,0,0,6,0,2,6,1,8037,42,0,0,26,9,26,0,52,1,1,1,1,,,6,0,0,6,0,0,1,0,,,,,0,77,0,0
SNID Sep 2026,2026-09-17 14:22,MOHMAND,AMBAR,KHARAI,33501012,2,Non CBV,2026-09-10 00:00,13,0,0,3,0,1,3,1,3736,0,0,0,13,6,13,0,26,1,1,1,1,,,3,0,0,3,0,0,1,0,,,,,11,23,0,0
SNID Sep 2026,2026-09-16 14:47,MOHMAND,HALEEMZAI,GHALLANAI,33503011,2,Non CBV,2026-09-10 00:00,22,1,1,5,0,5,5,1,4971,179,28,262,22,15,22,22,47,1,1,1,1,,,5,0,0,5,0,0,1,0,,,,,206,36,0,0
SNID Sep 2026,2026-09-16 12:53,MOHMAND,HALEEMZAI,KAMALI,33503012,2,Non CBV,2026-09-10 00:00,21,2,0,5,0,5,5,1,4944,167,40,0,21,17,21,9,44,1,1,,0,,,5,0,0,5,0,0,1,0,,,,,23,38,0,0
SNID Sep 2026,2026-09-17 10:47,MOHMAND,HALEEMZAI,KASSI,33503013,2,Non CBV,2026-09-10 00:00,25,1,1,6,0,6,6,1,5426,245,9,114,25,13,25,17,53,1,1,1,1,,,6,0,0,6,0,0,1,0,,,,,23,26,0,0
SNID Sep 2026,2026-09-16 13:24,MOHMAND,PANDIALI,DANISHKOOL,33505017,2,Non CBV,2026-09-10 00:00,18,1,0,4,0,4,4,1,4916,105,9,0,18,2,18,0,37,1,1,,1,,,4,0,0,4,0,0,1,0,,,,,7,41,0,0
SNID Sep 2026,2026-09-15 15:22,MOHMAND,PANDIALI,PANDIALI,33505018,2,Non CBV,2026-09-10 00:00,23,2,0,5,0,4,5,1,4990,126,70,0,23,17,23,17,48,1,1,1,1,,,5,0,0,5,0,0,1,0,,,,,0,67,0,0
SNID Sep 2026,2026-09-15 14:37,MOHMAND,PANDIALI,TAMANZAI,33505019,2,Non CBV,2026-09-10 00:00,10,2,0,3,0,1,3,1,2150,37,54,0,10,6,10,0,22,1,1,,1,,,3,0,0,3,0,0,1,0,,,,,0,12,0,0
SNID Sep 2026,2026-09-17 14:15,MOHMAND,PANDIALI,ZAHOO,33505020,2,Non CBV,2026-09-10 00:00,23,0,0,6,0,0,6,1,5148,41,0,0,23,11,23,2,46,1,1,1,1,,,6,0,0,6,0,0,1,0,,,,,0,29,0,0
SNID Sep 2026,2026-09-15 14:30,MOHMAND,PARANG GHAAR,ASGHAR,33506009,2,Non CBV,2026-09-10 00:00,14,2,1,3,1,3,3,1,2820,86,50,87,14,14,14,14,32,1,1,1,1,,,3,0,0,3,0,0,1,0,,,,,0,12,0,0
SNID Sep 2026,2026-09-15 14:32,MOHMAND,PARANG GHAAR,NAO BUCHA,33506010,2,Non CBV,2026-09-10 00:00,13,1,0,3,2,3,3,1,2603,63,34,0,13,13,13,13,27,1,1,1,1,,,3,0,0,3,0,0,1,0,,,,,8,9,0,0
SNID Sep 2026,2026-09-15 14:31,MOHMAND,PARANG GHAAR,UMAR KHEL,33506011,2,Non CBV,2026-09-10 00:00,17,1,1,5,0,4,5,1,3217,74,10,68,17,8,17,1,37,1,1,1,1,,,5,0,0,5,0,0,1,0,,,,,29,15,0,0
SNID Sep 2026,2026-09-17 15:05,MOHMAND,SAFI LAKARO,ALINGAR,33507020,2,Non CBV,2026-09-10 00:00,12,2,0,4,0,4,4,1,1986,13,18,0,12,7,11,0,26,1,1,,0,,,4,0,0,4,0,0,1,0,,,,,0,11,0,0
SNID Sep 2026,2026-09-16 13:10,MOHMAND,SAFI LAKARO,LAKARO,33507021,2,Non CBV,2026-09-10 00:00,12,1,0,3,0,3,3,1,2722,47,22,0,12,6,12,0,25,1,1,1,1,,,3,0,0,3,0,0,1,0,,,,,0,18,0,0
SNID Sep 2026,2026-09-17 14:21,MOHMAND,BAIZAI,GHANAM SHAH,33508014,2,Non CBV,2026-09-10 00:00,15,1,0,4,0,4,4,1,1892,36,34,0,15,12,9,0,31,1,1,1,1,,,4,0,0,4,0,0,1,0,0,,,,0,31,0,0
SNID Sep 2026,2026-09-16 16:24,MOHMAND,BAIZAI,KODA KHEL,33508015,2,Non CBV,2026-09-10 00:00,12,1,0,4,0,4,4,1,2353,54,4,0,12,7,11,0,25,1,1,,0,,,4,0,0,4,0,0,1,0,,,,,0,45,0,0
SNID Sep 2026,2026-09-16 15:32,MOHMAND,BAIZAI,LANDI SHAH,33508016,2,Non CBV,2026-09-10 00:00,9,0,0,3,0,3,3,1,403,7,0,0,9,6,4,0,18,1,1,,0,,,3,0,0,3,0,0,1,0,,,,,0,5,0,0
SNID Sep 2026,2026-09-17 12:47,MOHMAND,BAIZAI,WARSAK,33508017,2,Non CBV,2026-09-10 00:00,10,0,0,3,0,3,3,1,1372,32,0,0,10,5,8,0,20,1,1,,0,,,3,0,0,3,0,0,1,0,,,,,9,11,0,0
SNID Sep 2026,2026-09-16 11:44,KHYBER,BARA,MASTAK,33401112,1,CBV,2026-09-09 00:00,25,0,0,8,0,0,8,1,3761,0,0,0,25,0,25,0,25,1,1,,1,,,8,,,8,,,1,1,233,0,25,25,142,65,35,1
SNID Sep 2026,2026-09-16 12:06,KHYBER,TIRAH MAIDAN,SERAY,33405008,1,CBV,2026-09-09 00:00,22,0,0,6,0,0,6,1,565,0,0,0,22,0,22,0,22,1,1,,0,,,6,,,6,,,1,1,177,0,22,22,0,13,0,1
SNID Sep 2026,2026-09-16 11:58,KHYBER,TIRAH MAIDAN,MALAKDIN KHEL A TIRAH,33405001,1,CBV,2026-09-09 00:00,16,0,0,5,0,0,5,,2056,0,0,0,16,0,16,0,16,1,1,,0,,,5,,,5,,,1,1,195,0,16,16,0,76,17,0
