ActivityName,district_name,tehsil_name,ucs,training_type,no_partcpnt,attend_m,attend_f,new_partcpnt,duration,t_venue,water_avail,func_wash,tmat_agenda,tmar_tsheet,tmar_vaccvial,tmar_rmap,tmar_fm,tmar_chalk,tmar_other,p_briefed,aic_sit,vacc_admin_videos,stall_method,sk_ipc,sk_vacc_administration,sk_finger_mark,sk_door_chalk,sk_data_record,sk_gender_mainstream,sop_ipc,sop_vacc_administration,sop_finger_mark,sop_door_chalk,sop_data_record,sop_gender_mainstream,qa,feedback,ttmv2_picture,stall_comm,stall_visiting,stall_guid,vacc_mang_vvm,stall_visiting_process,stall_pfm,stall_guid_fm,stall_board,stall_doorm,stall_guid_door,stall_tely_pana,stall_fill_telly,stall_guid_data_r,stall_afp,stall_payment_p,local_lang,local_lang_guideline,field_activity,field_demonstration
NID OCT 2025,KHYBER,BARA,SHALOBAR,cbv,12,12,0,1,180,1,1,1,1,1,1,1,1,1,1,1,1,1,1,,,,,,,,,,,,,1,,1,1,1,1,1,1,1,1,1,1,1,1,1,1,1,1,1,1,1,1
NID OCT 2025,KHYBER,JAMRUD,GHUNDI A,cbv,20,20,0,1,180,1,1,1,1,1,1,1,1,1,1,1,1,1,1,,,,,,,,,,,,,1,1,1,1,1,1,1,1,1,1,1,1,1,1,1,1,1,1,1,1,1,1
NID OCT 2025,KHYBER,JAMRUD,GHUNDI B,cbv,28,28,0,0,180,1,1,1,1,1,1,1,1,1,1,1,1,1,1,,,,,,,,,,,,,1,1,1,1,1,1,1,1,1,1,1,1,1,1,1,1,1,1,1,1,1,1
NID OCT 2025,NOWSHERA,NOWSHERA,KHESHGI PAYAN,mt,19,1,14,2,180,1,1,0,1,1,1,1,1,1,1,1,1,1,1,,,,,,,,,,,,,1,1,1,1,1,1,1,1,1,1,1,1,1,1,1,1,1,1,1,1,1,1
NID OCT 2025,KHYBER,JAMRUD,TIDI BAZAR,cbv,22,20,0,0,180,1,1,1,1,1,1,1,1,1,1,1,1,1,1,,,,,,,,,,,,,1,1,1,1,1,1,1,1,1,1,1,1,1,1,1,1,1,1,1,1,1,1
NID OCT 2025,PESHAWAR,CITY,PALOSI,cbv,13,0,13,0,240,1,1,1,1,1,1,1,1,1,1,1,1,1,1,,,,,,,,,,,,,1,1,1,1,1,1,1,1,1,1,1,1,1,0,1,1,1,1,1,1,1,1
NID OCT 2025,KHYBER,LANDI KOTAL,KHUGA KHEL,cbv,20,20,0,0,190,1,1,1,1,1,1,1,1,1,1,1,1,1,1,,,,,,,,,,,,,1,1,1,1,1,1,1,1,1,1,1,1,1,1,1,1,1,1,1,1,1,1
NID OCT 2025,KHYBER,JAMRUD,NEW ABADI,cbv,17,17,0,0,120,1,1,0,1,1,1,1,1,1,1,1,1,1,1,,,,,,,,,,,,,1,1,1,1,1,1,1,1,1,1,1,1,1,1,1,1,1,1,1,1,1,1
NID OCT 2025,CHARSADA,SHABQADAR,PANJPAO,mt,22,0,22,4,240,1,1,1,1,1,1,1,1,1,0,1,1,1,1,,,,,,,,,,,,,1,1,1,1,1,1,1,1,1,1,1,1,1,1,1,1,1,1,1,1,1,1
NID OCT 2025,PESHAWAR,CITY,PAWAKA,cbv,15,15,15,0,220,1,1,1,1,1,1,1,1,1,1,1,1,1,1,,,,,,,,,,,,,1,1,1,1,1,1,1,1,1,1,1,1,1,1,1,1,1,1,1,1,1,1
NID OCT 2025,KHYBER,LANDI KOTAL,TORKHAM,cbv,15,15,0,0,180,1,1,1,1,1,1,1,1,1,1,1,1,1,1,,,,,,,,,,,,,1,1,1,1,1,1,1,1,1,1,1,1,1,1,1,1,1,1,1,1,1,1
NID OCT 2025,CHARSADA,SHABQADAR,RASHAKI,mt,25,6,19,2,300,1,1,1,1,1,1,1,1,1,1,1,1,1,1,,,,,,,,,,,,,1,1,1,1,1,1,1,1,1,1,1,1,1,1,1,1,1,1,1,1,1,1
NID OCT 2025,CHARSADA,SHABQADAR,RASHAKI,mt,10,0,10,0,300,1,1,1,1,1,1,1,1,1,1,1,1,1,1,,,,,,,,,,,,,1,,1,1,1,1,1,1,1,1,1,1,1,1,1,1,1,1,1,1,1,1
NID OCT 2025,KHYBER,LANDI KOTAL,STATION,cbv,14,14,0,0,120,1,1,1,1,1,1,1,1,1,1,1,1,1,1,,,,,,,,,,,,,1,1,1,1,1,1,1,1,1,1,1,1,1,1,1,1,1,1,1,1,1,1
NID OCT 2025,PESHAWAR,SMT,NOTHIA JADEED,cbv,14,0,16,4,250,1,1,1,1,1,1,1,0,1,1,1,1,1,1,,,,,,,,,,,,,1,1,1,1,1,1,1,1,1,1,1,1,1,1,1,1,1,1,1,1,1,1
NID OCT 2025,CHARSADA,SHABQADAR,RASHAKI,mt,10,0,8,0,300,1,1,1,1,1,1,1,1,1,1,1,1,1,1,,,,,,,,,,,,,1,,1,1,1,1,1,1,1,1,1,1,1,1,1,1,1,1,1,1,1,1
NID OCT 2025,PESHAWAR,CITY,HAYAT ABAD 2,cbv,25,0,21,2,240,0,1,1,1,1,1,1,1,1,1,1,1,1,1,,,,,,,,,,,,,1,,1,1,1,1,1,1,1,1,1,1,1,1,1,1,1,1,1,1,1,1
NID OCT 2025,NOWSHERA,NOWSHERA,AMANGARH,mt,19,0,18,0,240,1,1,1,1,1,1,1,1,1,1,1,1,1,1,,,,,,,,,,,,,1,1,1,1,1,1,1,1,1,1,1,1,1,1,1,1,1,1,1,1,1,1
NID OCT 2025,MOHMAND,EKKAGHUND,AQRAB DAG,mt,19,1,18,0,240,1,1,1,1,1,1,1,1,1,1,1,1,1,1,,,,,,,,,,,,,1,1,1,1,1,1,1,1,1,1,1,1,1,1,1,1,1,1,1,1,1,1
NID OCT 2025,CHARSADA,SHABQADAR,RASHAKI,mt,7,6,1,11,300,1,1,1,1,1,1,1,1,1,1,1,1,1,1,,,,,,,,,,,,,1,,1,1,1,1,1,1,1,1,1,1,1,1,1,1,1,1,1,1,1,1
NID OCT 2025,PESHAWAR,SADDAR,MUSAZAI,cbv,16,16,16,0,240,1,1,1,1,1,0,0,1,1,1,1,1,1,1,,,,,,,,,,,,,1,,1,1,1,1,1,1,1,1,0,0,1,0,0,1,1,1,1,1,1,1
NID OCT 2025,PESHAWAR,SHAH ALAM,SAEEDABAD,cbv,14,0,14,0,240,1,1,1,1,1,1,1,1,1,1,1,1,1,1,,,,,,,,,,,,,1,1,1,1,1,1,1,1,1,1,1,1,1,1,1,1,1,1,1,1,1,1
NID OCT 2025,PESHAWAR,CITY,SHAHEEN TOWN,cbv,12,0,12,0,235,1,1,1,1,1,1,1,1,1,1,1,1,1,1,,,,,,,,,,,,,1,1,1,1,1,1,1,1,1,1,1,1,1,1,1,1,1,1,1,1,1,1
NID OCT 2025,MOHMAND,HALEEMZAI,GHALLANAI,mt,20,21,9,3,240,1,1,1,1,1,1,1,1,1,1,1,1,1,1,,,,,,,,,,,,,1,1,0,1,1,1,1,1,1,1,1,1,1,1,1,1,1,1,1,1,1,1
NID OCT 2025,PESHAWAR,SMT,DERI BAGHBANAN,cbv,17,0,16,0,220,1,1,1,1,1,1,1,1,1,1,1,1,1,1,,,,,,,,,,,,,1,1,1,1,1,1,1,1,1,1,1,1,1,1,1,1,1,1,1,1,1,1
NID OCT 2025,KHYBER,JAMRUD,SHAH KAS B,cbv,26,26,0,1,180,1,1,1,1,1,1,1,1,1,1,1,1,1,1,,,,,,,,,,,,,1,1,1,1,1,1,1,1,1,1,1,1,1,1,1,1,1,1,1,1,1,1
NID OCT 2025,CHARSADA,CHARSADDA,DOSEHRA,mt,23,2,18,3,240,1,1,1,1,1,1,1,1,0,1,1,1,0,1,,,,,,,,,,,,,1,1,1,1,1,1,1,1,1,1,1,1,1,1,1,1,1,1,1,1,0,0
NID OCT 2025,PESHAWAR,HASSAN KHEL,BORA,mt,16,14,0,1,230,1,1,1,1,1,1,1,1,1,1,1,1,1,1,,,,,,,,,,,,,1,,1,1,1,1,1,1,1,1,1,1,1,1,1,1,1,1,1,1,1,1
NID OCT 2025,MOHMAND,AMBAR,CHARGOLAI,mt,30,28,0,2,210,1,1,0,1,1,1,0,1,1,0,1,1,0,1,,,,,,,,,,,,,1,1,1,1,1,1,1,1,1,1,1,1,1,1,1,1,1,1,1,1,0,0
NID OCT 2025,PESHAWAR,MATTANI,SHEIKH MOHAMMADI,cbv,13,0,10,0,240,0,0,0,1,1,1,1,1,1,1,1,1,1,1,,,,,,,,,,,,,1,1,1,1,1,1,1,1,1,1,1,1,1,1,1,1,1,1,1,1,1,1
NID OCT 2025,MOHMAND,PARANG GHAAR,ASGHAR,mt,21,21,15,0,300,1,1,1,1,1,1,1,1,1,1,1,1,1,1,,,,,,,,,,,,,1,,1,1,1,1,1,1,1,1,1,1,1,1,1,1,1,1,1,1,1,1
NID OCT 2025,KHYBER,JAMRUD,SHAH KAS A,cbv,17,17,0,0,240,1,1,1,1,1,1,1,1,1,1,1,1,1,1,,,,,,,,,,,,,1,1,1,1,1,1,1,1,1,1,1,1,1,1,1,1,1,1,1,1,1,0
NID OCT 2025,PESHAWAR,SMT,HAZARKHWANI 1,cbv,14,0,13,0,260,1,1,1,1,1,1,1,1,1,1,1,1,1,1,,,,,,,,,,,,,1,1,1,1,1,1,1,1,1,1,1,1,1,1,1,1,1,1,1,1,1,1
NID OCT 2025,MOHMAND,PANDIALI,DANISHKOOL,mt,20,17,0,0,180,,1,1,0,1,1,0,0,1,0,1,0,0,0,,,,,,,,,,,,,,1,1,,,,,,,,,,,,,,,,,,0,0
NID OCT 2025,PESHAWAR,SMT,HAZARKHWANI 2,cbv,21,0,21,0,240,1,1,1,1,1,1,1,1,1,1,1,1,1,1,,,,,,,,,,,,,1,1,1,1,1,1,1,1,1,1,1,1,1,1,1,1,1,1,1,1,1,0
NID OCT 2025,MOHMAND,HALEEMZAI,KASSI,mt,29,16,11,1,240,1,1,0,1,1,1,1,1,1,1,1,1,1,1,,,,,,,,,,,,,1,1,1,1,1,1,1,1,1,1,1,1,1,1,1,1,1,1,1,1,0,0
NID OCT 2025,KHYBER,LANDI KOTAL,PIROKHEL,cbv,19,19,0,0,180,1,1,1,1,1,1,1,1,1,1,1,1,1,1,,,,,,,,,,,,,1,,1,1,1,1,1,1,1,1,1,1,1,1,1,1,1,1,1,1,1,1
NID OCT 2025,KHYBER,JAMRUD,SUR KAMAR,cbv,19,18,0,0,180,1,1,1,1,1,1,1,1,1,1,1,1,1,1,,,,,,,,,,,,,1,1,1,1,1,1,1,1,1,1,1,1,1,1,1,1,1,1,1,1,1,1
NID OCT 2025,CHARSADA,CHARSADDA,MIRA PRANG,mt,19,1,17,0,240,1,0,1,1,1,1,1,0,1,0,1,1,,1,,,,,,,,,,,,,1,1,1,1,1,1,1,1,1,1,1,1,1,0,1,1,1,1,1,1,0,0
NID OCT 2025,CHARSADA,TANGI,ABAZAI,mt,29,4,25,1,240,1,1,1,1,1,1,1,1,1,1,1,1,1,1,,,,,,,,,,,,,1,1,1,1,1,1,1,1,1,1,1,1,1,1,1,1,1,1,1,1,1,1
NID OCT 2025,MOHMAND,PANDIALI,PANDIALI,mt,28,7,13,0,255,1,1,0,1,1,1,1,0,1,1,1,1,1,1,,,,,,,,,,,,,1,1,1,1,1,1,1,1,1,1,1,1,1,1,1,1,1,1,1,1,0,0
NID OCT 2025,KHYBER,BARA,TAUDA CHEENA,cbv,13,13,0,1,180,1,1,0,1,1,1,1,1,1,1,1,1,1,1,,,,,,,,,,,,,1,1,1,1,1,1,1,1,1,1,1,1,1,1,1,1,1,1,1,1,1,1
NID OCT 2025,CHARSADA,TANGI,MC TANGI,mt,27,0,27,2,240,1,1,0,0,1,0,0,0,1,1,1,0,0,1,,,,,,,,,,,,,1,1,1,1,0,0,0,0,0,1,0,1,1,1,1,1,1,0,1,0,0,0
NID OCT 2025,NOWSHERA,PABBI,JALOZAI,mt,23,3,20,2,331,1,1,1,1,1,1,1,1,1,1,1,1,1,1,,,,,,,,,,,,,1,1,1,1,1,1,1,1,1,1,1,1,1,1,1,1,1,1,1,1,1,1
NID OCT 2025,KHYBER,JAMRUD,SHAH KAS A,cbv,17,17,0,0,180,1,1,1,1,1,1,1,1,1,1,1,1,,1,,,,,,,,,,,,,1,1,1,1,1,1,1,1,1,1,1,1,1,1,1,1,1,1,1,1,1,1
NID OCT 2025,MOHMAND,BAIZAI,GHANAM SHAH,mt,31,15,0,0,300,1,1,1,1,1,1,0,1,1,1,1,1,1,1,,,,,,,,,,,,,1,1,1,1,1,1,1,1,1,1,1,1,1,1,1,1,1,1,1,1,0,0
NID OCT 2025,MOHMAND,KHAWEZAI,JUMA KHEL,mt,23,11,2,0,280,1,1,1,1,1,1,1,1,1,1,1,1,0,1,,,,,,,,,,,,,1,1,1,1,1,1,1,1,1,1,1,1,1,1,1,1,1,1,1,1,1,0
NID OCT 2025,NOWSHERA,PABBI,CHOKI MAMREZ,mt,26,2,15,0,330,1,1,1,1,1,1,1,1,1,1,1,1,1,1,,,,,,,,,,,,,1,1,1,1,1,1,1,1,1,1,1,1,1,1,1,1,1,1,1,1,1,1
NID OCT 2025,KHYBER,BARA,JANBAZ A,cbv,29,29,0,1,180,1,1,0,1,1,1,1,1,1,1,1,1,1,1,,,,,,,,,,,,,1,,1,1,1,1,1,1,1,1,1,1,1,1,1,1,1,1,1,1,1,1
NID OCT 2025,KHYBER,BARA,ABDULLAH JAN,cbv,17,17,0,2,120,1,1,1,1,1,1,1,1,1,1,1,1,1,1,,,,,,,,,,,,,1,1,1,1,1,1,1,1,1,1,1,1,1,1,1,1,1,1,1,1,1,1
NID OCT 2025,CHARSADA,CHARSADDA,UMERZAI,mt,28,0,28,0,360,1,1,1,0,1,1,1,1,1,1,1,1,1,1,,,,,,,,,,,,,1,1,1,1,1,1,1,1,1,1,1,1,1,1,1,1,1,1,1,1,1,1
NID OCT 2025,NOWSHERA,NOWSHERA,KHESHGI BALA,mt,22,3,16,0,180,1,1,0,1,1,1,1,1,1,1,1,1,1,1,,,,,,,,,,,,,1,1,1,1,1,1,1,1,1,1,1,1,1,1,1,1,1,1,1,1,1,1
NID OCT 2025,KHYBER,LANDI KOTAL,SULTAN KHEL A,cbv,19,15,4,0,180,1,1,1,1,1,1,1,1,1,1,1,1,1,1,,,,,,,,,,,,,1,1,1,1,1,1,1,1,1,1,1,1,1,1,1,1,1,1,1,1,1,1
NID OCT 2025,KHYBER,JAMRUD,LOWARA MIANA,cbv,18,18,0,1,240,1,1,1,1,1,1,1,1,1,1,1,1,1,1,,,,,,,,,,,,,1,1,1,1,1,1,1,1,1,1,1,1,1,1,1,1,1,1,1,1,1,1
NID OCT 2025,KHYBER,JAMRUD,ALI MASJID A,cbv,23,23,0,0,180,1,1,1,1,1,1,1,1,1,1,1,1,1,1,,,,,,,,,,,,,1,1,1,1,1,1,1,1,1,1,1,1,1,1,1,1,1,1,1,1,1,1
NID OCT 2025,CHARSADA,CHARSADDA,RAJJAR 1,mt,24,0,23,2,240,1,1,1,1,1,1,1,1,1,1,1,1,1,1,,,,,,,,,,,,,1,1,1,1,1,1,1,1,1,1,1,1,1,1,1,1,1,1,1,1,1,1
NID OCT 2025,MOHMAND,HALEEMZAI,GHALLANAI,mt,27,4,18,1,190,1,1,1,1,1,1,1,1,1,1,1,1,1,1,,,,,,,,,,,,,1,1,1,1,1,1,1,1,1,1,1,1,1,1,1,1,1,1,1,1,1,1
NID OCT 2025,KHYBER,JAMRUD,PAINDI LALMA,cbv,22,22,0,0,190,1,1,1,1,1,1,1,1,1,1,1,1,0,1,,,,,,,,,,,,,1,1,1,1,1,1,1,1,1,1,1,1,1,1,1,1,1,1,1,1,1,1
NID OCT 2025,CHARSADA,SHABQADAR,RASHAKI,mt,8,3,5,0,220,1,1,1,1,1,1,1,1,1,1,1,1,1,1,,,,,,,,,,,,,1,,1,1,1,1,1,1,1,1,1,1,1,1,1,1,1,1,1,1,1,1
NID OCT 2025,KHYBER,LANDI KOTAL,MIRDAD KHEL,cbv,23,23,0,2,180,1,1,0,1,1,1,1,1,1,1,1,1,1,1,,,,,,,,,,,,,1,1,1,1,1,1,1,1,1,1,1,1,1,1,1,1,1,1,1,1,1,1
NID OCT 2025,PESHAWAR,MATTANI,BAZID KHEL,cbv,13,0,13,0,240,1,1,1,1,1,1,1,1,1,1,1,1,1,1,,,,,,,,,,,,,1,1,1,1,1,1,1,1,1,1,1,1,1,1,1,1,1,1,1,1,1,1
NID OCT 2025,CHARSADA,SHABQADAR,RASHAKI,mt,8,2,6,0,240,1,1,1,1,1,1,1,1,1,1,1,1,1,1,,,,,,,,,,,,,1,,1,1,1,1,1,1,1,1,1,1,1,1,1,1,1,1,1,1,1,1
NID OCT 2025,CHARSADA,SHABQADAR,RASHAKI,mt,10,0,10,0,220,1,1,1,1,1,1,1,1,1,1,1,1,1,1,,,,,,,,,,,,,1,,1,1,1,1,1,1,1,1,1,1,1,1,1,1,1,1,1,1,1,1
NID OCT 2025,PESHAWAR,SADDAR,URMAR BALA,cbv,21,0,20,0,255,1,1,1,1,1,1,1,1,1,1,1,1,1,1,,,,,,,,,,,,,1,1,1,1,1,1,1,1,1,1,1,1,1,1,1,1,1,1,1,1,1,1
NID OCT 2025,KHYBER,JAMRUD,ALI MASJID A,cbv,17,17,0,0,150,0,0,0,1,1,0,0,1,1,1,1,1,0,1,,,,,,,,,,,,,1,1,1,1,1,1,1,1,0,1,1,0,1,1,0,1,0,1,1,1,1,0
NID OCT 2025,PESHAWAR,CITY,HASAN GARHI 2,cbv,16,0,16,0,240,1,1,1,1,0,1,1,1,1,1,1,1,0,1,,,,,,,,,,,,,1,1,1,1,1,1,1,1,1,1,1,1,1,1,1,1,1,0,1,1,0,0
NID OCT 2025,PESHAWAR,SMT,HAZARKHWANI 1,cbv,14,0,14,14,240,1,1,1,1,1,1,1,1,1,1,1,1,1,1,,,,,,,,,,,,,1,1,1,1,1,1,1,1,1,1,1,1,1,1,1,1,1,1,1,1,1,1
NID OCT 2025,PESHAWAR,MATTANI,PISHTAKHARA,cbv,19,4,15,19,240,1,1,1,1,1,1,1,1,1,1,1,1,1,1,,,,,,,,,,,,,1,1,1,1,1,1,1,1,1,1,1,1,1,1,1,1,1,1,1,1,1,1
NID OCT 2025,PESHAWAR,CITY,MEHAL TERAI 2,cbv,15,0,15,0,240,1,1,1,1,1,1,1,1,1,1,1,1,1,1,,,,,,,,,,,,,1,1,1,1,1,1,1,1,1,1,1,1,1,1,1,1,1,1,1,1,1,1
NID OCT 2025,CHARSADA,CHARSADDA,MC-1 CHARSADDA,mt,27,0,25,1,360,1,1,1,1,1,1,1,1,1,1,1,1,1,1,,,,,,,,,,,,,1,1,1,1,1,1,1,1,1,1,1,1,1,1,1,1,1,1,1,1,1,1
NID OCT 2025,NOWSHERA,NOWSHERA,AMANGARH,mt,18,0,16,1,210,1,0,0,1,1,0,0,0,1,1,1,1,0,1,,,,,,,,,,,,,1,1,1,1,1,1,1,1,1,1,1,1,1,1,1,1,1,1,1,1,0,0
NID OCT 2025,PESHAWAR,SMT,YAKATOOT 3,cbv,12,0,12,1,240,1,1,1,1,1,1,1,1,1,1,1,1,1,1,,,,,,,,,,,,,1,1,1,1,1,1,1,1,1,1,1,1,1,1,1,1,1,1,1,1,1,1
NID OCT 2025,PESHAWAR,SHAH ALAM,GULBELA,cbv,15,0,15,0,240,1,1,1,1,1,1,1,1,1,1,1,1,1,1,,,,,,,,,,,,,1,1,1,1,1,1,1,1,1,1,1,1,1,1,1,1,1,1,1,1,1,1
NID OCT 2025,PESHAWAR,CITY,SUFAID DHERI,cbv,22,0,22,1,248,1,1,1,1,1,1,1,1,1,1,1,1,1,1,,,,,,,,,,,,,1,1,1,1,1,1,1,1,1,1,1,1,1,1,1,1,1,1,1,1,1,1
NID OCT 2025,CHARSADA,CHARSADDA,TURNAB,mt,21,0,21,0,245,1,1,1,1,1,1,1,1,1,1,1,1,1,1,,,,,,,,,,,,,1,1,0,1,1,1,1,1,1,1,1,1,1,1,1,1,1,1,1,1,1,1
NID OCT 2025,MOHMAND,AMBAR,HAD KOR:CHARGOLAI,mt,28,24,0,1,210,1,1,1,1,1,1,0,1,1,0,1,1,0,1,,,,,,,,,,,,,1,1,1,1,1,1,1,1,1,1,1,1,1,1,1,1,1,1,1,1,0,0
NID OCT 2025,CHARSADA,CHARSADDA,UTMANZAI,mt,24,0,23,0,240,1,1,1,1,1,1,1,1,1,1,1,1,1,1,,,,,,,,,,,,,1,1,1,1,1,1,1,1,1,1,1,1,1,1,1,1,1,1,1,1,0,0
NID OCT 2025,CHARSADA,CHARSADDA,AGRA,smt,27,3,23,1,300,1,1,1,0,1,1,0,1,0,1,1,1,0,1,,,,,,,,,,,,,1,1,1,1,1,1,1,1,1,1,0,1,1,1,1,1,1,0,1,0,1,1
NID OCT 2025,PESHAWAR,CITY,SUFAID DHERI,cbv,22,0,22,0,210,1,1,1,1,1,1,1,1,1,1,1,1,1,1,,,,,,,,,,,,,1,1,1,1,1,1,1,1,1,1,1,1,1,1,1,1,1,1,1,1,1,1
NID OCT 2025,KHYBER,TIRAH MAIDAN,PAGDARA,smt,15,15,0,0,180,1,1,1,1,1,1,1,1,1,1,1,1,1,1,,,,,,,,,,,,,1,1,1,1,1,1,1,1,1,1,1,1,1,1,1,1,1,1,1,1,1,1
NID OCT 2025,NOWSHERA,NOWSHERA,AZAKHEL BALA,mt,22,14,4,0,300,1,1,1,1,1,1,1,1,0,1,1,1,1,1,,,,,,,,,,,,,1,1,1,1,1,1,1,1,1,1,1,1,1,1,1,1,1,1,1,1,1,1
NID OCT 2025,KHYBER,LANDI KOTAL,SULTAN KHEL B,cbv,25,25,0,0,180,1,1,1,1,1,1,1,1,1,1,1,1,1,1,,,,,,,,,,,,,1,1,1,1,1,1,1,1,1,1,1,1,1,1,1,1,1,1,1,1,1,1
NID OCT 2025,PESHAWAR,SMT,LANDI ARBAB,smt,27,0,27,5,200,1,1,1,1,1,1,1,1,1,1,1,1,1,1,,,,,,,,,,,,,1,1,1,1,1,1,1,1,1,1,1,1,1,1,1,1,1,1,1,1,1,1
NID OCT 2025,CHARSADA,CHARSADDA,MC-4 CHARSADDA,mt,30,4,26,0,240,1,1,1,1,1,1,1,1,1,1,1,1,1,1,,,,,,,,,,,,,1,1,1,1,1,1,1,1,1,1,1,1,1,1,1,1,1,1,1,1,1,1
NID OCT 2025,MOHMAND,HALEEMZAI,KASSI,mt,24,11,11,1,260,1,1,0,1,1,1,1,1,1,1,1,1,1,1,,,,,,,,,,,,,1,1,0,1,1,1,1,1,1,1,1,1,1,1,1,1,1,1,1,1,1,0
NID OCT 2025,MOHMAND,HALEEMZAI,KAMALI,mt,18,15,3,0,260,1,1,0,1,1,1,1,1,1,1,1,1,1,1,,,,,,,,,,,,,1,1,1,1,1,1,1,1,1,1,1,1,1,1,1,1,1,1,1,1,1,0
NID OCT 2025,MOHMAND,EKKAGHUND,EKKAGHUND,mt,26,7,19,1,240,1,1,1,1,1,1,1,1,1,1,1,1,1,1,,,,,,,,,,,,,1,1,1,1,1,1,1,1,1,1,1,1,1,1,1,1,1,1,1,1,0,0
NID OCT 2025,KHYBER,JAMRUD,NEW ABADI,cbv,28,28,1,0,200,1,1,0,1,1,1,1,1,1,1,1,1,1,1,,,,,,,,,,,,,1,1,1,1,1,1,1,1,0,0,0,0,0,1,1,1,0,0,1,1,1,1
NID OCT 2025,NOWSHERA,NOWSHERA,DHERI KATTI KHEL,mt,28,0,25,5,302,1,1,1,1,1,1,1,1,1,1,1,1,1,1,,,,,,,,,,,,,1,1,1,1,1,1,1,1,1,1,1,1,1,1,1,1,1,1,1,1,1,1
NID OCT 2025,MOHMAND,HALEEMZAI,KASSI,mt,24,13,9,1,193,1,1,0,1,1,0,1,1,1,1,1,1,0,1,,,,,,,,,,,,,1,1,1,1,1,1,1,1,1,1,1,1,1,1,1,1,1,1,1,1,1,1
NID OCT 2025,KHYBER,JAMRUD,NEW ABADI,cbv,28,27,1,0,180,1,1,1,1,1,1,1,1,1,1,1,1,1,1,,,,,,,,,,,,,1,1,1,1,1,1,1,1,1,1,1,1,1,1,1,1,1,1,1,1,1,1
NID OCT 2025,CHARSADA,TANGI,SHERPAO,mt,22,0,22,2,240,1,1,1,1,1,1,1,1,1,1,1,1,1,1,,,,,,,,,,,,,1,1,1,1,1,1,1,1,1,1,1,1,1,1,1,1,1,1,1,1,1,1
NID OCT 2025,CHARSADA,CHARSADDA,MC-3 CHARSADDA,mt,20,0,20,0,240,1,1,1,1,1,1,1,1,1,1,1,1,1,1,,,,,,,,,,,,,1,1,0,1,1,1,1,1,1,1,1,1,1,1,1,1,1,1,1,1,1,1
NID OCT 2025,PESHAWAR,SMT,HAZARKHWANI 2,cbv,21,0,18,0,360,1,1,1,1,1,1,0,0,1,1,1,0,0,1,,,,,,,,,,,,,1,1,1,1,1,0,1,1,0,1,1,1,1,1,1,1,1,1,1,1,0,0
NID OCT 2025,CHARSADA,CHARSADDA,BAHLOLA,smt,30,3,22,1,300,1,1,1,1,0,0,0,0,1,1,1,0,0,1,,,,,,,,,,,,,0,,1,1,1,1,0,0,1,1,1,0,0,1,1,1,0,0,1,1,0,0
NID OCT 2025,PESHAWAR,SHAH ALAM,MATHRA,cbv,17,0,17,0,240,1,1,1,1,1,1,1,1,1,1,1,0,0,1,,,,,,,,,,,,,1,1,1,1,1,1,1,1,1,1,1,1,1,1,1,1,1,0,1,0,1,1
NID OCT 2025,MOHMAND,HALEEMZAI,KAMALI,mt,26,19,7,0,240,1,1,1,1,1,1,1,1,1,1,1,1,1,1,,,,,,,,,,,,,1,1,1,1,1,1,1,1,1,1,1,1,1,1,1,1,1,1,1,1,1,1
NID OCT 2025,KHYBER,LANDI KOTAL,SULTAN KHEL A,cbv,19,15,4,1,175,1,1,1,1,1,1,1,1,1,1,1,1,0,1,,,,,,,,,,,,,1,1,1,1,1,1,1,1,1,1,1,1,1,1,1,1,1,1,1,1,0,0
NID OCT 2025,MOHMAND,PANDIALI,PANDIALI,mt,20,20,10,1,240,1,0,0,1,1,1,1,1,1,1,1,1,1,1,,,,,,,,,,,,,1,1,0,1,1,1,1,1,1,1,1,1,1,1,1,1,1,1,1,1,0,0
NID OCT 2025,PESHAWAR,SMT,SHAHEEN MUSLIM TWN1,cbv,19,18,18,0,255,1,1,1,1,1,1,1,1,1,1,1,1,1,1,,,,,,,,,,,,,1,1,1,1,1,1,1,1,1,1,1,1,1,1,1,1,1,1,1,1,1,1
NID OCT 2025,CHARSADA,SHABQADAR,HAJIZAI,mt,27,3,24,1,240,1,1,1,1,1,1,1,1,1,1,1,1,1,1,,,,,,,,,,,,,1,1,1,1,1,1,1,1,1,1,1,1,1,1,1,1,1,1,1,1,1,1
NID OCT 2025,NOWSHERA,NOWSHERA,AZAKHEL PAYAN,mt,24,5,19,0,220,1,0,1,0,1,1,1,1,1,1,1,1,1,1,,,,,,,,,,,,,1,1,1,1,1,1,1,1,1,1,1,1,1,1,1,1,1,1,1,1,0,0
NID OCT 2025,CHARSADA,TANGI,MIRZA DHER,mt,17,1,16,0,250,1,1,0,0,1,0,1,0,1,0,1,0,0,1,,,,,,,,,,,,,1,1,1,1,1,1,1,0,0,0,0,1,1,1,1,1,1,0,1,0,0,0
NID OCT 2025,NOWSHERA,JEHANGIRA,JEHANGIRA,mt,27,3,24,2,270,1,1,1,1,1,1,1,1,1,1,1,1,1,1,,,,,,,,,,,,,1,1,0,1,1,1,1,1,1,1,1,1,1,1,1,1,1,1,1,1,1,1
NID OCT 2025,CHARSADA,CHARSADDA,TURNAB,mt,23,2,21,1,240,1,1,1,1,1,1,1,1,1,0,1,1,,1,,,,,,,,,,,,,1,1,1,1,1,1,1,1,1,1,1,1,1,1,1,1,1,1,1,1,1,0
NID OCT 2025,PESHAWAR,SMT,LANDI ARBAB,cbv,17,4,13,0,240,1,1,1,1,1,1,1,1,1,1,1,1,1,1,,,,,,,,,,,,,1,1,1,1,1,1,1,1,1,1,1,1,1,1,1,1,1,1,1,1,1,1
NID OCT 2025,MOHMAND,PANDIALI,DANISHKOOL,mt,37,36,0,2,240,1,1,0,1,1,1,1,1,0,1,1,1,1,1,,,,,,,,,,,,,1,1,1,1,1,1,1,1,1,1,1,1,1,1,1,1,1,1,1,1,0,0
NID OCT 2025,MOHMAND,KHAWEZAI,KHADI KHEL,mt,22,14,0,1,280,1,1,0,1,1,1,1,0,1,1,1,1,0,1,,,,,,,,,,,,,1,1,1,1,1,1,1,1,1,1,1,1,1,1,1,1,1,1,1,1,0,0
NID OCT 2025,NOWSHERA,NOWSHERA,AZAKHEL PAYAN,mt,24,5,19,0,240,1,1,1,1,1,1,1,1,1,1,1,1,1,1,,,,,,,,,,,,,1,1,1,1,1,1,1,1,1,1,1,1,1,1,1,1,1,1,1,1,1,1
NID OCT 2025,MOHMAND,SAFI LAKARO,SANDO KHEL,mt,25,24,1,3,240,1,1,1,1,1,1,1,1,1,1,1,1,1,1,,,,,,,,,,,,,1,1,1,1,1,1,1,1,1,1,0,1,1,1,1,1,1,1,1,1,0,0
NID OCT 2025,MOHMAND,SAFI LAKARO,MAMAD GAT,mt,25,18,1,2,240,1,1,1,1,1,1,1,1,1,1,1,1,1,1,,,,,,,,,,,,,1,1,1,1,1,1,1,1,1,1,1,1,1,1,1,1,1,1,1,1,0,0
NID OCT 2025,MOHMAND,PARANG GHAAR,UMAR KHEL,mt,37,35,2,1,300,1,1,1,1,1,1,1,1,1,1,1,1,1,1,,,,,,,,,,,,,1,,1,1,1,1,1,1,1,1,1,1,1,1,1,1,1,1,1,1,1,1
NID OCT 2025,MOHMAND,EKKAGHUND,MICHANI,mt,16,0,16,1,240,1,1,1,1,1,1,1,1,1,1,1,1,1,1,,,,,,,,,,,,,1,1,1,1,1,1,1,1,1,1,1,1,1,1,1,1,1,1,1,1,1,1
NID OCT 2025,PESHAWAR,CITY,MEHAL TERAI 2,cbv,15,0,15,0,240,1,1,1,1,1,1,1,1,1,1,1,1,1,1,,,,,,,,,,,,,1,1,1,1,1,1,1,1,1,1,1,1,1,1,1,1,1,1,1,1,1,1
NID OCT 2025,PESHAWAR,SADDAR,BADABER MARYAMZAI,cbv,15,0,15,0,240,1,1,1,1,1,1,1,0,1,1,1,1,1,1,,,,,,,,,,,,,1,1,1,1,1,1,1,1,1,1,1,1,1,0,1,1,1,1,1,1,1,1
NID OCT 2025,MOHMAND,BAIZAI,KODA KHEL,mt,25,15,0,0,280,1,0,0,1,1,1,0,1,1,1,1,1,1,1,,,,,,,,,,,,,1,1,1,1,1,1,1,1,1,1,1,1,1,1,1,1,1,1,1,1,0,0
NID OCT 2025,NOWSHERA,JEHANGIRA,JEHANGIRA,mt,16,2,14,0,300,1,1,1,1,1,1,1,1,1,1,1,1,1,1,,,,,,,,,,,,,1,1,1,1,1,1,1,1,1,1,1,1,1,1,1,1,1,1,1,1,1,1
NID OCT 2025,CHARSADA,SHABQADAR,MC-2 SHABQADAR,mt,20,4,16,0,240,1,1,1,1,1,1,1,1,1,1,1,1,1,1,,,,,,,,,,,,,1,1,1,1,1,1,1,1,1,1,1,1,1,1,1,1,1,1,1,1,1,1
NID OCT 2025,CHARSADA,SHABQADAR,HAJIZAI,mt,27,4,23,0,240,1,1,1,1,1,1,1,1,1,1,1,1,1,1,,,,,,,,,,,,,1,,1,1,1,1,1,1,1,1,1,1,1,1,1,1,1,1,1,1,1,1
NID OCT 2025,CHARSADA,CHARSADDA,SARKI TETARA,mt,23,4,19,0,240,1,1,1,1,1,1,1,1,1,1,1,1,1,1,,,,,,,,,,,,,1,1,1,1,1,1,1,1,1,1,1,1,1,1,1,1,1,1,1,1,1,1
NID OCT 2025,CHARSADA,CHARSADDA,UTMANZAI,mt,24,0,24,2,240,1,1,1,1,1,1,1,1,1,1,1,1,1,1,,,,,,,,,,,,,1,1,1,1,1,1,1,1,1,1,1,1,1,1,1,1,1,1,1,1,1,1
NID OCT 2025,CHARSADA,SHABQADAR,RASHAKI,mt,25,8,17,2,240,1,1,1,1,1,1,1,1,1,1,1,1,1,1,,,,,,,,,,,,,1,1,1,1,1,1,1,1,1,1,1,1,1,1,1,1,1,1,1,1,1,1
NID OCT 2025,NOWSHERA,NOWSHERA,GANDHERI,mt,26,3,23,2,180,1,1,1,1,1,1,1,1,1,1,1,1,1,1,,,,,,,,,,,,,1,1,1,1,1,1,1,1,1,1,1,1,1,1,1,1,1,1,1,1,1,1
NID OCT 2025,NOWSHERA,NOWSHERA,NAWA KALY,mt,5,5,0,0,245,1,1,0,1,1,1,1,1,1,1,1,1,1,1,,,,,,,,,,,,,1,1,1,1,1,1,1,1,1,1,1,1,1,1,1,1,1,1,1,1,1,1
NID OCT 2025,CHARSADA,TANGI,GANDHERI,mt,22,0,22,0,240,1,1,1,1,1,1,1,1,1,1,1,1,1,1,,,,,,,,,,,,,1,1,1,1,1,1,1,1,1,1,1,1,1,1,1,1,1,1,1,1,1,1
NID OCT 2025,PESHAWAR,CITY,MEHAL TERAI 2,cbv,12,0,12,0,220,1,1,1,1,1,1,1,0,1,1,0,1,0,1,,,,,,,,,,,,,1,1,1,1,0,1,1,1,0,1,1,1,1,1,1,1,1,0,1,1,0,0
NID OCT 2025,NOWSHERA,JEHANGIRA,NIZAMPUR,mt,36,7,25,0,300,1,1,1,1,1,1,1,1,1,1,1,1,1,1,,,,,,,,,,,,,1,1,1,1,1,1,1,1,1,1,1,1,1,1,1,1,1,1,1,1,1,1
NID OCT 2025,PESHAWAR,CITY,MALAKANDHER,cbv,19,5,14,1,260,1,1,1,1,1,1,1,1,1,1,1,1,1,1,,,,,,,,,,,,,1,1,1,1,1,1,1,1,1,1,1,1,1,1,1,1,1,1,1,1,1,1
NID OCT 2025,CHARSADA,CHARSADDA,MOHAMMAD NARI,smt,25,0,25,2,300,1,0,0,1,0,1,1,0,1,1,1,1,0,1,,,,,,,,,,,,,0,,1,1,1,1,1,0,1,1,1,1,1,1,1,1,1,1,1,1,0,0
NID OCT 2025,PESHAWAR,CITY,HAYAT ABAD 2,cbv,19,1,18,2,240,0,1,1,1,1,1,1,1,1,1,1,1,0,1,,,,,,,,,,,,,1,1,1,1,1,1,1,1,1,1,1,1,1,1,1,1,1,1,1,1,1,1
NID OCT 2025,CHARSADA,CHARSADDA,DHERI ZARDAD,mt,26,3,19,2,240,1,1,1,1,1,1,1,1,1,0,1,1,1,1,,,,,,,,,,,,,1,1,1,1,1,1,1,1,1,1,1,1,1,1,1,1,1,1,1,1,0,0
NID OCT 2025,NOWSHERA,NOWSHERA,BADRASHI,mt,22,0,25,4,240,1,1,1,1,0,0,1,0,1,1,1,1,0,1,,,,,,,,,,,,,1,1,1,1,1,1,1,0,1,1,1,1,1,1,1,1,1,1,1,1,0,1
NID OCT 2025,NOWSHERA,NOWSHERA,DHERI KATTI KHEL,mt,28,0,25,3,230,1,1,1,1,1,1,1,0,1,1,1,1,1,1,,,,,,,,,,,,,1,1,1,1,1,1,1,1,1,1,1,1,1,1,1,1,1,1,1,1,1,1
NID OCT 2025,CHARSADA,TANGI,SHERPAO,mt,21,1,20,1,260,1,1,1,0,1,1,0,0,1,1,1,0,1,1,,,,,,,,,,,,,1,1,1,1,1,1,0,1,0,1,1,1,1,1,1,1,1,0,1,1,0,0
NID OCT 2025,CHARSADA,CHARSADDA,RAJJAR 1,mt,16,0,16,0,240,1,1,1,1,1,1,1,1,1,1,1,1,1,1,,,,,,,,,,,,,1,1,0,1,1,1,1,1,1,1,1,1,1,1,1,1,1,1,1,1,1,1
NID OCT 2025,CHARSADA,CHARSADDA,RAJJAR 1,mt,16,0,16,0,245,1,1,1,1,1,1,1,1,1,1,1,1,1,1,,,,,,,,,,,,,1,1,1,1,1,1,1,1,1,1,1,1,1,1,1,1,1,1,1,1,1,1
NID OCT 2025,CHARSADA,SHABQADAR,RASHAKI,mt,25,10,15,0,300,1,1,1,1,1,1,1,1,1,1,1,1,1,1,,,,,,,,,,,,,1,1,1,1,1,1,1,1,1,1,1,1,1,1,1,1,1,1,1,1,1,1
NID OCT 2025,PESHAWAR,MATTANI,MASHOGAGAR,cbv,12,4,5,0,240,1,1,1,1,1,0,1,1,1,1,1,0,0,1,,,,,,,,,,,,,0,1,1,1,1,1,0,0,1,1,1,1,1,1,1,1,1,0,1,1,0,0
NID OCT 2025,NOWSHERA,NOWSHERA,DHERI KATTI KHEL,mt,28,0,25,3,220,1,1,1,1,1,1,1,1,1,1,1,1,1,1,,,,,,,,,,,,,1,1,1,1,1,1,1,1,1,1,1,1,1,1,1,1,1,1,1,1,0,1
NID OCT 2025,PESHAWAR,CITY,HAYAT ABAD 2,cbv,22,1,20,3,240,1,1,1,1,1,1,1,1,1,1,1,1,0,1,,,,,,,,,,,,,1,1,1,1,1,1,1,1,1,1,1,1,1,1,1,1,1,1,1,1,1,1
NID OCT 2025,NOWSHERA,JEHANGIRA,KHAIRABAD CAMP,mt,24,0,17,0,280,1,1,1,1,1,1,1,1,1,1,1,0,1,1,,,,,,,,,,,,,1,1,1,1,1,1,1,1,1,1,1,1,1,1,1,1,1,1,1,1,1,1
NID OCT 2025,CHARSADA,CHARSADDA,DOSEHRA,mt,26,0,26,0,245,1,1,1,1,1,1,1,1,1,1,1,1,1,1,,,,,,,,,,,,,1,1,1,1,1,1,1,1,1,1,1,1,1,1,1,1,1,1,1,1,1,1
NID OCT 2025,CHARSADA,CHARSADDA,MC-4 CHARSADDA,mt,14,0,14,1,240,1,1,1,1,1,1,1,1,1,1,1,1,1,1,,,,,,,,,,,,,1,1,1,1,1,1,1,1,1,1,1,1,1,1,1,1,1,1,1,1,1,1
NID OCT 2025,CHARSADA,CHARSADDA,MOHAMMAD NARI,mt,25,0,25,2,240,1,1,1,1,1,1,1,1,1,1,1,1,1,1,,,,,,,,,,,,,1,1,1,1,1,1,1,1,1,1,1,1,1,1,1,1,1,1,1,1,1,1
NID OCT 2025,CHARSADA,CHARSADDA,UMERZAI,mt,27,1,26,2,240,1,1,1,1,1,1,1,1,1,1,1,1,1,1,,,,,,,,,,,,,1,1,1,1,1,1,1,1,1,1,1,1,1,1,1,1,1,1,1,1,1,1
NID OCT 2025,CHARSADA,CHARSADDA,UTMANZAI,mt,23,0,23,2,240,1,1,1,1,1,1,1,1,1,1,1,1,1,1,,,,,,,,,,,,,1,1,1,1,1,1,1,1,1,1,1,1,1,1,1,1,1,1,1,1,1,1
NID OCT 2025,CHARSADA,SHABQADAR,BATTAGRAM,mt,29,1,28,1,240,1,1,1,1,1,1,1,1,1,1,1,1,1,1,,,,,,,,,,,,,1,1,1,1,1,1,1,1,1,1,1,1,1,1,1,1,1,1,1,1,1,1
NID OCT 2025,CHARSADA,TANGI,DHAKKI,mt,22,0,22,0,240,1,1,1,1,1,1,1,1,1,1,1,1,1,1,,,,,,,,,,,,,1,1,1,1,1,1,1,1,1,1,1,1,1,1,1,1,1,1,1,1,1,1
NID OCT 2025,MOHMAND,BAIZAI,LANDI SHAH,mt,10,5,0,0,240,1,1,1,1,1,1,0,1,1,1,1,1,1,1,,,,,,,,,,,,,1,1,1,1,1,1,1,1,1,1,1,1,1,1,1,1,1,1,1,1,0,0
NID OCT 2025,CHARSADA,TANGI,DHAKKI,mt,22,0,22,0,240,1,1,1,1,1,1,1,1,1,1,1,1,1,1,,,,,,,,,,,,,1,1,1,1,1,1,1,1,1,1,1,1,1,1,1,1,1,1,1,1,1,1
NID OCT 2025,PESHAWAR,CITY,MALAKANDHER,cbv,19,3,16,1,240,1,1,1,1,1,1,0,1,1,1,1,1,1,1,,,,,,,,,,,,,1,1,1,1,1,1,1,1,1,1,1,1,1,1,1,1,1,1,1,1,1,1
NID OCT 2025,MOHMAND,BAIZAI,LANDI SHAH,mt,10,5,0,0,210,1,1,1,1,1,1,1,1,0,1,1,1,0,1,,,,,,,,,,,,,1,1,1,1,1,1,1,1,1,1,1,1,1,1,1,1,0,1,1,1,0,0
NID OCT 2025,NOWSHERA,NOWSHERA,BARA BANDA,mt,16,1,15,1,300,1,1,1,1,1,1,1,1,1,1,1,1,1,1,,,,,,,,,,,,,1,1,1,1,1,1,1,1,1,1,1,1,1,1,1,1,1,1,1,1,0,1
NID OCT 2025,CHARSADA,CHARSADDA,HISARA YASENZAI,smt,24,3,21,2,300,1,1,1,1,1,0,0,0,1,1,1,1,0,1,,,,,,,,,,,,,1,1,1,1,1,1,0,1,1,1,1,1,1,1,1,1,1,0,1,1,0,1
NID OCT 2025,CHARSADA,SHABQADAR,RASHAKI,mt,8,3,5,0,300,1,1,1,1,1,1,1,1,1,1,1,1,1,1,,,,,,,,,,,,,1,,1,1,1,1,1,1,1,1,1,1,1,1,1,1,1,1,1,1,1,1
NID OCT 2025,CHARSADA,SHABQADAR,RASHAKI,mt,10,4,5,0,300,1,1,1,1,1,1,1,1,1,1,1,1,1,1,,,,,,,,,,,,,1,,1,1,1,1,1,1,1,1,1,1,1,1,1,1,1,1,1,1,1,1
NID OCT 2025,PESHAWAR,CITY,SUFAID DHERI,cbv,22,0,22,1,300,1,1,1,1,1,1,0,0,1,1,1,0,0,1,,,,,,,,,,,,,1,,1,1,1,1,0,1,0,1,1,1,1,1,0,0,1,1,1,1,0,1
NID OCT 2025,NOWSHERA,PABBI,SHAKOT,mt,18,2,16,5,295,1,1,1,1,1,1,1,1,1,1,1,1,1,1,,,,,,,,,,,,,1,1,1,1,1,1,1,1,1,1,1,1,1,1,1,1,1,1,1,1,1,1
NID OCT 2025,PESHAWAR,MATTANI,MASHOGAGAR,cbv,12,4,5,0,260,1,1,1,1,1,1,1,1,1,1,1,1,1,1,,,,,,,,,,,,,1,1,1,1,1,1,1,1,1,1,1,1,1,1,1,1,1,1,1,1,1,1
NID OCT 2025,NOWSHERA,PABBI,JALOZAI,mt,25,0,25,0,270,1,1,1,1,1,1,1,1,1,1,1,1,1,1,,,,,,,,,,,,,1,1,1,1,1,1,1,1,1,1,1,1,1,1,1,1,1,1,1,1,1,1
NID OCT 2025,NOWSHERA,NOWSHERA,BADRASHI,mt,10,2,8,0,320,1,1,1,1,1,1,1,1,1,1,1,1,1,1,,,,,,,,,,,,,1,1,1,1,1,1,1,1,1,1,1,1,1,1,1,1,1,1,1,1,1,1
NID OCT 2025,NOWSHERA,NOWSHERA,BADRASHI,mt,22,0,22,2,360,1,1,1,1,1,1,1,1,1,1,1,1,0,1,,,,,,,,,,,,,1,1,1,1,1,1,1,1,1,1,1,1,1,1,1,1,1,1,1,1,0,1
NID OCT 2025,NOWSHERA,NOWSHERA,BADRASHI,mt,22,0,22,3,300,1,1,1,1,1,1,1,1,1,1,1,1,1,1,,,,,,,,,,,,,1,,1,1,1,1,1,1,1,1,1,1,1,1,1,1,1,1,1,1,1,1
NID OCT 2025,NOWSHERA,NOWSHERA,BARA BANDA,mt,26,1,25,1,309,1,1,1,1,1,1,1,1,1,1,1,1,1,1,,,,,,,,,,,,,1,1,1,1,1,1,1,1,1,1,1,1,1,1,1,1,1,1,1,1,1,1
NID OCT 2025,PESHAWAR,SMT,HAZARKHWANI 1,smt,5,3,21,0,300,1,1,1,1,1,1,0,0,1,1,1,0,0,1,,,,,,,,,,,,,1,1,1,1,1,1,1,1,0,0,1,1,1,1,1,1,1,1,1,1,0,0
NID OCT 2025,PESHAWAR,SADDAR,URMAR BALA,smt,5,27,1,3,240,1,0,0,1,1,0,0,0,1,1,1,0,0,1,,,,,,,,,,,,,1,1,1,1,1,1,0,0,1,1,1,1,1,1,1,1,1,1,1,1,0,0
NID OCT 2025,NOWSHERA,JEHANGIRA,MERA AKORA,mt,22,0,19,2,300,1,1,1,1,1,1,1,1,1,1,1,1,1,1,,,,,,,,,,,,,1,1,1,1,1,1,1,1,1,1,1,1,1,1,1,1,1,1,1,1,1,1
NID OCT 2025,NOWSHERA,JEHANGIRA,MERA AKORA,mt,31,1,29,2,240,1,1,1,1,1,1,1,1,1,1,1,1,1,1,,,,,,,,,,,,,1,1,1,1,1,1,1,1,1,1,1,1,1,1,1,1,1,1,1,1,1,1
NID OCT 2025,CHARSADA,TANGI,HISARA NEHRI,mt,18,0,18,3,300,1,1,1,0,1,0,0,1,0,1,1,1,0,1,,,,,,,,,,,,,1,1,1,1,1,1,1,1,1,1,0,0,1,1,1,1,1,1,1,0,1,1
NID DEC 2025,PESHAWAR,SHAH ALAM,GARHI SHER DAD,cbv,22,2,20,0,246,1,1,1,1,1,1,1,1,1,1,1,1,1,1,,,,,,,,,,,,,1,1,1,1,1,1,1,1,1,1,1,1,1,1,1,1,1,1,1,1,1,1
NID DEC 2025,KHYBER,BARA,MANDI KAS,cbv,22,18,4,0,180,1,1,1,1,1,1,1,1,1,1,1,1,1,1,,,,,,,,,,,,,1,,1,1,1,1,1,1,1,1,1,1,1,1,1,1,1,1,1,1,1,1
NID DEC 2025,NOWSHERA,NOWSHERA,BADRASHI,mt,26,0,20,2,360,1,1,1,1,1,1,1,1,1,1,1,1,0,1,,,,,,,,,,,,,1,1,1,1,1,1,1,1,1,1,1,1,1,1,1,1,1,1,1,1,0,0
NID DEC 2025,NOWSHERA,NOWSHERA,KHESHGI BALA,mt,22,2,17,1,240,1,1,0,1,1,1,1,1,1,1,1,1,1,1,,,,,,,,,,,,,1,1,1,1,1,1,1,1,1,1,1,1,1,1,1,1,1,1,1,1,1,1
NID DEC 2025,CHARSADA,TANGI,MIRZA DHER,mt,18,0,18,0,300,1,1,1,1,1,1,1,1,1,1,1,1,1,1,,,,,,,,,,,,,1,1,1,1,1,1,1,1,1,1,1,1,1,1,1,1,1,1,1,1,1,1
NID DEC 2025,CHARSADA,CHARSADDA,AGRA,mt,28,1,27,0,240,1,1,1,1,1,1,1,1,1,1,1,1,1,1,,,,,,,,,,,,,1,1,1,1,1,1,1,1,1,1,1,1,1,1,1,1,1,1,1,1,1,1
NID DEC 2025,MOHMAND,EKKAGHUND,AQRAB DAG,mt,26,0,26,2,200,1,1,1,1,1,1,1,1,1,1,1,1,1,1,,,,,,,,,,,,,1,1,1,1,1,1,1,1,1,1,1,1,1,1,1,1,1,1,1,1,1,1
NID DEC 2025,KHYBER,LANDI KOTAL,SHEIKHMAL KHEL,cbv,21,18,0,0,160,1,0,0,1,1,1,1,1,1,1,1,1,1,1,,,,,,,,,,,,,1,,1,1,1,1,1,1,1,1,1,1,1,1,1,1,1,1,1,1,1,0
NID DEC 2025,KHYBER,LANDI KOTAL,STATION,cbv,23,20,3,0,180,,1,0,1,1,1,1,1,1,1,1,1,1,0,,,,,,,,,,,,,,1,1,,,,,,,,,,,,,,,,,,0,0
NID DEC 2025,CHARSADA,CHARSADDA,UTMANZAI,mt,24,0,23,0,240,1,1,1,1,1,1,1,1,1,1,1,1,1,1,,,,,,,,,,,,,1,1,1,1,1,1,1,1,1,1,1,1,1,1,1,1,1,1,1,1,1,1
NID DEC 2025,CHARSADA,CHARSADDA,NISATTA,mt,25,5,20,2,250,1,1,1,1,1,1,1,1,1,1,1,1,1,1,,,,,,,,,,,,,1,1,1,1,1,1,1,1,1,1,1,1,1,1,1,1,1,1,1,1,1,1
NID DEC 2025,KHYBER,JAMRUD,TIDI BAZAR,cbv,22,21,0,0,180,1,1,1,1,1,1,1,1,1,1,1,1,1,1,,,,,,,,,,,,,1,1,1,1,1,1,1,1,1,1,1,1,1,1,1,1,1,1,1,1,1,1
NID DEC 2025,NOWSHERA,JEHANGIRA,AKORA KHATTAK,mt,27,1,22,4,260,1,1,1,1,1,1,1,1,1,1,1,1,1,1,,,,,,,,,,,,,1,,1,1,1,1,1,1,1,1,1,1,1,1,1,1,1,1,1,1,1,1
NID DEC 2025,NOWSHERA,NOWSHERA,RISALPUR CANTT,mt,30,0,27,3,302,1,1,1,1,1,1,1,1,1,1,1,1,1,1,,,,,,,,,,,,,1,1,1,1,1,1,1,1,1,1,1,1,1,1,1,1,1,1,1,1,1,1
NID DEC 2025,MOHMAND,BAIZAI,GHANAM SHAH,mt,31,5,0,1,120,1,1,1,1,1,1,0,1,1,1,1,1,0,1,,,,,,,,,,,,,1,1,1,1,1,1,1,1,0,1,1,0,1,0,0,1,1,0,1,0,0,0
NID DEC 2025,MOHMAND,EKKAGHUND,EKKAGHUND,mt,26,5,16,0,240,1,1,1,1,1,1,1,1,1,1,1,1,1,1,,,,,,,,,,,,,1,1,1,1,1,1,1,1,1,1,1,1,1,1,1,1,1,1,1,1,0,0
NID DEC 2025,NOWSHERA,NOWSHERA,AMANGARH,mt,21,1,18,0,180,1,1,1,1,1,0,0,1,1,1,1,1,1,1,,,,,,,,,,,,,1,1,1,1,1,1,1,1,1,1,1,1,1,1,1,1,1,1,1,1,1,1
NID DEC 2025,KHYBER,JAMRUD,GHUNDI B,cbv,28,28,0,0,220,1,1,1,1,1,1,1,1,1,1,1,1,1,1,,,,,,,,,,,,,1,1,1,1,1,1,1,1,1,1,1,1,1,1,1,1,1,1,1,1,1,1
NID DEC 2025,MOHMAND,SAFI LAKARO,MAMAD GAT,mt,25,23,1,2,200,1,1,1,1,1,1,1,1,1,1,1,1,0,1,,,,,,,,,,,,,1,1,1,1,1,1,1,1,1,1,1,1,1,1,1,1,1,1,1,1,1,1
NID DEC 2025,KHYBER,JAMRUD,GHUNDI A,cbv,16,16,0,0,180,1,1,0,1,1,1,1,1,1,1,1,1,1,1,,,,,,,,,,,,,1,1,1,1,1,1,1,1,1,1,1,1,1,1,1,1,1,1,1,1,1,1
NID DEC 2025,CHARSADA,CHARSADDA,TURNAB,mt,21,1,20,1,240,1,1,1,1,1,1,1,1,1,0,1,1,1,1,,,,,,,,,,,,,1,1,1,1,1,1,1,1,1,1,1,1,1,1,1,1,1,0,1,1,1,1
NID DEC 2025,NOWSHERA,NOWSHERA,KABUL RIVER,mt,28,4,21,3,295,1,1,1,1,1,1,1,1,1,1,1,1,1,1,,,,,,,,,,,,,1,1,0,1,1,1,1,1,1,1,1,1,1,1,1,1,1,1,1,1,0,0
NID DEC 2025,MOHMAND,SAFI LAKARO,ALINGAR,mt,13,6,1,0,240,1,1,1,1,1,1,1,1,1,1,1,1,1,1,,,,,,,,,,,,,1,1,1,1,1,1,1,1,1,1,1,1,1,1,1,1,1,1,1,1,0,0
NID DEC 2025,MOHMAND,AMBAR,CHARGOLAI,mt,30,21,0,3,220,1,0,1,1,1,1,0,1,1,0,1,1,0,1,,,,,,,,,,,,,1,1,1,1,1,1,1,1,1,1,1,1,1,1,1,1,0,0,1,1,0,0
NID DEC 2025,NOWSHERA,NOWSHERA,RISALPUR CANTT,mt,30,0,27,3,305,1,1,1,1,1,1,1,1,1,1,1,1,1,1,,,,,,,,,,,,,1,1,1,1,1,1,1,1,1,1,1,1,1,1,1,1,1,1,1,1,1,1
NID DEC 2025,NOWSHERA,NOWSHERA,PIRPAI,mt,22,0,16,1,190,1,1,1,1,1,1,1,1,1,1,1,1,1,1,,,,,,,,,,,,,1,1,1,1,1,1,1,1,1,1,1,1,1,1,1,1,1,1,1,1,1,0
NID DEC 2025,KHYBER,JAMRUD,SUR KAMAR,cbv,17,17,0,0,180,1,1,1,1,1,1,1,1,1,1,1,1,1,1,,,,,,,,,,,,,1,1,1,1,1,1,1,1,1,1,1,1,1,1,1,1,1,1,1,1,1,1
NID DEC 2025,MOHMAND,KHAWEZAI,JUMA KHEL,mt,23,8,3,1,245,1,1,1,1,1,1,1,1,1,1,1,1,0,1,,,,,,,,,,,,,1,1,0,1,1,1,1,1,1,1,1,1,1,1,1,1,1,1,1,1,1,0
NID DEC 2025,NOWSHERA,NOWSHERA,GANDHERI,mt,29,5,22,0,300,1,1,1,1,1,1,1,1,1,1,1,1,1,1,,,,,,,,,,,,,1,1,1,1,1,1,1,1,1,1,1,1,1,1,1,1,1,1,1,1,1,1
NID DEC 2025,CHARSADA,CHARSADDA,MC-3 CHARSADDA,mt,17,0,17,1,240,1,1,1,1,1,1,1,1,1,1,1,1,1,1,,,,,,,,,,,,,1,,1,1,1,1,1,1,1,1,1,1,1,1,1,1,1,1,1,1,1,1
NID DEC 2025,MOHMAND,EKKAGHUND,MICHANI,mt,16,0,14,0,250,1,1,1,1,1,1,1,1,1,1,1,1,1,1,,,,,,,,,,,,,1,1,1,1,1,1,1,1,1,1,1,1,1,1,1,1,1,1,1,1,0,0
NID DEC 2025,MOHMAND,HALEEMZAI,GHALLANAI,mt,21,7,4,3,260,1,1,1,1,1,1,1,1,1,1,1,1,1,1,,,,,,,,,,,,,1,1,1,1,1,1,1,1,1,1,1,1,1,1,1,1,1,1,1,1,1,0
NID DEC 2025,NOWSHERA,PABBI,TARRU JABBA,mt,24,0,24,0,240,1,1,1,1,1,1,1,1,1,1,1,1,1,1,,,,,,,,,,,,,1,1,1,1,1,1,1,1,1,1,1,1,1,1,1,1,1,1,1,1,1,1
NID DEC 2025,MOHMAND,EKKAGHUND,DAB KOR,mt,17,0,17,0,240,1,1,1,1,1,1,1,1,1,1,1,1,1,1,,,,,,,,,,,,,1,1,1,1,1,1,1,1,1,1,1,1,1,1,1,1,1,1,1,1,1,1
NID DEC 2025,NOWSHERA,NOWSHERA,AZAKHEL BALA,mt,27,25,25,0,240,1,1,1,1,1,1,1,1,1,1,1,1,1,1,,,,,,,,,,,,,1,1,1,1,1,1,1,1,1,1,1,1,1,1,1,1,1,1,1,1,1,1
NID DEC 2025,PESHAWAR,SMT,WAZIR BAGH,cbv,16,0,15,0,120,,1,1,1,1,1,0,0,1,0,1,0,0,0,,,,,,,,,,,,,,1,1,,,,,,,,,,,,,,,,,,0,0
NID DEC 2025,NOWSHERA,NOWSHERA,KABUL RIVER,mt,31,0,31,0,300,1,1,1,1,1,1,1,1,1,1,1,1,1,1,,,,,,,,,,,,,1,1,1,1,1,1,1,1,1,1,1,1,1,1,1,1,1,1,1,1,1,1
NID DEC 2025,MOHMAND,EKKAGHUND,EKKAGHUND,mt,25,0,25,0,240,1,1,1,1,1,1,1,1,1,1,1,1,1,1,,,,,,,,,,,,,1,1,1,1,1,1,1,1,1,1,1,1,1,1,1,1,1,1,1,1,1,1
NID DEC 2025,NOWSHERA,JEHANGIRA,AKORA CAMP,mt,20,1,19,0,360,1,1,1,1,1,1,1,1,1,1,1,1,1,1,,,,,,,,,,,,,1,1,1,1,1,1,1,1,1,1,1,1,1,1,1,1,1,1,1,1,0,0
NID DEC 2025,KHYBER,JAMRUD,ALI MASJID A,cbv,17,14,0,0,180,1,1,1,1,1,1,1,1,1,1,1,1,1,1,,,,,,,,,,,,,1,1,1,1,1,1,1,1,1,1,1,1,1,1,1,1,1,1,1,1,1,1
NID DEC 2025,NOWSHERA,NOWSHERA,DHERI KATTI KHEL,mt,28,0,20,3,240,1,1,1,1,1,1,1,1,1,1,1,1,1,1,,,,,,,,,,,,,1,1,1,1,1,1,1,1,1,1,1,1,1,1,1,1,1,1,1,1,1,1
NID DEC 2025,KHYBER,JAMRUD,NEW ABADI,cbv,28,27,1,0,200,1,1,1,1,1,1,1,1,1,1,1,1,1,1,,,,,,,,,,,,,1,1,1,1,1,1,1,1,1,1,1,1,1,1,1,1,1,1,1,1,1,1
NID DEC 2025,NOWSHERA,NOWSHERA,AZAKHEL BALA,mt,24,15,9,0,240,1,1,1,1,1,1,1,1,1,1,1,1,1,1,,,,,,,,,,,,,1,1,1,1,1,1,1,1,1,1,1,1,1,1,1,1,1,1,1,1,1,1
NID DEC 2025,MOHMAND,EKKAGHUND,DAB KOR,mt,12,5,7,1,300,1,1,1,1,1,1,1,0,1,1,1,1,1,1,,,,,,,,,,,,,1,,1,1,1,1,1,1,1,1,1,1,1,1,1,1,1,1,1,1,1,1
NID DEC 2025,NOWSHERA,NOWSHERA,KHESHGI BALA,mt,26,5,19,1,240,1,1,0,1,1,1,1,1,1,1,1,1,1,1,,,,,,,,,,,,,1,1,1,1,1,1,1,1,1,1,1,1,1,1,1,1,1,1,1,1,1,1
NID DEC 2025,CHARSADA,CHARSADDA,HISARA YASENZAI,mt,24,0,23,0,240,1,1,1,1,1,1,1,1,1,1,1,1,1,1,,,,,,,,,,,,,1,1,1,1,1,1,1,1,1,1,1,1,1,1,1,1,1,1,1,1,1,1
NID DEC 2025,NOWSHERA,NOWSHERA,BADRASHI,mt,28,6,26,3,105,1,1,1,1,0,1,0,1,1,1,0,0,0,1,,,,,,,,,,,,,1,1,1,1,1,1,1,1,1,0,1,1,1,1,1,1,1,1,1,1,0,1
NID DEC 2025,MOHMAND,PANDIALI,DANISHKOOL,mt,18,20,1,0,240,1,1,1,1,1,1,1,1,1,1,1,1,1,1,,,,,,,,,,,,,1,1,1,1,1,1,1,1,1,1,1,1,1,1,1,1,1,1,1,1,1,1
NID DEC 2025,CHARSADA,CHARSADDA,TURANGZAI,mt,18,2,16,1,240,1,1,1,1,1,1,1,1,1,1,1,1,1,1,,,,,,,,,,,,,1,1,1,1,1,1,1,1,1,1,1,1,1,1,1,1,1,1,1,1,1,1
NID DEC 2025,CHARSADA,SHABQADAR,DAULAT PURA,mt,31,5,26,0,240,1,1,1,1,1,1,1,1,1,1,1,1,1,1,,,,,,,,,,,,,1,1,1,1,1,1,1,1,1,1,1,1,1,1,1,1,1,1,1,1,1,1
NID DEC 2025,MOHMAND,SAFI LAKARO,SAGAI,mt,25,19,0,4,210,1,1,0,1,1,1,1,1,1,1,1,1,1,1,,,,,,,,,,,,,1,1,1,1,1,1,1,1,1,1,1,1,1,1,1,1,1,1,1,1,1,1
NID DEC 2025,KHYBER,TIRAH MAIDAN,MALAKDIN KHEL B TIRAH,cbv,17,17,0,0,180,1,1,1,1,1,1,1,1,1,1,1,1,1,1,,,,,,,,,,,,,1,1,1,1,1,1,1,1,1,1,1,1,1,1,1,1,1,1,1,1,1,1
NID DEC 2025,CHARSADA,CHARSADDA,MC-1 CHARSADDA,mt,28,0,28,0,240,1,1,1,1,1,1,1,1,1,1,1,1,1,1,,,,,,,,,,,,,1,1,1,1,1,1,1,1,1,1,1,1,1,1,1,1,1,1,1,1,1,1
NID DEC 2025,NOWSHERA,JEHANGIRA,NIZAMPUR,mt,31,8,16,4,260,1,1,1,1,1,1,1,1,1,1,1,1,1,1,,,,,,,,,,,,,1,1,1,1,1,1,1,1,1,1,1,1,1,1,1,1,1,1,1,1,1,1
NID DEC 2025,MOHMAND,AMBAR,HAD KOR:CHARGOLAI,mt,26,25,0,2,220,1,0,1,1,1,1,0,1,1,0,1,1,0,1,,,,,,,,,,,,,1,1,1,1,1,1,1,1,1,1,1,1,1,1,1,1,1,1,1,1,0,0
NID DEC 2025,NOWSHERA,PABBI,TARRU JABBA,mt,23,5,17,2,220,1,1,1,1,1,1,1,1,1,1,1,1,1,1,,,,,,,,,,,,,1,1,1,1,1,1,1,1,1,1,1,1,1,1,1,1,1,1,1,1,1,1
NID DEC 2025,CHARSADA,CHARSADDA,UTMANZAI,mt,24,2,22,24,290,1,1,1,1,1,1,1,1,1,1,1,1,1,1,,,,,,,,,,,,,1,1,1,1,1,1,1,1,1,1,1,1,1,1,1,1,1,1,1,1,1,1
NID DEC 2025,MOHMAND,HALEEMZAI,GHALLANAI,mt,27,9,18,6,230,1,1,1,1,1,1,1,1,1,1,1,1,1,1,,,,,,,,,,,,,1,1,1,1,1,1,1,1,1,1,1,1,1,1,1,1,1,1,1,1,1,1
NID DEC 2025,KHYBER,LANDI KOTAL,SULTAN KHEL B,cbv,25,25,0,0,180,1,1,1,1,1,1,1,1,1,1,1,1,1,1,,,,,,,,,,,,,1,1,1,1,1,1,1,1,1,1,1,1,1,1,1,1,1,1,1,1,1,1
NID DEC 2025,CHARSADA,SHABQADAR,BATTAGRAM,mt,30,1,29,0,245,1,1,1,1,1,1,1,1,1,1,1,1,1,1,,,,,,,,,,,,,1,1,1,1,1,1,1,1,1,1,1,1,1,1,1,1,1,1,1,1,1,1
NID DEC 2025,KHYBER,LANDI KOTAL,SULTAN KHEL B,cbv,25,25,0,0,180,1,1,1,1,1,1,1,1,1,1,1,1,1,1,,,,,,,,,,,,,1,1,1,1,1,1,1,1,1,1,1,1,1,1,1,1,1,1,1,1,1,1
NID DEC 2025,MOHMAND,SAFI LAKARO,SANDO KHEL,mt,25,25,0,4,240,1,1,1,1,1,1,1,1,1,1,1,1,1,1,,,,,,,,,,,,,1,1,1,1,1,1,1,1,1,1,1,1,1,1,1,1,1,1,1,1,0,0
NID DEC 2025,MOHMAND,EKKAGHUND,DAB KOR,mt,12,4,8,1,240,1,1,1,1,1,1,1,1,1,1,1,1,1,1,,,,,,,,,,,,,1,1,1,1,1,1,1,1,1,1,1,1,1,1,1,1,1,1,1,1,0,0
NID DEC 2025,NOWSHERA,NOWSHERA,GANDHERI,mt,30,5,23,0,325,1,1,1,1,1,1,1,1,1,1,1,1,1,1,,,,,,,,,,,,,1,1,1,1,1,1,1,1,1,1,1,1,1,1,1,1,1,1,1,1,1,1
NID DEC 2025,KHYBER,JAMRUD,SHAH KAS A,cbv,17,17,0,0,220,1,1,1,1,1,1,1,1,1,1,1,1,1,1,,,,,,,,,,,,,1,1,1,1,1,1,1,1,1,1,1,1,1,1,1,1,1,1,1,1,1,1
NID DEC 2025,CHARSADA,TANGI,SHERPAO,mt,22,1,21,0,240,1,1,1,1,1,1,1,1,1,1,1,1,1,1,,,,,,,,,,,,,1,1,1,1,1,1,1,1,1,1,1,1,1,1,1,1,1,1,1,1,1,1
NID DEC 2025,KHYBER,JAMRUD,ALI MASJID B,cbv,16,16,0,0,180,1,1,0,1,1,1,1,1,1,1,1,1,1,1,,,,,,,,,,,,,1,1,1,1,1,1,1,1,1,1,1,1,1,1,1,1,1,1,1,1,1,1
NID DEC 2025,MOHMAND,HALEEMZAI,KAMALI,mt,27,24,7,1,260,1,1,0,1,1,1,1,1,1,1,1,1,1,1,,,,,,,,,,,,,1,1,1,1,1,1,1,1,1,1,1,1,1,1,1,1,1,1,1,1,1,0
NID DEC 2025,CHARSADA,CHARSADDA,SARKI TETARA,mt,22,0,22,2,240,1,1,1,1,1,1,1,1,1,0,1,1,1,1,,,,,,,,,,,,,1,1,1,1,1,1,1,1,1,1,1,1,1,0,1,1,1,1,1,1,1,1
NID DEC 2025,NOWSHERA,NOWSHERA,DHERI KATTI KHEL,mt,45,0,20,3,240,1,1,1,1,1,1,1,1,1,1,1,1,1,1,,,,,,,,,,,,,1,1,1,1,1,1,1,1,1,1,1,1,1,1,1,1,1,1,1,1,1,1
NID DEC 2025,MOHMAND,PANDIALI,PANDIALI,mt,20,7,9,2,240,1,1,1,1,1,1,1,1,1,1,1,0,0,1,,,,,,,,,,,,,1,,1,1,0,1,0,0,0,0,0,0,0,1,1,1,1,0,1,1,0,0
NID DEC 2025,KHYBER,JAMRUD,PAINDI LALMA,cbv,23,23,0,0,160,0,0,0,1,1,1,1,1,1,1,1,0,0,1,,,,,,,,,,,,,1,1,1,1,1,1,1,0,1,1,1,1,0,1,1,1,1,1,1,1,1,1
NID DEC 2025,KHYBER,TIRAH MAIDAN,PAGDARA,smt,14,13,0,0,180,1,1,1,1,1,1,1,1,1,1,1,1,1,1,,,,,,,,,,,,,1,1,1,1,1,1,1,1,1,1,1,1,1,1,1,1,1,1,1,1,1,1
NID DEC 2025,CHARSADA,TANGI,MANDANI,mt,19,0,18,1,200,1,1,1,0,1,0,1,0,1,0,1,0,0,1,,,,,,,,,,,,,1,1,1,1,1,1,0,0,1,1,1,1,1,1,1,1,1,0,1,0,0,0
NID DEC 2025,KHYBER,TIRAH MAIDAN,MALAKDIN KHEL A TIRAH,cbv,17,17,0,0,180,1,1,1,1,1,1,1,1,1,1,1,1,1,1,,,,,,,,,,,,,1,1,0,1,1,1,1,1,1,1,1,1,1,1,1,1,1,1,1,1,1,1
NID DEC 2025,KHYBER,BARA,AKAKHEL MAIRA,cbv,24,24,0,0,180,1,1,0,1,1,1,1,1,1,1,1,1,1,1,,,,,,,,,,,,,1,1,1,1,1,1,1,1,1,1,1,1,1,1,1,1,1,1,1,1,1,1
NID DEC 2025,KHYBER,LANDI KOTAL,MIRDAD KHEL,cbv,22,22,0,0,185,1,1,0,0,1,1,0,1,1,1,1,1,1,1,,,,,,,,,,,,,1,1,1,1,1,1,1,1,1,1,1,1,1,1,1,1,0,0,1,1,1,1
NID DEC 2025,MOHMAND,BAIZAI,KODA KHEL,mt,24,10,0,1,240,1,0,0,1,1,1,1,1,1,1,1,0,0,1,,,,,,,,,,,,,1,1,1,1,1,1,1,1,1,1,1,1,1,1,1,1,1,1,1,1,0,0
NID DEC 2025,NOWSHERA,PABBI,CHOKI MAMREZ,mt,28,2,25,0,270,1,1,1,1,1,1,1,1,0,1,1,1,1,1,,,,,,,,,,,,,1,1,1,1,1,1,1,1,1,1,1,1,1,1,1,1,1,1,1,1,1,1
NID DEC 2025,CHARSADA,CHARSADDA,GHONDA KARKANA,mt,23,4,19,1,240,1,1,1,1,1,1,1,1,1,1,1,1,1,1,,,,,,,,,,,,,1,,1,1,1,1,1,1,1,1,1,1,1,1,1,1,1,1,1,1,1,1
NID DEC 2025,KHYBER,BARA,ABDULLAH JAN,cbv,18,18,0,0,180,1,1,1,1,1,1,1,1,1,1,1,1,1,1,,,,,,,,,,,,,1,1,1,1,1,1,1,1,1,1,1,1,1,1,1,1,1,0,1,1,0,0
NID DEC 2025,NOWSHERA,JEHANGIRA,AKORA KHATTAK,mt,24,4,15,0,244,1,0,0,0,1,0,0,1,1,0,1,0,0,1,,,,,,,,,,,,,1,1,1,1,1,0,1,1,1,1,1,1,1,0,0,0,1,1,1,0,1,1
NID DEC 2025,KHYBER,TIRAH MAIDAN,Seray,smt,22,22,0,0,90,1,1,1,1,1,1,1,1,1,1,1,1,1,1,,,,,,,,,,,,,1,1,1,1,1,1,1,1,1,1,1,1,1,1,1,1,1,1,1,1,1,1
NID DEC 2025,MOHMAND,KHAWEZAI,KHADI KHEL,mt,22,17,1,1,240,1,1,1,1,1,1,1,1,1,1,1,1,1,1,,,,,,,,,,,,,1,1,1,1,1,1,1,1,1,1,1,1,1,1,1,1,1,1,1,1,0,0
NID DEC 2025,NOWSHERA,NOWSHERA,NOWSHERA CANTT,cbv,14,12,0,1,360,1,1,1,1,1,1,1,1,1,1,1,1,1,1,,,,,,,,,,,,,1,1,1,1,1,1,1,1,1,1,1,1,1,1,1,1,1,1,1,1,1,1
NID DEC 2025,NOWSHERA,NOWSHERA,AZAKHEL PAYAN,mt,25,0,24,1,230,1,1,1,1,1,1,1,1,1,1,1,1,0,1,,,,,,,,,,,,,1,1,0,1,1,1,1,1,1,1,1,1,1,1,1,1,1,1,1,1,1,1
NID DEC 2025,PESHAWAR,SMT,DERI BAGHBANAN,cbv,28,5,23,0,300,1,1,1,1,1,1,1,1,1,1,1,1,0,1,,,,,,,,,,,,,1,1,1,1,1,1,1,1,1,1,1,1,1,1,1,1,1,1,1,1,1,1
NID DEC 2025,NOWSHERA,NOWSHERA,RISALPUR CANTT,mt,16,0,16,2,300,1,1,1,1,1,1,1,1,1,1,1,1,1,1,,,,,,,,,,,,,1,1,1,1,1,1,1,1,1,1,0,1,1,1,1,1,1,1,1,1,1,1
NID DEC 2025,PESHAWAR,CITY,MEHAL TERAI 1,cbv,12,12,12,0,300,1,1,1,1,1,0,0,0,1,1,1,1,0,1,,,,,,,,,,,,,1,1,1,1,0,1,1,1,1,1,1,1,1,1,1,1,0,0,1,1,1,1
NID DEC 2025,PESHAWAR,CITY,KHALSA 2,cbv,21,0,21,5,240,1,1,1,1,1,1,1,1,1,1,1,1,1,1,,,,,,,,,,,,,1,1,1,1,1,1,1,1,1,1,1,1,1,1,1,1,1,1,1,1,1,1
NID DEC 2025,CHARSADA,CHARSADDA,DHERI ZARDAD,mt,30,0,24,3,50,1,1,1,1,0,0,0,1,1,0,0,0,0,1,,,,,,,,,,,,,1,1,1,1,0,1,0,0,0,1,1,1,1,1,1,1,1,0,1,1,0,1
NID DEC 2025,NOWSHERA,JEHANGIRA,MERA AKORA,mt,30,2,28,1,360,1,1,1,1,1,1,1,1,1,1,1,1,0,1,,,,,,,,,,,,,1,1,1,1,1,1,1,1,1,1,1,1,1,1,1,1,1,1,1,1,0,0
NID DEC 2025,PESHAWAR,SMT,AKHOON ABAD,cbv,16,0,16,0,240,1,1,1,1,1,1,1,1,1,1,1,1,1,1,,,,,,,,,,,,,1,1,1,1,1,1,1,1,1,1,1,1,1,1,1,1,1,1,1,1,1,1
NID DEC 2025,CHARSADA,TANGI,SHERPAO,mt,21,0,21,1,240,1,1,1,1,1,1,1,1,1,1,1,1,1,1,,,,,,,,,,,,,1,1,1,1,1,1,1,1,1,1,1,1,1,0,1,1,1,1,1,1,1,1
NID DEC 2025,NOWSHERA,NOWSHERA,KHESHGI PAYAN,mt,20,4,16,0,300,1,1,1,1,1,1,1,1,1,1,1,1,1,1,,,,,,,,,,,,,1,1,1,1,1,1,1,1,1,1,1,1,1,1,1,1,1,1,1,1,1,1
NID DEC 2025,PESHAWAR,CITY,HAYAT ABAD 2,cbv,25,0,25,11,240,0,1,1,1,1,1,1,1,1,1,1,1,0,1,,,,,,,,,,,,,1,1,1,1,1,1,1,1,1,1,1,1,1,1,1,1,1,1,1,1,1,1
NID DEC 2025,PESHAWAR,CITY,SHAHEEN TOWN,cbv,12,0,12,2,240,1,1,1,1,1,1,1,1,1,1,1,1,1,1,,,,,,,,,,,,,1,,0,1,1,1,1,1,1,1,1,1,1,1,1,1,1,1,1,1,1,1
NID DEC 2025,PESHAWAR,SMT,WAZIR BAGH,cbv,13,0,13,0,240,1,1,1,1,1,1,1,1,1,1,1,1,0,1,,,,,,,,,,,,,1,1,1,1,1,1,1,1,1,1,1,1,1,1,1,1,1,1,1,1,1,1
NID DEC 2025,PESHAWAR,CITY,MALAKANDHER,cbv,20,5,15,4,270,1,1,1,1,1,1,1,1,1,1,1,1,1,1,,,,,,,,,,,,,1,1,1,1,1,1,1,1,1,1,1,1,1,1,1,1,1,1,1,1,1,1
NID DEC 2025,PESHAWAR,CITY,TEHKAL PAYAN,cbv,19,18,18,2,240,1,1,1,1,1,1,1,1,1,1,1,1,1,1,,,,,,,,,,,,,1,1,1,1,1,1,1,1,1,1,1,1,1,1,1,1,1,1,1,1,1,1
NID DEC 2025,NOWSHERA,NOWSHERA,KABUL RIVER,mt,31,4,21,3,240,1,1,1,1,1,1,1,1,1,1,1,1,1,1,,,,,,,,,,,,,1,1,1,1,1,1,1,1,1,1,1,1,1,1,1,1,1,1,1,1,1,1
NID DEC 2025,PESHAWAR,SMT,HAZARKHWANI 2,cbv,21,0,21,0,240,1,1,1,1,1,1,0,1,1,1,1,0,0,1,,,,,,,,,,,,,1,1,1,1,1,1,1,1,1,1,1,1,1,1,1,1,1,1,1,1,0,0
NID DEC 2025,NOWSHERA,NOWSHERA,KABUL RIVER,mt,30,3,27,30,240,1,1,1,1,1,1,1,1,1,1,1,1,1,1,,,,,,,,,,,,,1,1,1,1,1,1,1,1,1,1,1,1,1,1,1,1,1,1,1,1,1,1
NID DEC 2025,PESHAWAR,SMT,DEH BAHADAR,cbv,19,0,17,0,260,1,1,1,1,1,1,1,1,1,1,1,1,1,1,,,,,,,,,,,,,1,1,1,1,1,1,1,1,1,1,1,1,1,1,1,1,1,1,1,1,1,1
NID DEC 2025,NOWSHERA,JEHANGIRA,KHAIRABAD CAMP,mt,24,1,22,5,265,1,1,1,1,1,1,1,1,1,1,1,1,1,1,,,,,,,,,,,,,1,1,1,1,1,1,1,1,1,1,1,1,1,1,1,1,1,1,1,1,1,1
NID DEC 2025,PESHAWAR,SMT,SHAHEEN MUSLIM TWN1,cbv,21,21,21,2,240,1,1,1,1,1,1,1,1,1,1,1,1,1,1,,,,,,,,,,,,,1,1,1,1,1,1,1,1,1,1,1,1,1,1,1,1,1,1,1,1,1,1
NID DEC 2025,PESHAWAR,SMT,HAZARKHWANI 2,cbv,21,0,21,0,260,1,1,1,1,1,1,1,1,1,1,1,0,0,1,,,,,,,,,,,,,1,1,1,1,1,1,1,1,1,1,1,1,0,1,1,1,1,1,1,1,1,0
NID DEC 2025,PESHAWAR,SADDAR,URMAR BALA,cbv,20,20,0,0,240,1,1,1,1,1,0,1,0,1,1,1,1,1,1,,,,,,,,,,,,,1,1,1,1,1,1,1,1,1,1,0,1,1,1,1,1,1,1,1,1,1,1
NID DEC 2025,CHARSADA,TANGI,GANDHERI,mt,21,7,12,2,220,1,1,1,0,1,0,1,0,1,0,1,0,0,1,,,,,,,,,,,,,1,1,1,1,1,1,0,0,0,0,1,1,1,1,1,1,1,0,1,0,0,0
NID DEC 2025,NOWSHERA,NOWSHERA,DHERI KATTI KHEL,mt,28,28,25,5,299,1,1,1,1,1,1,1,1,1,1,1,1,1,1,,,,,,,,,,,,,1,1,1,1,1,1,1,1,1,1,1,1,1,1,1,1,1,1,1,1,1,1
NID DEC 2025,PESHAWAR,MATTANI,SARBAND,cbv,14,0,14,1,240,1,1,1,1,1,1,1,1,1,1,1,1,1,1,,,,,,,,,,,,,1,1,1,1,1,1,1,1,1,1,1,1,1,1,1,1,1,1,1,1,1,1
NID DEC 2025,NOWSHERA,NOWSHERA,PIRSABAQ,mt,8,1,5,1,240,1,1,1,1,1,1,1,1,1,1,1,1,1,1,,,,,,,,,,,,,1,1,1,1,1,1,1,1,1,1,1,1,1,1,1,1,1,1,1,1,1,1
NID DEC 2025,MOHMAND,BAIZAI,LANDI SHAH,mt,10,5,0,0,220,1,1,1,1,1,1,0,1,1,1,1,1,0,1,,,,,,,,,,,,,1,1,1,1,1,1,1,1,1,1,1,1,1,1,1,1,1,1,1,1,0,0
NID DEC 2025,PESHAWAR,CITY,MALAKANDHER,cbv,20,4,31,15,200,1,1,1,1,1,1,1,1,1,1,1,0,0,1,,,,,,,,,,,,,1,1,1,1,1,1,0,1,1,1,1,1,1,1,1,1,1,0,1,1,1,1
NID DEC 2025,CHARSADA,SHABQADAR,BATTAGRAM,mt,30,0,28,0,240,1,1,1,1,1,1,1,1,1,1,1,1,1,1,,,,,,,,,,,,,1,1,1,1,1,1,1,1,1,1,1,1,1,1,1,1,1,1,1,1,1,1
NID DEC 2025,CHARSADA,SHABQADAR,MC-1 SHABQADAR:MC-2 SHABQADAR,mt,30,30,28,2,180,,1,1,1,1,1,1,1,1,1,1,1,1,0,,,,,,,,,,,,,,1,1,,,,,,,,,,,,,,,,,,1,1
NID DEC 2025,PESHAWAR,SHAH ALAM,PAJAGI,cbv,22,2,20,3,240,1,1,1,1,1,1,1,1,1,1,1,1,1,1,,,,,,,,,,,,,1,1,1,1,1,1,1,1,1,1,1,1,1,1,1,1,1,1,1,1,1,1
NID DEC 2025,CHARSADA,SHABQADAR,MC-3 SHABQADAR,mt,20,0,20,2,180,,1,1,1,1,1,0,1,1,1,1,1,1,0,,,,,,,,,,,,,,1,1,,,,,,,,,,,,,,,,,,0,1
NID DEC 2025,PESHAWAR,SMT,AKHOON ABAD,cbv,16,0,16,0,360,1,1,1,1,1,0,1,1,1,1,0,1,0,1,,,,,,,,,,,,,1,1,1,1,1,1,1,1,1,1,1,1,1,1,1,1,1,1,1,1,1,1
NID DEC 2025,PESHAWAR,CITY,SHAHI BAGH,cbv,17,0,17,0,200,1,1,1,1,1,0,1,1,1,1,1,1,0,1,,,,,,,,,,,,,1,1,1,1,1,1,1,1,1,1,1,1,1,1,1,1,1,0,1,1,1,1
NID DEC 2025,PESHAWAR,SADDAR,MERA KACHORI,cbv,20,0,18,2,240,1,1,1,1,1,0,1,1,1,1,1,0,0,1,,,,,,,,,,,,,1,1,1,1,1,1,1,1,1,1,1,1,1,1,1,1,0,0,1,1,1,1
NID DEC 2025,NOWSHERA,NOWSHERA,KHESHGI BALA,mt,22,4,18,0,240,1,1,0,1,1,1,1,1,1,1,1,1,1,1,,,,,,,,,,,,,1,1,1,1,1,1,1,1,1,1,1,1,1,1,1,1,1,1,1,1,1,1
NID DEC 2025,KHYBER,LANDI KOTAL,SULTAN KHEL B,cbv,25,25,0,0,175,1,1,1,1,1,1,1,1,1,1,1,1,0,1,,,,,,,,,,,,,1,1,1,1,1,1,1,1,1,1,1,1,1,1,1,1,1,1,1,1,1,1
NID DEC 2025,PESHAWAR,CITY,HASAN GARHI 2,cbv,20,0,19,19,240,1,1,1,1,1,1,1,1,1,1,1,1,1,1,,,,,,,,,,,,,1,1,1,1,1,1,1,1,1,1,1,1,1,1,1,1,1,1,1,1,1,1
NID DEC 2025,MOHMAND,KHAWEZAI,KHADI KHEL:JUMA KHEL,mt,10,3,0,0,240,1,1,1,1,1,1,1,1,1,1,1,1,1,1,,,,,,,,,,,,,1,1,1,1,1,1,1,1,1,1,1,1,1,1,1,1,1,1,1,1,0,0
NID DEC 2025,NOWSHERA,PABBI,JALOZAI,mt,27,4,23,3,255,1,1,1,1,1,1,1,1,1,1,1,1,1,1,,,,,,,,,,,,,1,1,1,1,1,1,1,1,1,1,1,1,1,1,1,1,1,1,1,1,1,1
NID DEC 2025,PESHAWAR,SMT,HAZARKHWANI 1,cbv,13,0,13,0,260,1,1,1,1,1,1,1,1,1,1,1,1,1,1,,,,,,,,,,,,,1,1,1,0,0,1,1,1,1,1,1,1,1,1,1,1,1,1,1,1,1,1
NID DEC 2025,PESHAWAR,SMT,DEH BAHADAR,cbv,19,0,17,0,240,1,1,1,1,1,1,1,1,1,1,1,1,1,1,,,,,,,,,,,,,1,1,1,1,1,1,1,1,1,1,1,1,1,1,1,1,1,1,1,1,1,1
NID DEC 2025,PESHAWAR,MATTANI,PISHTAKHARA,cbv,15,0,14,2,240,1,1,1,1,1,1,1,1,1,1,1,1,1,1,,,,,,,,,,,,,1,1,1,0,1,1,1,1,1,1,1,1,1,1,1,1,1,1,1,1,1,1
NID DEC 2025,MOHMAND,PARANG GHAAR,ASGHAR,mt,21,21,16,0,300,1,1,1,1,1,1,1,1,1,1,1,1,1,1,,,,,,,,,,,,,1,,1,1,1,1,1,1,1,1,1,1,1,1,1,1,1,1,1,1,1,1
NID DEC 2025,MOHMAND,PARANG GHAAR,UMAR KHEL,mt,37,37,3,0,300,1,1,1,1,1,1,1,1,1,1,1,1,1,1,,,,,,,,,,,,,1,,1,1,1,1,1,1,1,1,1,1,1,1,1,1,1,1,1,1,1,1
NID DEC 2025,NOWSHERA,NOWSHERA,GANDHERI,mt,28,5,23,1,280,1,0,1,1,1,1,1,0,1,1,1,1,1,1,,,,,,,,,,,,,1,1,1,1,1,1,1,1,1,1,1,1,1,1,1,1,1,1,1,1,1,0
NID DEC 2025,NOWSHERA,NOWSHERA,DHERI KATTI KHEL,mt,8,0,9,1,210,1,1,1,1,1,1,1,1,1,1,1,1,1,1,,,,,,,,,,,,,1,1,1,1,1,1,1,1,1,1,1,1,1,1,1,1,1,1,1,1,1,1
NID DEC 2025,PESHAWAR,MATTANI,PISHTAKHARA,cbv,15,0,15,1,230,1,1,1,1,1,1,1,1,1,1,1,1,1,1,,,,,,,,,,,,,1,1,1,1,1,1,1,1,1,1,1,1,1,1,1,1,1,1,1,1,1,1
NID DEC 2025,PESHAWAR,SADDAR,MERA KACHORI,cbv,25,0,24,4,240,1,1,1,1,1,1,1,1,1,1,1,1,1,1,,,,,,,,,,,,,1,1,1,1,1,1,1,1,1,1,1,1,1,1,1,1,1,1,1,1,1,1
NID DEC 2025,PESHAWAR,CITY,PALOSI,cbv,13,0,10,0,240,1,1,1,1,1,1,1,1,1,1,1,1,1,1,,,,,,,,,,,,,1,1,1,1,1,1,1,1,1,1,1,1,1,1,1,1,1,1,1,1,1,1
NID DEC 2025,PESHAWAR,MATTANI,MASHOGAGAR,cbv,22,11,7,0,240,1,1,1,1,1,1,1,1,1,1,1,1,1,1,,,,,,,,,,,,,1,1,1,1,1,1,1,1,1,1,1,1,1,1,1,1,1,1,1,1,1,1
NID DEC 2025,PESHAWAR,SMT,LANDI ARBAB,cbv,13,13,13,4,240,1,1,1,1,1,1,1,1,1,1,1,1,1,1,,,,,,,,,,,,,1,1,1,1,1,1,1,1,1,1,1,1,1,1,1,1,1,1,1,1,1,1
NID DEC 2025,NOWSHERA,JEHANGIRA,MERA AKORA,mt,30,0,27,5,260,1,1,1,1,1,1,1,1,1,1,1,1,1,1,,,,,,,,,,,,,1,1,1,1,1,1,1,1,1,1,1,1,1,1,1,1,1,1,1,1,1,1
NID DEC 2025,PESHAWAR,SMT,DEH BAHADAR,cbv,18,16,16,1,260,1,1,1,1,1,1,1,1,1,1,1,1,1,1,,,,,,,,,,,,,1,1,1,1,1,1,1,1,1,1,1,1,1,1,1,1,1,1,1,1,1,1
NID DEC 2025,PESHAWAR,SMT,NOTHIA JADEED,cbv,15,0,12,2,260,1,1,1,1,1,1,1,1,1,1,1,1,1,1,,,,,,,,,,,,,1,1,1,1,1,1,1,1,1,1,1,1,1,1,1,1,1,1,1,1,1,1
NID DEC 2025,NOWSHERA,NOWSHERA,BADRASHI,mt,22,0,18,0,305,1,1,1,1,1,1,1,1,1,1,1,1,1,1,,,,,,,,,,,,,1,1,1,1,1,1,1,1,1,1,1,1,1,1,1,1,1,1,1,1,1,1
NID DEC 2025,PESHAWAR,CITY,KHALSA 1,cbv,18,0,18,1,240,1,1,1,1,1,1,1,1,1,1,1,1,1,1,,,,,,,,,,,,,1,1,1,1,1,1,1,1,1,1,1,1,1,1,1,1,1,1,1,1,1,1
NID DEC 2025,PESHAWAR,SMT,SHAHEEN MUSLIM TWN1,cbv,19,0,21,2,240,0,1,1,1,1,1,1,1,1,1,1,1,0,1,,,,,,,,,,,,,1,1,1,1,0,0,1,0,1,1,1,1,1,1,1,1,1,1,1,1,1,0
NID DEC 2025,CHARSADA,TANGI,MC TANGI,mt,26,12,14,2,190,1,1,1,0,1,1,1,0,1,1,1,1,0,1,,,,,,,,,,,,,0,1,1,1,1,1,1,0,0,0,1,1,1,1,1,1,1,0,1,0,0,0
NID DEC 2025,PESHAWAR,CITY,MALAKANDHER,cbv,20,0,20,3,260,1,1,1,1,1,1,1,1,1,1,1,1,1,1,,,,,,,,,,,,,1,1,1,1,1,1,1,1,1,1,1,1,1,1,1,1,1,1,1,1,1,1
NID DEC 2025,NOWSHERA,NOWSHERA,BARA BANDA,mt,28,25,25,3,280,1,1,1,1,1,1,1,0,1,1,1,1,1,1,,,,,,,,,,,,,1,1,1,1,1,1,1,1,1,1,1,1,1,1,1,1,1,1,1,1,1,1
NID DEC 2025,MOHMAND,BAIZAI,KODA KHEL,mt,25,22,0,2,240,1,0,0,1,1,1,1,1,1,1,1,1,0,1,,,,,,,,,,,,,1,1,1,1,1,1,1,1,1,1,1,1,1,1,1,1,1,1,1,1,0,0
NID DEC 2025,MOHMAND,SAFI LAKARO,ALINGAR,mt,8,1,0,0,185,1,1,1,1,1,1,1,1,1,1,1,1,1,1,,,,,,,,,,,,,1,1,1,1,1,1,1,1,1,1,1,1,1,1,1,1,1,1,1,1,0,0
NID DEC 2025,PESHAWAR,CITY,SUFAID DHERI,cbv,21,21,21,1,240,1,1,1,1,1,1,1,1,1,1,1,1,1,1,,,,,,,,,,,,,1,1,1,1,1,1,1,1,1,1,1,1,1,1,1,1,1,1,1,1,1,1
NID DEC 2025,NOWSHERA,JEHANGIRA,KHAIRABAD CAMP,mt,21,0,19,1,250,1,1,1,1,1,1,1,1,1,1,1,1,1,1,,,,,,,,,,,,,1,1,1,1,1,1,1,1,1,1,1,1,1,1,1,1,1,1,1,1,1,1
NID DEC 2025,PESHAWAR,SMT,YAKATOOT 3,cbv,12,0,12,0,240,1,1,1,1,1,1,1,1,1,1,1,1,1,1,,,,,,,,,,,,,1,1,1,1,1,1,1,1,1,1,1,1,1,1,1,1,1,1,1,1,1,1
NID DEC 2025,PESHAWAR,SMT,LANDI ARBAB,cbv,13,0,13,4,240,1,1,1,1,1,1,1,1,1,1,1,1,1,1,,,,,,,,,,,,,1,1,1,1,1,1,1,1,1,1,1,1,1,1,1,1,1,1,1,1,1,1
NID DEC 2025,PESHAWAR,SMT,NOTHIA JADEED,cbv,15,0,15,2,240,1,1,1,1,1,1,1,1,1,1,1,1,1,1,,,,,,,,,,,,,1,1,1,1,1,1,1,1,1,1,1,1,1,1,1,1,1,1,1,1,1,1
NID DEC 2025,PESHAWAR,CITY,SUFAID DHERI,cbv,22,0,22,1,240,1,1,1,1,1,1,1,1,1,1,1,1,1,1,,,,,,,,,,,,,1,1,0,1,1,1,1,1,1,1,1,1,1,1,1,1,1,1,1,1,1,1
NID DEC 2025,PESHAWAR,CITY,HAYAT ABAD 2,cbv,19,2,17,2,240,0,1,1,1,1,1,1,1,1,1,1,1,1,1,,,,,,,,,,,,,1,0,1,1,1,1,1,1,1,1,1,1,1,1,1,1,1,1,1,1,1,1
NID DEC 2025,PESHAWAR,CITY,SHAHI BAGH,cbv,14,9,5,3,120,1,1,1,1,1,1,1,1,1,1,1,1,1,1,,,,,,,,,,,,,1,1,1,1,1,1,1,1,1,1,1,1,1,1,1,1,1,1,1,1,1,1
NID DEC 2025,PESHAWAR,CITY,MALAKANDHER,cbv,20,4,16,2,240,1,1,1,1,1,1,1,1,1,1,1,1,1,1,,,,,,,,,,,,,1,,1,1,1,1,1,1,1,1,1,1,1,1,1,1,1,1,1,1,1,1
NID DEC 2025,NOWSHERA,JEHANGIRA,MERA AKORA,mt,31,1,30,0,220,1,1,1,1,1,1,1,1,1,1,1,1,1,1,,,,,,,,,,,,,1,1,1,1,1,1,1,1,1,1,1,1,1,1,1,1,1,1,1,1,1,1
NID DEC 2025,MOHMAND,SAFI LAKARO,SANDO KHEL,mt,8,8,0,3,6,1,1,1,1,1,1,1,1,1,1,1,1,1,1,,,,,,,,,,,,,1,,1,1,1,1,1,1,1,1,1,1,1,1,1,1,1,1,1,1,1,1
NID FEB 2026,CHARSADA,CHARSADDA,MOHAMMAD NARI:SHEIKHO:CHENDRO DAAG:DARGAY:BAHLOLA,mt,30,24,6,0,300,1,1,1,1,1,1,1,1,1,1,1,1,1,1,,,,,,,,,,,,,1,1,1,1,1,1,1,1,1,1,1,1,1,1,1,1,1,1,1,1,1,1
NID FEB 2026,CHARSADA,CHARSADDA,BAHLOLA:CHENDRO DAAG:DARGAY:MOHAMMAD NARI:SHEIKHO,mt,30,24,6,30,300,1,1,1,1,1,1,1,1,1,1,1,1,1,1,,,,,,,,,,,,,1,,0,1,1,1,1,1,1,1,1,1,1,1,1,1,1,1,1,1,1,1
NID FEB 2026,KHYBER,BARA,MANDI KAS,cbv,22,18,4,1,180,1,1,1,1,1,1,1,1,1,1,1,1,1,1,,,,,,,,,,,,,1,,1,1,1,1,1,1,1,1,1,1,1,1,1,1,1,1,1,1,1,1
NID FEB 2026,KHYBER,BARA,SHALOBAR:NOGAZI BABA,cbv,30,29,0,8,180,1,1,1,1,1,1,1,1,1,1,1,1,1,1,,,,,,,,,,,,,1,,1,1,1,1,1,1,1,1,1,1,1,1,1,1,1,1,1,1,1,1
NID FEB 2026,CHARSADA,CHARSADDA,MC-4 CHARSADDA,smt,31,2,29,0,300,1,1,1,1,1,1,1,1,1,1,1,1,1,1,,,,,,,,,,,,,1,0,1,1,1,1,1,1,1,1,1,1,1,1,1,1,1,1,1,1,1,1
NID FEB 2026,MOHMAND,EKKAGHUND,DAB KOR,mt,17,0,17,0,240,1,1,1,1,1,1,1,1,1,1,1,1,1,1,,,,,,,,,,,,,1,,1,1,1,1,1,1,1,1,1,1,1,1,1,1,1,1,1,1,1,1
NID FEB 2026,CHARSADA,CHARSADDA,MC-4 CHARSADDA,smt,31,2,29,0,300,1,1,1,1,1,1,1,1,1,1,1,1,1,1,,,,,,,,,,,,,1,1,1,1,1,1,1,1,1,1,1,1,1,1,1,1,1,1,1,1,1,1
NID FEB 2026,CHARSADA,CHARSADDA,AGRA,mt,28,2,26,25,240,1,1,1,1,1,1,1,1,1,1,1,1,1,1,,,,,,,,,,,,,1,1,1,1,1,1,1,1,1,1,1,1,1,1,1,1,1,1,1,1,1,1
NID FEB 2026,CHARSADA,SHABQADAR,HASSANZAI,mt,30,1,29,2,230,1,0,0,1,1,1,1,1,1,1,1,1,1,1,,,,,,,,,,,,,1,1,0,1,1,1,1,1,1,1,1,1,1,1,1,1,1,1,1,1,1,1
NID FEB 2026,CHARSADA,CHARSADDA,SARKI TETARA,mt,24,23,23,0,240,1,1,1,1,1,1,1,1,1,1,1,1,1,1,,,,,,,,,,,,,1,1,1,1,1,1,1,1,1,1,1,1,1,1,1,1,1,1,1,1,1,1
NID FEB 2026,CHARSADA,TANGI,ZIAM,mt,18,0,15,0,360,0,1,0,0,1,1,1,1,1,1,1,1,0,1,,,,,,,,,,,,,0,1,1,1,1,1,1,1,1,1,1,1,1,1,1,1,1,1,1,1,1,1
NID FEB 2026,NOWSHERA,NOWSHERA,PIRPAI,mt,17,1,14,2,250,1,1,1,1,1,1,1,1,1,1,1,1,1,1,,,,,,,,,,,,,1,1,1,1,1,1,1,1,1,1,1,1,1,1,1,1,1,1,1,1,1,1
NID FEB 2026,CHARSADA,SHABQADAR,RASHAKI,mt,29,8,21,2,180,1,1,1,1,1,1,1,1,1,1,1,1,1,1,,,,,,,,,,,,,1,1,1,1,1,1,1,1,1,1,1,1,1,1,1,1,1,1,1,1,1,1
NID FEB 2026,MOHMAND,PARANG GHAAR,ASGHAR,mt,21,21,16,3,360,1,1,1,1,1,1,1,1,1,1,1,1,1,1,,,,,,,,,,,,,1,,1,1,1,1,1,1,1,1,1,1,1,1,1,1,1,1,1,1,1,1
NID FEB 2026,MOHMAND,HALEEMZAI,KASSI,mt,29,14,15,4,250,1,1,1,1,1,1,1,1,1,1,1,1,1,1,,,,,,,,,,,,,1,1,1,1,1,1,1,1,1,1,1,1,1,1,1,1,1,1,1,1,1,0
NID FEB 2026,NOWSHERA,NOWSHERA,KABUL RIVER,mt,30,7,23,1,250,1,1,1,1,1,1,1,1,1,1,1,1,1,1,,,,,,,,,,,,,1,1,1,1,1,1,1,1,1,1,1,1,1,1,1,1,1,1,1,1,1,1
NID FEB 2026,NOWSHERA,NOWSHERA,KHESHGI BALA,mt,23,4,17,0,240,1,1,1,1,1,1,1,1,1,1,1,1,1,1,,,,,,,,,,,,,1,1,1,1,1,1,1,1,1,1,1,1,1,1,1,1,1,1,1,1,1,1
NID FEB 2026,NOWSHERA,NOWSHERA,KHESHGI PAYAN,mt,27,4,22,1,240,1,1,1,1,1,1,1,1,1,1,1,1,1,1,,,,,,,,,,,,,1,1,1,1,1,1,1,1,1,1,1,1,1,1,1,1,1,1,1,1,1,1
NID FEB 2026,CHARSADA,TANGI,ABAZAI,mt,29,4,25,0,240,1,1,1,1,1,1,1,1,1,1,1,1,1,1,,,,,,,,,,,,,1,1,1,1,1,1,1,1,1,1,1,1,1,1,1,1,1,1,1,1,1,1
NID FEB 2026,NOWSHERA,NOWSHERA,AZAKHEL BALA,mt,27,0,22,0,265,1,1,1,1,1,0,1,0,0,1,1,1,1,1,,,,,,,,,,,,,1,1,1,1,1,1,1,1,1,1,1,1,1,1,1,1,1,1,1,1,0,0
NID FEB 2026,CHARSADA,CHARSADDA,GHONDA KARKANA,mt,18,1,17,0,260,1,1,1,1,1,0,1,0,0,1,1,1,0,1,,,,,,,,,,,,,1,1,1,1,1,1,1,1,1,1,1,1,1,1,1,1,1,1,1,1,1,1
NID FEB 2026,NOWSHERA,PABBI,JALOZAI,mt,24,2,19,1,280,1,1,1,1,1,1,1,1,1,1,1,1,1,1,,,,,,,,,,,,,1,1,1,1,1,1,1,1,1,1,1,1,1,1,1,1,1,1,1,1,1,1
NID FEB 2026,MOHMAND,HALEEMZAI,GHALLANAI,mt,19,12,7,4,240,1,1,1,1,1,1,1,1,1,1,1,1,1,1,,,,,,,,,,,,,1,1,1,1,1,1,1,1,1,1,1,1,1,1,1,1,1,1,1,1,1,1
NID FEB 2026,CHARSADA,CHARSADDA,MC-1 CHARSADDA,mt,30,0,30,0,360,1,1,1,1,1,1,1,1,1,1,1,1,1,1,,,,,,,,,,,,,1,1,1,1,1,1,1,1,1,1,1,1,1,1,1,1,1,1,1,1,1,1
NID FEB 2026,NOWSHERA,JEHANGIRA,AKORA KHATTAK,mt,27,4,23,0,240,,0,1,0,1,0,0,1,1,0,1,0,0,0,,,,,,,,,,,,,,1,1,,,,,,,,,,,,,,,,,,0,1
NID FEB 2026,CHARSADA,TANGI,MANDANI,mt,21,21,21,0,180,1,1,1,0,1,1,1,0,1,1,1,1,1,1,,,,,,,,,,,,,1,1,1,1,0,1,1,0,0,0,1,1,1,1,1,1,1,0,1,0,0,0
NID FEB 2026,MOHMAND,EKKAGHUND,EKKAGHUND,mt,26,6,17,0,240,1,1,1,1,1,1,1,1,1,1,1,1,1,1,,,,,,,,,,,,,1,1,1,1,1,1,1,1,1,1,1,1,1,1,1,1,1,1,1,1,0,0
NID FEB 2026,NOWSHERA,JEHANGIRA,NIZAMPUR,mt,30,9,17,2,240,1,1,1,1,1,1,1,1,1,1,1,1,1,1,,,,,,,,,,,,,1,1,1,1,1,1,1,1,1,1,1,1,1,1,1,1,1,1,1,1,1,1
NID FEB 2026,MOHMAND,PANDIALI,DANISHKOOL,mt,19,14,0,3,240,1,1,1,1,1,1,1,1,1,1,1,1,1,1,,,,,,,,,,,,,1,1,1,1,1,1,1,1,1,1,1,1,1,1,1,1,1,1,1,1,0,0
NID FEB 2026,NOWSHERA,NOWSHERA,DHERI KATTI KHEL,mt,18,0,16,1,330,1,1,1,1,1,1,1,1,1,1,1,1,1,1,,,,,,,,,,,,,1,1,1,1,1,1,1,1,1,1,1,1,1,1,1,1,1,1,1,1,0,1
NID FEB 2026,NOWSHERA,NOWSHERA,KHESHGI PAYAN,mt,27,4,22,1,210,1,0,0,1,1,1,1,1,1,1,1,1,0,1,,,,,,,,,,,,,1,1,1,1,1,1,1,1,0,1,1,1,1,1,0,1,1,1,1,1,0,0
NID FEB 2026,KHYBER,JAMRUD,GHUNDI A,cbv,19,19,0,2,180,1,1,1,1,1,1,1,1,1,1,1,1,1,1,,,,,,,,,,,,,1,1,1,1,1,1,1,1,1,1,1,1,1,1,1,1,1,1,1,1,1,1
NID FEB 2026,CHARSADA,CHARSADDA,RAJJAR 1,mt,25,3,21,1,240,1,1,1,1,1,1,1,1,1,1,1,1,1,1,,,,,,,,,,,,,1,,1,1,1,1,1,1,1,1,1,1,1,1,1,1,1,1,1,1,1,1
NID FEB 2026,MOHMAND,EKKAGHUND,MICHANI,mt,16,0,14,0,240,1,1,1,1,1,1,1,1,1,1,1,1,0,1,,,,,,,,,,,,,1,1,1,1,1,1,1,1,1,1,1,1,1,1,1,1,1,1,1,1,0,0
NID FEB 2026,MOHMAND,AMBAR,CHARGOLAI,mt,30,17,0,1,210,1,1,0,1,1,1,1,1,1,0,1,1,0,1,,,,,,,,,,,,,1,1,0,1,1,1,1,1,1,1,1,1,1,1,1,1,1,1,1,1,0,0
NID FEB 2026,NOWSHERA,PABBI,CHOKI MAMREZ,mt,24,3,21,24,240,1,1,1,1,1,1,1,1,1,1,1,1,1,1,,,,,,,,,,,,,1,1,1,1,1,1,1,1,1,1,1,1,1,1,1,1,1,1,1,1,1,1
NID FEB 2026,CHARSADA,CHARSADDA,MC-4 CHARSADDA,smt,28,2,26,1,300,1,1,1,1,1,1,1,1,1,1,1,1,1,1,,,,,,,,,,,,,1,1,1,1,1,1,1,1,1,1,1,1,1,1,1,1,1,1,1,1,1,1
NID FEB 2026,NOWSHERA,NOWSHERA,NOWSHERA CITY,mt,19,3,16,2,300,1,1,1,1,1,1,1,1,1,1,1,1,0,1,,,,,,,,,,,,,1,1,1,1,1,1,1,1,1,1,1,1,1,1,1,1,1,1,1,1,0,0
NID FEB 2026,CHARSADA,SHABQADAR,MC-3 SHABQADAR,mt,28,2,26,2,180,1,1,1,1,1,1,1,1,1,1,1,1,1,1,,,,,,,,,,,,,1,1,1,1,1,1,1,1,1,1,1,1,1,1,1,1,1,1,1,1,1,1
NID FEB 2026,NOWSHERA,NOWSHERA,KHESHGI PAYAN,mt,18,4,12,1,240,1,1,1,1,1,1,1,1,1,1,1,1,1,1,,,,,,,,,,,,,1,1,1,1,1,1,1,1,1,1,1,1,1,1,1,1,1,1,1,1,1,1
NID FEB 2026,MOHMAND,SAFI LAKARO,MAMAD GAT,mt,25,12,1,0,240,1,1,1,1,1,1,1,1,1,1,1,1,1,1,,,,,,,,,,,,,1,1,1,1,1,1,1,1,1,1,1,1,1,1,1,1,1,1,1,1,0,0
NID FEB 2026,MOHMAND,KHAWEZAI,JUMA KHEL,mt,23,0,0,0,0,,1,1,0,0,0,0,0,0,0,0,0,0,0,,,,,,,,,,,,,,0,0,,,,,,,,,,,,,,,,,,0,0
NID FEB 2026,CHARSADA,TANGI,GANDHERI,mt,22,8,13,0,240,1,1,1,1,1,1,1,1,1,1,1,1,1,1,,,,,,,,,,,,,1,1,1,1,1,1,1,1,1,1,1,1,1,1,1,1,1,1,1,1,1,1
NID FEB 2026,NOWSHERA,PABBI,PABBI,mt,30,11,19,1,240,1,1,1,1,1,1,1,1,1,1,1,1,0,1,,,,,,,,,,,,,1,1,1,1,1,1,1,0,1,1,1,1,1,1,1,1,1,1,1,1,1,1
NID FEB 2026,NOWSHERA,NOWSHERA,DHERI KATTI KHEL,mt,30,3,31,2,270,1,1,1,1,1,1,1,1,1,1,1,1,1,1,,,,,,,,,,,,,1,1,1,1,1,1,1,1,1,1,1,1,1,1,1,1,1,1,1,1,1,1
NID FEB 2026,NOWSHERA,NOWSHERA,KABUL RIVER,mt,29,29,29,1,260,1,1,1,1,1,1,1,1,1,1,1,1,1,1,,,,,,,,,,,,,1,1,1,1,1,1,1,1,1,1,1,1,1,1,1,1,1,1,1,1,1,1
NID FEB 2026,CHARSADA,CHARSADDA,MC-3 CHARSADDA,mt,18,1,17,18,300,1,1,1,1,1,1,1,1,1,1,1,1,1,1,,,,,,,,,,,,,1,,1,1,1,1,1,1,1,1,1,1,1,1,1,1,1,1,1,1,1,1
NID FEB 2026,NOWSHERA,JEHANGIRA,KHAIRABAD,mt,28,0,25,2,260,1,1,1,1,1,1,1,1,1,1,1,1,1,1,,,,,,,,,,,,,1,1,1,1,1,1,1,1,1,1,1,1,1,1,1,1,1,1,1,1,1,1
NID FEB 2026,CHARSADA,CHARSADDA,TURANGZAI,mt,16,0,15,0,240,1,1,1,1,1,1,0,1,1,0,1,1,0,1,,,,,,,,,,,,,1,1,0,1,1,1,1,1,1,1,1,1,1,0,1,1,1,1,1,1,1,0
NID FEB 2026,CHARSADA,TANGI,SHODAAG,mt,21,18,17,1,200,1,1,1,0,1,1,0,0,1,1,1,1,1,1,,,,,,,,,,,,,1,1,1,1,1,1,1,0,1,1,1,1,1,1,1,1,1,0,1,0,0,0
NID FEB 2026,CHARSADA,TANGI,DHAKKI,mt,30,0,26,0,360,1,1,1,1,1,1,1,1,1,1,1,1,0,1,,,,,,,,,,,,,1,1,1,1,1,1,1,1,1,1,1,1,1,1,1,1,1,1,1,1,1,1
NID FEB 2026,NOWSHERA,NOWSHERA,GANDHERI,mt,30,5,21,1,310,1,1,1,1,1,1,1,1,1,1,1,1,1,1,,,,,,,,,,,,,1,1,1,1,1,1,1,1,1,1,1,1,1,1,1,1,1,1,1,1,1,1
NID FEB 2026,NOWSHERA,NOWSHERA,RASHAKAI,mt,22,1,21,1,270,1,1,1,1,1,1,1,1,1,1,1,1,1,1,,,,,,,,,,,,,1,1,1,1,1,1,1,1,1,1,1,1,1,1,1,1,1,1,1,1,1,1
NID FEB 2026,NOWSHERA,NOWSHERA,ZIARAT KAKA SAHIB,mt,26,8,18,0,240,1,1,1,1,1,1,0,1,1,1,1,0,1,1,,,,,,,,,,,,,1,1,1,1,1,1,1,1,1,1,1,1,1,0,1,1,1,1,1,1,1,1
NID FEB 2026,MOHMAND,BAIZAI,GHANAM SHAH,mt,31,16,0,8,240,1,1,1,0,1,1,1,1,1,1,1,0,0,1,,,,,,,,,,,,,1,1,1,1,1,1,1,1,1,1,1,1,1,1,1,1,1,1,1,1,0,0
NID FEB 2026,NOWSHERA,NOWSHERA,PIRSABAQ,mt,26,2,22,0,239,1,0,1,1,1,1,0,1,1,0,1,0,0,1,,,,,,,,,,,,,1,0,1,1,0,1,1,1,1,1,1,1,1,1,1,1,1,1,1,1,0,0
NID FEB 2026,CHARSADA,CHARSADDA,DHERI ZARDAD,mt,17,4,13,1,360,1,1,1,1,1,1,1,1,1,1,1,1,1,1,,,,,,,,,,,,,1,1,1,1,1,1,1,1,1,1,1,1,1,1,1,1,1,1,1,1,1,1
NID FEB 2026,NOWSHERA,NOWSHERA,KABUL RIVER,mt,29,0,29,1,300,1,1,1,1,1,1,1,1,1,1,1,1,1,1,,,,,,,,,,,,,1,1,1,1,1,1,1,1,1,1,1,1,1,1,1,1,1,1,1,1,1,1
NID FEB 2026,MOHMAND,SAFI LAKARO,SANDO KHEL,mt,32,17,2,1,220,1,1,1,1,1,1,1,1,1,1,1,1,1,1,,,,,,,,,,,,,1,1,0,1,1,1,1,1,1,1,1,1,1,1,1,1,1,1,1,1,1,1
NID FEB 2026,NOWSHERA,NOWSHERA,BADRASHI,cbv,28,0,28,1,300,1,1,1,1,1,1,1,1,1,1,1,1,1,1,,,,,,,,,,,,,1,1,1,1,1,1,1,1,1,1,1,1,1,1,1,1,1,1,1,1,1,1
NID FEB 2026,NOWSHERA,NOWSHERA,NAWA KALY,smt,15,3,12,1,240,1,0,0,1,1,1,1,0,1,1,1,1,1,1,,,,,,,,,,,,,1,,1,1,1,1,1,1,1,1,1,1,1,1,1,1,1,1,1,1,1,1
NID FEB 2026,KHYBER,LANDI KOTAL,TORA WELA:TORKHAM,cbv,15,15,0,0,180,1,1,1,1,1,1,1,1,1,1,1,1,1,1,,,,,,,,,,,,,1,1,1,1,1,1,1,1,1,1,1,1,1,1,1,1,1,1,1,1,1,1
NID FEB 2026,KHYBER,JAMRUD,SHAH KAS B,cbv,26,26,0,0,200,1,1,1,1,1,1,1,1,1,1,1,1,1,1,,,,,,,,,,,,,1,1,1,1,1,1,1,1,1,1,1,1,1,1,1,1,1,1,1,1,1,1
NID FEB 2026,KHYBER,LANDI KOTAL,LOE SHALMAN A,cbv,17,17,0,0,180,0,1,0,1,1,1,1,0,1,1,1,0,0,1,,,,,,,,,,,,,1,1,1,1,1,1,1,1,1,1,1,1,1,1,1,1,1,1,1,1,1,1
NID FEB 2026,KHYBER,JAMRUD,SHAH KAS A,cbv,17,17,0,0,120,1,1,1,1,1,1,1,1,1,1,1,1,1,1,,,,,,,,,,,,,1,1,1,1,1,1,1,1,1,1,1,1,1,1,1,1,1,1,1,1,0,0
NID FEB 2026,PESHAWAR,SMT,YAKATOOT 3,cbv,25,5,20,0,300,1,1,1,1,1,1,1,1,1,1,1,1,0,1,,,,,,,,,,,,,1,,1,1,1,1,1,1,1,1,1,1,1,1,1,1,1,1,1,1,1,1
NID FEB 2026,PESHAWAR,SMT,SHEIKH JUNAID ABAD,cbv,13,0,13,0,350,1,1,1,1,1,1,1,1,1,1,1,1,0,1,,,,,,,,,,,,,1,1,1,1,1,1,1,1,1,1,1,1,1,1,1,1,1,1,1,1,1,1
NID FEB 2026,KHYBER,BARA,AJAB TALAB,cbv,15,15,0,0,180,1,1,1,1,1,1,1,1,1,1,1,1,1,1,,,,,,,,,,,,,1,1,1,1,1,1,1,1,1,1,1,1,1,1,1,1,1,1,1,1,0,0
NID FEB 2026,NOWSHERA,NOWSHERA,BADRASHI,smt,28,0,28,1,360,1,1,1,1,1,1,1,1,1,1,1,1,1,1,,,,,,,,,,,,,1,1,1,1,1,1,1,1,1,1,1,1,1,1,1,1,1,1,1,1,1,1
NID FEB 2026,MOHMAND,HALEEMZAI,KAMALI,mt,26,18,8,1,260,1,1,1,1,1,1,1,1,1,1,1,1,1,1,,,,,,,,,,,,,1,1,1,1,1,1,1,1,1,1,1,1,1,1,1,1,1,1,1,1,1,0
NID FEB 2026,KHYBER,JAMRUD,SHAH KAS B,cbv,26,26,0,0,180,1,1,1,1,1,1,1,1,1,1,1,1,1,1,,,,,,,,,,,,,1,1,1,1,1,1,1,1,1,1,1,1,1,1,1,1,1,1,1,1,1,1
NID FEB 2026,NOWSHERA,NOWSHERA,KHESHGI PAYAN,mt,16,3,12,0,270,1,1,1,1,1,1,1,1,1,1,1,1,1,1,,,,,,,,,,,,,1,1,1,1,1,1,1,1,1,1,1,1,1,1,1,1,1,1,1,1,1,1
NID FEB 2026,PESHAWAR,CITY,KAKSHAL,cbv,11,0,11,0,220,0,1,1,1,1,1,1,1,1,1,1,1,1,1,,,,,,,,,,,,,1,1,1,1,1,1,1,1,1,1,1,1,1,1,1,1,1,1,1,1,1,1
NID FEB 2026,PESHAWAR,CITY,ASIA DABGARI,cbv,14,0,14,0,180,0,1,1,0,1,1,0,1,1,0,0,0,0,1,,,,,,,,,,,,,1,1,1,1,1,1,0,0,0,1,1,1,1,1,1,1,1,0,1,1,0,0
NID FEB 2026,KHYBER,LANDI KOTAL,SHEIKHMAL KHEL,cbv,21,21,0,2,180,1,0,0,1,1,1,1,1,1,1,1,1,0,1,,,,,,,,,,,,,1,,0,1,1,1,1,1,1,1,1,1,1,1,1,1,1,1,1,1,1,1
NID FEB 2026,PESHAWAR,CITY,HASAN GARHI 2,cbv,20,0,20,0,24,1,1,1,1,1,1,1,0,1,1,1,1,1,1,,,,,,,,,,,,,1,1,1,1,1,1,1,1,1,1,1,1,1,1,1,1,1,1,1,1,1,1
NID FEB 2026,PESHAWAR,CITY,REGI,cbv,20,0,20,0,250,0,1,0,1,1,1,1,1,1,1,1,1,1,1,,,,,,,,,,,,,1,,1,1,1,1,1,1,1,1,1,1,1,1,1,1,1,1,1,1,1,1
NID FEB 2026,MOHMAND,EKKAGHUND,DAB KOR,mt,12,4,8,1,240,1,1,1,1,1,1,1,1,1,1,1,1,1,1,,,,,,,,,,,,,1,1,1,1,1,1,1,1,1,1,1,1,1,1,1,1,1,1,1,1,1,1
NID FEB 2026,PESHAWAR,CITY,SHAHI BAGH,cbv,17,0,17,0,250,1,1,1,1,1,1,1,1,1,1,1,1,1,1,,,,,,,,,,,,,1,1,1,1,1,1,1,1,1,1,1,1,1,1,1,1,1,1,1,1,1,1
NID FEB 2026,NOWSHERA,NOWSHERA,KHESHGI BALA,mt,20,2,17,0,240,1,1,1,1,1,1,1,1,1,1,1,1,1,1,,,,,,,,,,,,,1,1,1,1,1,1,1,1,1,1,1,1,1,1,1,1,1,1,1,1,1,1
NID FEB 2026,KHYBER,BARA,AJAB TALAB,cbv,16,16,0,0,180,1,1,1,1,1,1,1,1,1,1,1,1,1,1,,,,,,,,,,,,,1,1,1,1,1,1,1,1,1,1,1,1,1,1,1,1,1,1,1,1,0,1
NID FEB 2026,NOWSHERA,NOWSHERA,KHESHGI BALA,mt,20,2,19,0,265,1,1,1,1,1,1,1,1,1,1,1,1,1,1,,,,,,,,,,,,,1,1,1,1,1,1,1,1,1,1,1,1,1,1,1,1,1,1,1,1,1,1
NID FEB 2026,PESHAWAR,CITY,CANTT WARD 1,mt,23,0,23,1,300,1,1,1,1,1,0,1,1,1,1,1,1,1,1,,,,,,,,,,,,,1,1,1,1,1,1,1,0,1,1,1,1,1,1,1,1,1,1,1,1,1,1
NID FEB 2026,PESHAWAR,SMT,DERI BAGHBANAN,cbv,16,0,15,0,240,1,1,1,1,1,1,1,1,1,1,1,1,0,1,,,,,,,,,,,,,1,1,1,1,1,1,1,1,1,1,1,1,1,1,1,1,1,1,1,1,1,1
NID FEB 2026,MOHMAND,AMBAR,HAD KOR:CHARGOLAI,mt,30,21,0,5,210,1,1,1,1,1,1,0,1,1,0,1,1,0,1,,,,,,,,,,,,,1,1,1,1,1,1,1,1,1,1,1,1,1,1,1,1,1,1,1,1,0,0
NID FEB 2026,PESHAWAR,SMT,YAKATOOT 2,cbv,12,0,12,0,240,1,1,1,1,1,1,1,1,1,1,1,1,1,1,,,,,,,,,,,,,1,1,1,1,1,1,1,1,1,1,1,1,1,1,1,1,1,1,1,1,1,1
NID FEB 2026,MOHMAND,EKKAGHUND,EKKAGHUND,mt,25,0,24,0,240,1,1,1,1,1,1,1,1,1,1,1,1,1,1,,,,,,,,,,,,,1,1,1,1,1,1,1,1,1,1,1,1,1,1,1,1,1,1,1,1,1,1
NID FEB 2026,MOHMAND,PANDIALI,ZAHOO,mt,24,17,0,1,240,1,1,1,1,1,1,1,1,1,1,1,1,1,1,,,,,,,,,,,,,1,1,1,1,1,1,1,1,1,1,1,1,1,1,1,1,1,1,1,1,0,0
NID FEB 2026,KHYBER,LANDI KOTAL,SHEIKHMAL KHEL,cbv,21,21,0,0,180,1,1,1,1,1,1,1,1,1,1,1,1,1,1,,,,,,,,,,,,,1,1,1,1,1,1,1,1,1,1,1,1,1,1,1,1,1,1,1,1,1,1
NID FEB 2026,CHARSADA,CHARSADDA,MOHAMMAD NARI,mt,25,24,24,1,300,1,1,1,1,1,1,1,1,1,1,1,1,1,1,,,,,,,,,,,,,1,,0,1,1,1,1,1,1,1,1,1,1,1,1,1,1,1,1,1,1,1
NID FEB 2026,KHYBER,LANDI KOTAL,STATION,cbv,23,20,3,0,210,1,1,1,1,1,1,1,1,1,1,1,1,1,1,,,,,,,,,,,,,1,1,1,1,1,1,1,1,1,1,1,1,1,1,1,1,1,1,1,1,1,1
NID FEB 2026,CHARSADA,TANGI,AR MUNDA,mt,23,1,22,1,180,1,1,1,1,1,1,1,1,1,1,1,1,1,1,,,,,,,,,,,,,1,1,1,1,1,1,1,1,1,1,1,1,1,1,1,1,1,1,1,1,1,1
NID FEB 2026,NOWSHERA,JEHANGIRA,MERA AKORA,mt,30,0,26,1,300,1,1,1,1,1,1,0,1,1,1,1,1,0,1,,,,,,,,,,,,,1,1,1,1,1,1,1,1,1,1,0,1,1,0,1,1,1,1,1,1,0,1
NID FEB 2026,PESHAWAR,SMT,HAZARKHWANI 2,cbv,21,0,21,1,250,1,1,1,1,1,0,1,1,1,1,1,1,0,1,,,,,,,,,,,,,1,1,1,1,1,1,1,1,1,1,1,1,1,1,1,1,1,1,1,1,1,1
NID FEB 2026,MOHMAND,EKKAGHUND,EKKAGHUND,mt,21,0,19,0,240,1,1,1,1,1,1,1,1,1,1,1,1,1,1,,,,,,,,,,,,,1,1,1,1,1,1,1,1,1,1,1,1,1,1,1,1,1,1,1,1,0,0
NID FEB 2026,NOWSHERA,NOWSHERA,DHERI KATTI KHEL,mt,27,3,24,1,303,1,1,1,1,1,1,1,1,1,1,1,1,1,1,,,,,,,,,,,,,1,1,1,1,1,1,1,1,1,1,1,1,1,1,1,1,1,1,1,1,1,1
NID FEB 2026,CHARSADA,CHARSADDA,UTMANZAI,mt,20,0,20,3,240,1,1,1,1,1,0,1,0,1,1,1,1,1,1,,,,,,,,,,,,,1,1,1,1,1,1,1,1,1,1,1,1,1,1,1,1,1,1,1,1,1,1
NID FEB 2026,KHYBER,JAMRUD,TIDI BAZAR,cbv,23,23,0,0,180,1,1,1,1,1,1,1,1,1,1,1,1,1,1,,,,,,,,,,,,,1,1,1,1,1,1,1,1,1,1,1,1,1,1,1,1,1,1,1,1,1,1
NID FEB 2026,PESHAWAR,MATTANI,PISHTAKHARA,cbv,15,0,15,15,240,1,1,1,1,1,1,1,1,1,1,1,1,1,1,,,,,,,,,,,,,1,1,1,1,1,1,1,1,1,1,1,1,1,1,1,1,1,1,1,1,1,1
NID FEB 2026,PESHAWAR,SMT,KAKSHAL 2,cbv,10,0,9,0,240,1,1,1,1,1,1,1,1,1,1,1,1,1,1,,,,,,,,,,,,,1,1,1,1,1,1,1,1,1,1,1,1,1,1,1,1,1,1,1,1,1,1
NID FEB 2026,PESHAWAR,SHAH ALAM,KANIZA,mt,22,21,21,0,240,1,1,1,0,1,0,1,0,1,1,1,1,0,1,,,,,,,,,,,,,1,1,1,1,1,1,1,0,0,0,1,1,1,1,1,1,1,0,1,0,1,1
NID FEB 2026,MOHMAND,HALEEMZAI,GHALLANAI,mt,28,10,14,1,240,1,1,1,1,1,1,1,1,1,1,1,1,1,1,,,,,,,,,,,,,1,1,1,1,1,1,1,1,1,1,1,1,1,1,1,1,1,1,1,1,0,0
NID FEB 2026,PESHAWAR,SHAH ALAM,DAG,mt,12,0,12,0,240,1,1,1,1,1,0,1,1,1,1,1,1,0,1,,,,,,,,,,,,,1,1,1,1,1,1,1,1,1,1,1,1,1,1,1,1,1,0,1,1,1,1
NID FEB 2026,PESHAWAR,CITY,GUNJ,cbv,10,0,10,0,240,0,0,0,1,1,1,1,1,1,1,1,1,1,1,,,,,,,,,,,,,1,1,1,1,1,1,1,1,1,1,1,1,1,1,1,1,1,1,1,1,1,1
NID FEB 2026,NOWSHERA,JEHANGIRA,KHAIRABAD CAMP,mt,24,0,18,1,240,1,1,1,1,1,1,1,1,1,1,1,1,1,1,,,,,,,,,,,,,1,1,1,1,1,1,1,1,1,1,1,1,1,1,1,1,1,1,1,1,1,1
NID FEB 2026,CHARSADA,CHARSADDA,DOSEHRA,mt,24,0,23,0,240,1,1,1,1,1,1,1,1,1,1,1,1,1,1,,,,,,,,,,,,,1,1,1,1,1,1,1,1,1,1,1,1,1,1,1,1,1,1,1,1,1,1
NID FEB 2026,PESHAWAR,CITY,JEHANGIR PURA,cbv,19,2,15,0,220,1,1,1,1,1,1,1,1,1,1,1,1,1,1,,,,,,,,,,,,,1,1,1,1,1,1,1,1,1,1,1,1,1,1,1,1,1,1,1,1,1,1
NID FEB 2026,PESHAWAR,SHAH ALAM,PANAM DHERI,cbv,12,0,12,12,240,1,1,1,1,1,1,1,1,1,1,1,1,1,1,,,,,,,,,,,,,1,1,1,1,1,1,1,1,1,1,1,1,1,1,1,1,1,1,1,1,1,1
NID FEB 2026,PESHAWAR,CITY,TEHKAL BALA,cbv,17,0,17,0,180,1,0,0,1,1,1,0,1,1,1,1,0,0,1,,,,,,,,,,,,,1,1,1,1,1,1,1,1,1,1,1,1,1,1,1,1,0,0,1,0,0,1
NID FEB 2026,KHYBER,JAMRUD,SHAH KAS A,cbv,17,17,0,0,180,1,1,0,1,1,0,1,1,1,1,1,1,1,1,,,,,,,,,,,,,1,1,1,1,1,1,1,1,1,1,1,1,1,1,1,1,1,1,1,1,1,1
NID FEB 2026,MOHMAND,BAIZAI,KODA KHEL,mt,25,17,1,3,240,1,0,0,1,1,1,1,1,1,1,1,0,0,1,,,,,,,,,,,,,1,1,1,1,1,1,1,1,1,1,1,1,1,1,1,1,1,1,1,1,0,0
NID FEB 2026,KHYBER,JAMRUD,SHAH KAS B,cbv,26,26,0,0,160,0,1,0,1,1,0,1,1,1,1,1,1,0,1,,,,,,,,,,,,,1,1,1,1,1,1,1,0,1,1,1,0,1,1,1,1,0,1,1,1,1,1
NID FEB 2026,KHYBER,LANDI KOTAL,SHEIKHMAL KHEL,cbv,21,21,0,2,185,0,0,0,1,1,1,1,1,1,1,1,1,0,1,,,,,,,,,,,,,1,1,1,1,1,1,1,1,1,1,1,1,1,1,1,1,1,1,1,1,1,1
NID FEB 2026,NOWSHERA,PABBI,JALOZAI,mt,24,6,18,3,270,1,1,1,1,1,1,1,1,1,1,1,1,1,1,,,,,,,,,,,,,1,1,1,1,1,1,1,1,1,1,1,1,1,1,1,1,1,1,1,1,1,1
NID FEB 2026,PESHAWAR,CITY,GULBAHAR,cbv,15,0,14,1,120,1,1,1,1,1,1,1,1,1,1,1,1,1,1,,,,,,,,,,,,,1,1,1,1,1,1,1,1,1,1,1,1,1,1,1,1,1,1,1,1,1,1
NID FEB 2026,PESHAWAR,CITY,GUNJ,cbv,13,0,13,0,265,1,1,1,1,1,1,1,1,1,1,1,1,0,1,,,,,,,,,,,,,1,1,1,1,1,1,1,1,1,1,1,1,1,1,1,1,1,1,1,1,1,1
NID FEB 2026,MOHMAND,KHAWEZAI,JUMA KHEL,mt,23,9,2,1,260,1,1,1,1,0,1,1,1,1,1,1,1,1,1,,,,,,,,,,,,,1,1,1,1,1,1,1,1,1,1,1,1,1,1,1,1,1,1,1,1,0,0
NID FEB 2026,MOHMAND,KHAWEZAI,KHADI KHEL,mt,22,17,1,3,265,1,1,1,1,1,1,1,1,1,1,1,1,1,1,,,,,,,,,,,,,1,1,1,1,1,1,1,1,1,1,1,1,1,1,1,1,1,1,1,1,0,0
NID FEB 2026,CHARSADA,TANGI,GANDHERI,mt,23,23,19,3,220,1,1,1,0,1,1,1,0,1,1,1,1,1,1,,,,,,,,,,,,,1,1,1,1,1,1,1,0,0,0,1,1,1,1,1,1,1,0,1,0,0,0
NID FEB 2026,MOHMAND,EKKAGHUND,AQRAB DAG,mt,16,0,16,1,240,1,1,1,1,1,1,1,1,1,1,1,1,1,1,,,,,,,,,,,,,1,,1,1,1,1,1,1,1,1,1,1,1,1,1,1,1,1,1,1,1,1
NID FEB 2026,CHARSADA,SHABQADAR,RASHAKI,mt,75,20,55,1,300,1,1,1,1,1,1,1,1,1,1,1,1,1,1,,,,,,,,,,,,,1,,1,1,1,1,1,1,1,1,1,1,1,1,1,1,1,1,1,1,1,1
NID FEB 2026,MOHMAND,SAFI LAKARO,SANDO KHEL,mt,37,37,0,7,240,1,1,1,1,1,1,1,0,1,1,1,1,1,1,,,,,,,,,,,,,1,1,1,1,1,1,1,1,0,1,1,1,1,1,1,1,1,1,1,1,0,0
NID FEB 2026,PESHAWAR,SMT,LANDI ARBAB,cbv,24,3,21,0,300,1,1,1,1,1,1,1,1,1,1,1,1,0,1,,,,,,,,,,,,,1,1,1,1,1,1,1,1,1,1,1,1,1,1,1,1,1,1,1,1,1,1
NID FEB 2026,KHYBER,LANDI KOTAL,SULTAN KHEL A,cbv,19,15,4,0,180,1,1,1,1,1,1,1,1,1,1,1,1,1,1,,,,,,,,,,,,,1,1,1,1,1,1,1,1,1,1,1,1,1,1,1,1,1,1,1,1,0,0
NID FEB 2026,PESHAWAR,SADDAR,URMAR MIANA,cbv,11,0,11,0,200,1,1,1,1,1,1,1,0,1,1,1,1,1,1,,,,,,,,,,,,,1,1,1,1,1,1,1,1,1,1,1,1,1,1,1,1,1,0,1,1,1,1
NID FEB 2026,PESHAWAR,SMT,YAKATOOT 3,cbv,12,0,12,0,240,1,1,1,1,1,1,1,1,1,1,1,1,1,1,,,,,,,,,,,,,1,1,1,1,1,1,1,1,1,1,1,1,1,1,1,1,1,1,1,1,1,1
NID FEB 2026,NOWSHERA,NOWSHERA,RISALPUR CANTT,mt,28,5,23,0,300,1,1,1,1,1,1,1,1,1,1,1,1,1,1,,,,,,,,,,,,,1,1,1,1,1,1,1,1,1,1,1,1,1,1,1,1,1,1,1,1,1,1
NID FEB 2026,KHYBER,JAMRUD,NEW ABADI,cbv,28,27,0,0,180,1,1,0,1,1,0,1,1,1,1,1,1,0,1,,,,,,,,,,,,,1,1,1,1,1,1,1,1,1,1,1,1,1,1,1,1,1,1,1,1,1,1
NID FEB 2026,PESHAWAR,SMT,SHAHEEN MUSLIM TWN1,cbv,19,0,17,0,240,1,1,1,1,1,1,1,1,1,1,1,1,1,1,,,,,,,,,,,,,1,1,1,1,1,1,1,1,1,1,1,1,1,1,1,1,1,1,1,1,1,1
NID FEB 2026,NOWSHERA,NOWSHERA,DHERI KATTI KHEL,mt,18,0,16,2,300,1,1,1,1,1,1,1,1,1,1,1,1,0,1,,,,,,,,,,,,,1,1,1,1,1,1,1,1,1,1,1,1,1,1,1,1,1,1,1,1,0,0
NID FEB 2026,KHYBER,JAMRUD,ALI MASJID A,cbv,17,17,0,0,200,1,1,1,1,1,1,1,1,1,1,1,1,1,1,,,,,,,,,,,,,1,1,1,1,1,1,1,1,1,1,1,1,1,1,1,1,1,1,1,1,1,1
NID FEB 2026,PESHAWAR,SHAH ALAM,SAEEDABAD,cbv,13,0,13,0,240,1,1,1,1,1,1,1,1,1,1,1,1,1,1,,,,,,,,,,,,,1,1,1,1,1,1,1,1,1,1,1,1,1,1,1,1,1,1,1,1,1,1
NID FEB 2026,NOWSHERA,JEHANGIRA,KHAIRABAD CAMP,mt,26,3,20,0,230,1,1,1,1,1,1,1,1,1,1,1,1,1,1,,,,,,,,,,,,,1,1,1,1,1,1,1,1,1,1,1,1,1,1,1,1,1,1,1,1,0,1
NID FEB 2026,PESHAWAR,CITY,SIKANDAR TOWN,cbv,16,0,16,0,120,1,1,0,1,1,1,1,1,1,1,1,1,1,1,,,,,,,,,,,,,1,1,1,1,1,1,1,1,1,1,1,1,1,1,1,1,1,1,1,1,1,1
NID FEB 2026,NOWSHERA,JEHANGIRA,MERA AKORA,mt,30,3,24,0,260,1,1,1,1,1,1,1,1,1,1,1,1,1,1,,,,,,,,,,,,,1,1,1,1,1,1,1,1,1,1,1,1,1,1,1,1,1,1,1,1,1,1
NID FEB 2026,PESHAWAR,SHAH ALAM,CHAGARMATI,cbv,12,0,12,0,280,0,1,1,1,1,1,1,1,1,1,1,1,1,1,,,,,,,,,,,,,1,,1,1,1,1,1,1,1,1,1,1,1,1,1,1,1,1,1,1,1,1
NID FEB 2026,PESHAWAR,CITY,PAWAKA,cbv,14,0,12,1,180,1,1,1,1,1,0,0,1,1,1,1,0,0,1,,,,,,,,,,,,,0,1,1,1,1,1,0,1,1,1,1,1,1,1,1,1,0,0,1,1,1,1
NID FEB 2026,KHYBER,LANDI KOTAL,KHUGA KHEL,cbv,20,20,0,1,175,0,0,0,1,1,0,1,0,1,1,1,1,0,1,,,,,,,,,,,,,1,1,1,0,1,1,1,1,1,1,1,1,1,1,1,1,1,1,1,1,1,1
NID FEB 2026,KHYBER,LANDI KOTAL,SULTAN KHEL A,cbv,19,15,4,0,180,1,1,1,1,1,1,1,1,1,1,1,1,1,1,,,,,,,,,,,,,1,1,1,1,1,1,1,1,1,1,1,1,1,1,1,1,1,1,1,1,1,1
NID FEB 2026,PESHAWAR,CITY,SHAHEEN TOWN,cbv,11,0,11,1,240,1,1,1,1,1,1,1,1,1,1,1,1,1,1,,,,,,,,,,,,,1,1,1,1,1,1,1,1,1,1,1,1,1,1,1,1,1,1,1,1,1,1
NID FEB 2026,PESHAWAR,SMT,HAZARKHWANI 2,cbv,21,0,21,0,240,1,1,1,1,1,1,1,1,1,1,1,1,0,1,,,,,,,,,,,,,1,1,1,1,1,1,1,1,1,1,1,1,1,1,1,1,1,1,1,1,1,1
NID FEB 2026,KHYBER,BARA,ABDULLAH JAN,cbv,17,17,0,1,180,1,1,1,1,1,1,1,1,1,1,1,1,1,1,,,,,,,,,,,,,1,1,1,1,1,1,1,1,1,1,1,1,1,1,1,1,1,1,1,1,0,0
NID FEB 2026,KHYBER,LANDI KOTAL,SULTAN KHEL B,cbv,24,22,0,2,180,1,1,1,1,1,1,1,1,1,1,1,1,0,1,,,,,,,,,,,,,1,1,1,1,1,1,1,1,1,1,1,1,1,1,1,1,1,1,1,1,1,1
NID FEB 2026,NOWSHERA,JEHANGIRA,AKORA CAMP,mt,19,1,18,0,260,1,1,1,1,1,1,1,1,1,1,1,1,1,1,,,,,,,,,,,,,1,1,1,1,1,1,1,1,1,1,1,1,1,1,1,1,1,1,1,1,1,1
NID FEB 2026,PESHAWAR,SADDAR,MERA KACHORI,cbv,23,0,23,0,300,1,1,1,1,1,1,1,1,1,1,1,1,1,1,,,,,,,,,,,,,1,1,1,1,1,1,1,1,1,1,1,1,1,1,1,1,1,1,1,1,1,1
NID FEB 2026,PESHAWAR,SHAH ALAM,SHAHI BALA,cbv,13,0,13,0,240,1,1,1,1,1,1,1,1,1,1,1,1,1,1,,,,,,,,,,,,,1,1,1,1,1,1,1,1,1,1,1,1,1,1,1,1,1,1,1,1,1,1
NID FEB 2026,PESHAWAR,SADDAR,MERA KACHORI,cbv,20,0,20,0,320,1,1,1,1,1,1,1,1,1,1,1,1,1,1,,,,,,,,,,,,,1,1,1,1,1,1,1,1,1,1,1,1,1,1,1,1,1,1,1,1,1,1
NID FEB 2026,PESHAWAR,SHAH ALAM,LALA KALAY,cbv,14,0,12,0,240,1,1,1,1,1,1,1,1,1,1,1,0,0,1,,,,,,,,,,,,,1,1,1,1,1,1,1,1,1,1,1,1,1,1,1,1,1,1,1,1,1,1
NID FEB 2026,PESHAWAR,SHAH ALAM,CHAGARMATI,cbv,12,0,12,0,240,1,1,1,1,1,0,1,1,1,1,1,0,0,1,,,,,,,,,,,,,1,1,1,1,1,1,1,1,1,1,1,1,1,1,1,1,1,1,1,1,1,1
NID FEB 2026,PESHAWAR,CITY,SUFAID DHERI,cbv,22,0,22,0,240,1,1,1,1,1,1,0,1,1,1,1,0,0,1,,,,,,,,,,,,,1,1,1,1,1,1,1,1,1,1,1,1,1,1,1,1,1,1,1,1,1,1
NID FEB 2026,PESHAWAR,SHAH ALAM,KANKOLA,cbv,16,16,16,0,240,1,1,1,1,1,0,1,1,1,1,1,1,0,1,,,,,,,,,,,,,1,1,1,1,1,1,1,1,0,0,1,1,1,1,1,1,1,0,1,1,1,0
NID FEB 2026,KHYBER,JAMRUD,LOWARA MIANA,cbv,18,18,0,0,160,0,0,1,1,1,0,1,1,1,1,1,1,0,1,,,,,,,,,,,,,1,1,1,1,1,1,1,1,0,1,1,1,1,1,1,1,1,1,1,1,0,0
NID FEB 2026,MOHMAND,HALEEMZAI,KASSI,mt,24,12,12,2,210,1,1,1,1,1,1,1,1,1,1,1,1,1,1,,,,,,,,,,,,,1,1,1,1,1,1,1,1,1,1,1,1,1,1,1,1,1,1,1,1,1,1
NID FEB 2026,PESHAWAR,CITY,KHALSA 2,cbv,20,0,19,0,300,1,1,1,1,1,1,1,1,1,1,1,1,1,1,,,,,,,,,,,,,1,1,1,1,1,1,1,1,1,1,1,1,1,1,1,1,1,1,1,1,1,1
NID FEB 2026,PESHAWAR,CITY,KHALSA 1,cbv,16,0,16,0,300,0,0,0,1,1,0,1,1,1,1,1,0,0,1,,,,,,,,,,,,,1,1,1,1,1,1,0,1,1,1,1,1,1,1,1,1,1,0,1,1,1,1
NID FEB 2026,PESHAWAR,SHAH ALAM,JOGANI,cbv,20,0,20,2,345,1,1,1,1,1,0,1,1,1,1,1,1,0,1,,,,,,,,,,,,,1,1,1,1,1,1,1,1,1,1,1,1,1,1,1,1,1,1,1,1,1,1
NID FEB 2026,PESHAWAR,CITY,HAYAT ABAD 1,cbv,22,5,17,2,290,1,1,1,1,1,1,1,1,1,1,1,1,1,1,,,,,,,,,,,,,1,,1,1,1,1,1,1,1,1,1,1,1,1,1,1,1,1,1,1,1,1
NID FEB 2026,PESHAWAR,SHAH ALAM,JOGANI,mt,10,0,10,2,240,1,1,1,1,1,0,0,1,1,1,1,0,1,1,,,,,,,,,,,,,1,1,1,1,1,1,1,1,1,1,1,1,1,1,1,1,1,0,1,1,0,0
NID FEB 2026,KHYBER,TIRAH MAIDAN,PAGDARA,smt,15,14,0,2,180,1,1,1,1,1,1,1,1,1,1,1,1,1,1,,,,,,,,,,,,,1,1,1,1,1,1,1,1,1,1,1,1,1,1,1,1,1,1,1,1,1,1
NID FEB 2026,CHARSADA,CHARSADDA,CHENDRO DAAG,mt,17,1,16,0,180,1,1,1,1,1,1,0,1,0,0,1,1,1,1,,,,,,,,,,,,,1,1,1,1,1,1,1,1,1,1,1,1,1,1,1,1,1,1,1,1,1,0
NID FEB 2026,KHYBER,JAMRUD,GHUNDI B,cbv,28,28,0,0,200,1,1,1,1,1,1,1,1,1,1,1,1,1,1,,,,,,,,,,,,,1,1,1,1,1,1,1,1,1,1,1,1,1,1,1,1,1,1,1,1,1,1
NID FEB 2026,MOHMAND,PARANG GHAAR,UMAR KHEL,mt,37,37,2,0,300,1,1,1,1,1,1,1,1,1,1,1,1,1,1,,,,,,,,,,,,,1,,1,1,1,1,1,1,1,1,1,1,1,1,1,1,1,1,1,1,1,1
NID FEB 2026,MOHMAND,PARANG GHAAR,NAO BUCHA,mt,27,0,27,0,300,1,1,1,1,1,1,1,1,1,1,1,1,1,1,,,,,,,,,,,,,1,1,1,1,1,1,1,1,1,1,1,1,1,1,1,1,1,1,1,1,1,1
NID FEB 2026,NOWSHERA,JEHANGIRA,MERA AKORA,mt,26,1,25,0,240,1,1,1,1,1,1,1,1,1,1,1,1,1,1,,,,,,,,,,,,,1,1,1,1,1,1,1,1,1,1,1,1,1,1,1,1,1,1,1,1,1,1
NID FEB 2026,NOWSHERA,NOWSHERA,BADRASHI,mt,22,0,20,2,278,1,1,1,1,1,1,1,1,1,1,1,1,1,1,,,,,,,,,,,,,1,1,1,1,1,1,1,1,1,1,1,1,1,1,1,1,1,1,1,1,1,1
NID FEB 2026,NOWSHERA,JEHANGIRA,NIZAMPUR,mt,2,0,2,0,240,1,1,1,1,1,1,1,1,1,1,1,1,1,1,,,,,,,,,,,,,1,1,1,1,1,1,1,1,1,1,1,1,1,1,1,1,1,1,1,1,1,1
NID FEB 2026,MOHMAND,HALEEMZAI,GHALLANAI,mt,28,14,12,22,240,1,1,1,1,1,1,1,1,1,1,1,1,0,1,,,,,,,,,,,,,1,,0,1,1,1,1,1,1,1,1,1,1,1,1,1,1,1,1,1,0,0
NID APR 2026,PESHAWAR,SHAH ALAM,KAFOOR DHERI,cbv,4,3,1,0,240,1,1,1,1,1,1,1,1,1,1,1,1,1,1,,,,,,,,,,,,,1,1,1,1,1,1,1,1,1,1,1,1,1,1,1,1,1,1,1,1,1,1
NID APR 2026,PESHAWAR,SMT,HAZARKHWANI 1,cbv,13,13,13,0,210,1,0,0,1,1,1,1,1,1,1,1,1,1,1,,,,,,,,,,,,,1,1,1,1,1,1,1,1,1,1,1,1,1,1,1,1,1,1,1,1,1,1
NID APR 2026,PESHAWAR,CITY,MALAKANDHER,cbv,20,5,15,0,250,1,0,1,1,1,1,1,1,1,1,1,1,1,1,,,,,,,,,,,,,1,1,1,1,1,1,1,1,1,1,1,1,1,1,1,1,1,1,1,1,1,1
NID APR 2026,PESHAWAR,SHAH ALAM,SAEEDABAD,cbv,13,0,13,0,240,1,1,1,1,1,1,1,1,1,1,1,1,1,1,,,,,,,,,,,,,1,1,1,1,1,1,1,1,1,1,1,1,1,1,1,1,1,1,1,1,1,1
NID APR 2026,PESHAWAR,MATTANI,MASHOGAGAR,cbv,22,3,19,0,200,1,1,1,1,1,1,1,1,1,1,1,1,1,1,,,,,,,,,,,,,1,1,1,1,1,1,1,1,1,1,1,1,1,1,1,1,1,1,1,1,1,1
NID APR 2026,PESHAWAR,MATTANI,ACHINI,cbv,15,5,10,0,245,1,1,1,1,1,1,1,1,1,1,1,1,1,1,,,,,,,,,,,,,1,1,1,1,1,1,1,1,1,1,1,1,1,1,1,1,1,1,1,1,1,1
NID APR 2026,PESHAWAR,CITY,HASAN GARHI 1,cbv,18,0,18,0,240,1,1,1,1,1,1,1,1,1,1,1,1,1,1,,,,,,,,,,,,,1,1,1,1,1,1,1,1,1,1,1,1,1,1,1,1,1,1,1,1,1,1
NID APR 2026,PESHAWAR,SMT,DEH BAHADAR,cbv,19,0,17,0,260,1,1,1,1,1,1,1,1,1,1,1,1,0,1,,,,,,,,,,,,,1,1,1,1,1,1,1,1,1,1,1,1,1,1,1,1,1,1,1,1,1,1
NID APR 2026,PESHAWAR,SHAH ALAM,PAJAGI,cbv,20,0,19,1,220,1,1,1,1,1,1,1,1,1,1,1,1,1,1,,,,,,,,,,,,,1,1,1,1,1,1,1,1,1,1,1,1,1,1,1,1,1,1,1,1,1,1
NID APR 2026,PESHAWAR,CITY,SHAHEEN TOWN,cbv,12,0,12,0,240,1,1,1,1,1,1,1,1,1,1,1,1,1,1,,,,,,,,,,,,,1,1,1,1,1,1,1,1,1,1,1,1,1,1,1,1,1,1,1,1,1,1
NID APR 2026,KHYBER,BARA,AKAKHEL MAIRA,cbv,24,24,0,0,180,1,1,1,1,1,1,1,1,1,1,1,1,1,1,,,,,,,,,,,,,1,,1,1,1,1,1,1,1,1,1,1,1,1,1,1,1,1,1,1,0,0
NID APR 2026,KHYBER,BARA,SPEEN QABAR,cbv,15,14,0,0,180,1,1,1,1,1,1,1,1,1,1,1,1,1,1,,,,,,,,,,,,,1,1,1,1,1,1,1,1,1,1,1,1,1,1,1,1,1,1,1,1,1,1
NID APR 2026,KHYBER,BARA,MANDI KAS:SHALOBAR,cbv,35,31,4,0,180,1,1,1,1,1,1,1,1,1,1,1,1,1,1,,,,,,,,,,,,,1,,1,1,1,1,1,1,1,1,1,1,1,1,1,1,1,1,1,1,1,1
NID APR 2026,KHYBER,JAMRUD,GHUNDI B,cbv,26,26,0,25,180,1,1,0,1,1,1,1,1,1,1,1,1,0,1,,,,,,,,,,,,,1,1,1,1,1,1,1,1,1,1,1,1,1,1,1,1,1,1,1,1,1,1
NID APR 2026,KHYBER,JAMRUD,GHUNDI A,cbv,21,21,0,0,220,1,1,1,1,1,1,1,1,1,1,1,1,1,1,,,,,,,,,,,,,1,1,0,1,1,1,1,1,1,1,1,1,1,1,1,1,1,1,1,1,1,1
NID APR 2026,PESHAWAR,SHAH ALAM,GULBELA,cbv,15,0,15,0,240,1,1,1,1,1,1,1,1,1,1,1,1,1,1,,,,,,,,,,,,,1,1,1,1,1,1,1,1,1,1,1,1,1,1,1,1,1,1,1,1,1,1
NID APR 2026,PESHAWAR,SMT,SHAHEEN MUSLIM TWN1,cbv,17,0,17,0,240,1,1,1,1,1,1,1,1,1,1,1,1,1,1,,,,,,,,,,,,,1,1,1,1,1,1,1,1,1,1,1,1,1,1,1,1,1,1,1,1,1,1
NID APR 2026,PESHAWAR,MATTANI,ACHINI,cbv,17,3,14,0,240,1,1,1,1,1,1,1,1,1,1,1,1,1,1,,,,,,,,,,,,,1,1,1,1,1,1,1,1,1,1,1,1,1,1,1,1,1,1,1,1,1,1
NID APR 2026,PESHAWAR,CITY,HAYAT ABAD 2,cbv,27,0,27,1,240,1,1,1,1,1,1,1,1,1,1,1,1,1,1,,,,,,,,,,,,,1,1,1,1,1,1,1,1,1,1,1,1,1,1,1,1,1,1,1,1,1,1
NID APR 2026,PESHAWAR,SMT,HAZARKHWANI 1,cbv,13,0,12,0,240,1,1,1,1,1,1,1,1,1,1,1,1,0,1,,,,,,,,,,,,,1,1,1,1,1,1,1,1,1,1,1,1,1,1,1,1,1,1,1,1,1,1
NID APR 2026,PESHAWAR,SMT,AKHOON ABAD,cbv,18,18,18,0,270,1,1,1,1,1,1,1,1,1,1,1,1,1,1,,,,,,,,,,,,,1,1,1,1,1,1,1,1,1,1,1,1,1,1,1,1,1,1,1,1,1,1
NID APR 2026,PESHAWAR,CITY,HAYAT ABAD 2,cbv,25,27,27,1,255,0,1,1,1,1,1,1,1,1,1,1,1,1,1,,,,,,,,,,,,,1,1,1,1,1,1,1,1,1,1,1,1,1,1,1,1,1,1,1,1,1,1
NID APR 2026,PESHAWAR,CITY,SUFAID DHERI,cbv,21,0,21,0,240,1,1,1,1,1,1,1,1,1,1,1,1,1,1,,,,,,,,,,,,,1,,1,1,1,1,1,1,1,1,1,1,1,1,1,1,1,1,1,1,1,1
NID APR 2026,PESHAWAR,CITY,PAWAKA,cbv,15,15,15,1,240,1,1,1,1,1,1,1,1,1,1,1,1,1,1,,,,,,,,,,,,,1,1,1,1,1,1,1,1,1,1,1,1,1,1,1,1,1,1,1,1,1,1
NID APR 2026,PESHAWAR,CITY,MALAKANDHER,cbv,21,0,21,0,200,1,1,1,1,1,1,1,1,1,1,1,1,1,1,,,,,,,,,,,,,1,1,1,1,1,1,1,1,1,1,1,1,1,1,1,1,1,1,1,1,1,1
NID APR 2026,PESHAWAR,CITY,MALAKANDHER,cbv,20,5,15,0,240,1,1,1,1,1,1,1,1,1,1,1,1,1,1,,,,,,,,,,,,,1,1,1,1,1,1,1,1,1,1,1,1,1,1,1,1,1,1,1,1,1,1
NID APR 2026,PESHAWAR,CITY,MALAKANDHER,cbv,20,5,14,0,240,1,1,1,1,1,1,1,1,1,1,1,1,1,1,,,,,,,,,,,,,1,1,1,1,1,1,1,1,1,1,1,1,1,1,1,1,1,1,1,1,1,1
NID APR 2026,NOWSHERA,PABBI,KURVI,mt,27,3,24,0,200,1,1,1,1,1,1,1,1,1,1,1,1,1,1,,,,,,,,,,,,,1,1,1,1,1,1,1,1,1,1,1,1,1,1,1,1,1,1,1,1,1,1
NID APR 2026,NOWSHERA,NOWSHERA,CHOCKI TOWN,mt,14,2,12,0,210,1,1,1,1,1,1,1,1,1,1,1,1,1,1,,,,,,,,,,,,,1,1,1,1,1,1,1,1,1,1,1,1,1,1,1,1,1,1,1,1,1,1
NID APR 2026,NOWSHERA,NOWSHERA,AZAKHEL BALA,mt,27,24,24,0,300,1,1,1,1,1,1,1,1,1,1,1,1,1,1,,,,,,,,,,,,,1,1,1,1,1,1,1,1,1,1,1,1,1,1,1,1,1,1,1,1,1,1
NID APR 2026,NOWSHERA,JEHANGIRA,JEHANGIRA,mt,25,0,24,1,240,1,1,1,1,1,1,1,1,1,1,1,1,1,1,,,,,,,,,,,,,1,1,1,1,1,1,1,1,1,1,1,1,1,1,1,1,1,1,1,1,1,1
NID APR 2026,MOHMAND,AMBAR,CHARGOLAI,mt,30,20,0,4,200,1,1,0,1,1,1,0,1,0,0,1,1,0,1,,,,,,,,,,,,,1,1,1,1,1,1,1,1,0,1,1,1,1,1,1,1,1,1,1,1,0,0
NID APR 2026,NOWSHERA,PABBI,JALOZAI,mt,27,0,26,0,298,1,1,1,1,1,1,1,1,1,1,1,1,1,1,,,,,,,,,,,,,1,1,0,1,1,1,1,1,1,1,1,1,1,1,1,1,1,1,1,1,1,1
NID APR 2026,CHARSADA,CHARSADDA,GHONDA KARKANA,mt,17,1,15,0,240,1,1,1,1,1,0,1,0,1,1,1,1,0,1,,,,,,,,,,,,,1,1,1,1,1,1,1,1,0,1,1,1,1,1,1,1,1,1,1,1,0,1
NID APR 2026,NOWSHERA,NOWSHERA,AMANGARH,mt,20,20,20,2,240,1,1,1,1,1,1,1,1,1,1,1,1,1,1,,,,,,,,,,,,,1,1,1,1,1,1,1,1,1,1,1,1,1,1,1,1,1,1,1,1,1,1
NID APR 2026,KHYBER,TIRAH MAIDAN,MALAKDIN KHEL B TIRAH,cbv,17,17,0,0,180,1,1,1,1,1,1,1,1,1,1,1,1,1,1,,,,,,,,,,,,,1,1,0,1,1,1,1,1,1,1,1,1,1,1,1,1,1,1,1,1,1,1
NID APR 2026,CHARSADA,SHABQADAR,HASSANZAI,mt,24,24,23,0,180,1,1,1,1,1,1,1,1,1,0,1,1,0,1,,,,,,,,,,,,,1,1,0,1,1,1,1,1,1,1,1,1,1,1,1,1,1,1,1,1,1,1
NID APR 2026,KHYBER,BARA,FORT SLOPE,cbv,17,17,0,0,180,1,1,1,1,1,1,1,1,1,1,1,1,0,1,,,,,,,,,,,,,1,,1,1,1,1,1,1,1,1,1,1,1,1,1,1,1,1,1,1,1,1
NID APR 2026,KHYBER,TIRAH MAIDAN,MALAKDIN KHEL A TIRAH,cbv,16,15,0,0,180,1,1,1,1,1,1,1,1,1,1,1,1,1,1,,,,,,,,,,,,,1,1,1,1,1,1,1,1,1,1,1,1,1,1,1,1,1,1,1,1,1,1
NID APR 2026,KHYBER,TIRAH MAIDAN,MALAKDIN KHEL A TIRAH,cbv,16,15,0,0,180,1,1,0,1,1,1,1,1,1,1,1,1,1,1,,,,,,,,,,,,,1,1,1,1,1,1,1,1,1,1,1,1,1,1,1,1,1,1,1,1,1,1
NID APR 2026,KHYBER,LANDI KOTAL,LOE SHALMAN A,cbv,16,16,0,0,240,0,0,0,1,1,0,1,0,1,1,1,1,0,1,,,,,,,,,,,,,1,1,1,1,1,1,1,1,1,1,1,1,1,1,1,1,1,1,1,1,1,1
NID APR 2026,KHYBER,LANDI KOTAL,TIRAH BAZAR B,cbv,25,25,0,25,180,1,1,0,1,1,1,1,1,1,1,1,1,1,1,,,,,,,,,,,,,1,1,1,1,1,1,1,1,1,1,1,1,1,1,1,1,1,1,1,1,1,1
NID APR 2026,NOWSHERA,NOWSHERA,KHESHGI BALA,mt,22,6,17,0,240,1,1,1,1,1,1,1,1,1,1,1,1,1,1,,,,,,,,,,,,,1,1,1,1,1,1,1,1,1,1,1,1,1,1,1,1,1,1,1,1,1,1
NID APR 2026,NOWSHERA,NOWSHERA,KHESHGI PAYAN,mt,21,3,18,1,240,1,1,1,1,1,1,1,1,1,1,1,1,1,1,,,,,,,,,,,,,1,1,1,1,1,1,1,1,1,1,1,1,1,1,1,1,1,1,1,1,1,1
NID APR 2026,KHYBER,LANDI KOTAL,TORKHAM,cbv,15,15,0,0,180,1,1,1,1,1,1,1,1,1,1,1,1,1,1,,,,,,,,,,,,,1,1,1,1,1,1,1,1,1,1,1,1,1,1,1,1,1,1,1,1,1,1
NID APR 2026,KHYBER,JAMRUD,GHUNDI B,cbv,28,26,0,0,180,1,1,0,1,1,1,1,1,1,1,1,1,1,1,,,,,,,,,,,,,1,1,1,1,1,1,1,1,1,1,1,1,1,1,1,1,1,1,1,1,1,1
NID APR 2026,NOWSHERA,NOWSHERA,PIRPAI,mt,25,4,19,0,200,1,1,1,1,1,1,1,1,1,1,1,1,1,1,,,,,,,,,,,,,1,1,1,1,1,1,1,1,1,1,1,1,1,1,1,1,1,1,1,1,1,1
NID APR 2026,MOHMAND,PANDIALI,ZAHOO,mt,46,43,0,5,240,1,1,1,1,1,1,1,1,1,1,1,1,1,1,,,,,,,,,,,,,1,1,1,1,1,1,1,1,1,1,1,1,1,1,1,1,1,1,1,1,1,1
NID APR 2026,NOWSHERA,NOWSHERA,KHESHGI PAYAN,mt,20,5,15,1,240,1,1,1,1,1,1,1,1,1,1,1,1,1,1,,,,,,,,,,,,,1,1,1,1,1,1,1,1,1,1,1,1,1,1,1,1,1,1,1,1,1,1
NID APR 2026,NOWSHERA,NOWSHERA,RISALPUR CANTT,mt,26,0,26,0,240,1,1,1,1,1,1,1,1,1,1,1,1,1,1,,,,,,,,,,,,,1,1,1,1,1,1,1,1,1,1,1,1,1,1,1,1,1,1,1,1,1,1
NID APR 2026,KHYBER,LANDI KOTAL,SHEIKHMAL KHEL,cbv,21,21,0,0,180,1,1,1,1,1,1,1,1,1,1,1,1,1,1,,,,,,,,,,,,,1,1,1,1,1,1,1,1,1,1,1,1,1,1,1,1,1,1,1,1,1,1
NID APR 2026,KHYBER,LANDI KOTAL,STATION,cbv,23,22,0,0,220,1,1,1,1,1,1,1,1,1,1,1,1,1,1,,,,,,,,,,,,,1,1,1,1,1,1,1,1,1,1,1,1,1,1,1,1,1,1,1,1,1,1
NID APR 2026,MOHMAND,SAFI LAKARO,SANDO KHEL,mt,16,15,0,1,210,1,1,1,1,1,1,1,1,1,1,1,1,1,1,,,,,,,,,,,,,1,1,1,1,1,1,1,1,1,1,1,1,1,1,1,1,1,1,1,1,1,1
NID APR 2026,NOWSHERA,NOWSHERA,PIRPAI,mt,24,3,17,0,300,1,1,1,1,1,1,1,1,1,1,1,1,1,1,,,,,,,,,,,,,1,1,1,1,1,1,1,1,1,1,0,1,1,1,1,1,1,1,1,1,1,1
NID APR 2026,KHYBER,JAMRUD,TIDI BAZAR,cbv,23,22,0,0,240,1,1,1,1,1,1,1,1,1,1,1,1,1,1,,,,,,,,,,,,,1,1,1,1,1,1,1,1,1,1,1,1,1,1,1,1,1,1,1,1,1,1
NID APR 2026,CHARSADA,SHABQADAR,DAULAT PURA,mt,29,2,26,0,240,1,1,1,1,1,1,1,1,1,1,1,1,1,1,,,,,,,,,,,,,1,1,1,1,1,1,1,1,1,1,1,1,1,1,1,1,1,1,1,1,0,1
NID APR 2026,KHYBER,JAMRUD,SHAH KAS B,cbv,24,24,0,0,250,1,1,0,1,1,1,1,1,1,1,1,1,1,1,,,,,,,,,,,,,1,1,1,1,1,1,1,1,1,1,1,1,1,1,1,1,1,1,1,1,1,1
NID APR 2026,KHYBER,TIRAH MAIDAN,Seray,cbv,22,22,0,0,240,1,1,1,1,1,1,1,1,1,1,1,1,1,1,,,,,,,,,,,,,1,1,1,1,1,1,1,1,1,1,1,1,1,1,1,1,1,1,1,1,1,1
NID APR 2026,NOWSHERA,JEHANGIRA,ADAMZAI,mt,24,5,19,0,270,1,1,1,0,1,1,1,1,1,1,1,1,0,1,,,,,,,,,,,,,1,1,1,1,1,1,1,1,1,1,1,1,1,1,1,1,1,1,1,1,0,0
NID APR 2026,MOHMAND,EKKAGHUND,MICHANI,mt,16,0,16,0,240,1,1,1,1,1,1,1,1,1,1,1,1,1,1,,,,,,,,,,,,,1,1,1,1,1,1,1,1,1,1,1,1,1,1,1,1,1,1,1,1,0,0
NID APR 2026,KHYBER,BARA,AJAB TALAB,cbv,14,14,0,0,180,1,1,1,1,1,1,1,1,1,1,1,1,1,1,,,,,,,,,,,,,1,1,1,1,1,1,1,1,1,1,1,1,1,1,1,1,1,0,1,1,0,1
NID APR 2026,CHARSADA,TANGI,ZIAM,mt,18,0,16,0,260,1,1,1,1,1,1,1,1,1,1,1,1,1,1,,,,,,,,,,,,,1,1,1,1,1,1,1,1,1,1,1,1,1,1,1,1,1,1,1,1,1,1
NID APR 2026,CHARSADA,CHARSADDA,MERA UMERZAI,mt,12,1,10,1,240,1,1,1,1,1,1,1,0,1,1,1,1,1,1,,,,,,,,,,,,,1,1,1,1,1,1,1,1,1,1,1,1,1,1,1,1,1,1,1,1,1,1
NID APR 2026,KHYBER,BARA,AJAB TALAB,cbv,15,14,0,0,180,1,1,1,1,1,1,1,1,1,1,1,1,1,1,,,,,,,,,,,,,1,1,1,1,1,1,1,1,1,1,1,1,1,1,1,1,1,1,1,1,0,0
NID APR 2026,MOHMAND,PANDIALI,DANISHKOOL,mt,19,2,0,0,240,1,1,1,1,1,1,1,1,1,1,1,1,1,1,,,,,,,,,,,,,1,1,1,1,1,1,1,1,1,1,1,1,1,1,1,1,1,1,1,1,1,1
NID APR 2026,KHYBER,JAMRUD,SHAH KAS A,cbv,17,16,0,0,180,1,1,0,1,1,1,1,1,1,1,1,1,1,1,,,,,,,,,,,,,1,1,0,1,1,1,1,1,1,1,1,1,1,1,1,1,1,1,1,1,1,1
NID APR 2026,CHARSADA,TANGI,KOZ BEHRAM DHERI,mt,17,2,15,0,200,1,1,1,0,1,1,1,1,1,1,1,1,0,1,,,,,,,,,,,,,1,1,1,1,1,1,1,0,1,1,1,1,1,1,1,1,1,1,1,1,0,0
NID APR 2026,CHARSADA,CHARSADDA,MC-1 CHARSADDA,mt,28,4,24,0,300,1,1,1,1,1,1,1,1,1,1,1,1,1,1,,,,,,,,,,,,,1,1,1,1,1,1,1,1,1,1,1,1,1,1,1,1,1,1,1,1,1,1
NID APR 2026,CHARSADA,TANGI,SHERPAO,mt,22,4,17,21,242,1,1,1,1,1,1,1,1,1,1,1,1,1,1,,,,,,,,,,,,,1,1,1,1,1,1,1,1,1,1,1,1,1,1,1,1,1,1,1,1,1,1
NID APR 2026,NOWSHERA,JEHANGIRA,KHAIRABAD,mt,22,1,19,1,260,1,1,1,1,1,1,1,1,1,1,1,1,1,1,,,,,,,,,,,,,1,1,1,1,1,1,1,1,1,1,1,1,1,1,1,1,1,1,1,1,1,1
NID APR 2026,NOWSHERA,NOWSHERA,GANDHERI,mt,30,5,19,1,290,1,1,1,1,1,1,1,1,1,1,1,1,1,1,,,,,,,,,,,,,1,1,0,1,1,1,1,1,1,1,1,1,1,1,1,1,1,1,1,1,1,1
NID APR 2026,NOWSHERA,NOWSHERA,RISALPUR CANTT,mt,26,0,27,3,240,1,1,1,1,1,1,0,1,1,1,1,1,0,1,,,,,,,,,,,,,1,1,1,1,1,1,1,1,1,1,1,1,1,1,1,1,1,1,1,1,0,0
NID APR 2026,KHYBER,JAMRUD,SHAH KAS A,cbv,17,17,0,0,160,1,1,1,1,1,0,1,1,1,1,1,1,1,1,,,,,,,,,,,,,1,1,1,1,1,1,1,1,1,1,1,1,1,1,1,1,1,1,1,1,1,1
NID APR 2026,KHYBER,LANDI KOTAL,PIROKHEL,cbv,20,20,0,0,195,1,1,1,1,1,0,1,0,1,1,1,1,0,1,,,,,,,,,,,,,1,1,1,1,1,1,1,1,1,1,1,1,1,1,1,1,1,1,1,1,1,1
NID APR 2026,KHYBER,JAMRUD,SUR KAMAR,cbv,19,18,0,0,240,1,1,1,1,1,1,1,1,1,1,1,1,1,1,,,,,,,,,,,,,1,1,1,1,1,1,1,1,1,1,1,1,1,1,1,1,1,1,1,1,1,1
NID APR 2026,KHYBER,TIRAH MAIDAN,QAMBAR KHEL B TIRAH,cbv,10,10,0,0,240,1,1,1,1,1,1,1,1,1,1,1,1,1,1,,,,,,,,,,,,,1,,1,1,1,1,1,1,1,1,1,1,1,1,1,1,1,1,1,1,1,1
NID APR 2026,CHARSADA,TANGI,ABAZAI,mt,29,5,24,0,240,1,1,1,1,1,1,1,1,1,1,1,1,1,1,,,,,,,,,,,,,1,1,1,1,1,1,1,1,1,1,1,1,1,1,1,1,1,1,1,1,1,1
NID APR 2026,MOHMAND,EKKAGHUND,EKKAGHUND,smt,26,6,17,0,240,1,1,1,1,1,1,1,1,1,1,1,1,1,1,,,,,,,,,,,,,1,1,1,1,1,1,1,1,1,1,1,1,1,1,1,1,1,1,1,1,1,1
NID APR 2026,MOHMAND,PANDIALI,PANDIALI,mt,28,3,18,2,240,1,1,0,1,1,1,1,1,1,1,1,1,1,1,,,,,,,,,,,,,1,1,0,1,1,1,1,1,1,1,1,1,1,1,1,1,1,1,1,1,0,0
NID APR 2026,MOHMAND,SAFI LAKARO,MAMAD GAT,mt,25,17,0,0,240,1,1,1,1,1,1,0,0,1,1,1,1,1,1,,,,,,,,,,,,,1,1,1,1,1,1,1,1,1,1,1,1,1,1,1,1,1,1,1,1,0,0
NID APR 2026,MOHMAND,HALEEMZAI,KASSI,mt,29,17,10,1,250,1,1,0,1,1,1,1,1,1,1,1,1,1,1,,,,,,,,,,,,,1,1,1,1,1,1,1,1,1,1,1,1,1,1,1,1,1,0,1,1,0,0
NID APR 2026,CHARSADA,CHARSADDA,RAJJAR 1,mt,34,5,27,0,240,1,1,1,1,1,1,1,1,1,1,1,1,1,1,,,,,,,,,,,,,1,1,1,1,1,1,1,1,1,1,1,1,1,1,1,1,1,1,1,1,1,1
NID APR 2026,MOHMAND,BAIZAI,GHANAM SHAH,mt,31,11,0,1,220,1,1,1,1,1,1,0,1,1,1,1,1,0,1,,,,,,,,,,,,,1,1,1,1,1,1,1,1,1,1,1,1,1,1,1,1,1,1,1,1,0,0
NID APR 2026,KHYBER,TIRAH MAIDAN,ZAKHAKHEL TIRAH,cbv,16,16,0,0,180,1,1,1,1,1,1,1,1,1,1,1,1,1,1,,,,,,,,,,,,,1,1,1,1,1,1,1,1,1,1,1,1,1,1,1,1,1,1,1,1,1,1
NID APR 2026,KHYBER,BARA,ABDULLAH JAN,cbv,18,18,0,0,180,1,1,1,1,1,1,1,1,1,1,1,1,1,1,,,,,,,,,,,,,1,1,1,1,1,1,1,1,1,1,1,1,1,1,1,1,1,0,1,1,1,0
NID APR 2026,KHYBER,TIRAH MAIDAN,ZAKHAKHEL TIRAH,cbv,16,16,0,0,180,1,1,1,1,1,1,1,1,1,1,1,1,1,1,,,,,,,,,,,,,1,1,1,1,1,1,1,1,1,1,1,1,1,1,1,1,1,1,1,1,1,1
NID APR 2026,NOWSHERA,NOWSHERA,KABUL RIVER,mt,24,0,24,0,300,1,1,1,1,1,1,1,1,1,1,1,1,0,1,,,,,,,,,,,,,1,1,1,1,1,1,1,1,1,1,1,1,1,1,0,1,1,0,1,1,1,0
NID APR 2026,KHYBER,LANDI KOTAL,SULTAN KHEL A,cbv,19,19,4,0,180,1,1,1,1,1,1,1,1,1,1,1,1,1,1,,,,,,,,,,,,,1,1,1,1,1,1,1,1,1,1,1,1,1,1,1,1,1,1,1,1,1,1
NID APR 2026,MOHMAND,KHAWEZAI,JUMA KHEL,mt,23,14,3,3,250,1,1,1,1,1,1,1,1,1,1,1,1,0,1,,,,,,,,,,,,,1,1,1,1,1,1,1,1,1,1,1,1,1,1,1,1,1,1,1,1,0,0
NID APR 2026,KHYBER,LANDI KOTAL,KHUGA KHEL,cbv,20,20,0,0,180,1,1,1,1,1,1,1,1,1,1,1,1,1,1,,,,,,,,,,,,,1,1,1,1,1,1,1,1,1,1,1,1,1,1,1,1,1,1,1,1,1,1
NID APR 2026,KHYBER,JAMRUD,ALI MASJID A,cbv,17,17,0,0,180,1,1,1,1,1,1,1,1,1,1,1,1,1,1,,,,,,,,,,,,,1,1,1,1,1,1,1,1,1,1,1,1,1,1,1,1,1,1,1,1,1,1
NID APR 2026,CHARSADA,SHABQADAR,MC-3 SHABQADAR:MC-1 SHABQADAR,mt,32,0,32,0,240,,1,1,1,1,1,1,1,1,1,1,1,1,0,,,,,,,,,,,,,,1,1,,,,,,,,,,,,,,,,,,1,0
NID APR 2026,NOWSHERA,JEHANGIRA,JEHANGIRA,mt,16,0,16,1,245,1,1,1,1,1,1,1,1,1,1,1,1,1,1,,,,,,,,,,,,,1,1,1,1,1,1,1,1,1,1,1,1,1,1,1,1,1,1,1,1,1,1
NID APR 2026,CHARSADA,SHABQADAR,HAJIZAI,mt,20,3,17,0,240,1,1,1,1,1,1,1,1,1,1,1,1,1,1,,,,,,,,,,,,,1,1,1,1,1,1,1,1,1,1,1,1,1,1,1,1,1,1,1,1,1,1
NID APR 2026,NOWSHERA,PABBI,JALOZAI,mt,21,4,17,1,240,1,1,1,0,1,1,1,1,1,1,1,1,0,1,,,,,,,,,,,,,1,1,1,1,1,1,1,1,1,1,1,1,1,1,1,1,1,1,1,1,0,0
NID APR 2026,CHARSADA,CHARSADDA,MC-3 CHARSADDA,mt,17,1,16,2,300,1,1,1,1,1,1,1,1,1,1,1,1,1,1,,,,,,,,,,,,,1,1,1,1,1,1,1,1,1,1,1,1,1,1,1,1,1,1,1,1,1,1
NID APR 2026,CHARSADA,CHARSADDA,DARGAY,mt,20,4,16,0,250,1,1,1,1,1,1,1,1,1,1,1,1,1,1,,,,,,,,,,,,,1,,1,1,1,1,1,1,1,1,1,1,1,1,1,1,1,1,1,1,1,1
NID APR 2026,CHARSADA,TANGI,HARICHAND,mt,23,2,18,1,200,1,1,1,0,1,1,0,1,1,1,1,1,0,1,,,,,,,,,,,,,1,1,1,1,1,1,1,0,1,1,1,1,1,1,1,1,0,0,1,0,0,0
NID APR 2026,CHARSADA,CHARSADDA,DHERI ZARDAD,mt,29,4,25,0,250,1,1,1,1,1,1,1,1,1,1,1,1,1,1,,,,,,,,,,,,,1,,0,1,1,1,1,1,1,1,1,1,1,1,1,1,1,1,1,1,1,1
NID APR 2026,CHARSADA,CHARSADDA,NISATTA,mt,25,3,22,2,220,1,1,1,1,1,1,1,1,1,1,1,1,1,1,,,,,,,,,,,,,1,1,1,1,1,1,1,1,0,1,1,1,1,1,1,1,1,1,1,1,0,1
NID APR 2026,MOHMAND,EKKAGHUND,AQRAB DAG,smt,16,0,16,0,360,1,1,1,1,1,1,1,1,1,1,1,1,1,1,,,,,,,,,,,,,1,1,1,1,1,1,1,1,1,1,1,1,1,1,1,1,1,1,1,1,1,1
NID APR 2026,MOHMAND,SAFI LAKARO,SANDO KHEL,mt,18,7,1,1,240,1,1,1,1,1,1,1,1,1,1,1,1,1,1,,,,,,,,,,,,,1,1,1,1,1,1,1,1,1,1,1,1,1,1,1,1,1,1,1,1,0,0
NID APR 2026,NOWSHERA,PABBI,AKBARPURA,mt,25,6,19,0,194,1,1,1,1,1,1,1,0,1,1,1,0,0,1,,,,,,,,,,,,,0,1,1,1,1,1,1,1,0,1,1,0,0,1,0,0,1,1,1,1,0,0
NID APR 2026,CHARSADA,CHARSADDA,HISARA YASENZAI,mt,24,0,24,1,245,1,1,1,1,1,1,1,1,1,1,1,1,1,1,,,,,,,,,,,,,1,1,1,1,1,1,1,1,1,1,1,1,1,1,1,1,1,1,1,1,1,1
NID APR 2026,CHARSADA,CHARSADDA,NISATTA,mt,30,2,28,2,240,1,1,1,0,1,1,1,1,1,0,1,1,1,1,,,,,,,,,,,,,1,1,1,1,1,1,1,1,1,1,0,1,1,1,1,1,1,1,1,1,0,0
NID APR 2026,KHYBER,LANDI KOTAL,SULTAN KHEL B,cbv,26,25,0,0,180,1,1,1,1,1,1,1,1,1,1,1,1,1,1,,,,,,,,,,,,,1,1,1,1,1,1,1,1,1,1,1,1,1,1,1,1,1,1,1,1,1,1
NID APR 2026,NOWSHERA,NOWSHERA,KHESHGI BALA,mt,22,5,17,1,305,1,1,0,1,1,1,1,1,1,1,1,1,1,1,,,,,,,,,,,,,1,1,1,1,1,1,1,1,1,1,1,1,1,1,1,1,1,1,1,1,1,1
NID APR 2026,CHARSADA,CHARSADDA,SARKI TETARA,mt,25,0,25,2,240,1,1,1,1,1,1,1,0,1,1,1,1,1,1,,,,,,,,,,,,,1,1,1,1,1,1,1,1,1,1,1,1,1,1,1,1,1,1,1,1,1,1
NID APR 2026,MOHMAND,HALEEMZAI,GHALLANAI,mt,28,9,8,3,240,1,1,1,1,1,1,0,1,1,1,1,1,0,1,,,,,,,,,,,,,1,1,1,1,1,1,1,1,1,1,1,1,1,1,1,1,1,1,1,1,0,0
NID APR 2026,CHARSADA,TANGI,ABAZAI,mt,28,1,7,0,240,1,1,1,1,1,1,1,1,1,1,1,1,1,1,,,,,,,,,,,,,1,1,1,1,1,1,1,1,1,1,1,1,1,1,1,1,1,1,1,1,1,1
NID APR 2026,MOHMAND,EKKAGHUND,DAB KOR,mt,17,0,17,0,240,1,1,1,1,1,1,1,1,1,1,1,1,1,1,,,,,,,,,,,,,1,1,1,1,1,1,1,1,1,1,1,1,1,1,1,1,1,1,1,1,1,1
NID APR 2026,KHYBER,JAMRUD,NEW ABADI,cbv,28,27,1,0,240,1,1,1,0,1,1,1,1,1,1,1,1,0,1,,,,,,,,,,,,,1,1,1,1,1,1,1,0,0,0,1,0,0,1,1,1,1,1,1,0,0,0
NID APR 2026,MOHMAND,EKKAGHUND,AQRAB DAG,mt,16,0,16,0,240,1,1,1,1,1,1,1,0,1,1,1,1,1,1,,,,,,,,,,,,,1,,1,1,1,1,1,1,1,1,1,1,1,1,1,1,1,1,1,1,1,1
NID APR 2026,MOHMAND,HALEEMZAI,KASSI,mt,26,11,8,1,240,1,1,0,1,1,1,1,1,1,1,1,1,1,1,,,,,,,,,,,,,1,,1,1,1,1,1,1,1,1,1,1,1,1,1,1,1,1,1,1,0,0
NID APR 2026,NOWSHERA,JEHANGIRA,AKORA CAMP,mt,19,3,16,0,240,1,1,1,1,1,1,1,1,1,1,1,1,1,1,,,,,,,,,,,,,1,1,1,1,1,1,1,1,1,1,1,1,1,1,1,1,1,1,1,1,1,1
NID APR 2026,CHARSADA,CHARSADDA,SHEIKHO,mt,23,1,22,0,240,1,1,1,1,1,1,1,1,1,1,1,1,1,1,,,,,,,,,,,,,1,1,1,1,1,1,1,1,1,1,1,1,1,1,1,1,1,1,1,1,1,1
NID APR 2026,MOHMAND,HALEEMZAI,KAMALI,mt,24,12,5,0,240,1,1,1,1,1,1,1,1,1,1,1,1,1,1,,,,,,,,,,,,,1,1,1,1,1,1,1,1,1,1,1,1,1,1,1,1,1,1,1,1,1,1
NID APR 2026,CHARSADA,SHABQADAR,RASHAKI,mt,16,5,11,2,180,1,1,1,1,1,1,1,1,1,1,1,1,1,1,,,,,,,,,,,,,1,1,1,1,1,1,1,1,1,1,1,1,1,1,1,1,1,1,1,1,1,1
NID APR 2026,NOWSHERA,PABBI,PABBI,mt,33,7,26,2,290,1,1,1,1,1,0,1,0,1,1,1,1,1,1,,,,,,,,,,,,,1,1,1,1,1,1,1,1,1,1,1,1,1,1,1,1,1,1,1,1,0,0
NID APR 2026,NOWSHERA,JEHANGIRA,MERA AKORA,mt,30,2,26,1,260,1,1,1,1,1,1,1,1,1,1,1,1,1,1,,,,,,,,,,,,,1,1,1,1,1,1,1,1,1,1,1,1,1,1,1,1,1,1,1,1,1,1
NID APR 2026,CHARSADA,TANGI,GANDHERI,mt,34,11,22,0,200,1,1,1,0,1,1,1,1,1,1,1,1,0,1,,,,,,,,,,,,,1,1,1,1,1,1,1,0,1,1,1,1,1,1,1,1,1,0,1,0,0,0
NID APR 2026,CHARSADA,CHARSADDA,UTMANZAI,mt,23,0,23,2,240,1,1,1,1,1,1,1,1,1,1,1,1,1,1,,,,,,,,,,,,,1,1,1,1,1,1,1,1,1,1,1,1,1,1,1,1,1,1,1,1,1,1
NID APR 2026,NOWSHERA,NOWSHERA,BARA BANDA,mt,26,1,25,3,310,1,1,1,1,1,1,1,1,1,1,1,1,1,1,,,,,,,,,,,,,1,1,1,1,1,1,1,1,1,1,1,1,1,1,1,1,1,1,1,1,1,1
NID APR 2026,MOHMAND,PANDIALI,DANISHKOOL,mt,20,16,0,0,240,1,1,1,1,1,1,1,1,1,1,1,1,1,1,,,,,,,,,,,,,1,1,1,1,1,1,1,1,1,1,1,1,1,1,1,1,1,1,1,1,0,0
NID APR 2026,NOWSHERA,JEHANGIRA,KHAIRABAD CAMP,mt,16,2,14,0,240,1,1,1,1,1,1,0,1,1,1,1,1,1,1,,,,,,,,,,,,,1,1,1,1,1,1,1,1,1,1,1,1,1,1,1,1,1,1,1,1,1,1
NID APR 2026,NOWSHERA,JEHANGIRA,AKORA CAMP,mt,9,1,8,0,210,1,1,1,1,1,1,1,1,1,1,1,1,1,1,,,,,,,,,,,,,1,1,1,1,1,1,1,1,1,1,1,1,1,1,1,1,1,1,1,1,1,1
NID APR 2026,MOHMAND,KHAWEZAI,KHADI KHEL,mt,22,9,0,1,240,1,1,1,1,1,1,1,1,1,1,1,1,1,1,,,,,,,,,,,,,1,1,1,1,1,1,1,1,1,1,1,1,1,1,1,1,1,1,1,1,0,0
NID APR 2026,NOWSHERA,JEHANGIRA,KHAIRABAD CAMP,mt,19,30,14,0,250,1,1,1,1,1,0,1,1,1,0,1,1,0,1,,,,,,,,,,,,,1,1,1,1,1,1,1,1,1,1,1,1,1,0,1,1,1,1,1,1,1,0
NID APR 2026,CHARSADA,TANGI,MC TANGI,mt,30,12,18,2,210,1,1,1,1,1,1,1,1,1,1,1,1,0,1,,,,,,,,,,,,,1,1,1,1,1,1,1,0,1,1,1,0,0,1,1,1,1,0,1,1,0,0
NID APR 2026,NOWSHERA,NOWSHERA,CHOCKI TOWN,mt,14,0,14,0,150,1,0,1,1,1,0,1,1,1,1,1,1,0,1,,,,,,,,,,,,,1,1,1,1,1,1,1,1,1,1,1,1,1,1,1,1,1,1,1,1,0,1
NID APR 2026,NOWSHERA,NOWSHERA,KABUL RIVER,mt,16,0,14,0,157,1,0,1,1,1,1,1,1,1,1,1,1,0,1,,,,,,,,,,,,,0,1,1,1,1,1,1,1,1,1,1,1,1,1,1,1,1,0,1,1,0,0
NID APR 2026,NOWSHERA,JEHANGIRA,MERA AKORA,mt,29,2,27,2,270,1,1,1,1,1,1,1,1,1,1,1,1,1,1,,,,,,,,,,,,,1,1,1,1,1,1,1,1,1,1,1,1,1,1,1,1,1,1,1,1,1,1
NID APR 2026,MOHMAND,SAFI LAKARO,SANDO KHEL,mt,8,8,0,1,215,1,1,1,1,1,1,1,0,1,1,1,1,1,1,,,,,,,,,,,,,1,1,1,1,1,1,1,1,1,1,1,1,1,1,1,1,1,1,1,1,0,0
NID APR 2026,NOWSHERA,NOWSHERA,BADRASHI,mt,22,0,21,0,290,1,1,1,1,1,0,1,0,1,1,1,1,1,1,,,,,,,,,,,,,1,1,1,1,1,1,1,1,1,1,1,1,1,1,1,1,1,1,1,1,0,0
NID APR 2026,MOHMAND,HALEEMZAI,GHALLANAI,mt,7,3,4,1,240,1,1,1,1,1,1,1,1,1,1,1,1,1,1,,,,,,,,,,,,,1,1,1,1,1,1,1,1,1,1,1,1,1,1,1,1,1,1,1,1,0,0
NID APR 2026,CHARSADA,CHARSADDA,TURANGZAI,mt,18,2,15,1,300,1,1,1,1,1,1,1,1,1,1,1,1,1,1,,,,,,,,,,,,,1,1,1,1,1,1,1,1,1,1,1,1,1,0,1,1,1,1,1,1,1,0
SNID May 2026,MOHMAND,PANDIALI,ZAHOO,mt,22,12,1,0,240,1,1,1,1,1,1,1,1,1,1,1,1,1,1,,,,,,,,,,,,,1,,1,1,1,1,1,1,1,1,1,1,1,1,1,1,1,1,1,1,0,0
SNID May 2026,MOHMAND,AMBAR,CHARGOLAI:HAD KOR:KHARAI,mt,32,19,0,2,220,1,1,1,1,1,1,0,1,1,0,1,0,0,1,,,,,,,,,,,,,1,1,1,1,1,1,1,1,1,1,1,1,1,1,1,1,1,1,1,1,0,0
SNID May 2026,KHYBER,BARA,MILWARD A,cbv,18,18,0,0,120,1,1,1,1,1,1,1,1,1,1,1,1,1,1,,,,,,,,,,,,,1,1,1,1,1,1,1,1,1,1,1,1,1,1,1,1,1,1,1,1,0,1
SNID May 2026,MOHMAND,SAFI LAKARO,LAKARO,mt,8,8,0,0,215,1,1,1,1,1,0,1,1,1,1,1,1,1,1,,,,,,,,,,,,,1,1,1,1,1,1,1,1,1,1,1,1,1,1,1,1,1,1,1,1,1,0
SNID May 2026,KHYBER,BARA,NOGAZI BABA,cbv,27,27,0,0,240,1,1,1,1,1,1,1,1,1,1,1,1,0,1,,,,,,,,,,,,,1,1,1,1,1,1,1,1,1,1,1,1,1,1,1,1,1,1,1,1,0,0
SNID May 2026,KHYBER,BARA,AKAKHEL MAIRA,cbv,24,24,0,2,240,1,1,1,1,1,1,1,1,1,1,1,1,0,1,,,,,,,,,,,,,1,1,1,1,1,1,1,1,1,1,1,1,1,1,1,1,1,0,1,1,0,0
SNID May 2026,MOHMAND,PANDIALI,ZAHOO,mt,24,24,0,5,240,1,1,1,1,1,1,1,1,1,1,1,1,1,1,,,,,,,,,,,,,1,1,1,1,1,1,1,1,1,1,1,1,1,1,1,1,1,1,1,1,0,0
SNID May 2026,KHYBER,JAMRUD,GHUNDI B,cbv,26,26,0,0,180,1,1,1,1,1,1,1,1,1,1,1,1,1,1,,,,,,,,,,,,,1,1,1,1,1,1,1,1,1,1,1,1,1,1,1,1,1,1,1,1,1,1
SNID May 2026,KHYBER,BARA,SHALOBAR:NOGAZI BABA,cbv,27,27,0,0,180,1,1,1,1,1,1,1,1,1,1,1,1,1,1,,,,,,,,,,,,,1,,1,1,1,1,1,1,1,1,1,1,1,1,1,1,1,1,1,1,1,1
SNID May 2026,KHYBER,TIRAH MAIDAN,NAKAY,cbv,32,32,0,32,248,1,1,0,1,1,1,1,1,1,1,1,1,1,1,,,,,,,,,,,,,1,1,0,1,1,1,1,1,1,1,1,1,1,1,1,1,1,1,1,1,1,1
SNID May 2026,KHYBER,BARA,FORT SLOPE,cbv,17,16,0,0,180,1,1,1,1,1,1,1,1,1,1,1,1,1,1,,,,,,,,,,,,,1,,1,1,1,1,1,1,1,1,1,1,1,1,1,1,1,1,1,1,1,1
SNID May 2026,KHYBER,TIRAH MAIDAN,MALAKDIN KHEL A TIRAH,cbv,16,16,0,0,180,1,1,1,1,1,1,1,1,1,1,1,1,1,1,,,,,,,,,,,,,1,1,1,1,1,1,1,1,1,1,1,1,1,1,1,1,1,1,1,1,1,1
SNID May 2026,KHYBER,JAMRUD,TIDI BAZAR,cbv,20,20,0,0,240,1,1,1,1,1,1,1,1,1,1,1,1,1,1,,,,,,,,,,,,,1,1,1,1,1,1,1,1,1,1,1,1,1,1,1,1,1,1,1,1,1,1
SNID May 2026,KHYBER,BARA,AJAB TALAB,cbv,15,15,0,0,200,1,1,1,1,1,1,1,1,1,1,1,1,1,1,,,,,,,,,,,,,1,1,1,1,1,1,1,1,1,1,1,1,1,1,1,1,1,0,1,1,0,0
SNID May 2026,NOWSHERA,NOWSHERA,BADRASHI,mt,20,16,16,1,240,1,1,1,1,1,1,1,1,1,1,1,1,1,1,,,,,,,,,,,,,1,1,1,1,1,1,1,1,1,1,1,1,1,1,1,1,1,1,1,1,1,1
SNID May 2026,KHYBER,LANDI KOTAL,SHEIKHMAL KHEL,cbv,18,17,0,0,240,1,1,1,1,1,1,1,1,1,1,1,1,1,1,,,,,,,,,,,,,1,1,1,1,1,1,1,1,1,1,1,1,1,1,1,1,1,1,1,1,1,1
SNID May 2026,KHYBER,TIRAH MAIDAN,SHALOBAR TIRAH,cbv,20,20,0,0,240,1,1,0,1,1,1,1,1,1,1,1,1,1,1,,,,,,,,,,,,,1,1,1,1,1,1,1,1,1,1,1,1,1,1,1,1,1,1,1,1,1,1
SNID May 2026,KHYBER,BARA,GANDAO,cbv,13,13,0,0,180,1,1,1,1,1,1,1,1,1,1,1,1,1,1,,,,,,,,,,,,,1,1,1,1,1,1,1,1,1,1,1,1,1,1,1,1,1,1,1,1,1,1
SNID May 2026,NOWSHERA,NOWSHERA,CHOCKI TOWN,mt,28,26,24,0,270,1,1,1,1,1,1,1,1,1,1,1,1,1,1,,,,,,,,,,,,,1,1,1,1,1,1,1,1,1,1,1,1,1,1,1,1,1,1,1,1,1,1
SNID May 2026,KHYBER,TIRAH MAIDAN,MALAKDIN KHEL B TIRAH,cbv,15,14,0,0,180,1,1,1,1,1,1,1,1,1,1,1,1,1,1,,,,,,,,,,,,,1,1,1,1,1,1,1,1,1,1,1,1,1,1,1,1,1,1,1,1,1,1
SNID May 2026,KHYBER,JAMRUD,SHAH KAS B,cbv,24,22,0,0,180,1,1,0,1,1,0,1,1,1,1,1,1,1,1,,,,,,,,,,,,,1,1,1,0,0,0,1,1,1,1,1,1,1,1,1,1,1,1,1,1,1,1
SNID May 2026,MOHMAND,EKKAGHUND,DAB KOR,mt,17,0,17,0,240,0,1,1,1,1,1,1,1,1,1,1,1,0,1,,,,,,,,,,,,,1,1,1,1,1,1,1,1,1,1,1,1,1,1,1,1,1,1,1,1,1,1
SNID May 2026,MOHMAND,EKKAGHUND,DAB KOR,mt,17,1,16,0,240,1,1,1,1,1,1,1,1,1,1,1,1,0,1,,,,,,,,,,,,,1,1,1,1,1,1,1,1,1,1,1,1,1,1,1,1,1,1,1,1,0,0
SNID May 2026,MOHMAND,HALEEMZAI,GHALLANAI,mt,19,11,6,2,240,1,1,1,1,1,1,1,1,1,1,1,1,1,1,,,,,,,,,,,,,1,1,1,1,1,1,1,1,1,1,1,1,1,1,1,1,1,1,1,1,1,1
SNID May 2026,NOWSHERA,JEHANGIRA,JEHANGIRA,mt,25,0,27,0,260,1,1,1,1,1,1,1,1,1,1,1,1,1,1,,,,,,,,,,,,,1,1,1,1,1,1,1,1,1,1,1,1,1,1,1,1,1,1,1,1,1,1
SNID May 2026,KHYBER,LANDI KOTAL,STATION,cbv,21,18,3,0,240,1,1,1,1,1,1,1,1,1,1,1,1,1,1,,,,,,,,,,,,,1,1,1,1,1,1,1,1,1,1,1,1,1,1,1,1,1,1,1,1,1,1
SNID May 2026,NOWSHERA,NOWSHERA,AZAKHEL BALA,mt,27,0,27,1,305,1,1,1,1,1,1,1,1,1,1,1,1,1,1,,,,,,,,,,,,,1,1,1,1,1,1,1,1,1,1,1,1,1,1,1,1,1,1,1,1,1,1
SNID May 2026,MOHMAND,PARANG GHAAR,ASGHAR,mt,26,26,18,0,300,1,1,1,1,1,1,1,1,1,1,1,1,1,1,,,,,,,,,,,,,1,1,1,1,1,1,1,1,1,1,1,1,1,1,1,1,1,1,1,1,1,1
SNID May 2026,KHYBER,LANDI KOTAL,TIRAH BAZAR B,cbv,23,23,0,23,180,1,1,0,1,1,1,1,1,1,1,1,1,1,1,,,,,,,,,,,,,1,,0,1,1,1,1,1,1,1,1,1,1,1,1,1,1,1,1,1,1,1
SNID May 2026,NOWSHERA,NOWSHERA,AZAKHEL PAYAN,mt,24,8,12,0,240,1,1,1,1,1,1,1,1,1,1,1,1,0,1,,,,,,,,,,,,,1,1,1,1,1,1,1,1,1,1,1,1,1,1,1,1,0,0,1,1,0,0
SNID May 2026,KHYBER,JAMRUD,SUR KAMAR,cbv,19,19,0,0,240,1,1,1,1,1,1,1,1,1,1,1,1,1,1,,,,,,,,,,,,,1,1,1,1,1,1,1,1,1,1,1,1,1,1,1,1,1,1,1,1,1,1
SNID May 2026,MOHMAND,HALEEMZAI,KAMALI,mt,18,16,2,2,250,1,1,1,1,1,1,1,1,1,1,1,1,1,1,,,,,,,,,,,,,1,1,1,1,1,1,1,1,1,1,1,1,1,1,1,1,1,1,1,1,1,0
SNID May 2026,MOHMAND,BAIZAI,LANDI SHAH,mt,10,4,0,0,240,1,1,1,1,1,1,0,1,1,1,1,1,1,1,,,,,,,,,,,,,1,1,1,1,1,1,1,1,1,1,1,1,1,1,1,1,1,1,1,1,0,0
SNID May 2026,KHYBER,TIRAH MAIDAN,Seray,cbv,22,22,0,0,180,1,1,1,1,1,1,1,1,1,1,1,1,1,1,,,,,,,,,,,,,1,1,1,1,1,1,1,1,1,1,1,1,1,1,1,1,1,1,1,1,1,1
SNID May 2026,KHYBER,BARA,AJAB TALAB,cbv,14,14,0,2,200,1,1,1,1,1,1,1,1,1,1,1,1,1,1,,,,,,,,,,,,,1,,1,1,1,1,1,1,1,1,1,1,1,1,1,1,1,0,1,1,0,1
SNID May 2026,KHYBER,BARA,TAUDA CHEENA,cbv,12,10,0,0,150,1,1,0,1,1,1,1,1,1,1,1,1,0,1,,,,,,,,,,,,,1,1,1,1,1,1,1,1,1,1,1,1,1,1,1,1,1,1,1,1,1,1
SNID May 2026,NOWSHERA,NOWSHERA,NAWA KALY,mt,28,2,24,2,300,1,1,1,1,1,1,1,1,1,1,1,1,1,1,,,,,,,,,,,,,1,1,1,1,1,1,1,1,1,1,1,1,1,1,1,1,1,1,1,1,1,1
SNID May 2026,MOHMAND,PANDIALI,PANDIALI,mt,28,21,15,1,240,1,0,0,1,1,1,1,1,1,1,1,1,1,1,,,,,,,,,,,,,1,1,1,1,1,1,1,1,1,1,1,1,1,1,1,1,1,1,1,1,0,0
SNID May 2026,KHYBER,TIRAH MAIDAN,QAMBAR KHEL B TIRAH,cbv,10,10,0,0,240,1,1,0,1,1,1,1,1,1,1,1,1,1,1,,,,,,,,,,,,,1,,1,1,1,1,1,1,1,1,1,1,1,1,1,1,1,1,1,1,1,1
SNID May 2026,MOHMAND,EKKAGHUND,AQRAB DAG,smt,26,0,21,1,240,1,1,1,1,1,1,1,1,1,1,1,1,1,1,,,,,,,,,,,,,1,1,1,1,1,1,1,1,1,1,1,1,1,1,1,1,1,1,1,1,1,1
SNID May 2026,MOHMAND,EKKAGHUND,EKKAGHUND,mt,26,7,15,0,240,1,1,1,1,1,1,1,1,1,1,1,1,1,1,,,,,,,,,,,,,1,1,1,1,1,1,1,1,1,1,1,1,1,1,1,1,1,1,1,1,0,0
SNID May 2026,KHYBER,JAMRUD,SHAH KAS A,cbv,17,17,0,0,185,1,1,1,1,1,1,1,1,1,1,1,1,0,1,,,,,,,,,,,,,1,1,1,1,1,1,1,1,1,1,1,1,1,1,1,1,1,1,1,1,1,1
SNID May 2026,MOHMAND,SAFI LAKARO,MAMAD GAT,mt,25,15,0,0,240,1,1,1,1,1,1,1,1,1,1,1,1,1,1,,,,,,,,,,,,,1,1,1,1,1,1,1,1,1,1,1,1,1,1,1,1,1,1,1,1,0,0
SNID May 2026,NOWSHERA,PABBI,CHOKI MAMREZ,mt,23,1,19,3,270,1,1,1,1,1,1,1,1,1,1,1,1,1,1,,,,,,,,,,,,,1,1,1,1,1,1,1,1,1,1,1,1,1,1,1,1,1,1,1,1,0,0
SNID May 2026,KHYBER,TIRAH MAIDAN,ZAKHAKHEL TIRAH,cbv,38,38,0,0,180,1,1,1,1,1,1,1,1,1,1,1,1,1,1,,,,,,,,,,,,,1,1,1,1,1,1,1,1,1,1,1,1,1,1,1,1,1,1,1,1,1,1
SNID May 2026,KHYBER,LANDI KOTAL,SULTAN KHEL A,cbv,19,15,4,0,240,1,1,1,1,1,1,1,1,1,1,1,1,1,1,,,,,,,,,,,,,1,1,1,1,1,1,1,1,1,1,1,1,1,1,1,1,1,1,1,1,1,1
SNID May 2026,KHYBER,LANDI KOTAL,KHUGA KHEL,cbv,30,30,0,0,120,1,0,0,1,1,1,1,1,1,1,1,1,1,1,,,,,,,,,,,,,1,1,1,1,1,1,1,1,1,1,1,1,1,1,1,1,1,1,1,1,0,1
SNID May 2026,MOHMAND,SAFI LAKARO,SANDO KHEL,mt,12,7,1,1,220,1,1,1,1,1,1,1,1,1,1,1,1,1,1,,,,,,,,,,,,,1,1,1,1,1,1,1,1,1,1,1,1,1,1,1,1,1,1,1,1,0,0
SNID May 2026,NOWSHERA,NOWSHERA,PIRPAI,mt,17,3,14,0,240,1,1,1,1,1,1,1,1,1,1,1,1,1,1,,,,,,,,,,,,,1,1,1,1,1,1,1,1,1,1,1,1,1,1,1,1,1,1,1,1,1,1
SNID May 2026,NOWSHERA,NOWSHERA,KHESHGI PAYAN,mt,17,4,13,3,240,1,1,1,1,1,1,1,1,1,1,1,1,1,1,,,,,,,,,,,,,1,1,1,1,1,1,1,1,1,1,1,1,1,1,1,1,1,1,1,1,1,1
SNID May 2026,PESHAWAR,CITY,GULBAHAR,cbv,16,0,16,0,220,1,1,1,1,1,1,1,1,1,1,1,1,1,1,,,,,,,,,,,,,1,,1,1,1,1,1,1,1,1,1,1,1,1,1,1,1,1,1,1,1,1
SNID May 2026,PESHAWAR,SHAH ALAM,GULBELA,cbv,16,0,16,1,240,1,1,1,1,1,1,1,1,1,1,1,1,1,1,,,,,,,,,,,,,1,,1,1,1,1,1,1,1,1,1,1,1,1,1,1,1,1,1,1,1,1
SNID May 2026,MOHMAND,SAFI LAKARO,LAKARO,mt,17,8,0,0,190,1,1,1,1,1,1,1,1,1,1,1,1,1,1,,,,,,,,,,,,,1,1,1,1,1,1,1,1,1,1,1,1,1,1,1,1,1,1,1,1,1,1
SNID May 2026,MOHMAND,HALEEMZAI,GHALLANAI,mt,27,9,15,3,220,1,1,1,1,1,1,1,1,1,1,1,1,1,1,,,,,,,,,,,,,1,1,1,1,1,1,1,1,1,1,1,1,1,1,1,1,1,1,1,1,1,1
SNID May 2026,KHYBER,JAMRUD,NEW ABADI,cbv,28,27,1,0,240,1,1,1,1,1,1,1,1,1,1,1,1,1,1,,,,,,,,,,,,,1,1,1,1,1,1,1,1,1,1,1,1,1,1,1,1,1,1,1,1,1,1
SNID May 2026,PESHAWAR,SMT,AKHOON ABAD,cbv,16,0,16,0,240,1,1,1,1,1,1,1,1,1,1,1,1,1,1,,,,,,,,,,,,,1,1,1,1,1,1,1,1,1,1,1,1,1,1,1,1,1,1,1,1,1,1
SNID May 2026,PESHAWAR,SADDAR,MERA SUREZAI PAYAN,cbv,12,9,3,0,300,1,1,1,1,1,1,1,1,1,1,1,1,1,1,,,,,,,,,,,,,1,1,1,1,1,1,1,1,1,1,1,1,1,1,1,1,1,1,1,1,0,0
SNID May 2026,KHYBER,LANDI KOTAL,MIRDAD KHEL,cbv,23,23,0,0,200,1,1,0,1,1,1,1,1,1,1,1,1,0,1,,,,,,,,,,,,,1,1,1,1,1,1,1,1,1,1,1,1,1,1,1,1,0,0,1,1,1,1
SNID May 2026,KHYBER,TIRAH MAIDAN,PAGDARA,mt,17,16,0,7,240,1,1,1,1,1,1,1,1,1,1,1,1,1,1,,,,,,,,,,,,,1,1,1,1,1,1,1,1,1,1,1,1,1,1,1,1,1,1,1,1,1,1
SNID May 2026,PESHAWAR,SMT,DEH BAHADAR,cbv,19,0,19,1,240,1,1,1,1,1,1,1,1,1,1,1,1,0,1,,,,,,,,,,,,,1,1,1,1,1,1,1,1,1,1,1,1,1,1,1,1,1,1,1,1,1,1
SNID May 2026,PESHAWAR,SHAH ALAM,LARAMA,cbv,14,0,14,0,240,0,0,1,1,1,1,1,1,1,1,1,1,1,1,,,,,,,,,,,,,1,,1,1,1,1,1,1,1,1,1,1,1,1,1,1,1,1,1,1,1,1
SNID May 2026,PESHAWAR,CITY,KARIM PURA,cbv,11,0,11,0,240,1,1,1,1,1,1,1,1,1,1,1,1,1,1,,,,,,,,,,,,,1,1,1,1,1,1,1,1,1,1,1,1,1,1,1,1,1,1,1,1,1,1
SNID May 2026,NOWSHERA,JEHANGIRA,AKORA KHATTAK,mt,27,4,18,0,120,1,1,1,1,1,1,1,1,1,1,1,1,0,1,,,,,,,,,,,,,1,1,1,0,0,1,1,1,1,1,1,1,1,1,1,1,1,1,1,1,1,1
SNID May 2026,NOWSHERA,JEHANGIRA,SHAIDU,mt,30,0,29,0,180,1,1,1,1,1,1,1,1,1,0,1,1,1,1,,,,,,,,,,,,,1,1,1,1,1,1,1,1,1,1,0,0,1,1,1,1,1,0,1,1,0,0
SNID May 2026,NOWSHERA,PABBI,BALU,mt,20,2,16,2,155,1,1,0,1,1,0,1,0,1,1,1,0,0,1,,,,,,,,,,,,,1,1,1,1,1,0,1,0,0,1,0,0,0,1,1,1,1,0,1,0,0,0
SNID May 2026,PESHAWAR,CITY,KAKSHAL,cbv,11,0,11,11,220,1,1,1,1,1,1,1,1,1,1,1,1,1,1,,,,,,,,,,,,,1,1,1,1,1,1,1,1,1,1,1,1,1,1,1,1,1,1,1,1,1,1
SNID May 2026,NOWSHERA,JEHANGIRA,MANDURI,mt,33,1,30,1,280,1,1,1,1,1,1,1,1,1,1,1,1,1,1,,,,,,,,,,,,,1,1,1,1,1,1,1,1,1,1,1,1,1,1,1,1,1,1,1,1,1,1
SNID May 2026,PESHAWAR,SHAH ALAM,SHAHI BALA,cbv,14,1,13,0,210,1,1,1,1,1,1,1,1,1,1,1,1,1,1,,,,,,,,,,,,,1,1,0,1,1,1,1,1,1,1,1,1,1,1,1,1,1,1,1,1,1,1
SNID May 2026,KHYBER,LANDI KOTAL,KHUGA KHEL,cbv,20,20,0,0,185,1,0,0,1,1,0,1,0,1,1,1,1,0,1,,,,,,,,,,,,,1,1,1,1,1,1,1,1,1,1,1,1,1,1,1,1,1,1,1,1,1,1
SNID May 2026,KHYBER,TIRAH MAIDAN,PAGDARA,mt,14,13,0,3,240,1,1,1,1,1,1,1,1,1,1,1,1,1,1,,,,,,,,,,,,,1,1,1,1,1,1,1,1,1,1,1,1,1,1,1,1,1,1,1,1,1,1
SNID May 2026,KHYBER,TIRAH MAIDAN,PAGDARA,mt,14,13,0,3,240,1,1,1,1,1,1,1,1,1,1,1,1,1,1,,,,,,,,,,,,,1,,1,1,1,1,1,1,1,1,1,1,1,1,1,1,1,1,1,1,1,1
SNID May 2026,MOHMAND,KHAWEZAI,KHADI KHEL,mt,22,14,0,1,255,1,1,1,1,1,1,1,1,1,1,1,1,0,1,,,,,,,,,,,,,1,1,1,1,1,1,1,1,1,1,1,1,1,1,1,1,1,1,1,1,0,0
SNID May 2026,MOHMAND,KHAWEZAI,JUMA KHEL,mt,23,5,0,1,240,1,1,1,0,1,1,1,1,1,1,1,1,0,1,,,,,,,,,,,,,1,1,1,1,1,1,1,1,1,1,1,1,1,1,1,1,1,1,1,1,0,0
SNID May 2026,NOWSHERA,NOWSHERA,NOWSHERA CITY,mt,26,1,25,1,300,1,0,1,1,1,1,1,0,0,0,1,1,1,1,,,,,,,,,,,,,1,1,1,1,1,1,1,1,1,1,1,1,1,1,1,1,1,1,1,1,1,0
SNID May 2026,NOWSHERA,NOWSHERA,RASHAKAI,mt,26,0,26,0,298,1,1,1,1,1,1,1,1,1,1,1,1,1,1,,,,,,,,,,,,,1,1,1,1,1,1,1,1,1,1,1,1,1,1,1,1,1,1,1,1,1,1
SNID May 2026,PESHAWAR,SHAH ALAM,MATHRA,cbv,18,0,18,0,240,1,1,1,1,1,0,1,0,1,1,1,1,0,1,,,,,,,,,,,,,1,1,1,1,1,1,0,0,1,1,1,1,1,1,1,1,1,0,1,1,1,1
SNID May 2026,MOHMAND,PANDIALI,DANISHKOOL,mt,20,20,1,0,240,1,1,1,1,1,1,1,1,1,1,1,1,1,1,,,,,,,,,,,,,1,1,1,1,1,1,1,1,1,1,1,1,1,1,1,1,1,1,1,1,0,0
SNID May 2026,PESHAWAR,SMT,NOTHIA QADEEM,cbv,17,17,17,0,240,1,1,1,1,1,0,1,1,1,1,0,0,0,1,,,,,,,,,,,,,1,1,1,1,1,1,1,0,1,1,1,1,1,1,1,1,1,1,1,0,1,1
SNID May 2026,KHYBER,JAMRUD,ALI MASJID A,cbv,17,16,0,0,160,1,0,0,1,1,1,1,1,1,1,1,1,0,1,,,,,,,,,,,,,1,1,1,1,1,1,1,1,1,1,1,1,1,1,1,1,1,1,1,1,1,1
SNID May 2026,PESHAWAR,CITY,CANTT WARD 1,smt,22,0,21,1,180,1,1,1,1,1,1,1,1,1,1,1,1,0,1,,,,,,,,,,,,,1,1,1,1,1,1,1,1,1,1,1,1,1,1,1,1,1,1,1,1,0,1
SNID May 2026,MOHMAND,EKKAGHUND,AQRAB DAG,mt,16,0,16,1,240,1,1,1,1,1,1,1,1,1,1,1,1,1,1,,,,,,,,,,,,,1,,1,1,1,1,1,1,1,1,1,1,1,1,1,1,1,1,1,1,1,1
SNID May 2026,KHYBER,LANDI KOTAL,SULTAN KHEL B,cbv,24,23,0,0,240,1,1,0,1,1,1,1,1,1,1,1,1,1,1,,,,,,,,,,,,,1,1,1,1,1,1,1,1,1,1,1,1,1,1,1,1,1,1,1,1,1,1
SNID May 2026,PESHAWAR,SHAH ALAM,HARYANA PAYAN,cbv,15,0,15,0,300,1,1,1,1,1,1,1,1,1,1,1,1,0,1,,,,,,,,,,,,,1,1,1,1,1,1,1,1,1,1,1,1,1,1,1,1,1,0,1,1,1,1
SNID May 2026,MOHMAND,PANDIALI,PANDIALI,mt,20,11,9,2,240,1,1,0,1,1,1,1,1,1,1,1,1,1,1,,,,,,,,,,,,,1,1,1,1,1,1,1,1,1,1,1,1,1,1,1,1,1,1,1,1,0,0
SNID May 2026,MOHMAND,PANDIALI,PANDIALI,smt,20,11,9,2,240,1,0,0,1,1,1,1,1,1,1,1,1,1,1,,,,,,,,,,,,,1,1,1,1,1,1,1,1,1,1,1,1,1,1,1,1,1,1,1,1,1,1
SNID May 2026,NOWSHERA,NOWSHERA,KABUL RIVER,mt,29,5,24,0,300,1,1,1,1,1,1,1,1,1,1,1,1,1,1,,,,,,,,,,,,,1,1,1,1,1,1,1,1,1,1,1,1,1,1,1,1,1,1,1,1,1,1
SNID May 2026,PESHAWAR,SMT,HAZARKHWANI 2,cbv,22,0,22,23,300,1,0,1,1,1,0,1,1,1,1,1,1,1,1,,,,,,,,,,,,,1,,1,1,1,1,1,1,1,1,1,1,1,1,1,1,1,1,1,1,1,1
SNID May 2026,KHYBER,BARA,ABDULLAH JAN,cbv,18,18,0,0,180,1,1,1,1,1,1,1,1,1,1,1,1,1,1,,,,,,,,,,,,,1,1,1,1,1,1,1,1,1,1,1,1,1,1,1,1,1,1,1,1,0,0
SNID May 2026,MOHMAND,SAFI LAKARO,SANDO KHEL,mt,21,5,1,0,240,1,1,1,1,1,1,1,1,1,1,1,1,0,1,,,,,,,,,,,,,1,1,1,1,1,1,1,1,1,1,1,1,1,1,1,1,0,0,1,1,0,0
SNID May 2026,MOHMAND,EKKAGHUND,EKKAGHUND,mt,25,1,24,1,240,1,1,1,1,1,1,1,1,1,1,1,1,1,1,,,,,,,,,,,,,1,1,1,1,1,1,1,1,1,1,1,1,1,1,1,1,1,1,1,1,1,1
SNID May 2026,KHYBER,LANDI KOTAL,MIRDAD KHEL,cbv,23,23,0,0,180,1,1,1,1,1,1,1,1,1,1,1,1,1,1,,,,,,,,,,,,,1,,1,1,1,1,1,1,1,1,1,1,1,1,1,1,1,1,1,1,1,1
SNID May 2026,PESHAWAR,MATTANI,SHEIKH MOHAMMADI,cbv,13,0,13,0,220,1,1,1,1,1,1,1,1,1,1,1,1,1,1,,,,,,,,,,,,,1,1,1,1,1,1,1,1,1,1,1,1,1,1,1,1,1,1,1,1,1,1
SNID May 2026,PESHAWAR,CITY,TEHKAL PAYAN,cbv,23,23,23,0,160,1,1,1,1,1,1,1,1,1,1,1,0,1,1,,,,,,,,,,,,,1,1,1,1,1,1,1,1,1,1,1,1,1,1,1,1,1,1,1,1,1,1
SNID May 2026,PESHAWAR,CITY,PALOSI,cbv,13,0,13,0,200,1,1,1,1,1,1,1,1,1,1,1,1,1,1,,,,,,,,,,,,,1,1,1,1,1,1,1,1,1,1,1,1,1,1,1,1,1,1,1,1,1,1
SNID May 2026,NOWSHERA,NOWSHERA,GANDHERI,mt,27,3,21,0,240,1,1,1,1,1,1,1,1,1,1,1,1,1,1,,,,,,,,,,,,,1,1,1,1,1,1,1,1,1,1,1,1,1,1,1,1,1,1,1,1,0,0
SNID May 2026,MOHMAND,HALEEMZAI,KASSI,mt,24,16,8,2,250,1,1,1,1,1,1,1,1,1,1,1,1,1,1,,,,,,,,,,,,,1,1,1,1,1,1,1,1,1,1,1,1,1,1,1,1,1,1,1,1,1,1
SNID May 2026,PESHAWAR,SMT,YAKATOOT 2,cbv,12,0,11,0,4,1,1,1,1,1,1,1,1,1,1,1,1,0,1,,,,,,,,,,,,,1,1,1,1,1,1,1,1,1,1,1,1,1,1,1,1,1,1,1,1,1,1
SNID May 2026,PESHAWAR,CITY,HAYAT ABAD 1,cbv,22,0,22,0,240,1,1,1,1,1,1,1,1,1,1,1,1,1,1,,,,,,,,,,,,,1,,1,1,1,1,1,1,1,1,1,1,1,1,1,1,1,1,1,1,1,1
SNID May 2026,NOWSHERA,NOWSHERA,KHESHGI PAYAN,mt,16,2,14,1,255,1,1,1,1,1,1,1,1,1,1,1,1,1,1,,,,,,,,,,,,,1,1,1,1,1,1,1,1,1,1,1,1,1,1,1,1,1,1,1,1,1,1
SNID May 2026,NOWSHERA,NOWSHERA,AMANGARH,smt,22,22,22,1,240,1,1,1,1,1,1,1,1,1,1,1,1,1,1,,,,,,,,,,,,,1,1,1,1,1,1,1,1,1,1,1,1,1,1,1,1,1,1,1,1,1,1
SNID May 2026,PESHAWAR,SADDAR,MUSAZAI,cbv,16,0,16,0,240,1,1,1,1,1,1,1,1,1,1,1,1,0,1,,,,,,,,,,,,,1,1,1,1,1,1,1,1,1,1,1,1,1,1,1,1,1,1,1,1,0,0
SNID May 2026,PESHAWAR,CITY,PAWAKA,cbv,13,13,13,0,240,1,1,1,1,1,1,1,1,1,1,1,1,1,1,,,,,,,,,,,,,1,1,1,1,1,1,1,1,1,1,1,1,1,1,1,1,1,1,1,1,1,1
SNID May 2026,PESHAWAR,SMT,HAZARKHWANI 1,cbv,13,0,13,0,243,1,1,1,1,1,1,1,1,1,1,1,1,0,1,,,,,,,,,,,,,1,1,1,1,1,1,1,1,1,1,1,1,1,1,1,1,1,1,1,1,1,1
SNID May 2026,PESHAWAR,SHAH ALAM,LARAMA,cbv,17,0,17,0,240,1,1,1,1,1,1,1,1,1,1,1,1,1,1,,,,,,,,,,,,,1,1,0,1,1,1,1,1,1,1,1,1,1,1,1,1,1,1,1,1,1,1
SNID May 2026,PESHAWAR,CITY,TEHKAL BALA,cbv,17,0,17,0,270,1,1,1,1,1,1,1,1,1,1,1,1,1,1,,,,,,,,,,,,,1,1,1,1,1,1,1,1,1,1,1,1,1,1,1,1,1,1,1,1,1,1
SNID May 2026,PESHAWAR,CITY,HAYAT ABAD 2,cbv,24,0,24,0,270,1,1,1,1,1,1,1,1,1,1,1,1,1,1,,,,,,,,,,,,,1,1,1,1,1,1,1,1,1,1,1,1,1,1,1,1,1,1,1,1,1,1
SNID May 2026,PESHAWAR,CITY,KAKSHAL,cbv,11,0,11,0,200,1,1,1,1,1,1,1,1,1,1,1,1,1,1,,,,,,,,,,,,,1,,1,1,1,1,1,1,1,1,1,1,1,1,1,1,1,1,1,1,1,1
SNID May 2026,PESHAWAR,CITY,UNIVERSITY TOWN,cbv,12,0,12,0,240,1,1,1,1,1,1,1,1,1,1,1,1,1,1,,,,,,,,,,,,,1,1,0,1,1,1,1,1,1,1,1,1,1,1,1,1,1,1,1,1,1,1
SNID May 2026,NOWSHERA,NOWSHERA,KHESHGI BALA,mt,24,7,17,1,301,1,1,1,1,1,1,1,1,1,1,1,1,1,1,,,,,,,,,,,,,1,1,1,1,1,1,1,1,1,1,1,1,1,1,1,1,1,1,1,1,1,1
SNID May 2026,PESHAWAR,CITY,HAYAT ABAD 1,cbv,22,5,16,0,240,1,1,1,1,1,1,1,1,1,1,1,1,0,1,,,,,,,,,,,,,1,1,1,1,1,1,1,1,1,1,1,1,1,1,1,1,1,1,1,1,1,1
SNID May 2026,NOWSHERA,JEHANGIRA,MERA AKORA,mt,35,0,32,1,255,1,1,1,1,1,1,1,1,1,1,1,1,1,1,,,,,,,,,,,,,1,1,1,1,1,1,1,1,1,1,1,1,1,1,1,1,1,1,1,1,1,1
SNID May 2026,PESHAWAR,CITY,SHAHEEN TOWN,cbv,11,0,11,0,240,1,1,1,1,1,1,1,1,1,1,1,1,1,1,,,,,,,,,,,,,1,1,1,1,1,1,1,1,1,1,1,1,1,1,1,1,1,1,1,1,1,1
SNID May 2026,PESHAWAR,MATTANI,ACHINI,cbv,16,2,14,1,240,1,1,1,1,1,1,1,1,1,1,1,1,1,1,,,,,,,,,,,,,1,1,1,1,1,1,1,1,1,1,1,1,1,1,1,1,1,1,1,1,1,1
SNID May 2026,PESHAWAR,SHAH ALAM,PAJAGI,cbv,20,19,19,0,120,1,1,1,1,1,1,1,1,1,1,1,1,1,1,,,,,,,,,,,,,1,1,0,1,1,1,1,1,1,1,1,1,1,1,1,1,1,1,1,1,0,1
SNID May 2026,PESHAWAR,CITY,MEHAL TERAI 2,cbv,20,20,20,0,120,1,1,1,1,1,1,1,1,1,1,1,1,1,1,,,,,,,,,,,,,1,1,1,1,1,1,1,1,1,1,1,1,1,1,1,1,1,1,1,1,1,1
SNID May 2026,PESHAWAR,MATTANI,SHEIKHAN,cbv,13,0,13,0,240,1,1,1,1,1,1,1,1,1,1,1,1,1,1,,,,,,,,,,,,,1,1,0,1,1,1,1,1,1,1,1,1,1,1,1,1,1,1,1,1,1,1
SNID May 2026,PESHAWAR,MATTANI,PISHTAKHARA,cbv,14,0,14,0,240,1,1,1,1,1,1,1,1,1,1,1,1,1,1,,,,,,,,,,,,,1,1,1,1,1,1,1,1,1,1,1,1,1,1,1,1,1,1,1,1,1,1
SNID May 2026,NOWSHERA,PABBI,SHAKOT,mt,18,3,16,1,270,1,1,0,1,1,1,1,1,1,1,1,1,0,1,,,,,,,,,,,,,1,1,1,1,1,1,1,0,1,1,1,1,1,1,1,1,1,0,1,1,0,1
SNID May 2026,NOWSHERA,JEHANGIRA,AKORA KHATTAK,mt,28,2,26,1,240,1,1,1,1,1,1,1,1,1,1,1,1,1,1,,,,,,,,,,,,,1,1,1,1,1,1,1,1,1,1,1,1,1,1,1,1,1,1,1,1,1,1
SNID May 2026,MOHMAND,HALEEMZAI,KAMALI,smt,26,14,12,2,240,1,1,0,1,1,1,1,1,1,1,1,1,1,1,,,,,,,,,,,,,1,1,1,1,1,1,1,1,1,1,1,1,1,1,1,1,1,1,1,1,1,1
SNID May 2026,MOHMAND,AMBAR,CHARGOLAI,mt,16,12,0,2,200,1,0,1,1,1,1,0,1,1,0,1,1,0,1,,,,,,,,,,,,,1,1,1,1,1,1,1,1,1,1,1,1,1,1,1,1,1,1,1,1,0,0
SNID May 2026,PESHAWAR,SMT,DEH BAHADAR,cbv,18,18,18,0,190,,1,1,1,1,1,1,1,1,1,1,1,1,0,,,,,,,,,,,,,,,1,,,,,,,,,,,,,,,,,,1,1
SNID May 2026,MOHMAND,BAIZAI,WARSAK,mt,8,1,0,0,210,1,0,0,1,1,1,0,0,1,1,1,1,0,1,,,,,,,,,,,,,1,1,1,1,1,1,1,1,1,1,1,1,1,1,1,1,1,1,1,1,0,0
SNID May 2026,MOHMAND,BAIZAI,GHANAM SHAH,mt,31,0,0,0,0,,1,1,0,0,0,0,0,0,0,0,0,0,0,,,,,,,,,,,,,,0,1,,,,,,,,,,,,,,,,,,0,0
SNID May 2026,NOWSHERA,PABBI,JALOZAI,mt,25,25,0,1,270,1,1,1,1,1,1,1,1,1,1,1,1,1,1,,,,,,,,,,,,,1,1,1,1,1,1,1,1,1,1,1,1,1,1,1,1,1,1,1,1,1,1
SNID May 2026,KHYBER,BARA,SPEEN QABAR,cbv,15,15,0,0,240,1,1,1,1,1,1,1,1,1,1,1,1,1,1,,,,,,,,,,,,,1,1,1,1,1,1,1,1,1,1,1,1,1,1,1,1,1,1,1,1,1,1
SNID May 2026,PESHAWAR,CITY,HASAN GARHI 1,cbv,17,0,17,1,230,1,1,1,1,1,1,1,1,1,1,1,1,1,1,,,,,,,,,,,,,1,1,1,1,1,1,1,1,1,1,1,1,1,1,1,1,1,1,1,1,1,1
SNID May 2026,PESHAWAR,CITY,SUFAID DHERI,cbv,21,0,21,21,240,1,1,1,1,1,1,1,1,1,1,1,1,1,1,,,,,,,,,,,,,1,1,1,1,1,1,1,1,1,1,1,1,1,1,1,1,1,1,1,1,1,1
SNID May 2026,NOWSHERA,NOWSHERA,DHERI KATTI KHEL,mt,27,2,23,0,240,1,1,1,1,1,1,1,1,1,1,1,1,1,1,,,,,,,,,,,,,1,1,1,1,1,1,1,1,1,1,1,1,1,1,1,1,1,1,1,1,1,1
SNID May 2026,PESHAWAR,CITY,HAYAT ABAD 2,cbv,21,2,18,20,240,1,1,1,1,1,1,1,1,1,1,1,1,1,1,,,,,,,,,,,,,1,,1,1,1,1,1,1,1,1,1,1,1,1,1,1,1,1,1,1,1,1
SNID May 2026,NOWSHERA,NOWSHERA,BARA BANDA,mt,28,1,27,1,297,1,1,1,1,1,1,1,1,1,1,1,1,1,1,,,,,,,,,,,,,1,1,1,1,1,1,1,1,1,1,1,1,1,1,1,1,1,1,1,1,1,1
SNID May 2026,NOWSHERA,NOWSHERA,BADRASHI,mt,24,0,24,4,210,1,1,1,1,1,1,1,1,1,1,1,1,1,1,,,,,,,,,,,,,1,1,1,1,1,1,1,1,1,1,1,1,1,1,1,1,1,1,1,1,1,1
SNID May 2026,KHYBER,JAMRUD,SHAH KAS A,cbv,18,18,0,0,120,1,1,1,1,1,1,1,1,1,1,1,1,1,1,,,,,,,,,,,,,1,,1,1,1,1,1,1,1,1,1,1,1,1,1,1,1,1,1,1,1,1
SNID May 2026,MOHMAND,PARANG GHAAR,ASGHAR,mt,11,3,8,0,300,1,1,1,1,1,1,1,1,1,1,1,1,1,1,,,,,,,,,,,,,1,1,1,1,1,1,1,1,1,1,1,1,1,1,1,1,1,1,1,1,1,1
SNID Sep 2026,KHYBER,TIRAH MAIDAN,SHALOBAR TIRAH,,5,5,0,0,3,1,1,0,1,1,1,1,1,1,1,1,1,1,1,1,1,1,1,1,1,1,1,1,1,1,1,1,1,1,,,,,,,,,,,,,,,,,,,
SNID Sep 2026,KHYBER,TIRAH MAIDAN,MALAKDIN KHEL B TIRAH:MALAKDIN KHEL A TIRAH,,13,13,0,0,180,1,1,0,1,1,1,1,1,1,1,1,1,1,1,1,1,1,1,1,1,1,1,1,1,1,1,1,1,1,,,,,,,,,,,,,,,,,,,
SNID Sep 2026,KHYBER,TIRAH MAIDAN,MALAKDIN KHEL B TIRAH:MALAKDIN KHEL A TIRAH,,13,13,0,10,180,1,1,0,1,1,1,1,1,1,1,1,1,0,1,1,1,1,1,1,1,1,1,1,1,1,1,1,1,1,,,,,,,,,,,,,,,,,,,
SNID Sep 2026,PESHAWAR,CITY,MALAKANDHER,,29,29,19,0,240,1,1,1,1,1,1,1,1,1,1,1,1,1,1,1,1,1,1,1,1,1,1,1,1,1,1,1,1,1,,,,,,,,,,,,,,,,,,,
SNID Sep 2026,KHYBER,BARA,SPEEN QABAR,,15,15,0,0,180,1,1,1,1,1,1,1,1,1,1,1,1,1,1,1,1,1,1,1,1,1,1,1,1,1,1,1,1,0,,,,,,,,,,,,,,,,,,,
SNID Sep 2026,KHYBER,BARA,AKAKHEL MAIRA,,24,24,0,1,180,1,1,1,1,1,1,1,1,1,1,1,1,1,1,1,1,1,1,1,1,1,1,1,1,1,1,1,1,1,,,,,,,,,,,,,,,,,,,
SNID Sep 2026,KHYBER,BARA,NOGAZI BABA:SHALOBAR,,27,27,0,1,240,1,1,1,1,1,1,1,1,1,1,1,1,1,1,1,1,1,1,1,1,1,1,1,1,1,1,1,1,0,,,,,,,,,,,,,,,,,,,
SNID Sep 2026,KHYBER,BARA,MILWARD B,,19,19,0,0,150,1,1,1,1,1,1,1,1,1,1,1,1,0,1,1,1,1,1,1,1,1,1,1,1,1,1,1,1,1,,,,,,,,,,,,,,,,,,,
SNID Sep 2026,NOWSHERA,NOWSHERA,KHESHGI PAYAN,,20,20,18,0,240,1,1,1,1,1,1,1,1,1,1,1,1,1,1,1,1,1,1,1,1,1,1,1,1,1,1,1,1,1,,,,,,,,,,,,,,,,,,,
SNID Sep 2026,NOWSHERA,NOWSHERA,DHERI KATTI KHEL,,27,26,23,4,240,1,1,1,1,1,1,1,1,1,1,1,1,1,1,1,1,1,1,1,1,1,1,1,1,1,1,1,1,1,,,,,,,,,,,,,,,,,,,
SNID Sep 2026,NOWSHERA,NOWSHERA,BADRASHI,,24,22,22,2,360,1,1,1,1,1,1,1,1,1,1,1,1,1,1,1,1,1,1,1,1,1,1,1,1,1,1,1,1,1,,,,,,,,,,,,,,,,,,,
SNID Sep 2026,NOWSHERA,PABBI,AKBARPURA:MOHIB BANDA,,26,23,23,1,240,1,1,1,1,1,1,1,1,1,1,1,1,0,1,1,1,1,1,1,1,1,1,1,1,1,1,1,1,1,,,,,,,,,,,,,,,,,,,
SNID Sep 2026,NOWSHERA,NOWSHERA,AZAKHEL BALA,,27,27,26,1,280,1,1,1,1,1,1,1,1,1,1,1,1,1,1,1,1,1,1,1,1,1,1,1,1,1,1,1,1,1,,,,,,,,,,,,,,,,,,,
SNID Sep 2026,NOWSHERA,NOWSHERA,RASHAKAI,,25,25,24,1,240,0,0,0,1,1,1,1,1,1,1,1,1,1,1,1,1,1,1,1,1,1,1,1,1,1,1,1,1,1,,,,,,,,,,,,,,,,,,,
SNID Sep 2026,NOWSHERA,JEHANGIRA,JEHANGIRA,,25,26,25,3,275,1,1,1,1,1,1,1,1,1,1,1,1,1,1,1,1,1,1,1,1,1,1,1,1,1,1,1,1,1,,,,,,,,,,,,,,,,,,,
SNID Sep 2026,CHARSADA,SHABQADAR,DAULAT PURA,,33,30,30,1,180,1,1,1,1,1,1,1,1,1,1,1,1,1,1,1,1,1,1,1,1,1,1,1,1,1,1,1,1,1,,,,,,,,,,,,,,,,,,,
SNID Sep 2026,KHYBER,JAMRUD,SHAH KAS B,,26,26,0,1,240,1,1,1,1,1,1,1,1,1,1,1,1,1,1,1,1,1,1,1,1,1,1,1,1,1,1,1,1,1,,,,,,,,,,,,,,,,,,,
SNID Sep 2026,PESHAWAR,CITY,TEHKAL BALA,,16,16,16,0,130,1,1,1,1,1,1,1,1,1,1,1,1,1,1,1,1,1,1,1,1,1,1,1,1,1,1,1,1,1,,,,,,,,,,,,,,,,,,,
SNID Sep 2026,CHARSADA,TANGI,SHODAAG,cbv,22,0,22,1,240,1,1,1,1,1,1,1,1,1,1,1,1,0,1,,,,,,,,,,,,,1,1,1,1,1,1,1,1,1,1,1,1,1,1,1,1,1,1,1,1,1,1
SNID Sep 2026,KHYBER,TIRAH MAIDAN,ZAKHAKHEL TIRAH,,13,13,0,0,180,1,1,1,1,1,1,1,1,1,1,1,1,1,1,1,1,1,1,1,1,1,1,1,1,1,1,1,1,1,,,,,,,,,,,,,,,,,,,
SNID Sep 2026,NOWSHERA,NOWSHERA,KHESHGI PAYAN,,25,23,15,0,240,1,1,1,1,1,1,1,1,1,1,1,1,1,1,1,1,1,1,1,1,1,1,1,1,1,1,1,1,1,,,,,,,,,,,,,,,,,,,
SNID Sep 2026,KHYBER,JAMRUD,GHUNDI B,,39,39,0,0,180,1,1,1,1,1,1,1,1,1,1,1,1,1,1,1,1,1,1,1,1,1,1,1,1,1,1,1,1,1,,,,,,,,,,,,,,,,,,,
SNID Sep 2026,CHARSADA,TANGI,GANDHERI,,30,30,24,0,340,1,1,1,1,1,1,0,0,0,1,1,0,0,1,1,1,1,1,1,1,1,1,1,1,1,1,1,0,1,,,,,,,,,,,,,,,,,,,
SNID Sep 2026,CHARSADA,CHARSADDA,KHANMAI,,19,19,17,2,250,1,1,1,1,1,1,1,1,1,1,1,1,1,1,1,1,1,1,1,1,1,1,1,1,1,1,1,1,1,,,,,,,,,,,,,,,,,,,
SNID Sep 2026,PESHAWAR,CITY,UNIVERSITY TOWN,,24,24,24,1,270,1,1,1,1,1,1,1,1,1,1,1,1,0,1,1,1,1,1,1,0,1,1,1,1,1,0,1,1,1,,,,,,,,,,,,,,,,,,,
SNID Sep 2026,PESHAWAR,SADDAR,MARYAM ZAI:BADABER HUREZAI,,20,20,17,0,260,1,1,1,1,1,1,1,1,1,1,1,1,1,1,1,1,1,1,1,0,1,1,1,1,1,1,1,1,1,,,,,,,,,,,,,,,,,,,
SNID Sep 2026,CHARSADA,CHARSADDA,AGRA,,28,28,26,0,300,1,1,1,1,1,1,1,1,1,1,1,1,1,1,1,1,1,1,1,1,1,1,1,1,1,1,1,1,0,,,,,,,,,,,,,,,,,,,
SNID Sep 2026,NOWSHERA,NOWSHERA,AMANGARH,,20,22,22,2,360,1,1,1,1,1,1,1,1,1,1,1,1,1,1,1,1,1,1,1,1,1,1,1,1,1,1,1,1,1,,,,,,,,,,,,,,,,,,,
SNID Sep 2026,PESHAWAR,CITY,PALOSI,,26,26,26,1,240,1,1,1,1,1,1,1,1,1,1,1,1,1,1,1,1,1,1,1,1,1,1,1,1,1,1,1,1,1,,,,,,,,,,,,,,,,,,,
SNID Sep 2026,KHYBER,LANDI KOTAL,STATION,,17,15,3,0,160,1,0,0,1,1,0,1,1,1,1,1,1,1,1,1,1,1,1,1,1,1,1,1,1,1,1,1,1,1,,,,,,,,,,,,,,,,,,,
SNID Sep 2026,PESHAWAR,SADDAR,ADEZAI,,24,24,20,0,240,1,1,1,1,1,1,1,0,1,1,1,1,0,1,1,1,1,1,1,1,1,1,1,1,1,1,1,1,1,,,,,,,,,,,,,,,,,,,
SNID Sep 2026,NOWSHERA,NOWSHERA,ZIARAT KAKA SAHIB,,23,27,12,1,210,1,1,1,0,0,0,0,0,1,0,1,0,0,0,0,0,0,0,0,0,0,0,0,0,0,0,,1,1,,,,,,,,,,,,,,,,,,,
SNID Sep 2026,PESHAWAR,CITY,MALAKANDHER,,20,20,15,0,240,1,1,1,1,1,1,1,1,1,1,1,1,1,1,1,1,1,1,1,1,1,1,1,1,1,1,1,1,1,,,,,,,,,,,,,,,,,,,
SNID Sep 2026,PESHAWAR,MATTANI,MATTANI:SULEMAN KHEIL,,15,14,14,0,240,1,1,0,1,1,1,1,1,1,1,1,1,1,1,1,1,1,1,1,1,1,1,1,1,1,1,1,1,0,,,,,,,,,,,,,,,,,,,
SNID Sep 2026,MOHMAND,SAFI LAKARO,SANDO KHEL,,32,32,3,7,240,1,1,1,1,1,1,0,0,1,0,1,0,0,0,1,0,0,1,1,1,1,0,0,1,0,1,,1,1,,,,,,,,,,,,,,,,,,,
SNID Sep 2026,MOHMAND,SAFI LAKARO,SANDO KHEL,,32,32,2,7,300,1,1,1,1,1,1,1,1,1,1,1,1,0,1,1,1,1,1,1,1,1,1,1,1,1,1,1,1,1,,,,,,,,,,,,,,,,,,,
SNID Sep 2026,KHYBER,JAMRUD,TIDI BAZAR,,20,20,0,1,240,1,1,1,1,1,1,1,1,1,1,1,1,1,1,1,1,1,1,1,1,1,1,1,1,1,1,1,1,1,,,,,,,,,,,,,,,,,,,
SNID Sep 2026,MOHMAND,HALEEMZAI,GHALLANAI,,19,12,5,1,260,1,1,1,1,1,1,1,1,1,1,1,1,1,1,1,1,1,1,1,1,1,1,1,1,1,1,1,1,1,,,,,,,,,,,,,,,,,,,
SNID Sep 2026,NOWSHERA,NOWSHERA,PIRPAI,,18,19,18,1,240,1,1,1,1,1,1,1,1,1,1,1,1,1,1,1,1,1,1,1,1,1,1,1,1,1,1,1,1,1,,,,,,,,,,,,,,,,,,,
SNID Sep 2026,KHYBER,JAMRUD,PAINDI LALMA:MIA MORCHA,,23,22,0,0,240,1,1,1,1,1,1,1,1,1,1,1,1,1,1,1,1,1,1,1,1,1,1,1,1,1,1,1,1,1,,,,,,,,,,,,,,,,,,,
SNID Sep 2026,MOHMAND,EKKAGHUND,AQRAB DAG,,25,23,23,0,240,1,1,1,1,1,1,1,1,1,1,1,1,1,1,1,1,1,1,1,1,1,1,1,1,1,1,1,1,1,,,,,,,,,,,,,,,,,,,
SNID Sep 2026,KHYBER,TIRAH MAIDAN,MALAKDIN KHEL B TIRAH,,12,12,0,0,210,1,1,0,1,1,1,1,1,1,1,1,1,1,1,1,1,1,1,1,1,1,1,1,1,1,1,1,1,1,,,,,,,,,,,,,,,,,,,
SNID Sep 2026,PESHAWAR,SHAH ALAM,GULBELA,,16,16,16,0,240,1,1,1,1,1,1,1,1,1,1,1,1,1,1,1,1,1,1,1,1,1,1,1,1,1,1,1,1,1,,,,,,,,,,,,,,,,,,,
SNID Sep 2026,KHYBER,BARA,FORT SLOPE,,17,16,0,0,180,1,1,1,1,1,1,1,1,1,1,1,1,0,1,1,1,1,1,1,1,1,1,1,1,1,0,1,1,1,,,,,,,,,,,,,,,,,,,
SNID Sep 2026,CHARSADA,CHARSADDA,BAHLOLA,,23,23,22,2,240,1,1,1,1,1,1,1,0,1,0,1,1,1,1,1,1,1,1,1,1,1,1,1,1,1,1,1,1,1,,,,,,,,,,,,,,,,,,,
SNID Sep 2026,NOWSHERA,NOWSHERA,NAWA KALY,,27,27,24,0,240,0,1,1,1,1,1,1,1,1,1,1,1,0,1,1,1,1,1,1,0,1,1,1,1,1,0,1,1,0,,,,,,,,,,,,,,,,,,,
SNID Sep 2026,PESHAWAR,SMT,YAKATOOT 3,,25,25,25,3,300,1,1,1,1,1,1,1,1,1,1,1,1,1,1,1,1,1,1,1,1,1,1,1,1,1,1,1,1,1,,,,,,,,,,,,,,,,,,,
SNID Sep 2026,PESHAWAR,MATTANI,PISHTAKHARA,,15,15,15,1,240,1,1,1,1,1,1,1,1,1,1,1,1,1,1,1,1,1,1,1,1,1,1,1,1,1,1,1,1,1,,,,,,,,,,,,,,,,,,,
SNID Sep 2026,PESHAWAR,CITY,SUFAID DHERI,,21,20,20,0,240,1,1,1,1,1,1,1,1,1,1,1,1,1,1,1,1,1,1,1,1,1,1,1,1,1,1,1,1,1,,,,,,,,,,,,,,,,,,,
SNID Sep 2026,PESHAWAR,SHAH ALAM,KANIZA,,29,29,29,0,270,1,1,1,1,1,1,1,1,1,1,1,1,0,1,1,1,1,1,1,1,1,1,1,1,1,1,1,1,1,,,,,,,,,,,,,,,,,,,
SNID Sep 2026,PESHAWAR,SADDAR,MERA KACHORI,,23,23,23,0,300,1,1,1,1,1,1,1,1,1,1,1,1,1,1,1,1,1,1,1,1,1,1,1,1,1,1,1,1,0,,,,,,,,,,,,,,,,,,,
SNID Sep 2026,CHARSADA,TANGI,ABAZAI,,29,29,23,2,240,1,1,1,1,1,1,1,1,1,1,1,1,1,1,1,1,1,1,1,1,1,1,1,1,1,1,1,1,1,,,,,,,,,,,,,,,,,,,
SNID Sep 2026,MOHMAND,EKKAGHUND,EKKAGHUND,,26,23,20,2,250,1,1,1,1,1,1,1,1,1,1,1,1,1,1,1,1,1,1,1,1,1,1,1,1,1,1,1,1,1,,,,,,,,,,,,,,,,,,,
SNID Sep 2026,PESHAWAR,SMT,BHANA MARI,,15,15,15,2,245,1,0,0,1,1,1,1,1,1,1,1,1,1,1,1,1,1,1,1,1,1,1,1,1,1,1,1,1,1,,,,,,,,,,,,,,,,,,,
SNID Sep 2026,MOHMAND,EKKAGHUND,EKKAGHUND,,26,23,20,2,250,1,0,1,1,1,1,1,1,1,1,1,1,1,1,1,1,1,1,1,1,1,1,1,1,1,0,1,1,1,,,,,,,,,,,,,,,,,,,
SNID Sep 2026,PESHAWAR,HASSAN KHEL,MANDAI,,30,21,0,1,240,1,1,1,1,1,1,1,1,1,1,1,1,1,1,1,1,1,1,1,1,1,1,1,1,1,1,1,1,1,,,,,,,,,,,,,,,,,,,
SNID Sep 2026,KHYBER,JAMRUD,TIDI BAZAR,,20,20,0,0,190,1,1,0,1,1,1,1,1,1,0,1,1,1,1,1,1,1,1,1,0,1,1,1,1,1,0,1,1,0,,,,,,,,,,,,,,,,,,,
SNID Sep 2026,KHYBER,LANDI KOTAL,SHEIKHMAL KHEL,,19,19,0,0,175,1,0,0,1,1,0,1,0,1,1,1,1,0,1,1,1,1,1,1,1,1,1,1,1,1,0,1,1,1,,,,,,,,,,,,,,,,,,,
SNID Sep 2026,PESHAWAR,SADDAR,URMAR MIANA,,22,21,19,0,240,1,1,1,1,1,1,1,1,1,1,1,1,1,1,1,1,1,1,1,1,1,1,1,1,1,1,1,1,1,,,,,,,,,,,,,,,,,,,
SNID Sep 2026,PESHAWAR,CITY,ASIA DABGARI,,18,18,14,0,240,1,1,1,1,1,1,1,1,1,1,1,1,1,1,1,1,1,1,1,1,1,1,1,1,1,1,1,1,1,,,,,,,,,,,,,,,,,,,
SNID Sep 2026,PESHAWAR,CITY,ASIA DABGARI,,14,14,14,0,240,1,1,1,1,1,0,1,1,1,1,1,0,0,1,1,1,1,1,1,0,1,1,1,1,1,0,1,1,1,,,,,,,,,,,,,,,,,,,
SNID Sep 2026,NOWSHERA,PABBI,TARRU JABBA,,22,22,18,1,150,0,1,1,1,1,0,1,0,1,1,1,0,0,0,1,0,0,0,1,0,1,0,0,0,1,0,,1,1,,,,,,,,,,,,,,,,,,,
SNID Sep 2026,PESHAWAR,SHAH ALAM,JOGANI,,20,20,20,1,240,1,1,1,1,1,1,1,1,1,1,1,1,1,1,1,1,1,1,1,0,1,1,1,1,1,0,1,1,1,,,,,,,,,,,,,,,,,,,
SNID Sep 2026,CHARSADA,CHARSADDA,TURNAB,,20,19,19,2,210,1,1,1,1,1,0,0,1,1,1,0,1,0,1,1,1,1,1,1,0,1,1,1,1,1,0,0,1,1,,,,,,,,,,,,,,,,,,,
SNID Sep 2026,CHARSADA,TANGI,SHERPAO,,22,21,18,0,180,1,1,1,1,1,1,1,1,1,1,1,1,1,1,1,1,1,1,1,1,1,1,1,1,1,0,1,1,0,,,,,,,,,,,,,,,,,,,
SNID Sep 2026,NOWSHERA,JEHANGIRA,MANDURI,,32,29,26,1,260,1,1,1,1,1,1,1,1,1,1,1,1,1,1,1,1,1,1,1,1,1,1,1,1,1,1,1,1,1,,,,,,,,,,,,,,,,,,,
SNID Sep 2026,MOHMAND,PANDIALI,DANISHKOOL,,19,17,1,1,240,1,1,1,1,1,1,1,1,1,1,1,1,0,1,1,1,1,1,1,0,1,1,1,1,1,0,1,1,0,,,,,,,,,,,,,,,,,,,
SNID Sep 2026,PESHAWAR,SMT,WAZIR BAGH,,13,13,13,0,180,0,1,1,1,1,1,1,1,1,0,1,1,0,1,1,1,1,1,1,1,1,1,1,1,1,1,1,1,1,,,,,,,,,,,,,,,,,,,
SNID Sep 2026,CHARSADA,CHARSADDA,AGRA,,28,27,26,1,300,0,0,1,0,1,0,0,0,0,1,1,1,0,1,0,1,1,0,1,1,0,1,0,0,1,1,1,0,1,,,,,,,,,,,,,,,,,,,
SNID Sep 2026,KHYBER,BARA,MILWARD A,,23,23,0,0,180,1,1,1,1,1,1,1,1,1,1,1,1,1,1,1,1,1,1,1,0,1,1,1,1,1,1,1,1,1,,,,,,,,,,,,,,,,,,,
SNID Sep 2026,KHYBER,BARA,AJAB TALAB,,13,13,0,1,240,1,1,1,1,1,1,1,1,1,1,1,1,1,1,1,1,1,1,1,1,1,1,1,1,1,1,1,1,1,,,,,,,,,,,,,,,,,,,
SNID Sep 2026,KHYBER,BARA,MILWARD B,,19,19,0,0,180,1,1,1,1,1,1,1,1,1,1,1,1,1,1,1,1,1,1,1,1,1,1,1,1,1,0,1,1,1,,,,,,,,,,,,,,,,,,,
SNID Sep 2026,PESHAWAR,CITY,KARIM PURA,,11,11,11,0,180,1,1,1,1,1,1,1,1,1,1,1,0,0,1,1,0,1,1,1,0,1,0,1,1,1,0,0,1,1,,,,,,,,,,,,,,,,,,,
SNID Sep 2026,PESHAWAR,SHAH ALAM,LARAMA,,15,15,15,0,226,1,0,0,1,1,1,1,1,1,1,1,1,1,1,1,1,1,1,1,1,1,1,1,1,1,1,1,1,1,,,,,,,,,,,,,,,,,,,
SNID Sep 2026,KHYBER,BARA,AJAB TALAB,,14,14,0,0,240,1,1,1,1,1,1,1,1,1,1,1,1,1,1,1,1,1,1,1,1,1,1,1,1,1,1,1,1,1,,,,,,,,,,,,,,,,,,,
SNID Sep 2026,MOHMAND,SAFI LAKARO,LAKARO,,25,10,0,3,240,1,1,1,1,1,1,1,1,1,1,1,1,1,1,1,1,1,1,1,0,1,1,1,1,1,0,1,1,1,,,,,,,,,,,,,,,,,,,
SNID Sep 2026,PESHAWAR,CITY,FAQIR ABAD,,21,21,21,0,300,1,1,1,1,1,1,1,1,1,1,1,1,1,1,1,1,1,1,1,1,1,1,1,1,1,1,1,1,1,,,,,,,,,,,,,,,,,,,
SNID Sep 2026,PESHAWAR,CITY,TEHKAL PAYAN,,19,18,18,0,240,1,1,1,1,1,0,1,1,1,0,1,1,0,1,1,1,1,1,1,1,1,1,1,1,1,1,1,1,1,,,,,,,,,,,,,,,,,,,
SNID Sep 2026,CHARSADA,CHARSADDA,TURNAB,,20,19,19,2,210,1,1,1,1,1,1,1,1,1,1,1,1,1,1,1,1,1,1,1,1,1,1,1,1,1,1,1,1,1,,,,,,,,,,,,,,,,,,,
SNID Sep 2026,CHARSADA,CHARSADDA,RAJJAR 1,,20,20,20,0,240,1,1,1,1,1,1,1,1,1,1,1,1,1,1,1,1,1,1,1,1,1,1,1,1,1,1,1,1,1,,,,,,,,,,,,,,,,,,,
SNID Sep 2026,CHARSADA,CHARSADDA,AGRA,,28,28,26,0,240,1,1,1,1,1,1,1,1,1,1,1,1,1,1,1,1,1,1,1,1,1,1,1,1,1,1,1,1,1,,,,,,,,,,,,,,,,,,,
SNID Sep 2026,CHARSADA,CHARSADDA,SARKI TETARA,,23,23,23,0,240,1,1,1,1,1,1,1,1,1,1,1,1,1,1,1,1,1,1,1,1,1,1,1,1,1,1,1,1,1,,,,,,,,,,,,,,,,,,,
SNID Sep 2026,MOHMAND,PANDIALI,PANDIALI,,28,23,15,0,240,1,1,1,1,1,1,1,1,1,1,1,1,0,1,1,1,1,1,1,1,1,1,1,1,1,1,1,1,1,,,,,,,,,,,,,,,,,,,
SNID Sep 2026,MOHMAND,AMBAR,CHARGOLAI,,30,17,0,4,220,1,0,0,1,1,1,1,1,1,0,1,1,0,1,1,1,1,1,1,0,1,1,1,1,1,0,1,1,0,,,,,,,,,,,,,,,,,,,
SNID Sep 2026,MOHMAND,BAIZAI,GHANAM SHAH,,31,13,0,1,380,1,1,1,0,1,1,0,1,1,1,1,1,0,1,1,1,1,1,1,1,1,1,1,1,1,1,1,1,1,,,,,,,,,,,,,,,,,,,
SNID Sep 2026,PESHAWAR,CITY,GULBAHAR,,15,15,15,0,120,1,1,1,1,1,1,1,1,1,1,1,1,1,1,1,1,1,1,1,1,1,1,1,1,1,1,1,1,1,,,,,,,,,,,,,,,,,,,
SNID Sep 2026,MOHMAND,KHAWEZAI,JUMA KHEL,,23,21,3,4,240,1,1,1,1,0,1,1,1,1,1,1,1,0,1,1,1,1,1,1,1,1,1,1,1,1,1,1,1,1,,,,,,,,,,,,,,,,,,,
SNID Sep 2026,MOHMAND,SAFI LAKARO,MAMAD GAT,,25,15,0,0,240,1,1,1,1,1,1,1,0,1,1,1,1,1,1,1,1,1,1,1,1,1,1,1,1,1,1,1,1,1,,,,,,,,,,,,,,,,,,,
SNID Sep 2026,CHARSADA,TANGI,HISARA NEHRI,,19,19,18,2,220,1,1,1,0,1,1,0,0,1,1,1,0,0,1,1,1,1,1,1,0,1,0,0,0,1,0,1,1,1,,,,,,,,,,,,,,,,,,,
SNID Sep 2026,CHARSADA,TANGI,SHODAAG,cbv,22,1,22,1,240,1,1,1,1,1,1,1,1,1,1,1,1,0,1,,,,,,,,,,,,,1,1,0,1,1,1,1,1,1,1,1,1,1,1,1,1,1,1,1,1,1,1
SNID Sep 2026,NOWSHERA,NOWSHERA,BARA BANDA:RASHAKAI,,30,30,30,0,255,1,1,1,1,1,1,1,1,1,0,1,1,0,1,1,1,1,1,1,1,1,1,0,1,1,1,1,1,1,,,,,,,,,,,,,,,,,,,
SNID Sep 2026,KHYBER,LANDI KOTAL,MIRDAD KHEL,,23,23,0,1,180,1,1,1,1,1,1,1,1,1,1,1,1,1,1,1,1,1,1,1,1,1,1,1,1,1,1,1,1,1,,,,,,,,,,,,,,,,,,,
SNID Sep 2026,KHYBER,LANDI KOTAL,MIRDAD KHEL,,23,23,0,1,180,1,1,1,1,1,1,1,1,1,1,1,1,1,1,1,1,1,1,1,1,1,1,1,1,1,1,1,1,0,,,,,,,,,,,,,,,,,,,
SNID Sep 2026,CHARSADA,TANGI,SHODAAG,,22,23,22,1,240,1,1,1,1,1,1,1,1,1,1,1,1,1,1,1,1,1,1,1,1,1,1,1,1,1,1,1,1,1,,,,,,,,,,,,,,,,,,,
SNID Sep 2026,NOWSHERA,NOWSHERA,BADRASHI,,27,27,26,1,300,1,1,1,1,1,1,1,1,1,1,1,1,1,1,1,1,1,1,1,1,1,1,1,1,1,1,1,1,1,,,,,,,,,,,,,,,,,,,
SNID Sep 2026,KHYBER,JAMRUD,ALI MASJID A,,17,17,0,0,240,1,1,1,1,1,1,1,1,1,1,1,1,1,1,1,1,1,1,1,1,1,1,1,1,1,1,1,1,1,,,,,,,,,,,,,,,,,,,
SNID Sep 2026,MOHMAND,EKKAGHUND,MICHANI,,25,25,25,1,280,0,0,0,1,1,1,1,1,1,1,1,1,1,1,1,1,1,1,1,1,1,1,1,1,1,1,1,1,1,,,,,,,,,,,,,,,,,,,
SNID Sep 2026,KHYBER,LANDI KOTAL,SULTAN KHEL A,,19,19,4,0,180,1,1,1,1,1,1,1,1,1,1,1,1,1,1,1,1,1,1,1,1,1,1,1,1,1,1,1,1,1,,,,,,,,,,,,,,,,,,,
SNID Sep 2026,PESHAWAR,SADDAR,MUSAZAI,,15,14,14,1,200,1,1,1,1,1,1,1,1,1,1,1,1,0,1,1,1,1,1,1,1,1,1,1,1,1,1,1,1,0,,,,,,,,,,,,,,,,,,,
SNID Sep 2026,CHARSADA,CHARSADDA,BAHLOLA,,28,27,27,2,240,0,0,0,0,1,0,1,0,1,1,0,0,0,0,0,0,0,0,0,0,1,0,0,1,0,0,,0,1,,,,,,,,,,,,,,,,,,,
SNID Sep 2026,NOWSHERA,NOWSHERA,DHERI KATTI KHEL,,22,22,19,1,235,1,1,1,1,1,1,1,1,1,1,1,1,1,1,1,1,1,1,1,1,1,1,1,1,1,1,1,1,1,,,,,,,,,,,,,,,,,,,
SNID Sep 2026,MOHMAND,EKKAGHUND,EKKAGHUND,,25,25,25,1,360,1,1,1,1,1,1,1,1,1,1,1,1,1,1,1,1,1,1,1,1,1,1,1,1,1,1,1,1,1,,,,,,,,,,,,,,,,,,,
SNID Sep 2026,PESHAWAR,CITY,KHALSA 2,,20,20,20,0,300,1,1,1,1,1,1,1,1,1,1,1,1,0,1,1,1,1,1,1,0,1,1,1,1,1,0,1,1,1,,,,,,,,,,,,,,,,,,,
SNID Sep 2026,PESHAWAR,SHAH ALAM,KHAZANA,,19,18,18,0,240,1,1,1,1,1,1,1,1,1,1,1,1,1,1,1,1,1,1,1,1,1,1,1,1,1,1,1,1,1,,,,,,,,,,,,,,,,,,,
SNID Sep 2026,PESHAWAR,SADDAR,CHAMKANI,,13,13,13,1,240,1,1,1,1,1,1,1,1,1,1,1,1,1,1,1,1,1,1,1,0,1,1,1,1,1,0,1,1,1,,,,,,,,,,,,,,,,,,,
SNID Sep 2026,NOWSHERA,NOWSHERA,KHESHGI PAYAN,,18,18,16,0,240,1,1,1,1,1,1,1,1,1,1,1,1,1,1,1,1,1,1,1,1,1,1,1,1,1,1,1,1,1,,,,,,,,,,,,,,,,,,,
SNID Sep 2026,NOWSHERA,JEHANGIRA,MERA AKORA,,30,30,29,2,300,1,1,1,1,1,1,1,1,1,1,1,1,1,1,1,1,1,1,1,1,1,1,1,1,1,1,1,1,1,,,,,,,,,,,,,,,,,,,
SNID Sep 2026,CHARSADA,CHARSADDA,KHANMAI,,19,17,2,3,240,1,1,1,1,1,1,1,1,1,0,1,1,1,1,1,1,0,1,1,1,1,1,1,1,1,1,1,1,1,,,,,,,,,,,,,,,,,,,
SNID Sep 2026,CHARSADA,CHARSADDA,MC-1 CHARSADDA,,30,30,30,3,220,1,1,0,0,1,1,0,1,1,1,0,0,1,1,1,1,1,0,1,0,1,1,1,0,1,0,0,1,1,,,,,,,,,,,,,,,,,,,
SNID Sep 2026,CHARSADA,TANGI,GANDHERI,,22,20,16,0,240,1,1,1,1,1,1,1,1,1,1,1,1,1,1,1,1,1,1,1,1,1,1,1,1,1,1,1,1,1,,,,,,,,,,,,,,,,,,,
SNID Sep 2026,PESHAWAR,CITY,HAYAT ABAD 1,,22,22,22,1,270,1,1,1,1,1,1,1,1,1,1,1,1,1,1,1,1,1,1,1,1,1,1,1,1,1,1,1,1,1,,,,,,,,,,,,,,,,,,,
SNID Sep 2026,CHARSADA,SHABQADAR,BATTAGRAM,,30,29,28,2,300,1,1,1,1,1,0,0,1,1,1,1,1,0,1,0,1,1,1,1,1,1,1,1,1,1,1,1,1,1,,,,,,,,,,,,,,,,,,,
SNID Sep 2026,NOWSHERA,NOWSHERA,BARA BANDA,,21,21,20,1,240,1,1,1,1,1,1,1,1,1,1,1,1,0,1,1,1,1,1,1,0,1,1,1,0,1,0,1,1,1,,,,,,,,,,,,,,,,,,,
SNID Sep 2026,CHARSADA,CHARSADDA,TURANGZAI,,18,18,16,1,180,1,1,1,1,1,1,1,1,1,1,1,1,1,1,1,1,1,1,1,0,1,1,1,1,1,1,1,1,1,,,,,,,,,,,,,,,,,,,
SNID Sep 2026,KHYBER,LANDI KOTAL,SULTAN KHEL B,,26,26,0,0,180,1,1,1,1,1,1,1,1,1,1,1,1,1,1,1,1,1,1,1,1,1,1,1,1,1,1,1,1,1,,,,,,,,,,,,,,,,,,,
SNID Sep 2026,NOWSHERA,NOWSHERA,AMANGARH,,22,22,21,1,360,1,1,1,1,1,1,1,1,1,1,1,1,1,1,1,1,1,1,1,1,1,1,1,1,1,1,1,1,1,,,,,,,,,,,,,,,,,,,
SNID Sep 2026,PESHAWAR,SMT,SHAHEEN MUSLIM TWN1,,18,18,18,0,245,1,1,1,1,1,1,1,1,1,1,1,1,1,1,1,1,1,1,1,1,1,1,1,1,1,1,1,1,1,,,,,,,,,,,,,,,,,,,
SNID Sep 2026,CHARSADA,CHARSADDA,MC-4 CHARSADDA,,26,26,26,1,240,1,1,1,1,1,1,1,1,1,1,1,1,1,1,1,1,1,1,1,1,1,1,1,1,1,1,1,1,1,,,,,,,,,,,,,,,,,,,
SNID Sep 2026,PESHAWAR,SMT,NOTHIA JADEED,,16,14,14,1,240,1,1,0,1,1,1,1,1,1,1,1,1,1,1,1,1,1,1,1,1,1,1,1,1,1,1,1,1,1,,,,,,,,,,,,,,,,,,,
SNID Sep 2026,KHYBER,JAMRUD,NEW ABADI,,28,28,2,0,220,1,1,1,1,1,1,1,1,1,1,1,1,1,1,1,1,1,1,1,1,1,1,1,1,1,1,1,1,1,,,,,,,,,,,,,,,,,,,
SNID Sep 2026,MOHMAND,HALEEMZAI,KASSI,,24,23,8,0,250,1,1,0,1,1,1,1,1,1,1,1,1,1,1,1,1,1,1,1,0,1,1,1,1,1,1,1,1,1,,,,,,,,,,,,,,,,,,,
SNID Sep 2026,PESHAWAR,SMT,DEH BAHADAR,,18,18,18,3,300,1,1,1,1,1,1,1,1,1,1,1,1,1,1,1,1,1,1,1,1,1,1,1,1,1,1,1,1,1,,,,,,,,,,,,,,,,,,,
SNID Sep 2026,PESHAWAR,CITY,HASAN GARHI 1,,18,18,18,1,120,1,1,1,1,1,1,1,1,1,1,1,1,1,1,1,1,1,1,1,1,1,1,1,1,1,1,1,1,1,,,,,,,,,,,,,,,,,,,
SNID Sep 2026,PESHAWAR,CITY,KHALSA 1,,18,18,18,0,240,0,1,0,1,1,1,1,1,1,1,1,1,1,1,1,1,1,1,1,1,1,1,1,1,1,1,1,1,1,,,,,,,,,,,,,,,,,,,
SNID Sep 2026,NOWSHERA,JEHANGIRA,AKORA KHATTAK,,24,24,18,0,240,1,1,1,1,1,1,1,1,1,1,1,1,1,1,1,1,1,1,1,1,1,1,1,1,1,1,1,1,1,,,,,,,,,,,,,,,,,,,
SNID Sep 2026,MOHMAND,SAFI LAKARO,SANDO KHEL,,25,6,1,0,242,1,1,1,1,1,1,1,1,1,1,1,1,0,1,1,1,1,1,1,1,1,1,1,1,1,1,1,1,1,,,,,,,,,,,,,,,,,,,
SNID Sep 2026,MOHMAND,EKKAGHUND,AQRAB DAG,,16,15,15,1,240,1,1,1,1,1,1,1,1,1,1,1,1,1,1,1,1,1,1,1,1,1,1,1,1,1,1,1,1,1,,,,,,,,,,,,,,,,,,,
SNID Sep 2026,PESHAWAR,MATTANI,SARBAND,,14,14,14,1,240,1,1,0,1,1,1,1,1,1,1,1,1,0,1,1,1,1,1,1,1,1,1,1,1,1,1,1,1,1,,,,,,,,,,,,,,,,,,,
SNID Sep 2026,CHARSADA,CHARSADDA,MC-3 CHARSADDA,,17,17,16,2,227,1,1,1,1,1,1,1,1,1,1,1,1,1,1,1,1,1,1,1,1,1,1,1,1,1,1,1,1,1,,,,,,,,,,,,,,,,,,,
SNID Sep 2026,CHARSADA,SHABQADAR,DAULAT PURA,,29,29,24,0,240,1,1,1,1,1,1,1,1,1,1,1,1,1,1,1,1,1,1,1,1,1,1,1,1,1,1,1,1,1,,,,,,,,,,,,,,,,,,,
SNID Sep 2026,MOHMAND,AMBAR,HAD KOR,,24,18,0,1,220,1,1,1,1,1,1,1,1,1,0,1,1,0,1,1,1,1,1,1,1,1,1,1,1,1,1,1,1,1,,,,,,,,,,,,,,,,,,,
SNID Sep 2026,PESHAWAR,CITY,MEHAL TERAI 2,,21,21,21,0,240,1,1,1,1,1,1,1,1,1,1,1,1,1,1,1,1,1,1,1,1,1,1,1,1,1,1,1,1,1,,,,,,,,,,,,,,,,,,,
SNID Sep 2026,PESHAWAR,SHAH ALAM,NAHAQI,,13,12,12,1,240,1,1,1,1,1,1,1,1,1,1,1,1,1,1,1,1,1,1,1,1,1,1,1,1,1,1,1,1,1,,,,,,,,,,,,,,,,,,,
SNID Sep 2026,CHARSADA,TANGI,ZIAM,,21,19,18,0,210,1,1,0,0,1,1,0,1,1,1,1,0,1,1,1,1,1,1,1,0,1,0,1,1,1,0,1,1,1,,,,,,,,,,,,,,,,,,,
SNID Sep 2026,PESHAWAR,SHAH ALAM,GULBELA,,15,15,15,0,260,1,1,0,1,1,1,1,1,1,1,1,1,1,1,1,1,1,1,1,1,1,1,1,1,1,1,1,1,1,,,,,,,,,,,,,,,,,,,
SNID Sep 2026,NOWSHERA,NOWSHERA,DHERI KATTI KHEL,,18,18,18,1,230,1,1,1,1,1,1,1,1,1,1,1,1,1,1,1,1,1,1,1,1,1,1,1,1,1,1,1,1,1,,,,,,,,,,,,,,,,,,,
SNID Sep 2026,PESHAWAR,SHAH ALAM,LARAMA,,16,14,14,0,240,0,0,1,1,1,1,1,1,1,1,1,1,0,1,1,1,1,1,1,1,1,1,1,1,1,1,1,1,1,,,,,,,,,,,,,,,,,,,
SNID Sep 2026,CHARSADA,CHARSADDA,SHEIKHO,,23,23,22,1,240,1,1,1,1,1,1,1,1,1,1,1,1,1,1,1,1,1,1,1,1,1,1,1,1,1,1,1,1,1,,,,,,,,,,,,,,,,,,,
SNID Sep 2026,PESHAWAR,CITY,TEHKAL BALA,,16,16,16,0,240,1,1,0,1,1,1,1,1,1,1,1,1,1,1,1,1,1,1,1,1,1,1,1,1,1,1,1,1,1,,,,,,,,,,,,,,,,,,,
SNID Sep 2026,KHYBER,LANDI KOTAL,KHUGA KHEL,,20,19,0,0,165,1,0,0,1,1,0,1,1,1,1,1,1,1,1,1,1,1,1,1,0,1,1,1,1,1,0,1,1,1,,,,,,,,,,,,,,,,,,,
SNID Sep 2026,KHYBER,LANDI KOTAL,SULTAN KHEL B,,26,26,0,0,180,1,1,1,1,1,1,1,0,1,1,1,1,0,1,1,1,1,1,1,0,1,1,1,1,1,0,1,1,1,,,,,,,,,,,,,,,,,,,
SNID Sep 2026,MOHMAND,HALEEMZAI,KAMALI,,25,24,6,2,250,1,1,1,1,1,1,1,1,1,1,1,1,1,1,1,1,1,1,1,1,1,1,1,1,1,1,1,1,1,,,,,,,,,,,,,,,,,,,
SNID Sep 2026,MOHMAND,HALEEMZAI,KASSI,,28,27,7,2,250,1,1,0,1,1,1,1,1,1,1,1,1,1,1,1,1,1,1,1,1,1,1,1,1,1,1,1,1,1,,,,,,,,,,,,,,,,,,,
SNID Sep 2026,MOHMAND,PANDIALI,ZAHOO,,24,6,0,2,158,1,1,1,0,1,1,0,0,1,0,1,0,0,0,1,1,1,0,1,1,1,0,0,0,0,0,,1,1,,,,,,,,,,,,,,,,,,,
SNID Sep 2026,MOHMAND,KHAWEZAI,KHADI KHEL,,22,11,0,3,248,1,1,1,1,1,1,1,1,1,1,1,1,0,1,1,1,1,1,1,1,1,1,1,1,1,1,1,1,1,,,,,,,,,,,,,,,,,,,
SNID Sep 2026,PESHAWAR,CITY,MALAKANDHER,,20,20,20,0,220,1,1,1,1,1,1,1,1,1,1,1,1,0,1,1,1,1,1,1,1,1,1,1,1,1,1,1,1,1,,,,,,,,,,,,,,,,,,,
SNID Sep 2026,PESHAWAR,SHAH ALAM,PAJAGI,,21,20,20,0,240,1,1,1,1,1,1,1,1,1,1,1,1,1,1,1,1,1,1,1,1,1,1,1,1,1,1,1,1,1,,,,,,,,,,,,,,,,,,,
SNID Sep 2026,NOWSHERA,PABBI,KHAN SHER GARHI KHU,,21,19,4,1,240,1,1,1,1,1,0,1,0,1,1,1,1,0,1,1,1,1,1,1,1,1,0,1,1,1,1,1,1,1,,,,,,,,,,,,,,,,,,,
SNID Sep 2026,KHYBER,TIRAH MAIDAN,NAKAY,,32,32,0,1,240,1,1,1,1,1,1,1,1,1,1,1,1,1,1,1,1,1,1,1,1,1,1,1,1,1,1,1,1,1,,,,,,,,,,,,,,,,,,,
SNID Sep 2026,PESHAWAR,CITY,HAYAT ABAD 2,,23,22,22,1,240,1,1,1,1,1,1,1,1,1,1,1,1,1,1,1,1,1,1,1,1,1,1,1,1,1,1,1,1,1,,,,,,,,,,,,,,,,,,,
SNID Sep 2026,MOHMAND,HALEEMZAI,GHALLANAI,,28,27,16,3,250,1,1,1,1,1,1,1,1,1,1,1,1,1,1,1,1,1,1,1,1,1,1,1,1,1,1,1,1,1,,,,,,,,,,,,,,,,,,,
SNID Sep 2026,MOHMAND,BAIZAI,KODA KHEL,,25,12,0,1,320,1,0,0,1,1,1,0,1,1,1,1,0,0,1,1,1,1,1,1,1,1,1,1,1,1,1,1,1,1,,,,,,,,,,,,,,,,,,,
SNID Sep 2026,KHYBER,TIRAH MAIDAN,Seray,,22,22,0,0,300,1,1,1,1,1,1,1,1,1,1,1,1,1,1,1,1,1,1,1,1,1,1,1,1,1,1,1,1,1,,,,,,,,,,,,,,,,,,,
SNID Sep 2026,MOHMAND,KHAWEZAI,KHADI KHEL,,22,11,0,3,270,1,1,1,1,1,1,1,1,1,1,1,1,1,1,1,1,1,1,1,1,1,1,1,1,1,1,1,1,0,,,,,,,,,,,,,,,,,,,
SNID Sep 2026,NOWSHERA,PABBI,KHAN SHER GARHI KHU,,21,20,17,1,240,1,1,1,1,1,1,1,0,1,1,1,1,1,1,1,1,1,1,1,1,1,1,1,1,1,1,1,1,1,,,,,,,,,,,,,,,,,,,
SNID Sep 2026,NOWSHERA,NOWSHERA,RISALPUR CANTT,,23,22,21,0,255,1,1,1,1,1,1,1,1,1,1,1,1,1,1,1,1,1,1,1,1,1,1,0,1,1,0,1,1,1,,,,,,,,,,,,,,,,,,,
SNID Sep 2026,NOWSHERA,NOWSHERA,KHESHGI PAYAN,,25,23,16,0,240,1,1,0,1,1,1,1,0,1,1,1,1,1,1,1,1,1,1,1,0,1,1,1,1,1,0,1,1,1,,,,,,,,,,,,,,,,,,,
SNID Sep 2026,NOWSHERA,PABBI,JALOZAI,,21,21,21,3,250,1,1,1,1,1,1,1,1,1,1,1,1,0,1,1,1,1,1,1,0,1,1,1,1,1,0,1,1,1,,,,,,,,,,,,,,,,,,,
SNID Sep 2026,MOHMAND,SAFI LAKARO,LAKARO,,6,3,0,1,200,1,1,1,0,1,0,0,0,1,1,1,1,1,1,1,1,1,1,1,1,1,1,1,1,1,1,0,1,1,,,,,,,,,,,,,,,,,,,
SNID Sep 2026,PESHAWAR,CITY,MALAKANDHER,,20,20,15,0,240,1,1,1,1,1,1,1,1,1,1,1,1,1,1,1,1,1,1,1,1,1,1,1,1,1,1,1,1,1,,,,,,,,,,,,,,,,,,,
SNID Sep 2026,CHARSADA,SHABQADAR,MC-2 SHABQADAR,,16,16,16,0,260,1,1,1,1,1,1,1,0,1,1,1,1,1,1,1,1,1,1,1,1,1,1,1,1,1,0,1,1,1,,,,,,,,,,,,,,,,,,,
SNID Sep 2026,MOHMAND,BAIZAI,LANDI SHAH,,10,7,0,0,240,1,1,1,1,1,1,1,1,1,1,1,1,0,1,1,1,1,1,1,1,1,1,1,1,1,1,1,1,1,,,,,,,,,,,,,,,,,,,
SNID Sep 2026,CHARSADA,TANGI,DHAKKI,,25,25,24,1,200,1,1,1,1,1,1,0,1,1,1,1,0,0,1,1,1,1,1,1,0,1,1,0,1,1,0,1,1,1,,,,,,,,,,,,,,,,,,,
SNID Sep 2026,CHARSADA,CHARSADDA,MC-1 CHARSADDA,,28,23,23,2,240,1,1,1,1,1,1,1,1,1,1,1,1,1,1,1,1,1,1,1,1,1,1,1,1,1,1,1,1,1,,,,,,,,,,,,,,,,,,,
SNID Sep 2026,CHARSADA,CHARSADDA,DOSEHRA,,25,23,22,3,240,1,1,1,0,1,1,1,1,1,1,1,1,1,1,1,1,1,1,1,1,1,1,1,1,1,1,1,1,1,,,,,,,,,,,,,,,,,,,
SNID Sep 2026,MOHMAND,BAIZAI,LANDI SHAH,,10,7,0,0,240,1,1,1,1,1,1,0,1,1,1,1,1,0,1,1,1,1,1,1,1,1,1,1,1,1,1,1,0,1,,,,,,,,,,,,,,,,,,,
SNID Sep 2026,MOHMAND,PANDIALI,PANDIALI,,20,21,12,1,240,1,1,0,1,1,1,1,1,1,1,1,1,1,1,1,1,1,1,1,1,1,1,1,1,1,1,1,1,1,,,,,,,,,,,,,,,,,,,
SNID Sep 2026,CHARSADA,CHARSADDA,UTMANZAI,,24,24,22,0,330,1,1,1,1,1,1,1,1,1,1,1,1,1,1,1,1,1,1,1,1,1,1,1,1,1,1,1,1,1,,,,,,,,,,,,,,,,,,,
SNID Sep 2026,CHARSADA,CHARSADDA,UTMANZAI,,24,24,24,1,350,1,1,1,1,1,1,1,1,1,1,1,1,1,1,1,1,1,1,1,1,1,1,1,1,1,1,1,1,1,,,,,,,,,,,,,,,,,,,
SNID Sep 2026,CHARSADA,CHARSADDA,UTMANZAI,,23,23,23,1,350,1,1,1,1,1,1,1,1,1,1,1,1,1,1,1,1,1,1,1,1,1,1,1,1,1,1,1,1,1,,,,,,,,,,,,,,,,,,,
